ISO-10303-21;
HEADER;
FILE_DESCRIPTION(('Open CASCADE Model'),'2;1');
FILE_NAME('Open CASCADE Shape Model','2026-09-18T23:35:31',('Author'),(
    'Open CASCADE'),'Open CASCADE STEP processor 7.9','Open CASCADE 7.9'
  ,'Unknown');
FILE_SCHEMA(('AUTOMOTIVE_DESIGN { 1 0 10303 214 1 1 1 1 }'));
ENDSEC;
DATA;
#1 = APPLICATION_PROTOCOL_DEFINITION('international standard',
  'automotive_design',2000,#2);
#2 = APPLICATION_CONTEXT(
  'core data for automotive mechanical design processes');
#3 = SHAPE_DEFINITION_REPRESENTATION(#4,#10);
#4 = PRODUCT_DEFINITION_SHAPE('','',#5);
#5 = PRODUCT_DEFINITION('design','',#6,#9);
#6 = PRODUCT_DEFINITION_FORMATION('','',#7);
#7 = PRODUCT('Open CASCADE STEP translator 7.9 21',
  'Open CASCADE STEP translator 7.9 21','',(#8));
#8 = PRODUCT_CONTEXT('',#2,'mechanical');
#9 = PRODUCT_DEFINITION_CONTEXT('part definition',#2,'design');
#10 = ADVANCED_BREP_SHAPE_REPRESENTATION('',(#11,#15),#2915);
#11 = AXIS2_PLACEMENT_3D('',#12,#13,#14);
#12 = CARTESIAN_POINT('',(0.,0.,0.));
#13 = DIRECTION('',(0.,0.,1.));
#14 = DIRECTION('',(1.,0.,-0.));
#15 = MANIFOLD_SOLID_BREP('',#16);
#16 = CLOSED_SHELL('',(#17,#806,#908,#1051,#1100,#1307,#1334,#1382,#1509
    ,#1558,#1637,#1664,#1718,#1792,#1883,#1974,#2024,#2074,#2156,#2238,
    #2263,#2322,#2329,#2388,#2459,#2508,#2557,#2606,#2655,#2682,#2689,
    #2716,#2751,#2839,#2846,#2858,#2908));
#17 = ADVANCED_FACE('',(#18,#432),#32,.T.);
#18 = FACE_BOUND('',#19,.T.);
#19 = EDGE_LOOP('',(#20,#50,#77,#78,#107,#133,#166,#194,#223,#244,#273,
    #299,#328,#356,#389,#410));
#20 = ORIENTED_EDGE('',*,*,#21,.T.);
#21 = EDGE_CURVE('',#22,#24,#26,.T.);
#22 = VERTEX_POINT('',#23);
#23 = CARTESIAN_POINT('',(17.55,-4.298510265007E-15,-4.));
#24 = VERTEX_POINT('',#25);
#25 = CARTESIAN_POINT('',(17.55,0.,20.));
#26 = SEAM_CURVE('',#27,(#31,#43),.PCURVE_S1.);
#27 = LINE('',#28,#29);
#28 = CARTESIAN_POINT('',(17.55,-4.298510265007E-15,-35.));
#29 = VECTOR('',#30,1.);
#30 = DIRECTION('',(0.,0.,1.));
#31 = PCURVE('',#32,#37);
#32 = CYLINDRICAL_SURFACE('',#33,17.55);
#33 = AXIS2_PLACEMENT_3D('',#34,#35,#36);
#34 = CARTESIAN_POINT('',(0.,0.,-35.));
#35 = DIRECTION('',(0.,0.,1.));
#36 = DIRECTION('',(1.,0.,-0.));
#37 = DEFINITIONAL_REPRESENTATION('',(#38),#42);
#38 = LINE('',#39,#40);
#39 = CARTESIAN_POINT('',(6.28318530718,-0.));
#40 = VECTOR('',#41,1.);
#41 = DIRECTION('',(0.,1.));
#42 = ( GEOMETRIC_REPRESENTATION_CONTEXT(2) 
PARAMETRIC_REPRESENTATION_CONTEXT() REPRESENTATION_CONTEXT('2D SPACE',''
  ) );
#43 = PCURVE('',#32,#44);
#44 = DEFINITIONAL_REPRESENTATION('',(#45),#49);
#45 = LINE('',#46,#47);
#46 = CARTESIAN_POINT('',(0.,-0.));
#47 = VECTOR('',#48,1.);
#48 = DIRECTION('',(0.,1.));
#49 = ( GEOMETRIC_REPRESENTATION_CONTEXT(2) 
PARAMETRIC_REPRESENTATION_CONTEXT() REPRESENTATION_CONTEXT('2D SPACE',''
  ) );
#50 = ORIENTED_EDGE('',*,*,#51,.F.);
#51 = EDGE_CURVE('',#24,#24,#52,.T.);
#52 = SURFACE_CURVE('',#53,(#58,#65),.PCURVE_S1.);
#53 = CIRCLE('',#54,17.55);
#54 = AXIS2_PLACEMENT_3D('',#55,#56,#57);
#55 = CARTESIAN_POINT('',(0.,0.,20.));
#56 = DIRECTION('',(0.,0.,1.));
#57 = DIRECTION('',(1.,0.,-0.));
#58 = PCURVE('',#32,#59);
#59 = DEFINITIONAL_REPRESENTATION('',(#60),#64);
#60 = LINE('',#61,#62);
#61 = CARTESIAN_POINT('',(0.,55.));
#62 = VECTOR('',#63,1.);
#63 = DIRECTION('',(1.,0.));
#64 = ( GEOMETRIC_REPRESENTATION_CONTEXT(2) 
PARAMETRIC_REPRESENTATION_CONTEXT() REPRESENTATION_CONTEXT('2D SPACE',''
  ) );
#65 = PCURVE('',#66,#71);
#66 = TOROIDAL_SURFACE('',#67,15.55,2.);
#67 = AXIS2_PLACEMENT_3D('',#68,#69,#70);
#68 = CARTESIAN_POINT('',(0.,0.,20.));
#69 = DIRECTION('',(0.,0.,1.));
#70 = DIRECTION('',(1.,0.,-0.));
#71 = DEFINITIONAL_REPRESENTATION('',(#72),#76);
#72 = LINE('',#73,#74);
#73 = CARTESIAN_POINT('',(0.,0.));
#74 = VECTOR('',#75,1.);
#75 = DIRECTION('',(1.,0.));
#76 = ( GEOMETRIC_REPRESENTATION_CONTEXT(2) 
PARAMETRIC_REPRESENTATION_CONTEXT() REPRESENTATION_CONTEXT('2D SPACE',''
  ) );
#77 = ORIENTED_EDGE('',*,*,#21,.F.);
#78 = ORIENTED_EDGE('',*,*,#79,.T.);
#79 = EDGE_CURVE('',#22,#80,#82,.T.);
#80 = VERTEX_POINT('',#81);
#81 = CARTESIAN_POINT('',(17.485779936852,1.5,-4.));
#82 = SURFACE_CURVE('',#83,(#88,#95),.PCURVE_S1.);
#83 = CIRCLE('',#84,17.55);
#84 = AXIS2_PLACEMENT_3D('',#85,#86,#87);
#85 = CARTESIAN_POINT('',(0.,0.,-4.));
#86 = DIRECTION('',(0.,0.,1.));
#87 = DIRECTION('',(1.,0.,-0.));
#88 = PCURVE('',#32,#89);
#89 = DEFINITIONAL_REPRESENTATION('',(#90),#94);
#90 = LINE('',#91,#92);
#91 = CARTESIAN_POINT('',(0.,31.));
#92 = VECTOR('',#93,1.);
#93 = DIRECTION('',(1.,0.));
#94 = ( GEOMETRIC_REPRESENTATION_CONTEXT(2) 
PARAMETRIC_REPRESENTATION_CONTEXT() REPRESENTATION_CONTEXT('2D SPACE',''
  ) );
#95 = PCURVE('',#96,#101);
#96 = PLANE('',#97);
#97 = AXIS2_PLACEMENT_3D('',#98,#99,#100);
#98 = CARTESIAN_POINT('',(15.775,0.,-4.));
#99 = DIRECTION('',(0.,0.,1.));
#100 = DIRECTION('',(1.,0.,-0.));
#101 = DEFINITIONAL_REPRESENTATION('',(#102),#106);
#102 = CIRCLE('',#103,17.55);
#103 = AXIS2_PLACEMENT_2D('',#104,#105);
#104 = CARTESIAN_POINT('',(-15.775,0.));
#105 = DIRECTION('',(1.,0.));
#106 = ( GEOMETRIC_REPRESENTATION_CONTEXT(2) 
PARAMETRIC_REPRESENTATION_CONTEXT() REPRESENTATION_CONTEXT('2D SPACE',''
  ) );
#107 = ORIENTED_EDGE('',*,*,#108,.F.);
#108 = EDGE_CURVE('',#109,#80,#111,.T.);
#109 = VERTEX_POINT('',#110);
#110 = CARTESIAN_POINT('',(17.485779936852,1.5,-7.018348706585));
#111 = SURFACE_CURVE('',#112,(#116,#122),.PCURVE_S1.);
#112 = LINE('',#113,#114);
#113 = CARTESIAN_POINT('',(17.485779936852,1.5,-35.));
#114 = VECTOR('',#115,1.);
#115 = DIRECTION('',(0.,0.,1.));
#116 = PCURVE('',#32,#117);
#117 = DEFINITIONAL_REPRESENTATION('',(#118),#121);
#118 = B_SPLINE_CURVE_WITH_KNOTS('',1,(#119,#120),.UNSPECIFIED.,.F.,.F.,
  (2,2),(-5.999999999062E-07,34.2),.PIECEWISE_BEZIER_KNOTS.);
#119 = CARTESIAN_POINT('',(8.557449080777E-02,-5.999999999062E-07));
#120 = CARTESIAN_POINT('',(8.557449080777E-02,34.2));
#121 = ( GEOMETRIC_REPRESENTATION_CONTEXT(2) 
PARAMETRIC_REPRESENTATION_CONTEXT() REPRESENTATION_CONTEXT('2D SPACE',''
  ) );
#122 = PCURVE('',#123,#128);
#123 = PLANE('',#124);
#124 = AXIS2_PLACEMENT_3D('',#125,#126,#127);
#125 = CARTESIAN_POINT('',(31.55,1.5,-36.));
#126 = DIRECTION('',(0.,-1.,0.));
#127 = DIRECTION('',(-1.,0.,0.));
#128 = DEFINITIONAL_REPRESENTATION('',(#129),#132);
#129 = B_SPLINE_CURVE_WITH_KNOTS('',1,(#130,#131),.UNSPECIFIED.,.F.,.F.,
  (2,2),(-5.999999999062E-07,34.2),.PIECEWISE_BEZIER_KNOTS.);
#130 = CARTESIAN_POINT('',(14.064220063148,-0.9999994));
#131 = CARTESIAN_POINT('',(14.064220063148,-35.2));
#132 = ( GEOMETRIC_REPRESENTATION_CONTEXT(2) 
PARAMETRIC_REPRESENTATION_CONTEXT() REPRESENTATION_CONTEXT('2D SPACE',''
  ) );
#133 = ORIENTED_EDGE('',*,*,#134,.F.);
#134 = EDGE_CURVE('',#135,#109,#137,.T.);
#135 = VERTEX_POINT('',#136);
#136 = CARTESIAN_POINT('',(15.866710434113,7.5,-5.905238423453));
#137 = SURFACE_CURVE('',#138,(#143,#154),.PCURVE_S1.);
#138 = ELLIPSE('',#139,21.297460098346,17.55);
#139 = AXIS2_PLACEMENT_3D('',#140,#141,#142);
#140 = CARTESIAN_POINT('',(0.,0.,5.003125));
#141 = DIRECTION('',(-0.566528822887,0.,-0.824041924199));
#142 = DIRECTION('',(-0.824041924199,0.,0.566528822887));
#143 = PCURVE('',#32,#144);
#144 = DEFINITIONAL_REPRESENTATION('',(#145),#153);
#145 = B_SPLINE_CURVE_WITH_KNOTS('',6,(#146,#147,#148,#149,#150,#151,
    #152),.UNSPECIFIED.,.F.,.F.,(7,7),(2.603125662683,3.14159265359),
  .PIECEWISE_BEZIER_KNOTS.);
#146 = CARTESIAN_POINT('',(0.538466990907,29.644836029778));
#147 = CARTESIAN_POINT('',(0.448722492422,29.089541945405));
#148 = CARTESIAN_POINT('',(0.358977993938,28.634359637191));
#149 = CARTESIAN_POINT('',(0.269233495453,28.287338992548));
#150 = CARTESIAN_POINT('',(0.179488996969,28.054112894526));
#151 = CARTESIAN_POINT('',(8.974449848446E-02,27.9375));
#152 = CARTESIAN_POINT('',(1.224646799147E-16,27.9375));
#153 = ( GEOMETRIC_REPRESENTATION_CONTEXT(2) 
PARAMETRIC_REPRESENTATION_CONTEXT() REPRESENTATION_CONTEXT('2D SPACE',''
  ) );
#154 = PCURVE('',#155,#160);
#155 = PLANE('',#156);
#156 = AXIS2_PLACEMENT_3D('',#157,#158,#159);
#157 = CARTESIAN_POINT('',(30.55,0.,-16.));
#158 = DIRECTION('',(-0.566528822887,-0.,-0.824041924199));
#159 = DIRECTION('',(-0.824041924199,0.,0.566528822887));
#160 = DEFINITIONAL_REPRESENTATION('',(#161),#165);
#161 = ELLIPSE('',#162,21.297460098346,17.55);
#162 = AXIS2_PLACEMENT_2D('',#163,#164);
#163 = CARTESIAN_POINT('',(37.073356467491,0.));
#164 = DIRECTION('',(1.,0.));
#165 = ( GEOMETRIC_REPRESENTATION_CONTEXT(2) 
PARAMETRIC_REPRESENTATION_CONTEXT() REPRESENTATION_CONTEXT('2D SPACE',''
  ) );
#166 = ORIENTED_EDGE('',*,*,#167,.F.);
#167 = EDGE_CURVE('',#168,#135,#170,.T.);
#168 = VERTEX_POINT('',#169);
#169 = CARTESIAN_POINT('',(15.866710434113,7.5,-32.));
#170 = SURFACE_CURVE('',#171,(#175,#182),.PCURVE_S1.);
#171 = LINE('',#172,#173);
#172 = CARTESIAN_POINT('',(15.866710434113,7.5,-32.));
#173 = VECTOR('',#174,1.);
#174 = DIRECTION('',(6.807331173306E-17,0.,1.));
#175 = PCURVE('',#32,#176);
#176 = DEFINITIONAL_REPRESENTATION('',(#177),#181);
#177 = LINE('',#178,#179);
#178 = CARTESIAN_POINT('',(0.441560075817,3.));
#179 = VECTOR('',#180,1.);
#180 = DIRECTION('',(0.,1.));
#181 = ( GEOMETRIC_REPRESENTATION_CONTEXT(2) 
PARAMETRIC_REPRESENTATION_CONTEXT() REPRESENTATION_CONTEXT('2D SPACE',''
  ) );
#182 = PCURVE('',#183,#188);
#183 = PLANE('',#184);
#184 = AXIS2_PLACEMENT_3D('',#185,#186,#187);
#185 = CARTESIAN_POINT('',(30.55,7.5,-32.));
#186 = DIRECTION('',(0.,-1.,0.));
#187 = DIRECTION('',(-1.,0.,0.));
#188 = DEFINITIONAL_REPRESENTATION('',(#189),#193);
#189 = LINE('',#190,#191);
#190 = CARTESIAN_POINT('',(14.683289565887,0.));
#191 = VECTOR('',#192,1.);
#192 = DIRECTION('',(-6.807331173306E-17,-1.));
#193 = ( GEOMETRIC_REPRESENTATION_CONTEXT(2) 
PARAMETRIC_REPRESENTATION_CONTEXT() REPRESENTATION_CONTEXT('2D SPACE',''
  ) );
#194 = ORIENTED_EDGE('',*,*,#195,.F.);
#195 = EDGE_CURVE('',#196,#168,#198,.T.);
#196 = VERTEX_POINT('',#197);
#197 = CARTESIAN_POINT('',(17.485779936852,1.5,-32.));
#198 = SURFACE_CURVE('',#199,(#204,#211),.PCURVE_S1.);
#199 = CIRCLE('',#200,17.55);
#200 = AXIS2_PLACEMENT_3D('',#201,#202,#203);
#201 = CARTESIAN_POINT('',(0.,0.,-32.));
#202 = DIRECTION('',(0.,0.,1.));
#203 = DIRECTION('',(1.,0.,-0.));
#204 = PCURVE('',#32,#205);
#205 = DEFINITIONAL_REPRESENTATION('',(#206),#210);
#206 = LINE('',#207,#208);
#207 = CARTESIAN_POINT('',(0.,3.));
#208 = VECTOR('',#209,1.);
#209 = DIRECTION('',(1.,0.));
#210 = ( GEOMETRIC_REPRESENTATION_CONTEXT(2) 
PARAMETRIC_REPRESENTATION_CONTEXT() REPRESENTATION_CONTEXT('2D SPACE',''
  ) );
#211 = PCURVE('',#212,#217);
#212 = PLANE('',#213);
#213 = AXIS2_PLACEMENT_3D('',#214,#215,#216);
#214 = CARTESIAN_POINT('',(22.55,0.,-32.));
#215 = DIRECTION('',(0.,0.,1.));
#216 = DIRECTION('',(1.,0.,-0.));
#217 = DEFINITIONAL_REPRESENTATION('',(#218),#222);
#218 = CIRCLE('',#219,17.55);
#219 = AXIS2_PLACEMENT_2D('',#220,#221);
#220 = CARTESIAN_POINT('',(-22.55,0.));
#221 = DIRECTION('',(1.,0.));
#222 = ( GEOMETRIC_REPRESENTATION_CONTEXT(2) 
PARAMETRIC_REPRESENTATION_CONTEXT() REPRESENTATION_CONTEXT('2D SPACE',''
  ) );
#223 = ORIENTED_EDGE('',*,*,#224,.F.);
#224 = EDGE_CURVE('',#225,#196,#227,.T.);
#225 = VERTEX_POINT('',#226);
#226 = CARTESIAN_POINT('',(17.485779936852,1.5,-35.));
#227 = SURFACE_CURVE('',#228,(#232,#238),.PCURVE_S1.);
#228 = LINE('',#229,#230);
#229 = CARTESIAN_POINT('',(17.485779936852,1.5,-35.));
#230 = VECTOR('',#231,1.);
#231 = DIRECTION('',(0.,0.,1.));
#232 = PCURVE('',#32,#233);
#233 = DEFINITIONAL_REPRESENTATION('',(#234),#237);
#234 = B_SPLINE_CURVE_WITH_KNOTS('',1,(#235,#236),.UNSPECIFIED.,.F.,.F.,
  (2,2),(-5.999999999062E-07,34.2),.PIECEWISE_BEZIER_KNOTS.);
#235 = CARTESIAN_POINT('',(8.557449080777E-02,-5.999999999062E-07));
#236 = CARTESIAN_POINT('',(8.557449080777E-02,34.2));
#237 = ( GEOMETRIC_REPRESENTATION_CONTEXT(2) 
PARAMETRIC_REPRESENTATION_CONTEXT() REPRESENTATION_CONTEXT('2D SPACE',''
  ) );
#238 = PCURVE('',#123,#239);
#239 = DEFINITIONAL_REPRESENTATION('',(#240),#243);
#240 = B_SPLINE_CURVE_WITH_KNOTS('',1,(#241,#242),.UNSPECIFIED.,.F.,.F.,
  (2,2),(-5.999999999062E-07,34.2),.PIECEWISE_BEZIER_KNOTS.);
#241 = CARTESIAN_POINT('',(14.064220063148,-0.9999994));
#242 = CARTESIAN_POINT('',(14.064220063148,-35.2));
#243 = ( GEOMETRIC_REPRESENTATION_CONTEXT(2) 
PARAMETRIC_REPRESENTATION_CONTEXT() REPRESENTATION_CONTEXT('2D SPACE',''
  ) );
#244 = ORIENTED_EDGE('',*,*,#245,.T.);
#245 = EDGE_CURVE('',#225,#246,#248,.T.);
#246 = VERTEX_POINT('',#247);
#247 = CARTESIAN_POINT('',(17.485779936852,-1.5,-35.));
#248 = SURFACE_CURVE('',#249,(#254,#261),.PCURVE_S1.);
#249 = CIRCLE('',#250,17.55);
#250 = AXIS2_PLACEMENT_3D('',#251,#252,#253);
#251 = CARTESIAN_POINT('',(0.,0.,-35.));
#252 = DIRECTION('',(0.,0.,1.));
#253 = DIRECTION('',(1.,0.,-0.));
#254 = PCURVE('',#32,#255);
#255 = DEFINITIONAL_REPRESENTATION('',(#256),#260);
#256 = LINE('',#257,#258);
#257 = CARTESIAN_POINT('',(0.,0.));
#258 = VECTOR('',#259,1.);
#259 = DIRECTION('',(1.,0.));
#260 = ( GEOMETRIC_REPRESENTATION_CONTEXT(2) 
PARAMETRIC_REPRESENTATION_CONTEXT() REPRESENTATION_CONTEXT('2D SPACE',''
  ) );
#261 = PCURVE('',#262,#267);
#262 = PLANE('',#263);
#263 = AXIS2_PLACEMENT_3D('',#264,#265,#266);
#264 = CARTESIAN_POINT('',(0.,0.,-35.));
#265 = DIRECTION('',(0.,0.,1.));
#266 = DIRECTION('',(1.,0.,-0.));
#267 = DEFINITIONAL_REPRESENTATION('',(#268),#272);
#268 = CIRCLE('',#269,17.55);
#269 = AXIS2_PLACEMENT_2D('',#270,#271);
#270 = CARTESIAN_POINT('',(0.,0.));
#271 = DIRECTION('',(1.,0.));
#272 = ( GEOMETRIC_REPRESENTATION_CONTEXT(2) 
PARAMETRIC_REPRESENTATION_CONTEXT() REPRESENTATION_CONTEXT('2D SPACE',''
  ) );
#273 = ORIENTED_EDGE('',*,*,#274,.T.);
#274 = EDGE_CURVE('',#246,#275,#277,.T.);
#275 = VERTEX_POINT('',#276);
#276 = CARTESIAN_POINT('',(17.485779936852,-1.5,-32.));
#277 = SURFACE_CURVE('',#278,(#282,#288),.PCURVE_S1.);
#278 = LINE('',#279,#280);
#279 = CARTESIAN_POINT('',(17.485779936852,-1.5,-35.));
#280 = VECTOR('',#281,1.);
#281 = DIRECTION('',(0.,0.,1.));
#282 = PCURVE('',#32,#283);
#283 = DEFINITIONAL_REPRESENTATION('',(#284),#287);
#284 = B_SPLINE_CURVE_WITH_KNOTS('',1,(#285,#286),.UNSPECIFIED.,.F.,.F.,
  (2,2),(-5.999999999062E-07,34.2),.PIECEWISE_BEZIER_KNOTS.);
#285 = CARTESIAN_POINT('',(6.197610816372,-5.999999999062E-07));
#286 = CARTESIAN_POINT('',(6.197610816372,34.2));
#287 = ( GEOMETRIC_REPRESENTATION_CONTEXT(2) 
PARAMETRIC_REPRESENTATION_CONTEXT() REPRESENTATION_CONTEXT('2D SPACE',''
  ) );
#288 = PCURVE('',#289,#294);
#289 = PLANE('',#290);
#290 = AXIS2_PLACEMENT_3D('',#291,#292,#293);
#291 = CARTESIAN_POINT('',(0.,-1.5,-36.));
#292 = DIRECTION('',(0.,1.,0.));
#293 = DIRECTION('',(1.,0.,0.));
#294 = DEFINITIONAL_REPRESENTATION('',(#295),#298);
#295 = B_SPLINE_CURVE_WITH_KNOTS('',1,(#296,#297),.UNSPECIFIED.,.F.,.F.,
  (2,2),(-5.999999999062E-07,34.2),.PIECEWISE_BEZIER_KNOTS.);
#296 = CARTESIAN_POINT('',(17.485779936852,-0.9999994));
#297 = CARTESIAN_POINT('',(17.485779936852,-35.2));
#298 = ( GEOMETRIC_REPRESENTATION_CONTEXT(2) 
PARAMETRIC_REPRESENTATION_CONTEXT() REPRESENTATION_CONTEXT('2D SPACE',''
  ) );
#299 = ORIENTED_EDGE('',*,*,#300,.F.);
#300 = EDGE_CURVE('',#301,#275,#303,.T.);
#301 = VERTEX_POINT('',#302);
#302 = CARTESIAN_POINT('',(15.866710434113,-7.5,-32.));
#303 = SURFACE_CURVE('',#304,(#309,#316),.PCURVE_S1.);
#304 = CIRCLE('',#305,17.55);
#305 = AXIS2_PLACEMENT_3D('',#306,#307,#308);
#306 = CARTESIAN_POINT('',(0.,0.,-32.));
#307 = DIRECTION('',(0.,0.,1.));
#308 = DIRECTION('',(1.,0.,-0.));
#309 = PCURVE('',#32,#310);
#310 = DEFINITIONAL_REPRESENTATION('',(#311),#315);
#311 = LINE('',#312,#313);
#312 = CARTESIAN_POINT('',(0.,3.));
#313 = VECTOR('',#314,1.);
#314 = DIRECTION('',(1.,0.));
#315 = ( GEOMETRIC_REPRESENTATION_CONTEXT(2) 
PARAMETRIC_REPRESENTATION_CONTEXT() REPRESENTATION_CONTEXT('2D SPACE',''
  ) );
#316 = PCURVE('',#317,#322);
#317 = PLANE('',#318);
#318 = AXIS2_PLACEMENT_3D('',#319,#320,#321);
#319 = CARTESIAN_POINT('',(22.55,0.,-32.));
#320 = DIRECTION('',(0.,0.,1.));
#321 = DIRECTION('',(1.,0.,-0.));
#322 = DEFINITIONAL_REPRESENTATION('',(#323),#327);
#323 = CIRCLE('',#324,17.55);
#324 = AXIS2_PLACEMENT_2D('',#325,#326);
#325 = CARTESIAN_POINT('',(-22.55,0.));
#326 = DIRECTION('',(1.,0.));
#327 = ( GEOMETRIC_REPRESENTATION_CONTEXT(2) 
PARAMETRIC_REPRESENTATION_CONTEXT() REPRESENTATION_CONTEXT('2D SPACE',''
  ) );
#328 = ORIENTED_EDGE('',*,*,#329,.T.);
#329 = EDGE_CURVE('',#301,#330,#332,.T.);
#330 = VERTEX_POINT('',#331);
#331 = CARTESIAN_POINT('',(15.866710434113,-7.5,-5.905238423453));
#332 = SURFACE_CURVE('',#333,(#337,#344),.PCURVE_S1.);
#333 = LINE('',#334,#335);
#334 = CARTESIAN_POINT('',(15.866710434113,-7.5,-32.));
#335 = VECTOR('',#336,1.);
#336 = DIRECTION('',(1.361466234661E-16,0.,1.));
#337 = PCURVE('',#32,#338);
#338 = DEFINITIONAL_REPRESENTATION('',(#339),#343);
#339 = LINE('',#340,#341);
#340 = CARTESIAN_POINT('',(5.841625231362,3.));
#341 = VECTOR('',#342,1.);
#342 = DIRECTION('',(0.,1.));
#343 = ( GEOMETRIC_REPRESENTATION_CONTEXT(2) 
PARAMETRIC_REPRESENTATION_CONTEXT() REPRESENTATION_CONTEXT('2D SPACE',''
  ) );
#344 = PCURVE('',#345,#350);
#345 = PLANE('',#346);
#346 = AXIS2_PLACEMENT_3D('',#347,#348,#349);
#347 = CARTESIAN_POINT('',(14.55,-7.5,-32.));
#348 = DIRECTION('',(0.,1.,0.));
#349 = DIRECTION('',(1.,0.,0.));
#350 = DEFINITIONAL_REPRESENTATION('',(#351),#355);
#351 = LINE('',#352,#353);
#352 = CARTESIAN_POINT('',(1.316710434113,0.));
#353 = VECTOR('',#354,1.);
#354 = DIRECTION('',(1.361466234661E-16,-1.));
#355 = ( GEOMETRIC_REPRESENTATION_CONTEXT(2) 
PARAMETRIC_REPRESENTATION_CONTEXT() REPRESENTATION_CONTEXT('2D SPACE',''
  ) );
#356 = ORIENTED_EDGE('',*,*,#357,.F.);
#357 = EDGE_CURVE('',#358,#330,#360,.T.);
#358 = VERTEX_POINT('',#359);
#359 = CARTESIAN_POINT('',(17.485779936852,-1.5,-7.018348706585));
#360 = SURFACE_CURVE('',#361,(#366,#377),.PCURVE_S1.);
#361 = ELLIPSE('',#362,21.297460098346,17.55);
#362 = AXIS2_PLACEMENT_3D('',#363,#364,#365);
#363 = CARTESIAN_POINT('',(0.,0.,5.003125));
#364 = DIRECTION('',(-0.566528822887,0.,-0.824041924199));
#365 = DIRECTION('',(-0.824041924199,0.,0.566528822887));
#366 = PCURVE('',#32,#367);
#367 = DEFINITIONAL_REPRESENTATION('',(#368),#376);
#368 = B_SPLINE_CURVE_WITH_KNOTS('',6,(#369,#370,#371,#372,#373,#374,
    #375),.UNSPECIFIED.,.F.,.F.,(7,7),(3.14159265359,3.680059644497),
  .PIECEWISE_BEZIER_KNOTS.);
#369 = CARTESIAN_POINT('',(6.28318530718,27.9375));
#370 = CARTESIAN_POINT('',(6.193440808695,27.9375));
#371 = CARTESIAN_POINT('',(6.103696310211,28.054112894526));
#372 = CARTESIAN_POINT('',(6.013951811726,28.287338992548));
#373 = CARTESIAN_POINT('',(5.924207313242,28.63435963719));
#374 = CARTESIAN_POINT('',(5.834462814757,29.089541945405));
#375 = CARTESIAN_POINT('',(5.744718316273,29.644836029778));
#376 = ( GEOMETRIC_REPRESENTATION_CONTEXT(2) 
PARAMETRIC_REPRESENTATION_CONTEXT() REPRESENTATION_CONTEXT('2D SPACE',''
  ) );
#377 = PCURVE('',#378,#383);
#378 = PLANE('',#379);
#379 = AXIS2_PLACEMENT_3D('',#380,#381,#382);
#380 = CARTESIAN_POINT('',(30.55,0.,-16.));
#381 = DIRECTION('',(-0.566528822887,-0.,-0.824041924199));
#382 = DIRECTION('',(-0.824041924199,0.,0.566528822887));
#383 = DEFINITIONAL_REPRESENTATION('',(#384),#388);
#384 = ELLIPSE('',#385,21.297460098346,17.55);
#385 = AXIS2_PLACEMENT_2D('',#386,#387);
#386 = CARTESIAN_POINT('',(37.073356467491,0.));
#387 = DIRECTION('',(1.,0.));
#388 = ( GEOMETRIC_REPRESENTATION_CONTEXT(2) 
PARAMETRIC_REPRESENTATION_CONTEXT() REPRESENTATION_CONTEXT('2D SPACE',''
  ) );
#389 = ORIENTED_EDGE('',*,*,#390,.T.);
#390 = EDGE_CURVE('',#358,#391,#393,.T.);
#391 = VERTEX_POINT('',#392);
#392 = CARTESIAN_POINT('',(17.485779936852,-1.5,-4.));
#393 = SURFACE_CURVE('',#394,(#398,#404),.PCURVE_S1.);
#394 = LINE('',#395,#396);
#395 = CARTESIAN_POINT('',(17.485779936852,-1.5,-35.));
#396 = VECTOR('',#397,1.);
#397 = DIRECTION('',(0.,0.,1.));
#398 = PCURVE('',#32,#399);
#399 = DEFINITIONAL_REPRESENTATION('',(#400),#403);
#400 = B_SPLINE_CURVE_WITH_KNOTS('',1,(#401,#402),.UNSPECIFIED.,.F.,.F.,
  (2,2),(-5.999999999062E-07,34.2),.PIECEWISE_BEZIER_KNOTS.);
#401 = CARTESIAN_POINT('',(6.197610816372,-5.999999999062E-07));
#402 = CARTESIAN_POINT('',(6.197610816372,34.2));
#403 = ( GEOMETRIC_REPRESENTATION_CONTEXT(2) 
PARAMETRIC_REPRESENTATION_CONTEXT() REPRESENTATION_CONTEXT('2D SPACE',''
  ) );
#404 = PCURVE('',#289,#405);
#405 = DEFINITIONAL_REPRESENTATION('',(#406),#409);
#406 = B_SPLINE_CURVE_WITH_KNOTS('',1,(#407,#408),.UNSPECIFIED.,.F.,.F.,
  (2,2),(-5.999999999062E-07,34.2),.PIECEWISE_BEZIER_KNOTS.);
#407 = CARTESIAN_POINT('',(17.485779936852,-0.9999994));
#408 = CARTESIAN_POINT('',(17.485779936852,-35.2));
#409 = ( GEOMETRIC_REPRESENTATION_CONTEXT(2) 
PARAMETRIC_REPRESENTATION_CONTEXT() REPRESENTATION_CONTEXT('2D SPACE',''
  ) );
#410 = ORIENTED_EDGE('',*,*,#411,.T.);
#411 = EDGE_CURVE('',#391,#22,#412,.T.);
#412 = SURFACE_CURVE('',#413,(#418,#425),.PCURVE_S1.);
#413 = CIRCLE('',#414,17.55);
#414 = AXIS2_PLACEMENT_3D('',#415,#416,#417);
#415 = CARTESIAN_POINT('',(0.,0.,-4.));
#416 = DIRECTION('',(0.,0.,1.));
#417 = DIRECTION('',(1.,0.,-0.));
#418 = PCURVE('',#32,#419);
#419 = DEFINITIONAL_REPRESENTATION('',(#420),#424);
#420 = LINE('',#421,#422);
#421 = CARTESIAN_POINT('',(0.,31.));
#422 = VECTOR('',#423,1.);
#423 = DIRECTION('',(1.,0.));
#424 = ( GEOMETRIC_REPRESENTATION_CONTEXT(2) 
PARAMETRIC_REPRESENTATION_CONTEXT() REPRESENTATION_CONTEXT('2D SPACE',''
  ) );
#425 = PCURVE('',#96,#426);
#426 = DEFINITIONAL_REPRESENTATION('',(#427),#431);
#427 = CIRCLE('',#428,17.55);
#428 = AXIS2_PLACEMENT_2D('',#429,#430);
#429 = CARTESIAN_POINT('',(-15.775,0.));
#430 = DIRECTION('',(1.,0.));
#431 = ( GEOMETRIC_REPRESENTATION_CONTEXT(2) 
PARAMETRIC_REPRESENTATION_CONTEXT() REPRESENTATION_CONTEXT('2D SPACE',''
  ) );
#432 = FACE_BOUND('',#433,.T.);
#433 = EDGE_LOOP('',(#434,#462,#532,#561,#622,#648,#709,#738));
#434 = ORIENTED_EDGE('',*,*,#435,.F.);
#435 = EDGE_CURVE('',#436,#438,#440,.T.);
#436 = VERTEX_POINT('',#437);
#437 = CARTESIAN_POINT('',(-16.66590831608,-5.5,4.));
#438 = VERTEX_POINT('',#439);
#439 = CARTESIAN_POINT('',(-16.66590831608,-5.5,11.));
#440 = SURFACE_CURVE('',#441,(#445,#451),.PCURVE_S1.);
#441 = LINE('',#442,#443);
#442 = CARTESIAN_POINT('',(-16.66590831608,-5.5,-35.));
#443 = VECTOR('',#444,1.);
#444 = DIRECTION('',(0.,0.,1.));
#445 = PCURVE('',#32,#446);
#446 = DEFINITIONAL_REPRESENTATION('',(#447),#450);
#447 = B_SPLINE_CURVE_WITH_KNOTS('',1,(#448,#449),.UNSPECIFIED.,.F.,.F.,
  (2,2),(38.3,46.7),.PIECEWISE_BEZIER_KNOTS.);
#448 = CARTESIAN_POINT('',(3.46035375532,38.3));
#449 = CARTESIAN_POINT('',(3.46035375532,46.7));
#450 = ( GEOMETRIC_REPRESENTATION_CONTEXT(2) 
PARAMETRIC_REPRESENTATION_CONTEXT() REPRESENTATION_CONTEXT('2D SPACE',''
  ) );
#451 = PCURVE('',#452,#457);
#452 = PLANE('',#453);
#453 = AXIS2_PLACEMENT_3D('',#454,#455,#456);
#454 = CARTESIAN_POINT('',(-18.55,-5.5,1.));
#455 = DIRECTION('',(0.,1.,0.));
#456 = DIRECTION('',(1.,0.,0.));
#457 = DEFINITIONAL_REPRESENTATION('',(#458),#461);
#458 = B_SPLINE_CURVE_WITH_KNOTS('',1,(#459,#460),.UNSPECIFIED.,.F.,.F.,
  (2,2),(38.3,46.7),.PIECEWISE_BEZIER_KNOTS.);
#459 = CARTESIAN_POINT('',(1.88409168392,-2.3));
#460 = CARTESIAN_POINT('',(1.88409168392,-10.7));
#461 = ( GEOMETRIC_REPRESENTATION_CONTEXT(2) 
PARAMETRIC_REPRESENTATION_CONTEXT() REPRESENTATION_CONTEXT('2D SPACE',''
  ) );
#462 = ORIENTED_EDGE('',*,*,#463,.T.);
#463 = EDGE_CURVE('',#436,#464,#466,.T.);
#464 = VERTEX_POINT('',#465);
#465 = CARTESIAN_POINT('',(-17.37102472509,-2.5,1.));
#466 = SURFACE_CURVE('',#467,(#485,#506),.PCURVE_S1.);
#467 = B_SPLINE_CURVE_WITH_KNOTS('',6,(#468,#469,#470,#471,#472,#473,
    #474,#475,#476,#477,#478,#479,#480,#481,#482,#483,#484),
  .UNSPECIFIED.,.F.,.F.,(7,5,5,7),(0.,0.41098342481,0.71202730787,1.),
  .UNSPECIFIED.);
#468 = CARTESIAN_POINT('',(-16.66590831608,-5.5,4.));
#469 = CARTESIAN_POINT('',(-16.66590831608,-5.5,3.715271656962));
#470 = CARTESIAN_POINT('',(-16.67661049862,-5.467571074027,
    3.430670937689));
#471 = CARTESIAN_POINT('',(-16.6979941397,-5.402772852925,3.148962226987
    ));
#472 = CARTESIAN_POINT('',(-16.72969971642,-5.305115797968,
    2.872965040053));
#473 = CARTESIAN_POINT('',(-16.77096516769,-5.173715453666,
    2.606089006625));
#474 = CARTESIAN_POINT('',(-16.85673278402,-4.885612787968,2.16749461505
    ));
#475 = CARTESIAN_POINT('',(-16.89744807141,-4.74497537114,1.989258368585
    ));
#476 = CARTESIAN_POINT('',(-16.94209425042,-4.58505390782,1.820143276315
    ));
#477 = CARTESIAN_POINT('',(-16.98996426888,-4.405409462895,
    1.662499336598));
#478 = CARTESIAN_POINT('',(-17.04008790666,-4.205789511644,1.51925671114
    ));
#479 = CARTESIAN_POINT('',(-17.14021812044,-3.776489335386,
    1.274388213796));
#480 = CARTESIAN_POINT('',(-17.19051265328,-3.546871255439,
    1.170302075646));
#481 = CARTESIAN_POINT('',(-17.2404127726,-3.300225119828,1.08730991467)
  );
#482 = CARTESIAN_POINT('',(-17.28803781284,-3.040387078236,
    1.029589537767));
#483 = CARTESIAN_POINT('',(-17.33188177171,-2.771981284446,1.));
#484 = CARTESIAN_POINT('',(-17.37102472509,-2.5,1.));
#485 = PCURVE('',#32,#486);
#486 = DEFINITIONAL_REPRESENTATION('',(#487),#505);
#487 = B_SPLINE_CURVE_WITH_KNOTS('',6,(#488,#489,#490,#491,#492,#493,
    #494,#495,#496,#497,#498,#499,#500,#501,#502,#503,#504),
  .UNSPECIFIED.,.F.,.F.,(7,5,5,7),(0.,0.41098342481,0.71202730787,1.),
  .UNSPECIFIED.);
#488 = CARTESIAN_POINT('',(3.46035375532,39.));
#489 = CARTESIAN_POINT('',(3.46035375532,38.715271656962));
#490 = CARTESIAN_POINT('',(3.458407926178,38.430670937689));
#491 = CARTESIAN_POINT('',(3.454519880219,38.148962226987));
#492 = CARTESIAN_POINT('',(3.448669498325,37.872965040053));
#493 = CARTESIAN_POINT('',(3.44082264657,37.606089006625));
#494 = CARTESIAN_POINT('',(3.423694548542,37.16749461505));
#495 = CARTESIAN_POINT('',(3.415352195604,36.989258368585));
#496 = CARTESIAN_POINT('',(3.405892110967,36.820143276315));
#497 = CARTESIAN_POINT('',(3.39530013626,36.662499336598));
#498 = CARTESIAN_POINT('',(3.383574360193,36.51925671114));
#499 = CARTESIAN_POINT('',(3.358456254513,36.274388213796));
#500 = CARTESIAN_POINT('',(3.345063643476,36.170302075646));
#501 = CARTESIAN_POINT('',(3.330727932045,36.08730991467));
#502 = CARTESIAN_POINT('',(3.315679887374,36.029589537767));
#503 = CARTESIAN_POINT('',(3.300186197901,36.));
#504 = CARTESIAN_POINT('',(3.284529016546,36.));
#505 = ( GEOMETRIC_REPRESENTATION_CONTEXT(2) 
PARAMETRIC_REPRESENTATION_CONTEXT() REPRESENTATION_CONTEXT('2D SPACE',''
  ) );
#506 = PCURVE('',#507,#512);
#507 = CYLINDRICAL_SURFACE('',#508,3.);
#508 = AXIS2_PLACEMENT_3D('',#509,#510,#511);
#509 = CARTESIAN_POINT('',(-18.55,-2.5,4.));
#510 = DIRECTION('',(1.,0.,0.));
#511 = DIRECTION('',(0.,-1.,-0.));
#512 = DEFINITIONAL_REPRESENTATION('',(#513),#531);
#513 = B_SPLINE_CURVE_WITH_KNOTS('',6,(#514,#515,#516,#517,#518,#519,
    #520,#521,#522,#523,#524,#525,#526,#527,#528,#529,#530),
  .UNSPECIFIED.,.F.,.F.,(7,5,5,7),(0.,0.41098342481,0.71202730787,1.),
  .UNSPECIFIED.);
#514 = CARTESIAN_POINT('',(0.,1.88409168392));
#515 = CARTESIAN_POINT('',(9.490944767931E-02,1.88409168392));
#516 = CARTESIAN_POINT('',(0.189776954898,1.873389501377));
#517 = CARTESIAN_POINT('',(0.285215982346,1.852005860294));
#518 = CARTESIAN_POINT('',(0.381831333574,1.820300283573));
#519 = CARTESIAN_POINT('',(0.480231399733,1.779034832304));
#520 = CARTESIAN_POINT('',(0.655149852576,1.693267215975));
#521 = CARTESIAN_POINT('',(0.730544779442,1.652551928586));
#522 = CARTESIAN_POINT('',(0.807654873817,1.607905749571));
#523 = CARTESIAN_POINT('',(0.886778798552,1.560035731114));
#524 = CARTESIAN_POINT('',(0.968234618889,1.50991209334));
#525 = CARTESIAN_POINT('',(1.132976579518,1.409781879558));
#526 = CARTESIAN_POINT('',(1.216651172322,1.359487346714));
#527 = CARTESIAN_POINT('',(1.302713052167,1.309587227395));
#528 = CARTESIAN_POINT('',(1.390667360099,1.261962187152));
#529 = CARTESIAN_POINT('',(1.480135898646,1.218118228289));
#530 = CARTESIAN_POINT('',(1.570796326795,1.178975274901));
#531 = ( GEOMETRIC_REPRESENTATION_CONTEXT(2) 
PARAMETRIC_REPRESENTATION_CONTEXT() REPRESENTATION_CONTEXT('2D SPACE',''
  ) );
#532 = ORIENTED_EDGE('',*,*,#533,.F.);
#533 = EDGE_CURVE('',#534,#464,#536,.T.);
#534 = VERTEX_POINT('',#535);
#535 = CARTESIAN_POINT('',(-17.37102472509,2.5,1.));
#536 = SURFACE_CURVE('',#537,(#542,#549),.PCURVE_S1.);
#537 = CIRCLE('',#538,17.55);
#538 = AXIS2_PLACEMENT_3D('',#539,#540,#541);
#539 = CARTESIAN_POINT('',(0.,0.,1.));
#540 = DIRECTION('',(0.,0.,1.));
#541 = DIRECTION('',(1.,0.,-0.));
#542 = PCURVE('',#32,#543);
#543 = DEFINITIONAL_REPRESENTATION('',(#544),#548);
#544 = LINE('',#545,#546);
#545 = CARTESIAN_POINT('',(0.,36.));
#546 = VECTOR('',#547,1.);
#547 = DIRECTION('',(1.,0.));
#548 = ( GEOMETRIC_REPRESENTATION_CONTEXT(2) 
PARAMETRIC_REPRESENTATION_CONTEXT() REPRESENTATION_CONTEXT('2D SPACE',''
  ) );
#549 = PCURVE('',#550,#555);
#550 = PLANE('',#551);
#551 = AXIS2_PLACEMENT_3D('',#552,#553,#554);
#552 = CARTESIAN_POINT('',(-9.275,0.,1.));
#553 = DIRECTION('',(0.,0.,1.));
#554 = DIRECTION('',(1.,0.,-0.));
#555 = DEFINITIONAL_REPRESENTATION('',(#556),#560);
#556 = CIRCLE('',#557,17.55);
#557 = AXIS2_PLACEMENT_2D('',#558,#559);
#558 = CARTESIAN_POINT('',(9.275,0.));
#559 = DIRECTION('',(1.,0.));
#560 = ( GEOMETRIC_REPRESENTATION_CONTEXT(2) 
PARAMETRIC_REPRESENTATION_CONTEXT() REPRESENTATION_CONTEXT('2D SPACE',''
  ) );
#561 = ORIENTED_EDGE('',*,*,#562,.F.);
#562 = EDGE_CURVE('',#563,#534,#565,.T.);
#563 = VERTEX_POINT('',#564);
#564 = CARTESIAN_POINT('',(-16.66590831608,5.5,4.));
#565 = SURFACE_CURVE('',#566,(#581,#599),.PCURVE_S1.);
#566 = B_SPLINE_CURVE_WITH_KNOTS('',7,(#567,#568,#569,#570,#571,#572,
    #573,#574,#575,#576,#577,#578,#579,#580),.UNSPECIFIED.,.F.,.F.,(8,6,
    8),(0.,0.548037199944,1.),.UNSPECIFIED.);
#567 = CARTESIAN_POINT('',(-16.66590831608,5.5,4.));
#568 = CARTESIAN_POINT('',(-16.66590831608,5.5,3.67548833703));
#569 = CARTESIAN_POINT('',(-16.67942294208,5.459048159755,3.351397107753
    ));
#570 = CARTESIAN_POINT('',(-16.70639271679,5.37732682909,3.031169050039)
  );
#571 = CARTESIAN_POINT('',(-16.74634120639,5.254142024995,2.718509120801
    ));
#572 = CARTESIAN_POINT('',(-16.79831856823,5.088181582954,2.417865892098
    ));
#573 = CARTESIAN_POINT('',(-16.86062653201,4.877748177907,2.135107490788
    ));
#574 = CARTESIAN_POINT('',(-16.9883434219,4.409845936282,1.667205249163)
  );
#575 = CARTESIAN_POINT('',(-17.05245020075,4.162853259914,1.469402646563
    ));
#576 = CARTESIAN_POINT('',(-17.12075285702,3.881199403314,1.295283347283
    ));
#577 = CARTESIAN_POINT('',(-17.19006039302,3.568090606681,1.153890511437
    ));
#578 = CARTESIAN_POINT('',(-17.25677822223,3.228682797855,1.053187441415
    ));
#579 = CARTESIAN_POINT('',(-17.3178005459,2.869823413096,1.));
#580 = CARTESIAN_POINT('',(-17.37102472509,2.5,1.));
#581 = PCURVE('',#32,#582);
#582 = DEFINITIONAL_REPRESENTATION('',(#583),#598);
#583 = B_SPLINE_CURVE_WITH_KNOTS('',7,(#584,#585,#586,#587,#588,#589,
    #590,#591,#592,#593,#594,#595,#596,#597),.UNSPECIFIED.,.F.,.F.,(8,6,
    8),(0.,0.548037199944,1.),.UNSPECIFIED.);
#584 = CARTESIAN_POINT('',(2.82283155186,39.));
#585 = CARTESIAN_POINT('',(2.82283155186,38.67548833703));
#586 = CARTESIAN_POINT('',(2.825288772477,38.351397107753));
#587 = CARTESIAN_POINT('',(2.830192284749,38.031169050039));
#588 = CARTESIAN_POINT('',(2.837571126616,37.718509120801));
#589 = CARTESIAN_POINT('',(2.847479379092,37.417865892098));
#590 = CARTESIAN_POINT('',(2.85998159224,37.135107490788));
#591 = CARTESIAN_POINT('',(2.887618042517,36.667205249163));
#592 = CARTESIAN_POINT('',(2.902156867192,36.469402646563));
#593 = CARTESIAN_POINT('',(2.918667180973,36.295283347283));
#594 = CARTESIAN_POINT('',(2.936932510103,36.153890511437));
#595 = CARTESIAN_POINT('',(2.956632000497,36.053187441415));
#596 = CARTESIAN_POINT('',(2.977366618956,36.));
#597 = CARTESIAN_POINT('',(2.998656290633,36.));
#598 = ( GEOMETRIC_REPRESENTATION_CONTEXT(2) 
PARAMETRIC_REPRESENTATION_CONTEXT() REPRESENTATION_CONTEXT('2D SPACE',''
  ) );
#599 = PCURVE('',#600,#605);
#600 = CYLINDRICAL_SURFACE('',#601,3.);
#601 = AXIS2_PLACEMENT_3D('',#602,#603,#604);
#602 = CARTESIAN_POINT('',(0.,2.5,4.));
#603 = DIRECTION('',(-1.,0.,0.));
#604 = DIRECTION('',(0.,1.,-0.));
#605 = DEFINITIONAL_REPRESENTATION('',(#606),#621);
#606 = B_SPLINE_CURVE_WITH_KNOTS('',7,(#607,#608,#609,#610,#611,#612,
    #613,#614,#615,#616,#617,#618,#619,#620),.UNSPECIFIED.,.F.,.F.,(8,6,
    8),(0.,0.548037199944,1.),.UNSPECIFIED.);
#607 = CARTESIAN_POINT('',(0.,16.66590831608));
#608 = CARTESIAN_POINT('',(0.108170554323,16.66590831608));
#609 = CARTESIAN_POINT('',(0.216200660799,16.679422942089));
#610 = CARTESIAN_POINT('',(0.325012022116,16.706392716792));
#611 = CARTESIAN_POINT('',(0.435407162784,16.746341206394));
#612 = CARTESIAN_POINT('',(0.548270288915,16.798318568233));
#613 = CARTESIAN_POINT('',(0.664516923029,16.860626532016));
#614 = CARTESIAN_POINT('',(0.88508815502,16.988343421906));
#615 = CARTESIAN_POINT('',(0.989927344627,17.052450200756));
#616 = CARTESIAN_POINT('',(1.098972505303,17.120752857025));
#617 = CARTESIAN_POINT('',(1.21170652098,17.190060393027));
#618 = CARTESIAN_POINT('',(1.327902045466,17.256778222233));
#619 = CARTESIAN_POINT('',(1.447521855763,17.317800545906));
#620 = CARTESIAN_POINT('',(1.570796326795,17.371024725099));
#621 = ( GEOMETRIC_REPRESENTATION_CONTEXT(2) 
PARAMETRIC_REPRESENTATION_CONTEXT() REPRESENTATION_CONTEXT('2D SPACE',''
  ) );
#622 = ORIENTED_EDGE('',*,*,#623,.T.);
#623 = EDGE_CURVE('',#563,#624,#626,.T.);
#624 = VERTEX_POINT('',#625);
#625 = CARTESIAN_POINT('',(-16.66590831608,5.5,11.));
#626 = SURFACE_CURVE('',#627,(#631,#637),.PCURVE_S1.);
#627 = LINE('',#628,#629);
#628 = CARTESIAN_POINT('',(-16.66590831608,5.5,-35.));
#629 = VECTOR('',#630,1.);
#630 = DIRECTION('',(0.,0.,1.));
#631 = PCURVE('',#32,#632);
#632 = DEFINITIONAL_REPRESENTATION('',(#633),#636);
#633 = B_SPLINE_CURVE_WITH_KNOTS('',1,(#634,#635),.UNSPECIFIED.,.F.,.F.,
  (2,2),(38.3,46.7),.PIECEWISE_BEZIER_KNOTS.);
#634 = CARTESIAN_POINT('',(2.82283155186,38.3));
#635 = CARTESIAN_POINT('',(2.82283155186,46.7));
#636 = ( GEOMETRIC_REPRESENTATION_CONTEXT(2) 
PARAMETRIC_REPRESENTATION_CONTEXT() REPRESENTATION_CONTEXT('2D SPACE',''
  ) );
#637 = PCURVE('',#638,#643);
#638 = PLANE('',#639);
#639 = AXIS2_PLACEMENT_3D('',#640,#641,#642);
#640 = CARTESIAN_POINT('',(0.,5.5,1.));
#641 = DIRECTION('',(0.,-1.,0.));
#642 = DIRECTION('',(-1.,0.,0.));
#643 = DEFINITIONAL_REPRESENTATION('',(#644),#647);
#644 = B_SPLINE_CURVE_WITH_KNOTS('',1,(#645,#646),.UNSPECIFIED.,.F.,.F.,
  (2,2),(38.3,46.7),.PIECEWISE_BEZIER_KNOTS.);
#645 = CARTESIAN_POINT('',(16.66590831608,-2.3));
#646 = CARTESIAN_POINT('',(16.66590831608,-10.7));
#647 = ( GEOMETRIC_REPRESENTATION_CONTEXT(2) 
PARAMETRIC_REPRESENTATION_CONTEXT() REPRESENTATION_CONTEXT('2D SPACE',''
  ) );
#648 = ORIENTED_EDGE('',*,*,#649,.T.);
#649 = EDGE_CURVE('',#624,#650,#652,.T.);
#650 = VERTEX_POINT('',#651);
#651 = CARTESIAN_POINT('',(-17.37102472509,2.5,14.));
#652 = SURFACE_CURVE('',#653,(#668,#686),.PCURVE_S1.);
#653 = B_SPLINE_CURVE_WITH_KNOTS('',7,(#654,#655,#656,#657,#658,#659,
    #660,#661,#662,#663,#664,#665,#666,#667),.UNSPECIFIED.,.F.,.F.,(8,6,
    8),(0.,0.548037199928,1.),.UNSPECIFIED.);
#654 = CARTESIAN_POINT('',(-16.66590831608,5.5,11.));
#655 = CARTESIAN_POINT('',(-16.66590831608,5.5,11.32451166297));
#656 = CARTESIAN_POINT('',(-16.67942294208,5.459048159755,
    11.648602892247));
#657 = CARTESIAN_POINT('',(-16.70639271679,5.37732682909,11.968830949962
    ));
#658 = CARTESIAN_POINT('',(-16.74634120639,5.254142024995,
    12.281490879198));
#659 = CARTESIAN_POINT('',(-16.79831856823,5.088181582954,
    12.582134107902));
#660 = CARTESIAN_POINT('',(-16.86062653201,4.877748177907,
    12.864892509212));
#661 = CARTESIAN_POINT('',(-16.9883434219,4.409845936269,13.33279475085)
  );
#662 = CARTESIAN_POINT('',(-17.05245020075,4.162853259927,
    13.530597353418));
#663 = CARTESIAN_POINT('',(-17.12075285702,3.881199403328,
    13.704716652717));
#664 = CARTESIAN_POINT('',(-17.19006039303,3.568090606669,
    13.846109488574));
#665 = CARTESIAN_POINT('',(-17.25677822223,3.228682797837,13.94681255858
    ));
#666 = CARTESIAN_POINT('',(-17.3178005459,2.869823413114,14.));
#667 = CARTESIAN_POINT('',(-17.37102472509,2.5,14.));
#668 = PCURVE('',#32,#669);
#669 = DEFINITIONAL_REPRESENTATION('',(#670),#685);
#670 = B_SPLINE_CURVE_WITH_KNOTS('',7,(#671,#672,#673,#674,#675,#676,
    #677,#678,#679,#680,#681,#682,#683,#684),.UNSPECIFIED.,.F.,.F.,(8,6,
    8),(0.,0.548037199928,1.),.UNSPECIFIED.);
#671 = CARTESIAN_POINT('',(2.82283155186,46.));
#672 = CARTESIAN_POINT('',(2.82283155186,46.32451166297));
#673 = CARTESIAN_POINT('',(2.825288772477,46.648602892247));
#674 = CARTESIAN_POINT('',(2.830192284749,46.968830949962));
#675 = CARTESIAN_POINT('',(2.837571126616,47.281490879198));
#676 = CARTESIAN_POINT('',(2.847479379092,47.582134107902));
#677 = CARTESIAN_POINT('',(2.85998159224,47.864892509212));
#678 = CARTESIAN_POINT('',(2.887618042518,48.33279475085));
#679 = CARTESIAN_POINT('',(2.902156867191,48.530597353418));
#680 = CARTESIAN_POINT('',(2.918667180972,48.704716652717));
#681 = CARTESIAN_POINT('',(2.936932510104,48.846109488574));
#682 = CARTESIAN_POINT('',(2.956632000498,48.94681255858));
#683 = CARTESIAN_POINT('',(2.977366618955,49.));
#684 = CARTESIAN_POINT('',(2.998656290633,49.));
#685 = ( GEOMETRIC_REPRESENTATION_CONTEXT(2) 
PARAMETRIC_REPRESENTATION_CONTEXT() REPRESENTATION_CONTEXT('2D SPACE',''
  ) );
#686 = PCURVE('',#687,#692);
#687 = CYLINDRICAL_SURFACE('',#688,3.);
#688 = AXIS2_PLACEMENT_3D('',#689,#690,#691);
#689 = CARTESIAN_POINT('',(0.,2.5,11.));
#690 = DIRECTION('',(-1.,0.,0.));
#691 = DIRECTION('',(0.,1.,-0.));
#692 = DEFINITIONAL_REPRESENTATION('',(#693),#708);
#693 = B_SPLINE_CURVE_WITH_KNOTS('',7,(#694,#695,#696,#697,#698,#699,
    #700,#701,#702,#703,#704,#705,#706,#707),.UNSPECIFIED.,.F.,.F.,(8,6,
    8),(0.,0.548037199928,1.),.UNSPECIFIED.);
#694 = CARTESIAN_POINT('',(0.,16.66590831608));
#695 = CARTESIAN_POINT('',(-0.108170554323,16.66590831608));
#696 = CARTESIAN_POINT('',(-0.216200660799,16.679422942089));
#697 = CARTESIAN_POINT('',(-0.325012022116,16.706392716792));
#698 = CARTESIAN_POINT('',(-0.435407162784,16.746341206394));
#699 = CARTESIAN_POINT('',(-0.548270288915,16.798318568233));
#700 = CARTESIAN_POINT('',(-0.664516923029,16.860626532016));
#701 = CARTESIAN_POINT('',(-0.885088155026,16.988343421909));
#702 = CARTESIAN_POINT('',(-0.989927344619,17.052450200752));
#703 = CARTESIAN_POINT('',(-1.0989725053,17.120752857022));
#704 = CARTESIAN_POINT('',(-1.211706520984,17.190060393032));
#705 = CARTESIAN_POINT('',(-1.327902045472,17.256778222235));
#706 = CARTESIAN_POINT('',(-1.447521855757,17.317800545903));
#707 = CARTESIAN_POINT('',(-1.570796326795,17.371024725099));
#708 = ( GEOMETRIC_REPRESENTATION_CONTEXT(2) 
PARAMETRIC_REPRESENTATION_CONTEXT() REPRESENTATION_CONTEXT('2D SPACE',''
  ) );
#709 = ORIENTED_EDGE('',*,*,#710,.T.);
#710 = EDGE_CURVE('',#650,#711,#713,.T.);
#711 = VERTEX_POINT('',#712);
#712 = CARTESIAN_POINT('',(-17.37102472509,-2.5,14.));
#713 = SURFACE_CURVE('',#714,(#719,#726),.PCURVE_S1.);
#714 = CIRCLE('',#715,17.55);
#715 = AXIS2_PLACEMENT_3D('',#716,#717,#718);
#716 = CARTESIAN_POINT('',(0.,0.,14.));
#717 = DIRECTION('',(0.,0.,1.));
#718 = DIRECTION('',(1.,0.,-0.));
#719 = PCURVE('',#32,#720);
#720 = DEFINITIONAL_REPRESENTATION('',(#721),#725);
#721 = LINE('',#722,#723);
#722 = CARTESIAN_POINT('',(0.,49.));
#723 = VECTOR('',#724,1.);
#724 = DIRECTION('',(1.,0.));
#725 = ( GEOMETRIC_REPRESENTATION_CONTEXT(2) 
PARAMETRIC_REPRESENTATION_CONTEXT() REPRESENTATION_CONTEXT('2D SPACE',''
  ) );
#726 = PCURVE('',#727,#732);
#727 = PLANE('',#728);
#728 = AXIS2_PLACEMENT_3D('',#729,#730,#731);
#729 = CARTESIAN_POINT('',(-9.275,0.,14.));
#730 = DIRECTION('',(0.,0.,1.));
#731 = DIRECTION('',(1.,0.,-0.));
#732 = DEFINITIONAL_REPRESENTATION('',(#733),#737);
#733 = CIRCLE('',#734,17.55);
#734 = AXIS2_PLACEMENT_2D('',#735,#736);
#735 = CARTESIAN_POINT('',(9.275,0.));
#736 = DIRECTION('',(1.,0.));
#737 = ( GEOMETRIC_REPRESENTATION_CONTEXT(2) 
PARAMETRIC_REPRESENTATION_CONTEXT() REPRESENTATION_CONTEXT('2D SPACE',''
  ) );
#738 = ORIENTED_EDGE('',*,*,#739,.F.);
#739 = EDGE_CURVE('',#438,#711,#740,.T.);
#740 = SURFACE_CURVE('',#741,(#759,#780),.PCURVE_S1.);
#741 = B_SPLINE_CURVE_WITH_KNOTS('',6,(#742,#743,#744,#745,#746,#747,
    #748,#749,#750,#751,#752,#753,#754,#755,#756,#757,#758),
  .UNSPECIFIED.,.F.,.F.,(7,5,5,7),(0.,0.410983424826,0.712027307848,1.),
  .UNSPECIFIED.);
#742 = CARTESIAN_POINT('',(-16.66590831608,-5.5,11.));
#743 = CARTESIAN_POINT('',(-16.66590831608,-5.5,11.284728343038));
#744 = CARTESIAN_POINT('',(-16.67661049862,-5.467571074027,
    11.569329062311));
#745 = CARTESIAN_POINT('',(-16.6979941397,-5.402772852925,
    11.851037773013));
#746 = CARTESIAN_POINT('',(-16.72969971642,-5.305115797968,
    12.127034959947));
#747 = CARTESIAN_POINT('',(-16.77096516769,-5.173715453667,
    12.393910993375));
#748 = CARTESIAN_POINT('',(-16.85673278401,-4.885612787988,
    12.832505384919));
#749 = CARTESIAN_POINT('',(-16.89744807142,-4.744975371112,
    13.010741631471));
#750 = CARTESIAN_POINT('',(-16.94209425043,-4.585053907797,
    13.179856723666));
#751 = CARTESIAN_POINT('',(-16.98996426887,-4.405409462965,
    13.337500663372));
#752 = CARTESIAN_POINT('',(-17.04008790667,-4.2057895116,13.480743288885
    ));
#753 = CARTESIAN_POINT('',(-17.14021812044,-3.776489335386,
    13.725611786204));
#754 = CARTESIAN_POINT('',(-17.19051265328,-3.546871255439,
    13.829697924354));
#755 = CARTESIAN_POINT('',(-17.2404127726,-3.300225119828,13.91269008533
    ));
#756 = CARTESIAN_POINT('',(-17.28803781284,-3.040387078236,
    13.970410462233));
#757 = CARTESIAN_POINT('',(-17.33188177171,-2.771981284446,14.));
#758 = CARTESIAN_POINT('',(-17.37102472509,-2.5,14.));
#759 = PCURVE('',#32,#760);
#760 = DEFINITIONAL_REPRESENTATION('',(#761),#779);
#761 = B_SPLINE_CURVE_WITH_KNOTS('',6,(#762,#763,#764,#765,#766,#767,
    #768,#769,#770,#771,#772,#773,#774,#775,#776,#777,#778),
  .UNSPECIFIED.,.F.,.F.,(7,5,5,7),(0.,0.410983424826,0.712027307848,1.),
  .UNSPECIFIED.);
#762 = CARTESIAN_POINT('',(3.46035375532,46.));
#763 = CARTESIAN_POINT('',(3.46035375532,46.284728343038));
#764 = CARTESIAN_POINT('',(3.458407926178,46.569329062311));
#765 = CARTESIAN_POINT('',(3.454519880219,46.851037773013));
#766 = CARTESIAN_POINT('',(3.448669498325,47.127034959947));
#767 = CARTESIAN_POINT('',(3.44082264657,47.393910993375));
#768 = CARTESIAN_POINT('',(3.423694548543,47.832505384919));
#769 = CARTESIAN_POINT('',(3.415352195603,48.010741631471));
#770 = CARTESIAN_POINT('',(3.405892110966,48.179856723666));
#771 = CARTESIAN_POINT('',(3.395300136264,48.337500663372));
#772 = CARTESIAN_POINT('',(3.383574360191,48.480743288885));
#773 = CARTESIAN_POINT('',(3.358456254513,48.725611786204));
#774 = CARTESIAN_POINT('',(3.345063643476,48.829697924354));
#775 = CARTESIAN_POINT('',(3.330727932045,48.91269008533));
#776 = CARTESIAN_POINT('',(3.315679887374,48.970410462233));
#777 = CARTESIAN_POINT('',(3.300186197901,49.));
#778 = CARTESIAN_POINT('',(3.284529016546,49.));
#779 = ( GEOMETRIC_REPRESENTATION_CONTEXT(2) 
PARAMETRIC_REPRESENTATION_CONTEXT() REPRESENTATION_CONTEXT('2D SPACE',''
  ) );
#780 = PCURVE('',#781,#786);
#781 = CYLINDRICAL_SURFACE('',#782,3.);
#782 = AXIS2_PLACEMENT_3D('',#783,#784,#785);
#783 = CARTESIAN_POINT('',(-18.55,-2.5,11.));
#784 = DIRECTION('',(1.,0.,0.));
#785 = DIRECTION('',(0.,-1.,-0.));
#786 = DEFINITIONAL_REPRESENTATION('',(#787),#805);
#787 = B_SPLINE_CURVE_WITH_KNOTS('',6,(#788,#789,#790,#791,#792,#793,
    #794,#795,#796,#797,#798,#799,#800,#801,#802,#803,#804),
  .UNSPECIFIED.,.F.,.F.,(7,5,5,7),(0.,0.410983424826,0.712027307848,1.),
  .UNSPECIFIED.);
#788 = CARTESIAN_POINT('',(0.,1.88409168392));
#789 = CARTESIAN_POINT('',(-9.490944767929E-02,1.88409168392));
#790 = CARTESIAN_POINT('',(-0.189776954898,1.873389501377));
#791 = CARTESIAN_POINT('',(-0.285215982346,1.852005860294));
#792 = CARTESIAN_POINT('',(-0.381831333574,1.820300283573));
#793 = CARTESIAN_POINT('',(-0.480231399733,1.779034832304));
#794 = CARTESIAN_POINT('',(-0.655149852564,1.693267215981));
#795 = CARTESIAN_POINT('',(-0.730544779462,1.652551928577));
#796 = CARTESIAN_POINT('',(-0.807654873818,1.607905749568));
#797 = CARTESIAN_POINT('',(-0.886778798527,1.56003573113));
#798 = CARTESIAN_POINT('',(-0.968234618906,1.509912093329));
#799 = CARTESIAN_POINT('',(-1.132976579518,1.409781879558));
#800 = CARTESIAN_POINT('',(-1.216651172322,1.359487346714));
#801 = CARTESIAN_POINT('',(-1.302713052167,1.309587227395));
#802 = CARTESIAN_POINT('',(-1.390667360099,1.261962187152));
#803 = CARTESIAN_POINT('',(-1.480135898646,1.218118228289));
#804 = CARTESIAN_POINT('',(-1.570796326795,1.178975274901));
#805 = ( GEOMETRIC_REPRESENTATION_CONTEXT(2) 
PARAMETRIC_REPRESENTATION_CONTEXT() REPRESENTATION_CONTEXT('2D SPACE',''
  ) );
#806 = ADVANCED_FACE('',(#807),#96,.F.);
#807 = FACE_BOUND('',#808,.F.);
#808 = EDGE_LOOP('',(#809,#840,#861,#862,#863,#886));
#809 = ORIENTED_EDGE('',*,*,#810,.F.);
#810 = EDGE_CURVE('',#811,#813,#815,.T.);
#811 = VERTEX_POINT('',#812);
#812 = CARTESIAN_POINT('',(13.466718234225,-1.5,-4.));
#813 = VERTEX_POINT('',#814);
#814 = CARTESIAN_POINT('',(13.55,-3.318792825689E-15,-4.));
#815 = SURFACE_CURVE('',#816,(#821,#828),.PCURVE_S1.);
#816 = CIRCLE('',#817,13.55);
#817 = AXIS2_PLACEMENT_3D('',#818,#819,#820);
#818 = CARTESIAN_POINT('',(0.,0.,-4.));
#819 = DIRECTION('',(0.,0.,1.));
#820 = DIRECTION('',(1.,0.,-0.));
#821 = PCURVE('',#96,#822);
#822 = DEFINITIONAL_REPRESENTATION('',(#823),#827);
#823 = CIRCLE('',#824,13.55);
#824 = AXIS2_PLACEMENT_2D('',#825,#826);
#825 = CARTESIAN_POINT('',(-15.775,0.));
#826 = DIRECTION('',(1.,0.));
#827 = ( GEOMETRIC_REPRESENTATION_CONTEXT(2) 
PARAMETRIC_REPRESENTATION_CONTEXT() REPRESENTATION_CONTEXT('2D SPACE',''
  ) );
#828 = PCURVE('',#829,#834);
#829 = CYLINDRICAL_SURFACE('',#830,13.55);
#830 = AXIS2_PLACEMENT_3D('',#831,#832,#833);
#831 = CARTESIAN_POINT('',(0.,0.,-36.));
#832 = DIRECTION('',(0.,0.,1.));
#833 = DIRECTION('',(1.,0.,-0.));
#834 = DEFINITIONAL_REPRESENTATION('',(#835),#839);
#835 = LINE('',#836,#837);
#836 = CARTESIAN_POINT('',(0.,32.));
#837 = VECTOR('',#838,1.);
#838 = DIRECTION('',(1.,0.));
#839 = ( GEOMETRIC_REPRESENTATION_CONTEXT(2) 
PARAMETRIC_REPRESENTATION_CONTEXT() REPRESENTATION_CONTEXT('2D SPACE',''
  ) );
#840 = ORIENTED_EDGE('',*,*,#841,.T.);
#841 = EDGE_CURVE('',#811,#391,#842,.T.);
#842 = SURFACE_CURVE('',#843,(#847,#854),.PCURVE_S1.);
#843 = LINE('',#844,#845);
#844 = CARTESIAN_POINT('',(0.,-1.5,-4.));
#845 = VECTOR('',#846,1.);
#846 = DIRECTION('',(1.,0.,0.));
#847 = PCURVE('',#96,#848);
#848 = DEFINITIONAL_REPRESENTATION('',(#849),#853);
#849 = LINE('',#850,#851);
#850 = CARTESIAN_POINT('',(-15.775,-1.5));
#851 = VECTOR('',#852,1.);
#852 = DIRECTION('',(1.,0.));
#853 = ( GEOMETRIC_REPRESENTATION_CONTEXT(2) 
PARAMETRIC_REPRESENTATION_CONTEXT() REPRESENTATION_CONTEXT('2D SPACE',''
  ) );
#854 = PCURVE('',#289,#855);
#855 = DEFINITIONAL_REPRESENTATION('',(#856),#860);
#856 = LINE('',#857,#858);
#857 = CARTESIAN_POINT('',(0.,-32.));
#858 = VECTOR('',#859,1.);
#859 = DIRECTION('',(1.,0.));
#860 = ( GEOMETRIC_REPRESENTATION_CONTEXT(2) 
PARAMETRIC_REPRESENTATION_CONTEXT() REPRESENTATION_CONTEXT('2D SPACE',''
  ) );
#861 = ORIENTED_EDGE('',*,*,#411,.T.);
#862 = ORIENTED_EDGE('',*,*,#79,.T.);
#863 = ORIENTED_EDGE('',*,*,#864,.T.);
#864 = EDGE_CURVE('',#80,#865,#867,.T.);
#865 = VERTEX_POINT('',#866);
#866 = CARTESIAN_POINT('',(13.466718234225,1.5,-4.));
#867 = SURFACE_CURVE('',#868,(#872,#879),.PCURVE_S1.);
#868 = LINE('',#869,#870);
#869 = CARTESIAN_POINT('',(31.55,1.5,-4.));
#870 = VECTOR('',#871,1.);
#871 = DIRECTION('',(-1.,0.,0.));
#872 = PCURVE('',#96,#873);
#873 = DEFINITIONAL_REPRESENTATION('',(#874),#878);
#874 = LINE('',#875,#876);
#875 = CARTESIAN_POINT('',(15.775,1.5));
#876 = VECTOR('',#877,1.);
#877 = DIRECTION('',(-1.,0.));
#878 = ( GEOMETRIC_REPRESENTATION_CONTEXT(2) 
PARAMETRIC_REPRESENTATION_CONTEXT() REPRESENTATION_CONTEXT('2D SPACE',''
  ) );
#879 = PCURVE('',#123,#880);
#880 = DEFINITIONAL_REPRESENTATION('',(#881),#885);
#881 = LINE('',#882,#883);
#882 = CARTESIAN_POINT('',(0.,-32.));
#883 = VECTOR('',#884,1.);
#884 = DIRECTION('',(1.,0.));
#885 = ( GEOMETRIC_REPRESENTATION_CONTEXT(2) 
PARAMETRIC_REPRESENTATION_CONTEXT() REPRESENTATION_CONTEXT('2D SPACE',''
  ) );
#886 = ORIENTED_EDGE('',*,*,#887,.F.);
#887 = EDGE_CURVE('',#813,#865,#888,.T.);
#888 = SURFACE_CURVE('',#889,(#894,#901),.PCURVE_S1.);
#889 = CIRCLE('',#890,13.55);
#890 = AXIS2_PLACEMENT_3D('',#891,#892,#893);
#891 = CARTESIAN_POINT('',(0.,0.,-4.));
#892 = DIRECTION('',(0.,0.,1.));
#893 = DIRECTION('',(1.,0.,-0.));
#894 = PCURVE('',#96,#895);
#895 = DEFINITIONAL_REPRESENTATION('',(#896),#900);
#896 = CIRCLE('',#897,13.55);
#897 = AXIS2_PLACEMENT_2D('',#898,#899);
#898 = CARTESIAN_POINT('',(-15.775,0.));
#899 = DIRECTION('',(1.,0.));
#900 = ( GEOMETRIC_REPRESENTATION_CONTEXT(2) 
PARAMETRIC_REPRESENTATION_CONTEXT() REPRESENTATION_CONTEXT('2D SPACE',''
  ) );
#901 = PCURVE('',#829,#902);
#902 = DEFINITIONAL_REPRESENTATION('',(#903),#907);
#903 = LINE('',#904,#905);
#904 = CARTESIAN_POINT('',(0.,32.));
#905 = VECTOR('',#906,1.);
#906 = DIRECTION('',(1.,0.));
#907 = ( GEOMETRIC_REPRESENTATION_CONTEXT(2) 
PARAMETRIC_REPRESENTATION_CONTEXT() REPRESENTATION_CONTEXT('2D SPACE',''
  ) );
#908 = ADVANCED_FACE('',(#909,#1020),#289,.T.);
#909 = FACE_BOUND('',#910,.T.);
#910 = EDGE_LOOP('',(#911,#932,#933,#934,#955,#981,#1000,#1001));
#911 = ORIENTED_EDGE('',*,*,#912,.T.);
#912 = EDGE_CURVE('',#913,#811,#915,.T.);
#913 = VERTEX_POINT('',#914);
#914 = CARTESIAN_POINT('',(13.466718234225,-1.5,-35.));
#915 = SURFACE_CURVE('',#916,(#920,#926),.PCURVE_S1.);
#916 = LINE('',#917,#918);
#917 = CARTESIAN_POINT('',(13.466718234225,-1.5,-36.));
#918 = VECTOR('',#919,1.);
#919 = DIRECTION('',(0.,0.,1.));
#920 = PCURVE('',#289,#921);
#921 = DEFINITIONAL_REPRESENTATION('',(#922),#925);
#922 = B_SPLINE_CURVE_WITH_KNOTS('',1,(#923,#924),.UNSPECIFIED.,.F.,.F.,
  (2,2),(0.9999994,35.2),.PIECEWISE_BEZIER_KNOTS.);
#923 = CARTESIAN_POINT('',(13.466718234225,-0.9999994));
#924 = CARTESIAN_POINT('',(13.466718234225,-35.2));
#925 = ( GEOMETRIC_REPRESENTATION_CONTEXT(2) 
PARAMETRIC_REPRESENTATION_CONTEXT() REPRESENTATION_CONTEXT('2D SPACE',''
  ) );
#926 = PCURVE('',#829,#927);
#927 = DEFINITIONAL_REPRESENTATION('',(#928),#931);
#928 = B_SPLINE_CURVE_WITH_KNOTS('',1,(#929,#930),.UNSPECIFIED.,.F.,.F.,
  (2,2),(0.9999994,35.2),.PIECEWISE_BEZIER_KNOTS.);
#929 = CARTESIAN_POINT('',(6.172256842003,0.9999994));
#930 = CARTESIAN_POINT('',(6.172256842003,35.2));
#931 = ( GEOMETRIC_REPRESENTATION_CONTEXT(2) 
PARAMETRIC_REPRESENTATION_CONTEXT() REPRESENTATION_CONTEXT('2D SPACE',''
  ) );
#932 = ORIENTED_EDGE('',*,*,#841,.T.);
#933 = ORIENTED_EDGE('',*,*,#390,.F.);
#934 = ORIENTED_EDGE('',*,*,#935,.T.);
#935 = EDGE_CURVE('',#358,#936,#938,.T.);
#936 = VERTEX_POINT('',#937);
#937 = CARTESIAN_POINT('',(30.55,-1.5,-16.));
#938 = SURFACE_CURVE('',#939,(#943,#949),.PCURVE_S1.);
#939 = LINE('',#940,#941);
#940 = CARTESIAN_POINT('',(24.846021220159,-1.5,-12.07851458885));
#941 = VECTOR('',#942,1.);
#942 = DIRECTION('',(0.824041924199,0.,-0.566528822887));
#943 = PCURVE('',#289,#944);
#944 = DEFINITIONAL_REPRESENTATION('',(#945),#948);
#945 = B_SPLINE_CURVE_WITH_KNOTS('',1,(#946,#947),.UNSPECIFIED.,.F.,.F.,
  (2,2),(-10.89666741746,6.921952163275),.PIECEWISE_BEZIER_KNOTS.);
#946 = CARTESIAN_POINT('',(15.866710434113,-30.09476157654));
#947 = CARTESIAN_POINT('',(30.55,-20.));
#948 = ( GEOMETRIC_REPRESENTATION_CONTEXT(2) 
PARAMETRIC_REPRESENTATION_CONTEXT() REPRESENTATION_CONTEXT('2D SPACE',''
  ) );
#949 = PCURVE('',#378,#950);
#950 = DEFINITIONAL_REPRESENTATION('',(#951),#954);
#951 = B_SPLINE_CURVE_WITH_KNOTS('',1,(#952,#953),.UNSPECIFIED.,.F.,.F.,
  (2,2),(-10.89666741746,6.921952163275),.PIECEWISE_BEZIER_KNOTS.);
#952 = CARTESIAN_POINT('',(17.818619580737,-1.5));
#953 = CARTESIAN_POINT('',(0.,-1.5));
#954 = ( GEOMETRIC_REPRESENTATION_CONTEXT(2) 
PARAMETRIC_REPRESENTATION_CONTEXT() REPRESENTATION_CONTEXT('2D SPACE',''
  ) );
#955 = ORIENTED_EDGE('',*,*,#956,.T.);
#956 = EDGE_CURVE('',#936,#957,#959,.T.);
#957 = VERTEX_POINT('',#958);
#958 = CARTESIAN_POINT('',(30.55,-1.5,-32.));
#959 = SURFACE_CURVE('',#960,(#964,#970),.PCURVE_S1.);
#960 = LINE('',#961,#962);
#961 = CARTESIAN_POINT('',(30.55,-1.5,-34.));
#962 = VECTOR('',#963,1.);
#963 = DIRECTION('',(0.,0.,-1.));
#964 = PCURVE('',#289,#965);
#965 = DEFINITIONAL_REPRESENTATION('',(#966),#969);
#966 = B_SPLINE_CURVE_WITH_KNOTS('',1,(#967,#968),.UNSPECIFIED.,.F.,.F.,
  (2,2),(-18.,-2.),.PIECEWISE_BEZIER_KNOTS.);
#967 = CARTESIAN_POINT('',(30.55,-20.));
#968 = CARTESIAN_POINT('',(30.55,-4.));
#969 = ( GEOMETRIC_REPRESENTATION_CONTEXT(2) 
PARAMETRIC_REPRESENTATION_CONTEXT() REPRESENTATION_CONTEXT('2D SPACE',''
  ) );
#970 = PCURVE('',#971,#976);
#971 = PLANE('',#972);
#972 = AXIS2_PLACEMENT_3D('',#973,#974,#975);
#973 = CARTESIAN_POINT('',(30.55,-7.5,-32.));
#974 = DIRECTION('',(-1.,0.,0.));
#975 = DIRECTION('',(0.,1.,0.));
#976 = DEFINITIONAL_REPRESENTATION('',(#977),#980);
#977 = B_SPLINE_CURVE_WITH_KNOTS('',1,(#978,#979),.UNSPECIFIED.,.F.,.F.,
  (2,2),(-18.,-2.),.PIECEWISE_BEZIER_KNOTS.);
#978 = CARTESIAN_POINT('',(6.,-16.));
#979 = CARTESIAN_POINT('',(6.,0.));
#980 = ( GEOMETRIC_REPRESENTATION_CONTEXT(2) 
PARAMETRIC_REPRESENTATION_CONTEXT() REPRESENTATION_CONTEXT('2D SPACE',''
  ) );
#981 = ORIENTED_EDGE('',*,*,#982,.T.);
#982 = EDGE_CURVE('',#957,#275,#983,.T.);
#983 = SURFACE_CURVE('',#984,(#988,#994),.PCURVE_S1.);
#984 = LINE('',#985,#986);
#985 = CARTESIAN_POINT('',(11.275,-1.5,-32.));
#986 = VECTOR('',#987,1.);
#987 = DIRECTION('',(-1.,0.,0.));
#988 = PCURVE('',#289,#989);
#989 = DEFINITIONAL_REPRESENTATION('',(#990),#993);
#990 = B_SPLINE_CURVE_WITH_KNOTS('',1,(#991,#992),.UNSPECIFIED.,.F.,.F.,
  (2,2),(-19.275,-4.591710434113),.PIECEWISE_BEZIER_KNOTS.);
#991 = CARTESIAN_POINT('',(30.55,-4.));
#992 = CARTESIAN_POINT('',(15.866710434113,-4.));
#993 = ( GEOMETRIC_REPRESENTATION_CONTEXT(2) 
PARAMETRIC_REPRESENTATION_CONTEXT() REPRESENTATION_CONTEXT('2D SPACE',''
  ) );
#994 = PCURVE('',#317,#995);
#995 = DEFINITIONAL_REPRESENTATION('',(#996),#999);
#996 = B_SPLINE_CURVE_WITH_KNOTS('',1,(#997,#998),.UNSPECIFIED.,.F.,.F.,
  (2,2),(-19.275,-4.591710434113),.PIECEWISE_BEZIER_KNOTS.);
#997 = CARTESIAN_POINT('',(8.,-1.5));
#998 = CARTESIAN_POINT('',(-6.683289565887,-1.5));
#999 = ( GEOMETRIC_REPRESENTATION_CONTEXT(2) 
PARAMETRIC_REPRESENTATION_CONTEXT() REPRESENTATION_CONTEXT('2D SPACE',''
  ) );
#1000 = ORIENTED_EDGE('',*,*,#274,.F.);
#1001 = ORIENTED_EDGE('',*,*,#1002,.T.);
#1002 = EDGE_CURVE('',#246,#913,#1003,.T.);
#1003 = SURFACE_CURVE('',#1004,(#1008,#1014),.PCURVE_S1.);
#1004 = LINE('',#1005,#1006);
#1005 = CARTESIAN_POINT('',(0.,-1.5,-35.));
#1006 = VECTOR('',#1007,1.);
#1007 = DIRECTION('',(-1.,0.,0.));
#1008 = PCURVE('',#289,#1009);
#1009 = DEFINITIONAL_REPRESENTATION('',(#1010),#1013);
#1010 = B_SPLINE_CURVE_WITH_KNOTS('',1,(#1011,#1012),.UNSPECIFIED.,.F.,
  .F.,(2,2),(-17.55,0.),.PIECEWISE_BEZIER_KNOTS.);
#1011 = CARTESIAN_POINT('',(17.55,-1.));
#1012 = CARTESIAN_POINT('',(0.,-1.));
#1013 = ( GEOMETRIC_REPRESENTATION_CONTEXT(2) 
PARAMETRIC_REPRESENTATION_CONTEXT() REPRESENTATION_CONTEXT('2D SPACE',''
  ) );
#1014 = PCURVE('',#262,#1015);
#1015 = DEFINITIONAL_REPRESENTATION('',(#1016),#1019);
#1016 = B_SPLINE_CURVE_WITH_KNOTS('',1,(#1017,#1018),.UNSPECIFIED.,.F.,
  .F.,(2,2),(-17.55,0.),.PIECEWISE_BEZIER_KNOTS.);
#1017 = CARTESIAN_POINT('',(17.55,-1.5));
#1018 = CARTESIAN_POINT('',(0.,-1.5));
#1019 = ( GEOMETRIC_REPRESENTATION_CONTEXT(2) 
PARAMETRIC_REPRESENTATION_CONTEXT() REPRESENTATION_CONTEXT('2D SPACE',''
  ) );
#1020 = FACE_BOUND('',#1021,.T.);
#1021 = EDGE_LOOP('',(#1022));
#1022 = ORIENTED_EDGE('',*,*,#1023,.F.);
#1023 = EDGE_CURVE('',#1024,#1024,#1026,.T.);
#1024 = VERTEX_POINT('',#1025);
#1025 = CARTESIAN_POINT('',(25.05,-1.5,-21.8));
#1026 = SURFACE_CURVE('',#1027,(#1032,#1039),.PCURVE_S1.);
#1027 = CIRCLE('',#1028,2.2);
#1028 = AXIS2_PLACEMENT_3D('',#1029,#1030,#1031);
#1029 = CARTESIAN_POINT('',(25.05,-1.5,-24.));
#1030 = DIRECTION('',(0.,1.,0.));
#1031 = DIRECTION('',(0.,-0.,1.));
#1032 = PCURVE('',#289,#1033);
#1033 = DEFINITIONAL_REPRESENTATION('',(#1034),#1038);
#1034 = CIRCLE('',#1035,2.2);
#1035 = AXIS2_PLACEMENT_2D('',#1036,#1037);
#1036 = CARTESIAN_POINT('',(25.05,-12.));
#1037 = DIRECTION('',(0.,-1.));
#1038 = ( GEOMETRIC_REPRESENTATION_CONTEXT(2) 
PARAMETRIC_REPRESENTATION_CONTEXT() REPRESENTATION_CONTEXT('2D SPACE',''
  ) );
#1039 = PCURVE('',#1040,#1045);
#1040 = CYLINDRICAL_SURFACE('',#1041,2.2);
#1041 = AXIS2_PLACEMENT_3D('',#1042,#1043,#1044);
#1042 = CARTESIAN_POINT('',(25.05,-8.5,-24.));
#1043 = DIRECTION('',(0.,1.,0.));
#1044 = DIRECTION('',(0.,-0.,1.));
#1045 = DEFINITIONAL_REPRESENTATION('',(#1046),#1050);
#1046 = LINE('',#1047,#1048);
#1047 = CARTESIAN_POINT('',(0.,7.));
#1048 = VECTOR('',#1049,1.);
#1049 = DIRECTION('',(1.,0.));
#1050 = ( GEOMETRIC_REPRESENTATION_CONTEXT(2) 
PARAMETRIC_REPRESENTATION_CONTEXT() REPRESENTATION_CONTEXT('2D SPACE',''
  ) );
#1051 = ADVANCED_FACE('',(#1052),#378,.F.);
#1052 = FACE_BOUND('',#1053,.F.);
#1053 = EDGE_LOOP('',(#1054,#1077,#1098,#1099));
#1054 = ORIENTED_EDGE('',*,*,#1055,.F.);
#1055 = EDGE_CURVE('',#1056,#936,#1058,.T.);
#1056 = VERTEX_POINT('',#1057);
#1057 = CARTESIAN_POINT('',(30.55,-7.5,-16.));
#1058 = SURFACE_CURVE('',#1059,(#1063,#1070),.PCURVE_S1.);
#1059 = LINE('',#1060,#1061);
#1060 = CARTESIAN_POINT('',(30.55,-7.5,-16.));
#1061 = VECTOR('',#1062,1.);
#1062 = DIRECTION('',(0.,1.,0.));
#1063 = PCURVE('',#378,#1064);
#1064 = DEFINITIONAL_REPRESENTATION('',(#1065),#1069);
#1065 = LINE('',#1066,#1067);
#1066 = CARTESIAN_POINT('',(0.,-7.5));
#1067 = VECTOR('',#1068,1.);
#1068 = DIRECTION('',(0.,1.));
#1069 = ( GEOMETRIC_REPRESENTATION_CONTEXT(2) 
PARAMETRIC_REPRESENTATION_CONTEXT() REPRESENTATION_CONTEXT('2D SPACE',''
  ) );
#1070 = PCURVE('',#971,#1071);
#1071 = DEFINITIONAL_REPRESENTATION('',(#1072),#1076);
#1072 = LINE('',#1073,#1074);
#1073 = CARTESIAN_POINT('',(0.,-16.));
#1074 = VECTOR('',#1075,1.);
#1075 = DIRECTION('',(1.,0.));
#1076 = ( GEOMETRIC_REPRESENTATION_CONTEXT(2) 
PARAMETRIC_REPRESENTATION_CONTEXT() REPRESENTATION_CONTEXT('2D SPACE',''
  ) );
#1077 = ORIENTED_EDGE('',*,*,#1078,.T.);
#1078 = EDGE_CURVE('',#1056,#330,#1079,.T.);
#1079 = SURFACE_CURVE('',#1080,(#1084,#1091),.PCURVE_S1.);
#1080 = LINE('',#1081,#1082);
#1081 = CARTESIAN_POINT('',(30.55,-7.5,-16.));
#1082 = VECTOR('',#1083,1.);
#1083 = DIRECTION('',(-0.824041924199,0.,0.566528822887));
#1084 = PCURVE('',#378,#1085);
#1085 = DEFINITIONAL_REPRESENTATION('',(#1086),#1090);
#1086 = LINE('',#1087,#1088);
#1087 = CARTESIAN_POINT('',(0.,-7.5));
#1088 = VECTOR('',#1089,1.);
#1089 = DIRECTION('',(1.,0.));
#1090 = ( GEOMETRIC_REPRESENTATION_CONTEXT(2) 
PARAMETRIC_REPRESENTATION_CONTEXT() REPRESENTATION_CONTEXT('2D SPACE',''
  ) );
#1091 = PCURVE('',#345,#1092);
#1092 = DEFINITIONAL_REPRESENTATION('',(#1093),#1097);
#1093 = LINE('',#1094,#1095);
#1094 = CARTESIAN_POINT('',(16.,-16.));
#1095 = VECTOR('',#1096,1.);
#1096 = DIRECTION('',(-0.824041924199,-0.566528822887));
#1097 = ( GEOMETRIC_REPRESENTATION_CONTEXT(2) 
PARAMETRIC_REPRESENTATION_CONTEXT() REPRESENTATION_CONTEXT('2D SPACE',''
  ) );
#1098 = ORIENTED_EDGE('',*,*,#357,.F.);
#1099 = ORIENTED_EDGE('',*,*,#935,.T.);
#1100 = ADVANCED_FACE('',(#1101,#1149),#345,.F.);
#1101 = FACE_BOUND('',#1102,.F.);
#1102 = EDGE_LOOP('',(#1103,#1126,#1127,#1128));
#1103 = ORIENTED_EDGE('',*,*,#1104,.F.);
#1104 = EDGE_CURVE('',#301,#1105,#1107,.T.);
#1105 = VERTEX_POINT('',#1106);
#1106 = CARTESIAN_POINT('',(30.55,-7.5,-32.));
#1107 = SURFACE_CURVE('',#1108,(#1112,#1119),.PCURVE_S1.);
#1108 = LINE('',#1109,#1110);
#1109 = CARTESIAN_POINT('',(14.55,-7.5,-32.));
#1110 = VECTOR('',#1111,1.);
#1111 = DIRECTION('',(1.,0.,0.));
#1112 = PCURVE('',#345,#1113);
#1113 = DEFINITIONAL_REPRESENTATION('',(#1114),#1118);
#1114 = LINE('',#1115,#1116);
#1115 = CARTESIAN_POINT('',(0.,0.));
#1116 = VECTOR('',#1117,1.);
#1117 = DIRECTION('',(1.,0.));
#1118 = ( GEOMETRIC_REPRESENTATION_CONTEXT(2) 
PARAMETRIC_REPRESENTATION_CONTEXT() REPRESENTATION_CONTEXT('2D SPACE',''
  ) );
#1119 = PCURVE('',#317,#1120);
#1120 = DEFINITIONAL_REPRESENTATION('',(#1121),#1125);
#1121 = LINE('',#1122,#1123);
#1122 = CARTESIAN_POINT('',(-8.,-7.5));
#1123 = VECTOR('',#1124,1.);
#1124 = DIRECTION('',(1.,0.));
#1125 = ( GEOMETRIC_REPRESENTATION_CONTEXT(2) 
PARAMETRIC_REPRESENTATION_CONTEXT() REPRESENTATION_CONTEXT('2D SPACE',''
  ) );
#1126 = ORIENTED_EDGE('',*,*,#329,.T.);
#1127 = ORIENTED_EDGE('',*,*,#1078,.F.);
#1128 = ORIENTED_EDGE('',*,*,#1129,.F.);
#1129 = EDGE_CURVE('',#1105,#1056,#1130,.T.);
#1130 = SURFACE_CURVE('',#1131,(#1135,#1142),.PCURVE_S1.);
#1131 = LINE('',#1132,#1133);
#1132 = CARTESIAN_POINT('',(30.55,-7.5,-32.));
#1133 = VECTOR('',#1134,1.);
#1134 = DIRECTION('',(0.,0.,1.));
#1135 = PCURVE('',#345,#1136);
#1136 = DEFINITIONAL_REPRESENTATION('',(#1137),#1141);
#1137 = LINE('',#1138,#1139);
#1138 = CARTESIAN_POINT('',(16.,0.));
#1139 = VECTOR('',#1140,1.);
#1140 = DIRECTION('',(0.,-1.));
#1141 = ( GEOMETRIC_REPRESENTATION_CONTEXT(2) 
PARAMETRIC_REPRESENTATION_CONTEXT() REPRESENTATION_CONTEXT('2D SPACE',''
  ) );
#1142 = PCURVE('',#971,#1143);
#1143 = DEFINITIONAL_REPRESENTATION('',(#1144),#1148);
#1144 = LINE('',#1145,#1146);
#1145 = CARTESIAN_POINT('',(0.,0.));
#1146 = VECTOR('',#1147,1.);
#1147 = DIRECTION('',(0.,-1.));
#1148 = ( GEOMETRIC_REPRESENTATION_CONTEXT(2) 
PARAMETRIC_REPRESENTATION_CONTEXT() REPRESENTATION_CONTEXT('2D SPACE',''
  ) );
#1149 = FACE_BOUND('',#1150,.F.);
#1150 = EDGE_LOOP('',(#1151,#1179,#1205,#1231,#1257,#1283));
#1151 = ORIENTED_EDGE('',*,*,#1152,.T.);
#1152 = EDGE_CURVE('',#1153,#1155,#1157,.T.);
#1153 = VERTEX_POINT('',#1154);
#1154 = CARTESIAN_POINT('',(27.128460978165,-7.5,-27.60000001573));
#1155 = VERTEX_POINT('',#1156);
#1156 = CARTESIAN_POINT('',(29.206921956331,-7.5,-24.));
#1157 = SURFACE_CURVE('',#1158,(#1162,#1168),.PCURVE_S1.);
#1158 = LINE('',#1159,#1160);
#1159 = CARTESIAN_POINT('',(24.603525415138,-7.5,-31.97331669673));
#1160 = VECTOR('',#1161,1.);
#1161 = DIRECTION('',(0.5,-0.,0.866025403784));
#1162 = PCURVE('',#345,#1163);
#1163 = DEFINITIONAL_REPRESENTATION('',(#1164),#1167);
#1164 = B_SPLINE_CURVE_WITH_KNOTS('',1,(#1165,#1166),.UNSPECIFIED.,.F.,
  .F.,(2,2),(5.049871126055,9.206793082386),.PIECEWISE_BEZIER_KNOTS.);
#1165 = CARTESIAN_POINT('',(12.578460978165,-4.399999984268));
#1166 = CARTESIAN_POINT('',(14.656921956331,-8.));
#1167 = ( GEOMETRIC_REPRESENTATION_CONTEXT(2) 
PARAMETRIC_REPRESENTATION_CONTEXT() REPRESENTATION_CONTEXT('2D SPACE',''
  ) );
#1168 = PCURVE('',#1169,#1174);
#1169 = PLANE('',#1170);
#1170 = AXIS2_PLACEMENT_3D('',#1171,#1172,#1173);
#1171 = CARTESIAN_POINT('',(27.128460978165,-4.5,-27.60000001573));
#1172 = DIRECTION('',(-0.866025403784,0.,0.5));
#1173 = DIRECTION('',(0.5,0.,0.866025403784));
#1174 = DEFINITIONAL_REPRESENTATION('',(#1175),#1178);
#1175 = B_SPLINE_CURVE_WITH_KNOTS('',1,(#1176,#1177),.UNSPECIFIED.,.F.,
  .F.,(2,2),(5.049871126055,9.206793082386),.PIECEWISE_BEZIER_KNOTS.);
#1176 = CARTESIAN_POINT('',(0.,-3.));
#1177 = CARTESIAN_POINT('',(4.156921956331,-3.));
#1178 = ( GEOMETRIC_REPRESENTATION_CONTEXT(2) 
PARAMETRIC_REPRESENTATION_CONTEXT() REPRESENTATION_CONTEXT('2D SPACE',''
  ) );
#1179 = ORIENTED_EDGE('',*,*,#1180,.T.);
#1180 = EDGE_CURVE('',#1155,#1181,#1183,.T.);
#1181 = VERTEX_POINT('',#1182);
#1182 = CARTESIAN_POINT('',(27.128460978165,-7.5,-20.39999998426));
#1183 = SURFACE_CURVE('',#1184,(#1188,#1194),.PCURVE_S1.);
#1184 = LINE('',#1185,#1186);
#1185 = CARTESIAN_POINT('',(29.106857519358,-7.5,-23.82668331113));
#1186 = VECTOR('',#1187,1.);
#1187 = DIRECTION('',(-0.5,0.,0.866025403784));
#1188 = PCURVE('',#345,#1189);
#1189 = DEFINITIONAL_REPRESENTATION('',(#1190),#1193);
#1190 = B_SPLINE_CURVE_WITH_KNOTS('',1,(#1191,#1192),.UNSPECIFIED.,.F.,
  .F.,(2,2),(-0.200128873945,3.956793082386),.PIECEWISE_BEZIER_KNOTS.);
#1191 = CARTESIAN_POINT('',(14.656921956331,-8.));
#1192 = CARTESIAN_POINT('',(12.578460978165,-11.60000001573));
#1193 = ( GEOMETRIC_REPRESENTATION_CONTEXT(2) 
PARAMETRIC_REPRESENTATION_CONTEXT() REPRESENTATION_CONTEXT('2D SPACE',''
  ) );
#1194 = PCURVE('',#1195,#1200);
#1195 = PLANE('',#1196);
#1196 = AXIS2_PLACEMENT_3D('',#1197,#1198,#1199);
#1197 = CARTESIAN_POINT('',(29.206921956331,-4.5,-24.));
#1198 = DIRECTION('',(-0.866025403784,-0.,-0.5));
#1199 = DIRECTION('',(-0.5,0.,0.866025403784));
#1200 = DEFINITIONAL_REPRESENTATION('',(#1201),#1204);
#1201 = B_SPLINE_CURVE_WITH_KNOTS('',1,(#1202,#1203),.UNSPECIFIED.,.F.,
  .F.,(2,2),(-0.200128873945,3.956793082386),.PIECEWISE_BEZIER_KNOTS.);
#1202 = CARTESIAN_POINT('',(0.,-3.));
#1203 = CARTESIAN_POINT('',(4.156921956331,-3.));
#1204 = ( GEOMETRIC_REPRESENTATION_CONTEXT(2) 
PARAMETRIC_REPRESENTATION_CONTEXT() REPRESENTATION_CONTEXT('2D SPACE',''
  ) );
#1205 = ORIENTED_EDGE('',*,*,#1206,.T.);
#1206 = EDGE_CURVE('',#1181,#1207,#1209,.T.);
#1207 = VERTEX_POINT('',#1208);
#1208 = CARTESIAN_POINT('',(22.971539021835,-7.5,-20.39999998426));
#1209 = SURFACE_CURVE('',#1210,(#1214,#1220),.PCURVE_S1.);
#1210 = LINE('',#1211,#1212);
#1211 = CARTESIAN_POINT('',(20.839230489083,-7.5,-20.39999998426));
#1212 = VECTOR('',#1213,1.);
#1213 = DIRECTION('',(-1.,0.,1.068312598878E-16));
#1214 = PCURVE('',#345,#1215);
#1215 = DEFINITIONAL_REPRESENTATION('',(#1216),#1219);
#1216 = B_SPLINE_CURVE_WITH_KNOTS('',1,(#1217,#1218),.UNSPECIFIED.,.F.,
  .F.,(2,2),(-6.289230489083,-2.132308532752),.PIECEWISE_BEZIER_KNOTS.);
#1217 = CARTESIAN_POINT('',(12.578460978165,-11.60000001573));
#1218 = CARTESIAN_POINT('',(8.421539021835,-11.60000001573));
#1219 = ( GEOMETRIC_REPRESENTATION_CONTEXT(2) 
PARAMETRIC_REPRESENTATION_CONTEXT() REPRESENTATION_CONTEXT('2D SPACE',''
  ) );
#1220 = PCURVE('',#1221,#1226);
#1221 = PLANE('',#1222);
#1222 = AXIS2_PLACEMENT_3D('',#1223,#1224,#1225);
#1223 = CARTESIAN_POINT('',(27.128460978165,-4.5,-20.39999998426));
#1224 = DIRECTION('',(-1.068312598878E-16,-0.,-1.));
#1225 = DIRECTION('',(-1.,0.,1.068312598878E-16));
#1226 = DEFINITIONAL_REPRESENTATION('',(#1227),#1230);
#1227 = B_SPLINE_CURVE_WITH_KNOTS('',1,(#1228,#1229),.UNSPECIFIED.,.F.,
  .F.,(2,2),(-6.289230489083,-2.132308532752),.PIECEWISE_BEZIER_KNOTS.);
#1228 = CARTESIAN_POINT('',(0.,-3.));
#1229 = CARTESIAN_POINT('',(4.156921956331,-3.));
#1230 = ( GEOMETRIC_REPRESENTATION_CONTEXT(2) 
PARAMETRIC_REPRESENTATION_CONTEXT() REPRESENTATION_CONTEXT('2D SPACE',''
  ) );
#1231 = ORIENTED_EDGE('',*,*,#1232,.T.);
#1232 = EDGE_CURVE('',#1207,#1233,#1235,.T.);
#1233 = VERTEX_POINT('',#1234);
#1234 = CARTESIAN_POINT('',(20.893078043669,-7.5,-24.));
#1235 = SURFACE_CURVE('',#1236,(#1240,#1246),.PCURVE_S1.);
#1236 = LINE('',#1237,#1238);
#1237 = CARTESIAN_POINT('',(19.407372969724,-7.5,-26.57331667313));
#1238 = VECTOR('',#1239,1.);
#1239 = DIRECTION('',(-0.5,0.,-0.866025403784));
#1240 = PCURVE('',#345,#1241);
#1241 = DEFINITIONAL_REPRESENTATION('',(#1242),#1245);
#1242 = B_SPLINE_CURVE_WITH_KNOTS('',1,(#1243,#1244),.UNSPECIFIED.,.F.,
  .F.,(2,2),(-7.12833210422,-2.97141014789),.PIECEWISE_BEZIER_KNOTS.);
#1243 = CARTESIAN_POINT('',(8.421539021835,-11.60000001573));
#1244 = CARTESIAN_POINT('',(6.343078043669,-8.));
#1245 = ( GEOMETRIC_REPRESENTATION_CONTEXT(2) 
PARAMETRIC_REPRESENTATION_CONTEXT() REPRESENTATION_CONTEXT('2D SPACE',''
  ) );
#1246 = PCURVE('',#1247,#1252);
#1247 = PLANE('',#1248);
#1248 = AXIS2_PLACEMENT_3D('',#1249,#1250,#1251);
#1249 = CARTESIAN_POINT('',(22.971539021835,-4.5,-20.39999998426));
#1250 = DIRECTION('',(0.866025403784,0.,-0.5));
#1251 = DIRECTION('',(-0.5,-0.,-0.866025403784));
#1252 = DEFINITIONAL_REPRESENTATION('',(#1253),#1256);
#1253 = B_SPLINE_CURVE_WITH_KNOTS('',1,(#1254,#1255),.UNSPECIFIED.,.F.,
  .F.,(2,2),(-7.12833210422,-2.97141014789),.PIECEWISE_BEZIER_KNOTS.);
#1254 = CARTESIAN_POINT('',(0.,-3.));
#1255 = CARTESIAN_POINT('',(4.156921956331,-3.));
#1256 = ( GEOMETRIC_REPRESENTATION_CONTEXT(2) 
PARAMETRIC_REPRESENTATION_CONTEXT() REPRESENTATION_CONTEXT('2D SPACE',''
  ) );
#1257 = ORIENTED_EDGE('',*,*,#1258,.T.);
#1258 = EDGE_CURVE('',#1233,#1259,#1261,.T.);
#1259 = VERTEX_POINT('',#1260);
#1260 = CARTESIAN_POINT('',(22.971539021835,-7.5,-27.60000001573));
#1261 = SURFACE_CURVE('',#1262,(#1266,#1272),.PCURVE_S1.);
#1262 = LINE('',#1263,#1264);
#1263 = CARTESIAN_POINT('',(21.83224409578,-7.5,-25.62668331899));
#1264 = VECTOR('',#1265,1.);
#1265 = DIRECTION('',(0.5,0.,-0.866025403784));
#1266 = PCURVE('',#345,#1267);
#1267 = DEFINITIONAL_REPRESENTATION('',(#1268),#1271);
#1268 = B_SPLINE_CURVE_WITH_KNOTS('',1,(#1269,#1270),.UNSPECIFIED.,.F.,
  .F.,(2,2),(-1.87833210422,2.27858985211),.PIECEWISE_BEZIER_KNOTS.);
#1269 = CARTESIAN_POINT('',(6.343078043669,-8.));
#1270 = CARTESIAN_POINT('',(8.421539021835,-4.399999984268));
#1271 = ( GEOMETRIC_REPRESENTATION_CONTEXT(2) 
PARAMETRIC_REPRESENTATION_CONTEXT() REPRESENTATION_CONTEXT('2D SPACE',''
  ) );
#1272 = PCURVE('',#1273,#1278);
#1273 = PLANE('',#1274);
#1274 = AXIS2_PLACEMENT_3D('',#1275,#1276,#1277);
#1275 = CARTESIAN_POINT('',(20.893078043669,-4.5,-24.));
#1276 = DIRECTION('',(0.866025403784,0.,0.5));
#1277 = DIRECTION('',(0.5,0.,-0.866025403784));
#1278 = DEFINITIONAL_REPRESENTATION('',(#1279),#1282);
#1279 = B_SPLINE_CURVE_WITH_KNOTS('',1,(#1280,#1281),.UNSPECIFIED.,.F.,
  .F.,(2,2),(-1.87833210422,2.27858985211),.PIECEWISE_BEZIER_KNOTS.);
#1280 = CARTESIAN_POINT('',(0.,-3.));
#1281 = CARTESIAN_POINT('',(4.156921956331,-3.));
#1282 = ( GEOMETRIC_REPRESENTATION_CONTEXT(2) 
PARAMETRIC_REPRESENTATION_CONTEXT() REPRESENTATION_CONTEXT('2D SPACE',''
  ) );
#1283 = ORIENTED_EDGE('',*,*,#1284,.T.);
#1284 = EDGE_CURVE('',#1259,#1153,#1285,.T.);
#1285 = SURFACE_CURVE('',#1286,(#1290,#1296),.PCURVE_S1.);
#1286 = LINE('',#1287,#1288);
#1287 = CARTESIAN_POINT('',(18.760769510917,-7.5,-27.60000001573));
#1288 = VECTOR('',#1289,1.);
#1289 = DIRECTION('',(1.,0.,-5.34156299439E-16));
#1290 = PCURVE('',#345,#1291);
#1291 = DEFINITIONAL_REPRESENTATION('',(#1292),#1295);
#1292 = B_SPLINE_CURVE_WITH_KNOTS('',1,(#1293,#1294),.UNSPECIFIED.,.F.,
  .F.,(2,2),(4.210769510917,8.367691467248),.PIECEWISE_BEZIER_KNOTS.);
#1293 = CARTESIAN_POINT('',(8.421539021835,-4.399999984268));
#1294 = CARTESIAN_POINT('',(12.578460978165,-4.399999984268));
#1295 = ( GEOMETRIC_REPRESENTATION_CONTEXT(2) 
PARAMETRIC_REPRESENTATION_CONTEXT() REPRESENTATION_CONTEXT('2D SPACE',''
  ) );
#1296 = PCURVE('',#1297,#1302);
#1297 = PLANE('',#1298);
#1298 = AXIS2_PLACEMENT_3D('',#1299,#1300,#1301);
#1299 = CARTESIAN_POINT('',(22.971539021835,-4.5,-27.60000001573));
#1300 = DIRECTION('',(5.34156299439E-16,0.,1.));
#1301 = DIRECTION('',(1.,0.,-5.34156299439E-16));
#1302 = DEFINITIONAL_REPRESENTATION('',(#1303),#1306);
#1303 = B_SPLINE_CURVE_WITH_KNOTS('',1,(#1304,#1305),.UNSPECIFIED.,.F.,
  .F.,(2,2),(4.210769510917,8.367691467248),.PIECEWISE_BEZIER_KNOTS.);
#1304 = CARTESIAN_POINT('',(0.,-3.));
#1305 = CARTESIAN_POINT('',(4.156921956331,-3.));
#1306 = ( GEOMETRIC_REPRESENTATION_CONTEXT(2) 
PARAMETRIC_REPRESENTATION_CONTEXT() REPRESENTATION_CONTEXT('2D SPACE',''
  ) );
#1307 = ADVANCED_FACE('',(#1308),#317,.F.);
#1308 = FACE_BOUND('',#1309,.F.);
#1309 = EDGE_LOOP('',(#1310,#1311,#1312,#1333));
#1310 = ORIENTED_EDGE('',*,*,#300,.F.);
#1311 = ORIENTED_EDGE('',*,*,#1104,.T.);
#1312 = ORIENTED_EDGE('',*,*,#1313,.T.);
#1313 = EDGE_CURVE('',#1105,#957,#1314,.T.);
#1314 = SURFACE_CURVE('',#1315,(#1319,#1326),.PCURVE_S1.);
#1315 = LINE('',#1316,#1317);
#1316 = CARTESIAN_POINT('',(30.55,-7.5,-32.));
#1317 = VECTOR('',#1318,1.);
#1318 = DIRECTION('',(0.,1.,0.));
#1319 = PCURVE('',#317,#1320);
#1320 = DEFINITIONAL_REPRESENTATION('',(#1321),#1325);
#1321 = LINE('',#1322,#1323);
#1322 = CARTESIAN_POINT('',(8.,-7.5));
#1323 = VECTOR('',#1324,1.);
#1324 = DIRECTION('',(0.,1.));
#1325 = ( GEOMETRIC_REPRESENTATION_CONTEXT(2) 
PARAMETRIC_REPRESENTATION_CONTEXT() REPRESENTATION_CONTEXT('2D SPACE',''
  ) );
#1326 = PCURVE('',#971,#1327);
#1327 = DEFINITIONAL_REPRESENTATION('',(#1328),#1332);
#1328 = LINE('',#1329,#1330);
#1329 = CARTESIAN_POINT('',(0.,0.));
#1330 = VECTOR('',#1331,1.);
#1331 = DIRECTION('',(1.,0.));
#1332 = ( GEOMETRIC_REPRESENTATION_CONTEXT(2) 
PARAMETRIC_REPRESENTATION_CONTEXT() REPRESENTATION_CONTEXT('2D SPACE',''
  ) );
#1333 = ORIENTED_EDGE('',*,*,#982,.T.);
#1334 = ADVANCED_FACE('',(#1335),#262,.F.);
#1335 = FACE_BOUND('',#1336,.F.);
#1336 = EDGE_LOOP('',(#1337,#1358,#1359,#1360));
#1337 = ORIENTED_EDGE('',*,*,#1338,.T.);
#1338 = EDGE_CURVE('',#1339,#225,#1341,.T.);
#1339 = VERTEX_POINT('',#1340);
#1340 = CARTESIAN_POINT('',(13.466718234225,1.5,-35.));
#1341 = SURFACE_CURVE('',#1342,(#1346,#1352),.PCURVE_S1.);
#1342 = LINE('',#1343,#1344);
#1343 = CARTESIAN_POINT('',(15.775,1.5,-35.));
#1344 = VECTOR('',#1345,1.);
#1345 = DIRECTION('',(1.,0.,-0.));
#1346 = PCURVE('',#262,#1347);
#1347 = DEFINITIONAL_REPRESENTATION('',(#1348),#1351);
#1348 = B_SPLINE_CURVE_WITH_KNOTS('',1,(#1349,#1350),.UNSPECIFIED.,.F.,
  .F.,(2,2),(-15.775,1.775),.PIECEWISE_BEZIER_KNOTS.);
#1349 = CARTESIAN_POINT('',(0.,1.5));
#1350 = CARTESIAN_POINT('',(17.55,1.5));
#1351 = ( GEOMETRIC_REPRESENTATION_CONTEXT(2) 
PARAMETRIC_REPRESENTATION_CONTEXT() REPRESENTATION_CONTEXT('2D SPACE',''
  ) );
#1352 = PCURVE('',#123,#1353);
#1353 = DEFINITIONAL_REPRESENTATION('',(#1354),#1357);
#1354 = B_SPLINE_CURVE_WITH_KNOTS('',1,(#1355,#1356),.UNSPECIFIED.,.F.,
  .F.,(2,2),(-15.775,1.775),.PIECEWISE_BEZIER_KNOTS.);
#1355 = CARTESIAN_POINT('',(31.55,-1.));
#1356 = CARTESIAN_POINT('',(14.,-1.));
#1357 = ( GEOMETRIC_REPRESENTATION_CONTEXT(2) 
PARAMETRIC_REPRESENTATION_CONTEXT() REPRESENTATION_CONTEXT('2D SPACE',''
  ) );
#1358 = ORIENTED_EDGE('',*,*,#245,.T.);
#1359 = ORIENTED_EDGE('',*,*,#1002,.T.);
#1360 = ORIENTED_EDGE('',*,*,#1361,.F.);
#1361 = EDGE_CURVE('',#1339,#913,#1362,.T.);
#1362 = SURFACE_CURVE('',#1363,(#1368,#1375),.PCURVE_S1.);
#1363 = CIRCLE('',#1364,13.55);
#1364 = AXIS2_PLACEMENT_3D('',#1365,#1366,#1367);
#1365 = CARTESIAN_POINT('',(0.,0.,-35.));
#1366 = DIRECTION('',(0.,0.,1.));
#1367 = DIRECTION('',(1.,0.,-0.));
#1368 = PCURVE('',#262,#1369);
#1369 = DEFINITIONAL_REPRESENTATION('',(#1370),#1374);
#1370 = CIRCLE('',#1371,13.55);
#1371 = AXIS2_PLACEMENT_2D('',#1372,#1373);
#1372 = CARTESIAN_POINT('',(0.,0.));
#1373 = DIRECTION('',(1.,0.));
#1374 = ( GEOMETRIC_REPRESENTATION_CONTEXT(2) 
PARAMETRIC_REPRESENTATION_CONTEXT() REPRESENTATION_CONTEXT('2D SPACE',''
  ) );
#1375 = PCURVE('',#829,#1376);
#1376 = DEFINITIONAL_REPRESENTATION('',(#1377),#1381);
#1377 = LINE('',#1378,#1379);
#1378 = CARTESIAN_POINT('',(0.,1.));
#1379 = VECTOR('',#1380,1.);
#1380 = DIRECTION('',(1.,0.));
#1381 = ( GEOMETRIC_REPRESENTATION_CONTEXT(2) 
PARAMETRIC_REPRESENTATION_CONTEXT() REPRESENTATION_CONTEXT('2D SPACE',''
  ) );
#1382 = ADVANCED_FACE('',(#1383,#1474),#123,.T.);
#1383 = FACE_BOUND('',#1384,.T.);
#1384 = EDGE_LOOP('',(#1385,#1386,#1387,#1406,#1407,#1408,#1429,#1455));
#1385 = ORIENTED_EDGE('',*,*,#108,.T.);
#1386 = ORIENTED_EDGE('',*,*,#864,.T.);
#1387 = ORIENTED_EDGE('',*,*,#1388,.F.);
#1388 = EDGE_CURVE('',#1339,#865,#1389,.T.);
#1389 = SURFACE_CURVE('',#1390,(#1394,#1400),.PCURVE_S1.);
#1390 = LINE('',#1391,#1392);
#1391 = CARTESIAN_POINT('',(13.466718234225,1.5,-36.));
#1392 = VECTOR('',#1393,1.);
#1393 = DIRECTION('',(0.,0.,1.));
#1394 = PCURVE('',#123,#1395);
#1395 = DEFINITIONAL_REPRESENTATION('',(#1396),#1399);
#1396 = B_SPLINE_CURVE_WITH_KNOTS('',1,(#1397,#1398),.UNSPECIFIED.,.F.,
  .F.,(2,2),(0.9999994,35.2),.PIECEWISE_BEZIER_KNOTS.);
#1397 = CARTESIAN_POINT('',(18.083281765775,-0.9999994));
#1398 = CARTESIAN_POINT('',(18.083281765775,-35.2));
#1399 = ( GEOMETRIC_REPRESENTATION_CONTEXT(2) 
PARAMETRIC_REPRESENTATION_CONTEXT() REPRESENTATION_CONTEXT('2D SPACE',''
  ) );
#1400 = PCURVE('',#829,#1401);
#1401 = DEFINITIONAL_REPRESENTATION('',(#1402),#1405);
#1402 = B_SPLINE_CURVE_WITH_KNOTS('',1,(#1403,#1404),.UNSPECIFIED.,.F.,
  .F.,(2,2),(0.9999994,35.2),.PIECEWISE_BEZIER_KNOTS.);
#1403 = CARTESIAN_POINT('',(0.110928465176,0.9999994));
#1404 = CARTESIAN_POINT('',(0.110928465176,35.2));
#1405 = ( GEOMETRIC_REPRESENTATION_CONTEXT(2) 
PARAMETRIC_REPRESENTATION_CONTEXT() REPRESENTATION_CONTEXT('2D SPACE',''
  ) );
#1406 = ORIENTED_EDGE('',*,*,#1338,.T.);
#1407 = ORIENTED_EDGE('',*,*,#224,.T.);
#1408 = ORIENTED_EDGE('',*,*,#1409,.T.);
#1409 = EDGE_CURVE('',#196,#1410,#1412,.T.);
#1410 = VERTEX_POINT('',#1411);
#1411 = CARTESIAN_POINT('',(30.55,1.5,-32.));
#1412 = SURFACE_CURVE('',#1413,(#1417,#1423),.PCURVE_S1.);
#1413 = LINE('',#1414,#1415);
#1414 = CARTESIAN_POINT('',(27.05,1.5,-32.));
#1415 = VECTOR('',#1416,1.);
#1416 = DIRECTION('',(1.,0.,-0.));
#1417 = PCURVE('',#123,#1418);
#1418 = DEFINITIONAL_REPRESENTATION('',(#1419),#1422);
#1419 = B_SPLINE_CURVE_WITH_KNOTS('',1,(#1420,#1421),.UNSPECIFIED.,.F.,
  .F.,(2,2),(-11.18328956588,3.5),.PIECEWISE_BEZIER_KNOTS.);
#1420 = CARTESIAN_POINT('',(15.683289565887,-4.));
#1421 = CARTESIAN_POINT('',(1.,-4.));
#1422 = ( GEOMETRIC_REPRESENTATION_CONTEXT(2) 
PARAMETRIC_REPRESENTATION_CONTEXT() REPRESENTATION_CONTEXT('2D SPACE',''
  ) );
#1423 = PCURVE('',#212,#1424);
#1424 = DEFINITIONAL_REPRESENTATION('',(#1425),#1428);
#1425 = B_SPLINE_CURVE_WITH_KNOTS('',1,(#1426,#1427),.UNSPECIFIED.,.F.,
  .F.,(2,2),(-11.18328956588,3.5),.PIECEWISE_BEZIER_KNOTS.);
#1426 = CARTESIAN_POINT('',(-6.683289565887,1.5));
#1427 = CARTESIAN_POINT('',(8.,1.5));
#1428 = ( GEOMETRIC_REPRESENTATION_CONTEXT(2) 
PARAMETRIC_REPRESENTATION_CONTEXT() REPRESENTATION_CONTEXT('2D SPACE',''
  ) );
#1429 = ORIENTED_EDGE('',*,*,#1430,.T.);
#1430 = EDGE_CURVE('',#1410,#1431,#1433,.T.);
#1431 = VERTEX_POINT('',#1432);
#1432 = CARTESIAN_POINT('',(30.55,1.5,-16.));
#1433 = SURFACE_CURVE('',#1434,(#1438,#1444),.PCURVE_S1.);
#1434 = LINE('',#1435,#1436);
#1435 = CARTESIAN_POINT('',(30.55,1.5,-34.));
#1436 = VECTOR('',#1437,1.);
#1437 = DIRECTION('',(0.,0.,1.));
#1438 = PCURVE('',#123,#1439);
#1439 = DEFINITIONAL_REPRESENTATION('',(#1440),#1443);
#1440 = B_SPLINE_CURVE_WITH_KNOTS('',1,(#1441,#1442),.UNSPECIFIED.,.F.,
  .F.,(2,2),(2.,18.),.PIECEWISE_BEZIER_KNOTS.);
#1441 = CARTESIAN_POINT('',(1.,-4.));
#1442 = CARTESIAN_POINT('',(1.,-20.));
#1443 = ( GEOMETRIC_REPRESENTATION_CONTEXT(2) 
PARAMETRIC_REPRESENTATION_CONTEXT() REPRESENTATION_CONTEXT('2D SPACE',''
  ) );
#1444 = PCURVE('',#1445,#1450);
#1445 = PLANE('',#1446);
#1446 = AXIS2_PLACEMENT_3D('',#1447,#1448,#1449);
#1447 = CARTESIAN_POINT('',(30.55,-7.5,-32.));
#1448 = DIRECTION('',(-1.,0.,0.));
#1449 = DIRECTION('',(0.,1.,0.));
#1450 = DEFINITIONAL_REPRESENTATION('',(#1451),#1454);
#1451 = B_SPLINE_CURVE_WITH_KNOTS('',1,(#1452,#1453),.UNSPECIFIED.,.F.,
  .F.,(2,2),(2.,18.),.PIECEWISE_BEZIER_KNOTS.);
#1452 = CARTESIAN_POINT('',(9.,0.));
#1453 = CARTESIAN_POINT('',(9.,-16.));
#1454 = ( GEOMETRIC_REPRESENTATION_CONTEXT(2) 
PARAMETRIC_REPRESENTATION_CONTEXT() REPRESENTATION_CONTEXT('2D SPACE',''
  ) );
#1455 = ORIENTED_EDGE('',*,*,#1456,.T.);
#1456 = EDGE_CURVE('',#1431,#109,#1457,.T.);
#1457 = SURFACE_CURVE('',#1458,(#1462,#1468),.PCURVE_S1.);
#1458 = LINE('',#1459,#1460);
#1459 = CARTESIAN_POINT('',(35.557957559682,1.5,-19.44297082228));
#1460 = VECTOR('',#1461,1.);
#1461 = DIRECTION('',(-0.824041924199,0.,0.566528822887));
#1462 = PCURVE('',#123,#1463);
#1463 = DEFINITIONAL_REPRESENTATION('',(#1464),#1467);
#1464 = B_SPLINE_CURVE_WITH_KNOTS('',1,(#1465,#1466),.UNSPECIFIED.,.F.,
  .F.,(2,2),(6.07730919097,23.895928771707),.PIECEWISE_BEZIER_KNOTS.);
#1465 = CARTESIAN_POINT('',(1.,-20.));
#1466 = CARTESIAN_POINT('',(15.683289565887,-30.09476157654));
#1467 = ( GEOMETRIC_REPRESENTATION_CONTEXT(2) 
PARAMETRIC_REPRESENTATION_CONTEXT() REPRESENTATION_CONTEXT('2D SPACE',''
  ) );
#1468 = PCURVE('',#155,#1469);
#1469 = DEFINITIONAL_REPRESENTATION('',(#1470),#1473);
#1470 = B_SPLINE_CURVE_WITH_KNOTS('',1,(#1471,#1472),.UNSPECIFIED.,.F.,
  .F.,(2,2),(6.07730919097,23.895928771707),.PIECEWISE_BEZIER_KNOTS.);
#1471 = CARTESIAN_POINT('',(0.,1.5));
#1472 = CARTESIAN_POINT('',(17.818619580737,1.5));
#1473 = ( GEOMETRIC_REPRESENTATION_CONTEXT(2) 
PARAMETRIC_REPRESENTATION_CONTEXT() REPRESENTATION_CONTEXT('2D SPACE',''
  ) );
#1474 = FACE_BOUND('',#1475,.T.);
#1475 = EDGE_LOOP('',(#1476));
#1476 = ORIENTED_EDGE('',*,*,#1477,.T.);
#1477 = EDGE_CURVE('',#1478,#1478,#1480,.T.);
#1478 = VERTEX_POINT('',#1479);
#1479 = CARTESIAN_POINT('',(25.05,1.5,-21.8));
#1480 = SURFACE_CURVE('',#1481,(#1486,#1497),.PCURVE_S1.);
#1481 = CIRCLE('',#1482,2.2);
#1482 = AXIS2_PLACEMENT_3D('',#1483,#1484,#1485);
#1483 = CARTESIAN_POINT('',(25.05,1.5,-24.));
#1484 = DIRECTION('',(0.,1.,0.));
#1485 = DIRECTION('',(0.,-0.,1.));
#1486 = PCURVE('',#123,#1487);
#1487 = DEFINITIONAL_REPRESENTATION('',(#1488),#1496);
#1488 = ( BOUNDED_CURVE() B_SPLINE_CURVE(2,(#1489,#1490,#1491,#1492,
#1493,#1494,#1495),.UNSPECIFIED.,.T.,.F.) B_SPLINE_CURVE_WITH_KNOTS((1,2
    ,2,2,2,1),(-2.094395102393,0.,2.094395102393,4.188790204786,
6.28318530718,8.377580409573),.UNSPECIFIED.) CURVE() 
GEOMETRIC_REPRESENTATION_ITEM() RATIONAL_B_SPLINE_CURVE((1.,0.5,1.,0.5,
1.,0.5,1.)) REPRESENTATION_ITEM('') );
#1489 = CARTESIAN_POINT('',(6.5,-14.2));
#1490 = CARTESIAN_POINT('',(2.689488223348,-14.2));
#1491 = CARTESIAN_POINT('',(4.594744111674,-10.9));
#1492 = CARTESIAN_POINT('',(6.5,-7.6));
#1493 = CARTESIAN_POINT('',(8.405255888326,-10.9));
#1494 = CARTESIAN_POINT('',(10.310511776652,-14.2));
#1495 = CARTESIAN_POINT('',(6.5,-14.2));
#1496 = ( GEOMETRIC_REPRESENTATION_CONTEXT(2) 
PARAMETRIC_REPRESENTATION_CONTEXT() REPRESENTATION_CONTEXT('2D SPACE',''
  ) );
#1497 = PCURVE('',#1498,#1503);
#1498 = CYLINDRICAL_SURFACE('',#1499,2.2);
#1499 = AXIS2_PLACEMENT_3D('',#1500,#1501,#1502);
#1500 = CARTESIAN_POINT('',(25.05,-8.5,-24.));
#1501 = DIRECTION('',(0.,1.,0.));
#1502 = DIRECTION('',(0.,-0.,1.));
#1503 = DEFINITIONAL_REPRESENTATION('',(#1504),#1508);
#1504 = LINE('',#1505,#1506);
#1505 = CARTESIAN_POINT('',(0.,10.));
#1506 = VECTOR('',#1507,1.);
#1507 = DIRECTION('',(1.,0.));
#1508 = ( GEOMETRIC_REPRESENTATION_CONTEXT(2) 
PARAMETRIC_REPRESENTATION_CONTEXT() REPRESENTATION_CONTEXT('2D SPACE',''
  ) );
#1509 = ADVANCED_FACE('',(#1510),#212,.F.);
#1510 = FACE_BOUND('',#1511,.F.);
#1511 = EDGE_LOOP('',(#1512,#1513,#1514,#1537));
#1512 = ORIENTED_EDGE('',*,*,#195,.F.);
#1513 = ORIENTED_EDGE('',*,*,#1409,.T.);
#1514 = ORIENTED_EDGE('',*,*,#1515,.T.);
#1515 = EDGE_CURVE('',#1410,#1516,#1518,.T.);
#1516 = VERTEX_POINT('',#1517);
#1517 = CARTESIAN_POINT('',(30.55,7.5,-32.));
#1518 = SURFACE_CURVE('',#1519,(#1523,#1530),.PCURVE_S1.);
#1519 = LINE('',#1520,#1521);
#1520 = CARTESIAN_POINT('',(30.55,-7.5,-32.));
#1521 = VECTOR('',#1522,1.);
#1522 = DIRECTION('',(0.,1.,0.));
#1523 = PCURVE('',#212,#1524);
#1524 = DEFINITIONAL_REPRESENTATION('',(#1525),#1529);
#1525 = LINE('',#1526,#1527);
#1526 = CARTESIAN_POINT('',(8.,-7.5));
#1527 = VECTOR('',#1528,1.);
#1528 = DIRECTION('',(0.,1.));
#1529 = ( GEOMETRIC_REPRESENTATION_CONTEXT(2) 
PARAMETRIC_REPRESENTATION_CONTEXT() REPRESENTATION_CONTEXT('2D SPACE',''
  ) );
#1530 = PCURVE('',#1445,#1531);
#1531 = DEFINITIONAL_REPRESENTATION('',(#1532),#1536);
#1532 = LINE('',#1533,#1534);
#1533 = CARTESIAN_POINT('',(0.,0.));
#1534 = VECTOR('',#1535,1.);
#1535 = DIRECTION('',(1.,0.));
#1536 = ( GEOMETRIC_REPRESENTATION_CONTEXT(2) 
PARAMETRIC_REPRESENTATION_CONTEXT() REPRESENTATION_CONTEXT('2D SPACE',''
  ) );
#1537 = ORIENTED_EDGE('',*,*,#1538,.T.);
#1538 = EDGE_CURVE('',#1516,#168,#1539,.T.);
#1539 = SURFACE_CURVE('',#1540,(#1544,#1551),.PCURVE_S1.);
#1540 = LINE('',#1541,#1542);
#1541 = CARTESIAN_POINT('',(30.55,7.5,-32.));
#1542 = VECTOR('',#1543,1.);
#1543 = DIRECTION('',(-1.,0.,0.));
#1544 = PCURVE('',#212,#1545);
#1545 = DEFINITIONAL_REPRESENTATION('',(#1546),#1550);
#1546 = LINE('',#1547,#1548);
#1547 = CARTESIAN_POINT('',(8.,7.5));
#1548 = VECTOR('',#1549,1.);
#1549 = DIRECTION('',(-1.,0.));
#1550 = ( GEOMETRIC_REPRESENTATION_CONTEXT(2) 
PARAMETRIC_REPRESENTATION_CONTEXT() REPRESENTATION_CONTEXT('2D SPACE',''
  ) );
#1551 = PCURVE('',#183,#1552);
#1552 = DEFINITIONAL_REPRESENTATION('',(#1553),#1557);
#1553 = LINE('',#1554,#1555);
#1554 = CARTESIAN_POINT('',(0.,-0.));
#1555 = VECTOR('',#1556,1.);
#1556 = DIRECTION('',(1.,0.));
#1557 = ( GEOMETRIC_REPRESENTATION_CONTEXT(2) 
PARAMETRIC_REPRESENTATION_CONTEXT() REPRESENTATION_CONTEXT('2D SPACE',''
  ) );
#1558 = ADVANCED_FACE('',(#1559,#1607),#183,.F.);
#1559 = FACE_BOUND('',#1560,.F.);
#1560 = EDGE_LOOP('',(#1561,#1562,#1585,#1606));
#1561 = ORIENTED_EDGE('',*,*,#1538,.F.);
#1562 = ORIENTED_EDGE('',*,*,#1563,.T.);
#1563 = EDGE_CURVE('',#1516,#1564,#1566,.T.);
#1564 = VERTEX_POINT('',#1565);
#1565 = CARTESIAN_POINT('',(30.55,7.5,-16.));
#1566 = SURFACE_CURVE('',#1567,(#1571,#1578),.PCURVE_S1.);
#1567 = LINE('',#1568,#1569);
#1568 = CARTESIAN_POINT('',(30.55,7.5,-32.));
#1569 = VECTOR('',#1570,1.);
#1570 = DIRECTION('',(0.,0.,1.));
#1571 = PCURVE('',#183,#1572);
#1572 = DEFINITIONAL_REPRESENTATION('',(#1573),#1577);
#1573 = LINE('',#1574,#1575);
#1574 = CARTESIAN_POINT('',(0.,-0.));
#1575 = VECTOR('',#1576,1.);
#1576 = DIRECTION('',(0.,-1.));
#1577 = ( GEOMETRIC_REPRESENTATION_CONTEXT(2) 
PARAMETRIC_REPRESENTATION_CONTEXT() REPRESENTATION_CONTEXT('2D SPACE',''
  ) );
#1578 = PCURVE('',#1445,#1579);
#1579 = DEFINITIONAL_REPRESENTATION('',(#1580),#1584);
#1580 = LINE('',#1581,#1582);
#1581 = CARTESIAN_POINT('',(15.,0.));
#1582 = VECTOR('',#1583,1.);
#1583 = DIRECTION('',(0.,-1.));
#1584 = ( GEOMETRIC_REPRESENTATION_CONTEXT(2) 
PARAMETRIC_REPRESENTATION_CONTEXT() REPRESENTATION_CONTEXT('2D SPACE',''
  ) );
#1585 = ORIENTED_EDGE('',*,*,#1586,.T.);
#1586 = EDGE_CURVE('',#1564,#135,#1587,.T.);
#1587 = SURFACE_CURVE('',#1588,(#1592,#1599),.PCURVE_S1.);
#1588 = LINE('',#1589,#1590);
#1589 = CARTESIAN_POINT('',(30.55,7.5,-16.));
#1590 = VECTOR('',#1591,1.);
#1591 = DIRECTION('',(-0.824041924199,0.,0.566528822887));
#1592 = PCURVE('',#183,#1593);
#1593 = DEFINITIONAL_REPRESENTATION('',(#1594),#1598);
#1594 = LINE('',#1595,#1596);
#1595 = CARTESIAN_POINT('',(0.,-16.));
#1596 = VECTOR('',#1597,1.);
#1597 = DIRECTION('',(0.824041924199,-0.566528822887));
#1598 = ( GEOMETRIC_REPRESENTATION_CONTEXT(2) 
PARAMETRIC_REPRESENTATION_CONTEXT() REPRESENTATION_CONTEXT('2D SPACE',''
  ) );
#1599 = PCURVE('',#155,#1600);
#1600 = DEFINITIONAL_REPRESENTATION('',(#1601),#1605);
#1601 = LINE('',#1602,#1603);
#1602 = CARTESIAN_POINT('',(0.,7.5));
#1603 = VECTOR('',#1604,1.);
#1604 = DIRECTION('',(1.,0.));
#1605 = ( GEOMETRIC_REPRESENTATION_CONTEXT(2) 
PARAMETRIC_REPRESENTATION_CONTEXT() REPRESENTATION_CONTEXT('2D SPACE',''
  ) );
#1606 = ORIENTED_EDGE('',*,*,#167,.F.);
#1607 = FACE_BOUND('',#1608,.F.);
#1608 = EDGE_LOOP('',(#1609));
#1609 = ORIENTED_EDGE('',*,*,#1610,.T.);
#1610 = EDGE_CURVE('',#1611,#1611,#1613,.T.);
#1611 = VERTEX_POINT('',#1612);
#1612 = CARTESIAN_POINT('',(25.05,7.5,-21.8));
#1613 = SURFACE_CURVE('',#1614,(#1619,#1630),.PCURVE_S1.);
#1614 = CIRCLE('',#1615,2.2);
#1615 = AXIS2_PLACEMENT_3D('',#1616,#1617,#1618);
#1616 = CARTESIAN_POINT('',(25.05,7.5,-24.));
#1617 = DIRECTION('',(0.,1.,0.));
#1618 = DIRECTION('',(0.,-0.,1.));
#1619 = PCURVE('',#183,#1620);
#1620 = DEFINITIONAL_REPRESENTATION('',(#1621),#1629);
#1621 = ( BOUNDED_CURVE() B_SPLINE_CURVE(2,(#1622,#1623,#1624,#1625,
#1626,#1627,#1628),.UNSPECIFIED.,.T.,.F.) B_SPLINE_CURVE_WITH_KNOTS((1,2
    ,2,2,2,1),(-2.094395102393,0.,2.094395102393,4.188790204786,
6.28318530718,8.377580409573),.UNSPECIFIED.) CURVE() 
GEOMETRIC_REPRESENTATION_ITEM() RATIONAL_B_SPLINE_CURVE((1.,0.5,1.,0.5,
1.,0.5,1.)) REPRESENTATION_ITEM('') );
#1622 = CARTESIAN_POINT('',(5.5,-10.2));
#1623 = CARTESIAN_POINT('',(1.689488223348,-10.2));
#1624 = CARTESIAN_POINT('',(3.594744111674,-6.9));
#1625 = CARTESIAN_POINT('',(5.5,-3.6));
#1626 = CARTESIAN_POINT('',(7.405255888326,-6.9));
#1627 = CARTESIAN_POINT('',(9.310511776652,-10.2));
#1628 = CARTESIAN_POINT('',(5.5,-10.2));
#1629 = ( GEOMETRIC_REPRESENTATION_CONTEXT(2) 
PARAMETRIC_REPRESENTATION_CONTEXT() REPRESENTATION_CONTEXT('2D SPACE',''
  ) );
#1630 = PCURVE('',#1498,#1631);
#1631 = DEFINITIONAL_REPRESENTATION('',(#1632),#1636);
#1632 = LINE('',#1633,#1634);
#1633 = CARTESIAN_POINT('',(0.,16.));
#1634 = VECTOR('',#1635,1.);
#1635 = DIRECTION('',(1.,0.));
#1636 = ( GEOMETRIC_REPRESENTATION_CONTEXT(2) 
PARAMETRIC_REPRESENTATION_CONTEXT() REPRESENTATION_CONTEXT('2D SPACE',''
  ) );
#1637 = ADVANCED_FACE('',(#1638),#155,.F.);
#1638 = FACE_BOUND('',#1639,.F.);
#1639 = EDGE_LOOP('',(#1640,#1661,#1662,#1663));
#1640 = ORIENTED_EDGE('',*,*,#1641,.F.);
#1641 = EDGE_CURVE('',#1431,#1564,#1642,.T.);
#1642 = SURFACE_CURVE('',#1643,(#1647,#1654),.PCURVE_S1.);
#1643 = LINE('',#1644,#1645);
#1644 = CARTESIAN_POINT('',(30.55,-7.5,-16.));
#1645 = VECTOR('',#1646,1.);
#1646 = DIRECTION('',(0.,1.,0.));
#1647 = PCURVE('',#155,#1648);
#1648 = DEFINITIONAL_REPRESENTATION('',(#1649),#1653);
#1649 = LINE('',#1650,#1651);
#1650 = CARTESIAN_POINT('',(0.,-7.5));
#1651 = VECTOR('',#1652,1.);
#1652 = DIRECTION('',(0.,1.));
#1653 = ( GEOMETRIC_REPRESENTATION_CONTEXT(2) 
PARAMETRIC_REPRESENTATION_CONTEXT() REPRESENTATION_CONTEXT('2D SPACE',''
  ) );
#1654 = PCURVE('',#1445,#1655);
#1655 = DEFINITIONAL_REPRESENTATION('',(#1656),#1660);
#1656 = LINE('',#1657,#1658);
#1657 = CARTESIAN_POINT('',(0.,-16.));
#1658 = VECTOR('',#1659,1.);
#1659 = DIRECTION('',(1.,0.));
#1660 = ( GEOMETRIC_REPRESENTATION_CONTEXT(2) 
PARAMETRIC_REPRESENTATION_CONTEXT() REPRESENTATION_CONTEXT('2D SPACE',''
  ) );
#1661 = ORIENTED_EDGE('',*,*,#1456,.T.);
#1662 = ORIENTED_EDGE('',*,*,#134,.F.);
#1663 = ORIENTED_EDGE('',*,*,#1586,.F.);
#1664 = ADVANCED_FACE('',(#1665),#66,.T.);
#1665 = FACE_BOUND('',#1666,.T.);
#1666 = EDGE_LOOP('',(#1667,#1689,#1690,#1691));
#1667 = ORIENTED_EDGE('',*,*,#1668,.F.);
#1668 = EDGE_CURVE('',#24,#1669,#1671,.T.);
#1669 = VERTEX_POINT('',#1670);
#1670 = CARTESIAN_POINT('',(15.55,0.,22.));
#1671 = SEAM_CURVE('',#1672,(#1677,#1683),.PCURVE_S1.);
#1672 = CIRCLE('',#1673,2.);
#1673 = AXIS2_PLACEMENT_3D('',#1674,#1675,#1676);
#1674 = CARTESIAN_POINT('',(15.55,0.,20.));
#1675 = DIRECTION('',(0.,-1.,0.));
#1676 = DIRECTION('',(1.,0.,0.));
#1677 = PCURVE('',#66,#1678);
#1678 = DEFINITIONAL_REPRESENTATION('',(#1679),#1682);
#1679 = B_SPLINE_CURVE_WITH_KNOTS('',1,(#1680,#1681),.UNSPECIFIED.,.F.,
  .F.,(2,2),(0.,1.570796326795),.PIECEWISE_BEZIER_KNOTS.);
#1680 = CARTESIAN_POINT('',(0.,0.));
#1681 = CARTESIAN_POINT('',(0.,1.570796326795));
#1682 = ( GEOMETRIC_REPRESENTATION_CONTEXT(2) 
PARAMETRIC_REPRESENTATION_CONTEXT() REPRESENTATION_CONTEXT('2D SPACE',''
  ) );
#1683 = PCURVE('',#66,#1684);
#1684 = DEFINITIONAL_REPRESENTATION('',(#1685),#1688);
#1685 = B_SPLINE_CURVE_WITH_KNOTS('',1,(#1686,#1687),.UNSPECIFIED.,.F.,
  .F.,(2,2),(0.,1.570796326795),.PIECEWISE_BEZIER_KNOTS.);
#1686 = CARTESIAN_POINT('',(6.28318530718,0.));
#1687 = CARTESIAN_POINT('',(6.28318530718,1.570796326795));
#1688 = ( GEOMETRIC_REPRESENTATION_CONTEXT(2) 
PARAMETRIC_REPRESENTATION_CONTEXT() REPRESENTATION_CONTEXT('2D SPACE',''
  ) );
#1689 = ORIENTED_EDGE('',*,*,#51,.T.);
#1690 = ORIENTED_EDGE('',*,*,#1668,.T.);
#1691 = ORIENTED_EDGE('',*,*,#1692,.F.);
#1692 = EDGE_CURVE('',#1669,#1669,#1693,.T.);
#1693 = SURFACE_CURVE('',#1694,(#1699,#1706),.PCURVE_S1.);
#1694 = CIRCLE('',#1695,15.55);
#1695 = AXIS2_PLACEMENT_3D('',#1696,#1697,#1698);
#1696 = CARTESIAN_POINT('',(0.,0.,22.));
#1697 = DIRECTION('',(0.,0.,1.));
#1698 = DIRECTION('',(1.,0.,-0.));
#1699 = PCURVE('',#66,#1700);
#1700 = DEFINITIONAL_REPRESENTATION('',(#1701),#1705);
#1701 = LINE('',#1702,#1703);
#1702 = CARTESIAN_POINT('',(0.,1.570796326795));
#1703 = VECTOR('',#1704,1.);
#1704 = DIRECTION('',(1.,0.));
#1705 = ( GEOMETRIC_REPRESENTATION_CONTEXT(2) 
PARAMETRIC_REPRESENTATION_CONTEXT() REPRESENTATION_CONTEXT('2D SPACE',''
  ) );
#1706 = PCURVE('',#1707,#1712);
#1707 = PLANE('',#1708);
#1708 = AXIS2_PLACEMENT_3D('',#1709,#1710,#1711);
#1709 = CARTESIAN_POINT('',(0.,0.,22.));
#1710 = DIRECTION('',(0.,0.,1.));
#1711 = DIRECTION('',(1.,0.,-0.));
#1712 = DEFINITIONAL_REPRESENTATION('',(#1713),#1717);
#1713 = CIRCLE('',#1714,15.55);
#1714 = AXIS2_PLACEMENT_2D('',#1715,#1716);
#1715 = CARTESIAN_POINT('',(0.,0.));
#1716 = DIRECTION('',(1.,0.));
#1717 = ( GEOMETRIC_REPRESENTATION_CONTEXT(2) 
PARAMETRIC_REPRESENTATION_CONTEXT() REPRESENTATION_CONTEXT('2D SPACE',''
  ) );
#1718 = ADVANCED_FACE('',(#1719),#452,.T.);
#1719 = FACE_BOUND('',#1720,.T.);
#1720 = EDGE_LOOP('',(#1721,#1744,#1745,#1768));
#1721 = ORIENTED_EDGE('',*,*,#1722,.F.);
#1722 = EDGE_CURVE('',#436,#1723,#1725,.T.);
#1723 = VERTEX_POINT('',#1724);
#1724 = CARTESIAN_POINT('',(-9.583970993278,-5.5,4.));
#1725 = SURFACE_CURVE('',#1726,(#1730,#1737),.PCURVE_S1.);
#1726 = LINE('',#1727,#1728);
#1727 = CARTESIAN_POINT('',(-18.55,-5.5,4.));
#1728 = VECTOR('',#1729,1.);
#1729 = DIRECTION('',(1.,0.,0.));
#1730 = PCURVE('',#452,#1731);
#1731 = DEFINITIONAL_REPRESENTATION('',(#1732),#1736);
#1732 = LINE('',#1733,#1734);
#1733 = CARTESIAN_POINT('',(0.,-3.));
#1734 = VECTOR('',#1735,1.);
#1735 = DIRECTION('',(1.,0.));
#1736 = ( GEOMETRIC_REPRESENTATION_CONTEXT(2) 
PARAMETRIC_REPRESENTATION_CONTEXT() REPRESENTATION_CONTEXT('2D SPACE',''
  ) );
#1737 = PCURVE('',#507,#1738);
#1738 = DEFINITIONAL_REPRESENTATION('',(#1739),#1743);
#1739 = LINE('',#1740,#1741);
#1740 = CARTESIAN_POINT('',(0.,0.));
#1741 = VECTOR('',#1742,1.);
#1742 = DIRECTION('',(0.,1.));
#1743 = ( GEOMETRIC_REPRESENTATION_CONTEXT(2) 
PARAMETRIC_REPRESENTATION_CONTEXT() REPRESENTATION_CONTEXT('2D SPACE',''
  ) );
#1744 = ORIENTED_EDGE('',*,*,#435,.T.);
#1745 = ORIENTED_EDGE('',*,*,#1746,.T.);
#1746 = EDGE_CURVE('',#438,#1747,#1749,.T.);
#1747 = VERTEX_POINT('',#1748);
#1748 = CARTESIAN_POINT('',(-9.583970993278,-5.5,11.));
#1749 = SURFACE_CURVE('',#1750,(#1754,#1761),.PCURVE_S1.);
#1750 = LINE('',#1751,#1752);
#1751 = CARTESIAN_POINT('',(-18.55,-5.5,11.));
#1752 = VECTOR('',#1753,1.);
#1753 = DIRECTION('',(1.,0.,0.));
#1754 = PCURVE('',#452,#1755);
#1755 = DEFINITIONAL_REPRESENTATION('',(#1756),#1760);
#1756 = LINE('',#1757,#1758);
#1757 = CARTESIAN_POINT('',(0.,-10.));
#1758 = VECTOR('',#1759,1.);
#1759 = DIRECTION('',(1.,0.));
#1760 = ( GEOMETRIC_REPRESENTATION_CONTEXT(2) 
PARAMETRIC_REPRESENTATION_CONTEXT() REPRESENTATION_CONTEXT('2D SPACE',''
  ) );
#1761 = PCURVE('',#781,#1762);
#1762 = DEFINITIONAL_REPRESENTATION('',(#1763),#1767);
#1763 = LINE('',#1764,#1765);
#1764 = CARTESIAN_POINT('',(-0.,0.));
#1765 = VECTOR('',#1766,1.);
#1766 = DIRECTION('',(-0.,1.));
#1767 = ( GEOMETRIC_REPRESENTATION_CONTEXT(2) 
PARAMETRIC_REPRESENTATION_CONTEXT() REPRESENTATION_CONTEXT('2D SPACE',''
  ) );
#1768 = ORIENTED_EDGE('',*,*,#1769,.F.);
#1769 = EDGE_CURVE('',#1723,#1747,#1770,.T.);
#1770 = SURFACE_CURVE('',#1771,(#1775,#1781),.PCURVE_S1.);
#1771 = LINE('',#1772,#1773);
#1772 = CARTESIAN_POINT('',(-9.583970993278,-5.5,-1.));
#1773 = VECTOR('',#1774,1.);
#1774 = DIRECTION('',(0.,0.,1.));
#1775 = PCURVE('',#452,#1776);
#1776 = DEFINITIONAL_REPRESENTATION('',(#1777),#1780);
#1777 = B_SPLINE_CURVE_WITH_KNOTS('',1,(#1778,#1779),.UNSPECIFIED.,.F.,
  .F.,(2,2),(4.3,12.7),.PIECEWISE_BEZIER_KNOTS.);
#1778 = CARTESIAN_POINT('',(8.966029006722,-2.3));
#1779 = CARTESIAN_POINT('',(8.966029006722,-10.7));
#1780 = ( GEOMETRIC_REPRESENTATION_CONTEXT(2) 
PARAMETRIC_REPRESENTATION_CONTEXT() REPRESENTATION_CONTEXT('2D SPACE',''
  ) );
#1781 = PCURVE('',#1782,#1787);
#1782 = CYLINDRICAL_SURFACE('',#1783,11.05);
#1783 = AXIS2_PLACEMENT_3D('',#1784,#1785,#1786);
#1784 = CARTESIAN_POINT('',(0.,0.,-1.));
#1785 = DIRECTION('',(0.,0.,1.));
#1786 = DIRECTION('',(1.,0.,-0.));
#1787 = DEFINITIONAL_REPRESENTATION('',(#1788),#1791);
#1788 = B_SPLINE_CURVE_WITH_KNOTS('',1,(#1789,#1790),.UNSPECIFIED.,.F.,
  .F.,(2,2),(4.3,12.7),.PIECEWISE_BEZIER_KNOTS.);
#1789 = CARTESIAN_POINT('',(3.662580948773,4.3));
#1790 = CARTESIAN_POINT('',(3.662580948773,12.7));
#1791 = ( GEOMETRIC_REPRESENTATION_CONTEXT(2) 
PARAMETRIC_REPRESENTATION_CONTEXT() REPRESENTATION_CONTEXT('2D SPACE',''
  ) );
#1792 = ADVANCED_FACE('',(#1793),#507,.F.);
#1793 = FACE_BOUND('',#1794,.F.);
#1794 = EDGE_LOOP('',(#1795,#1796,#1797,#1820));
#1795 = ORIENTED_EDGE('',*,*,#1722,.F.);
#1796 = ORIENTED_EDGE('',*,*,#463,.T.);
#1797 = ORIENTED_EDGE('',*,*,#1798,.T.);
#1798 = EDGE_CURVE('',#464,#1799,#1801,.T.);
#1799 = VERTEX_POINT('',#1800);
#1800 = CARTESIAN_POINT('',(-10.76347992054,-2.5,1.));
#1801 = SURFACE_CURVE('',#1802,(#1806,#1813),.PCURVE_S1.);
#1802 = LINE('',#1803,#1804);
#1803 = CARTESIAN_POINT('',(-18.55,-2.5,1.));
#1804 = VECTOR('',#1805,1.);
#1805 = DIRECTION('',(1.,0.,0.));
#1806 = PCURVE('',#507,#1807);
#1807 = DEFINITIONAL_REPRESENTATION('',(#1808),#1812);
#1808 = LINE('',#1809,#1810);
#1809 = CARTESIAN_POINT('',(1.570796326795,0.));
#1810 = VECTOR('',#1811,1.);
#1811 = DIRECTION('',(0.,1.));
#1812 = ( GEOMETRIC_REPRESENTATION_CONTEXT(2) 
PARAMETRIC_REPRESENTATION_CONTEXT() REPRESENTATION_CONTEXT('2D SPACE',''
  ) );
#1813 = PCURVE('',#550,#1814);
#1814 = DEFINITIONAL_REPRESENTATION('',(#1815),#1819);
#1815 = LINE('',#1816,#1817);
#1816 = CARTESIAN_POINT('',(-9.275,-2.5));
#1817 = VECTOR('',#1818,1.);
#1818 = DIRECTION('',(1.,0.));
#1819 = ( GEOMETRIC_REPRESENTATION_CONTEXT(2) 
PARAMETRIC_REPRESENTATION_CONTEXT() REPRESENTATION_CONTEXT('2D SPACE',''
  ) );
#1820 = ORIENTED_EDGE('',*,*,#1821,.F.);
#1821 = EDGE_CURVE('',#1723,#1799,#1822,.T.);
#1822 = SURFACE_CURVE('',#1823,(#1841,#1862),.PCURVE_S1.);
#1823 = B_SPLINE_CURVE_WITH_KNOTS('',6,(#1824,#1825,#1826,#1827,#1828,
    #1829,#1830,#1831,#1832,#1833,#1834,#1835,#1836,#1837,#1838,#1839,
    #1840),.UNSPECIFIED.,.F.,.F.,(7,5,5,7),(0.,0.497200832816,
    0.782067243789,1.),.UNSPECIFIED.);
#1824 = CARTESIAN_POINT('',(-9.583970993278,-5.5,4.));
#1825 = CARTESIAN_POINT('',(-9.583970993278,-5.5,3.64422849464));
#1826 = CARTESIAN_POINT('',(-9.613026170272,-5.449371432982,
    3.289998728554));
#1827 = CARTESIAN_POINT('',(-9.670662813484,-5.348930962756,
    2.943308451999));
#1828 = CARTESIAN_POINT('',(-9.75416124052,-5.198803845692,
    2.610238350525));
#1829 = CARTESIAN_POINT('',(-9.858441495598,-4.998945024927,
    2.298059155716));
#1830 = CARTESIAN_POINT('',(-10.04463570758,-4.607893472098,
    1.854498236951));
#1831 = CARTESIAN_POINT('',(-10.11728113485,-4.449034116094,
    1.702368822003));
#1832 = CARTESIAN_POINT('',(-10.19361911242,-4.273604782656,
    1.561351427139));
#1833 = CARTESIAN_POINT('',(-10.27232739326,-4.081495906887,
    1.433521351989));
#1834 = CARTESIAN_POINT('',(-10.35184227949,-3.872796264398,
    1.321454230212));
#1835 = CARTESIAN_POINT('',(-10.49058273037,-3.476111780601,
    1.15714213704));
#1836 = CARTESIAN_POINT('',(-10.550370976,-3.294251982283,1.096808890342
    ));
#1837 = CARTESIAN_POINT('',(-10.60858876021,-3.103890890837,
    1.049460219205));
#1838 = CARTESIAN_POINT('',(-10.66408123969,-2.906741938441,
    1.016769056997));
#1839 = CARTESIAN_POINT('',(-10.7159231261,-2.704750640817,1.));
#1840 = CARTESIAN_POINT('',(-10.76347992054,-2.5,1.));
#1841 = PCURVE('',#507,#1842);
#1842 = DEFINITIONAL_REPRESENTATION('',(#1843),#1861);
#1843 = B_SPLINE_CURVE_WITH_KNOTS('',6,(#1844,#1845,#1846,#1847,#1848,
    #1849,#1850,#1851,#1852,#1853,#1854,#1855,#1856,#1857,#1858,#1859,
    #1860),.UNSPECIFIED.,.F.,.F.,(7,5,5,7),(0.,0.497200832816,
    0.782067243789,1.),.UNSPECIFIED.);
#1844 = CARTESIAN_POINT('',(0.,8.966029006722));
#1845 = CARTESIAN_POINT('',(0.118590501787,8.966029006722));
#1846 = CARTESIAN_POINT('',(0.23666797476,8.936973829728));
#1847 = CARTESIAN_POINT('',(0.355229237687,8.879337186516));
#1848 = CARTESIAN_POINT('',(0.475140343216,8.79583875948));
#1849 = CARTESIAN_POINT('',(0.597253867452,8.691558504402));
#1850 = CARTESIAN_POINT('',(0.794362863138,8.505364292413));
#1851 = CARTESIAN_POINT('',(0.867419494677,8.432718865148));
#1852 = CARTESIAN_POINT('',(0.942015835712,8.356380887575));
#1853 = CARTESIAN_POINT('',(1.018442838636,8.277672606738));
#1854 = CARTESIAN_POINT('',(1.097009484411,8.198157720502));
#1855 = CARTESIAN_POINT('',(1.240132214824,8.059417269624));
#1856 = CARTESIAN_POINT('',(1.303833903394,7.999629023996));
#1857 = CARTESIAN_POINT('',(1.368927065331,7.941411239788));
#1858 = CARTESIAN_POINT('',(1.435215693595,7.885918760305));
#1859 = CARTESIAN_POINT('',(1.502546113189,7.834076873894));
#1860 = CARTESIAN_POINT('',(1.570796326795,7.786520079454));
#1861 = ( GEOMETRIC_REPRESENTATION_CONTEXT(2) 
PARAMETRIC_REPRESENTATION_CONTEXT() REPRESENTATION_CONTEXT('2D SPACE',''
  ) );
#1862 = PCURVE('',#1782,#1863);
#1863 = DEFINITIONAL_REPRESENTATION('',(#1864),#1882);
#1864 = B_SPLINE_CURVE_WITH_KNOTS('',6,(#1865,#1866,#1867,#1868,#1869,
    #1870,#1871,#1872,#1873,#1874,#1875,#1876,#1877,#1878,#1879,#1880,
    #1881),.UNSPECIFIED.,.F.,.F.,(7,5,5,7),(0.,0.497200832816,
    0.782067243789,1.),.UNSPECIFIED.);
#1865 = CARTESIAN_POINT('',(3.662580948773,5.));
#1866 = CARTESIAN_POINT('',(3.662580948773,4.64422849464));
#1867 = CARTESIAN_POINT('',(3.657298398516,4.289998728555));
#1868 = CARTESIAN_POINT('',(3.646818002997,3.943308451999));
#1869 = CARTESIAN_POINT('',(3.631274467358,3.610238350525));
#1870 = CARTESIAN_POINT('',(3.610887433604,3.298059155716));
#1871 = CARTESIAN_POINT('',(3.571691401704,2.854498236951));
#1872 = CARTESIAN_POINT('',(3.555885014787,2.702368822003));
#1873 = CARTESIAN_POINT('',(3.538575776842,2.56135142714));
#1874 = CARTESIAN_POINT('',(3.519795514034,2.433521351989));
#1875 = CARTESIAN_POINT('',(3.499591964269,2.321454230212));
#1876 = CARTESIAN_POINT('',(3.461560566789,2.15714213704));
#1877 = CARTESIAN_POINT('',(3.444239135575,2.096808890342));
#1878 = CARTESIAN_POINT('',(3.42623037366,2.049460219205));
#1879 = CARTESIAN_POINT('',(3.407702904461,2.016769056997));
#1880 = CARTESIAN_POINT('',(3.388835686318,2.));
#1881 = CARTESIAN_POINT('',(3.369812968542,2.));
#1882 = ( GEOMETRIC_REPRESENTATION_CONTEXT(2) 
PARAMETRIC_REPRESENTATION_CONTEXT() REPRESENTATION_CONTEXT('2D SPACE',''
  ) );
#1883 = ADVANCED_FACE('',(#1884),#781,.F.);
#1884 = FACE_BOUND('',#1885,.T.);
#1885 = EDGE_LOOP('',(#1886,#1887,#1888,#1911));
#1886 = ORIENTED_EDGE('',*,*,#1746,.F.);
#1887 = ORIENTED_EDGE('',*,*,#739,.T.);
#1888 = ORIENTED_EDGE('',*,*,#1889,.T.);
#1889 = EDGE_CURVE('',#711,#1890,#1892,.T.);
#1890 = VERTEX_POINT('',#1891);
#1891 = CARTESIAN_POINT('',(-10.76347992054,-2.5,14.));
#1892 = SURFACE_CURVE('',#1893,(#1897,#1904),.PCURVE_S1.);
#1893 = LINE('',#1894,#1895);
#1894 = CARTESIAN_POINT('',(-18.55,-2.5,14.));
#1895 = VECTOR('',#1896,1.);
#1896 = DIRECTION('',(1.,0.,0.));
#1897 = PCURVE('',#781,#1898);
#1898 = DEFINITIONAL_REPRESENTATION('',(#1899),#1903);
#1899 = LINE('',#1900,#1901);
#1900 = CARTESIAN_POINT('',(-1.570796326795,0.));
#1901 = VECTOR('',#1902,1.);
#1902 = DIRECTION('',(-0.,1.));
#1903 = ( GEOMETRIC_REPRESENTATION_CONTEXT(2) 
PARAMETRIC_REPRESENTATION_CONTEXT() REPRESENTATION_CONTEXT('2D SPACE',''
  ) );
#1904 = PCURVE('',#727,#1905);
#1905 = DEFINITIONAL_REPRESENTATION('',(#1906),#1910);
#1906 = LINE('',#1907,#1908);
#1907 = CARTESIAN_POINT('',(-9.275,-2.5));
#1908 = VECTOR('',#1909,1.);
#1909 = DIRECTION('',(1.,0.));
#1910 = ( GEOMETRIC_REPRESENTATION_CONTEXT(2) 
PARAMETRIC_REPRESENTATION_CONTEXT() REPRESENTATION_CONTEXT('2D SPACE',''
  ) );
#1911 = ORIENTED_EDGE('',*,*,#1912,.F.);
#1912 = EDGE_CURVE('',#1747,#1890,#1913,.T.);
#1913 = SURFACE_CURVE('',#1914,(#1932,#1953),.PCURVE_S1.);
#1914 = B_SPLINE_CURVE_WITH_KNOTS('',6,(#1915,#1916,#1917,#1918,#1919,
    #1920,#1921,#1922,#1923,#1924,#1925,#1926,#1927,#1928,#1929,#1930,
    #1931),.UNSPECIFIED.,.F.,.F.,(7,5,5,7),(0.,0.49720083282,
    0.782067243796,1.),.UNSPECIFIED.);
#1915 = CARTESIAN_POINT('',(-9.583970993278,-5.5,11.));
#1916 = CARTESIAN_POINT('',(-9.583970993278,-5.5,11.35577150536));
#1917 = CARTESIAN_POINT('',(-9.613026170272,-5.449371432982,
    11.710001271446));
#1918 = CARTESIAN_POINT('',(-9.670662813484,-5.348930962756,
    12.056691548001));
#1919 = CARTESIAN_POINT('',(-9.75416124052,-5.198803845692,
    12.389761649475));
#1920 = CARTESIAN_POINT('',(-9.858441495598,-4.998945024927,
    12.701940844284));
#1921 = CARTESIAN_POINT('',(-10.04463570758,-4.607893472098,
    13.145501763049));
#1922 = CARTESIAN_POINT('',(-10.11728113485,-4.449034116094,
    13.297631177997));
#1923 = CARTESIAN_POINT('',(-10.19361911242,-4.273604782656,
    13.43864857286));
#1924 = CARTESIAN_POINT('',(-10.27232739326,-4.081495906887,
    13.566478648011));
#1925 = CARTESIAN_POINT('',(-10.35184227949,-3.872796264398,
    13.678545769788));
#1926 = CARTESIAN_POINT('',(-10.49058273037,-3.476111780608,
    13.842857862957));
#1927 = CARTESIAN_POINT('',(-10.550370976,-3.294251982281,13.90319110966
    ));
#1928 = CARTESIAN_POINT('',(-10.60858876021,-3.10389089083,
    13.950539780796));
#1929 = CARTESIAN_POINT('',(-10.66408123969,-2.906741938439,
    13.983230943001));
#1930 = CARTESIAN_POINT('',(-10.7159231261,-2.704750640825,14.));
#1931 = CARTESIAN_POINT('',(-10.76347992054,-2.5,14.));
#1932 = PCURVE('',#781,#1933);
#1933 = DEFINITIONAL_REPRESENTATION('',(#1934),#1952);
#1934 = B_SPLINE_CURVE_WITH_KNOTS('',6,(#1935,#1936,#1937,#1938,#1939,
    #1940,#1941,#1942,#1943,#1944,#1945,#1946,#1947,#1948,#1949,#1950,
    #1951),.UNSPECIFIED.,.F.,.F.,(7,5,5,7),(0.,0.49720083282,
    0.782067243796,1.),.UNSPECIFIED.);
#1935 = CARTESIAN_POINT('',(0.,8.966029006722));
#1936 = CARTESIAN_POINT('',(-0.118590501787,8.966029006722));
#1937 = CARTESIAN_POINT('',(-0.23666797476,8.936973829728));
#1938 = CARTESIAN_POINT('',(-0.355229237687,8.879337186516));
#1939 = CARTESIAN_POINT('',(-0.475140343216,8.79583875948));
#1940 = CARTESIAN_POINT('',(-0.597253867452,8.691558504402));
#1941 = CARTESIAN_POINT('',(-0.794362863138,8.505364292413));
#1942 = CARTESIAN_POINT('',(-0.867419494677,8.432718865148));
#1943 = CARTESIAN_POINT('',(-0.942015835712,8.356380887575));
#1944 = CARTESIAN_POINT('',(-1.018442838636,8.277672606738));
#1945 = CARTESIAN_POINT('',(-1.097009484411,8.198157720502));
#1946 = CARTESIAN_POINT('',(-1.240132214821,8.059417269627));
#1947 = CARTESIAN_POINT('',(-1.303833903395,7.999629023995));
#1948 = CARTESIAN_POINT('',(-1.368927065334,7.941411239786));
#1949 = CARTESIAN_POINT('',(-1.435215693595,7.885918760305));
#1950 = CARTESIAN_POINT('',(-1.502546113186,7.834076873896));
#1951 = CARTESIAN_POINT('',(-1.570796326795,7.786520079454));
#1952 = ( GEOMETRIC_REPRESENTATION_CONTEXT(2) 
PARAMETRIC_REPRESENTATION_CONTEXT() REPRESENTATION_CONTEXT('2D SPACE',''
  ) );
#1953 = PCURVE('',#1782,#1954);
#1954 = DEFINITIONAL_REPRESENTATION('',(#1955),#1973);
#1955 = B_SPLINE_CURVE_WITH_KNOTS('',6,(#1956,#1957,#1958,#1959,#1960,
    #1961,#1962,#1963,#1964,#1965,#1966,#1967,#1968,#1969,#1970,#1971,
    #1972),.UNSPECIFIED.,.F.,.F.,(7,5,5,7),(0.,0.49720083282,
    0.782067243796,1.),.UNSPECIFIED.);
#1956 = CARTESIAN_POINT('',(3.662580948773,12.));
#1957 = CARTESIAN_POINT('',(3.662580948773,12.35577150536));
#1958 = CARTESIAN_POINT('',(3.657298398516,12.710001271446));
#1959 = CARTESIAN_POINT('',(3.646818002997,13.056691548001));
#1960 = CARTESIAN_POINT('',(3.631274467358,13.389761649475));
#1961 = CARTESIAN_POINT('',(3.610887433604,13.701940844284));
#1962 = CARTESIAN_POINT('',(3.571691401704,14.145501763049));
#1963 = CARTESIAN_POINT('',(3.555885014787,14.297631177997));
#1964 = CARTESIAN_POINT('',(3.538575776842,14.43864857286));
#1965 = CARTESIAN_POINT('',(3.519795514034,14.566478648011));
#1966 = CARTESIAN_POINT('',(3.499591964269,14.678545769788));
#1967 = CARTESIAN_POINT('',(3.461560566789,14.842857862957));
#1968 = CARTESIAN_POINT('',(3.444239135575,14.90319110966));
#1969 = CARTESIAN_POINT('',(3.426230373659,14.950539780796));
#1970 = CARTESIAN_POINT('',(3.407702904461,14.983230943001));
#1971 = CARTESIAN_POINT('',(3.388835686319,15.));
#1972 = CARTESIAN_POINT('',(3.369812968542,15.));
#1973 = ( GEOMETRIC_REPRESENTATION_CONTEXT(2) 
PARAMETRIC_REPRESENTATION_CONTEXT() REPRESENTATION_CONTEXT('2D SPACE',''
  ) );
#1974 = ADVANCED_FACE('',(#1975),#550,.T.);
#1975 = FACE_BOUND('',#1976,.T.);
#1976 = EDGE_LOOP('',(#1977,#1978,#2002,#2023));
#1977 = ORIENTED_EDGE('',*,*,#1798,.T.);
#1978 = ORIENTED_EDGE('',*,*,#1979,.F.);
#1979 = EDGE_CURVE('',#1980,#1799,#1982,.T.);
#1980 = VERTEX_POINT('',#1981);
#1981 = CARTESIAN_POINT('',(-10.76347992054,2.5,1.));
#1982 = SURFACE_CURVE('',#1983,(#1988,#1995),.PCURVE_S1.);
#1983 = CIRCLE('',#1984,11.05);
#1984 = AXIS2_PLACEMENT_3D('',#1985,#1986,#1987);
#1985 = CARTESIAN_POINT('',(0.,0.,1.));
#1986 = DIRECTION('',(0.,0.,1.));
#1987 = DIRECTION('',(1.,0.,-0.));
#1988 = PCURVE('',#550,#1989);
#1989 = DEFINITIONAL_REPRESENTATION('',(#1990),#1994);
#1990 = CIRCLE('',#1991,11.05);
#1991 = AXIS2_PLACEMENT_2D('',#1992,#1993);
#1992 = CARTESIAN_POINT('',(9.275,0.));
#1993 = DIRECTION('',(1.,0.));
#1994 = ( GEOMETRIC_REPRESENTATION_CONTEXT(2) 
PARAMETRIC_REPRESENTATION_CONTEXT() REPRESENTATION_CONTEXT('2D SPACE',''
  ) );
#1995 = PCURVE('',#1782,#1996);
#1996 = DEFINITIONAL_REPRESENTATION('',(#1997),#2001);
#1997 = LINE('',#1998,#1999);
#1998 = CARTESIAN_POINT('',(0.,2.));
#1999 = VECTOR('',#2000,1.);
#2000 = DIRECTION('',(1.,0.));
#2001 = ( GEOMETRIC_REPRESENTATION_CONTEXT(2) 
PARAMETRIC_REPRESENTATION_CONTEXT() REPRESENTATION_CONTEXT('2D SPACE',''
  ) );
#2002 = ORIENTED_EDGE('',*,*,#2003,.T.);
#2003 = EDGE_CURVE('',#1980,#534,#2004,.T.);
#2004 = SURFACE_CURVE('',#2005,(#2009,#2016),.PCURVE_S1.);
#2005 = LINE('',#2006,#2007);
#2006 = CARTESIAN_POINT('',(0.,2.5,1.));
#2007 = VECTOR('',#2008,1.);
#2008 = DIRECTION('',(-1.,0.,0.));
#2009 = PCURVE('',#550,#2010);
#2010 = DEFINITIONAL_REPRESENTATION('',(#2011),#2015);
#2011 = LINE('',#2012,#2013);
#2012 = CARTESIAN_POINT('',(9.275,2.5));
#2013 = VECTOR('',#2014,1.);
#2014 = DIRECTION('',(-1.,0.));
#2015 = ( GEOMETRIC_REPRESENTATION_CONTEXT(2) 
PARAMETRIC_REPRESENTATION_CONTEXT() REPRESENTATION_CONTEXT('2D SPACE',''
  ) );
#2016 = PCURVE('',#600,#2017);
#2017 = DEFINITIONAL_REPRESENTATION('',(#2018),#2022);
#2018 = LINE('',#2019,#2020);
#2019 = CARTESIAN_POINT('',(1.570796326795,0.));
#2020 = VECTOR('',#2021,1.);
#2021 = DIRECTION('',(0.,1.));
#2022 = ( GEOMETRIC_REPRESENTATION_CONTEXT(2) 
PARAMETRIC_REPRESENTATION_CONTEXT() REPRESENTATION_CONTEXT('2D SPACE',''
  ) );
#2023 = ORIENTED_EDGE('',*,*,#533,.T.);
#2024 = ADVANCED_FACE('',(#2025),#727,.F.);
#2025 = FACE_BOUND('',#2026,.F.);
#2026 = EDGE_LOOP('',(#2027,#2028,#2052,#2073));
#2027 = ORIENTED_EDGE('',*,*,#1889,.T.);
#2028 = ORIENTED_EDGE('',*,*,#2029,.F.);
#2029 = EDGE_CURVE('',#2030,#1890,#2032,.T.);
#2030 = VERTEX_POINT('',#2031);
#2031 = CARTESIAN_POINT('',(-10.76347992054,2.5,14.));
#2032 = SURFACE_CURVE('',#2033,(#2038,#2045),.PCURVE_S1.);
#2033 = CIRCLE('',#2034,11.05);
#2034 = AXIS2_PLACEMENT_3D('',#2035,#2036,#2037);
#2035 = CARTESIAN_POINT('',(0.,0.,14.));
#2036 = DIRECTION('',(0.,0.,1.));
#2037 = DIRECTION('',(1.,0.,-0.));
#2038 = PCURVE('',#727,#2039);
#2039 = DEFINITIONAL_REPRESENTATION('',(#2040),#2044);
#2040 = CIRCLE('',#2041,11.05);
#2041 = AXIS2_PLACEMENT_2D('',#2042,#2043);
#2042 = CARTESIAN_POINT('',(9.275,0.));
#2043 = DIRECTION('',(1.,0.));
#2044 = ( GEOMETRIC_REPRESENTATION_CONTEXT(2) 
PARAMETRIC_REPRESENTATION_CONTEXT() REPRESENTATION_CONTEXT('2D SPACE',''
  ) );
#2045 = PCURVE('',#1782,#2046);
#2046 = DEFINITIONAL_REPRESENTATION('',(#2047),#2051);
#2047 = LINE('',#2048,#2049);
#2048 = CARTESIAN_POINT('',(0.,15.));
#2049 = VECTOR('',#2050,1.);
#2050 = DIRECTION('',(1.,0.));
#2051 = ( GEOMETRIC_REPRESENTATION_CONTEXT(2) 
PARAMETRIC_REPRESENTATION_CONTEXT() REPRESENTATION_CONTEXT('2D SPACE',''
  ) );
#2052 = ORIENTED_EDGE('',*,*,#2053,.T.);
#2053 = EDGE_CURVE('',#2030,#650,#2054,.T.);
#2054 = SURFACE_CURVE('',#2055,(#2059,#2066),.PCURVE_S1.);
#2055 = LINE('',#2056,#2057);
#2056 = CARTESIAN_POINT('',(0.,2.5,14.));
#2057 = VECTOR('',#2058,1.);
#2058 = DIRECTION('',(-1.,0.,0.));
#2059 = PCURVE('',#727,#2060);
#2060 = DEFINITIONAL_REPRESENTATION('',(#2061),#2065);
#2061 = LINE('',#2062,#2063);
#2062 = CARTESIAN_POINT('',(9.275,2.5));
#2063 = VECTOR('',#2064,1.);
#2064 = DIRECTION('',(-1.,0.));
#2065 = ( GEOMETRIC_REPRESENTATION_CONTEXT(2) 
PARAMETRIC_REPRESENTATION_CONTEXT() REPRESENTATION_CONTEXT('2D SPACE',''
  ) );
#2066 = PCURVE('',#687,#2067);
#2067 = DEFINITIONAL_REPRESENTATION('',(#2068),#2072);
#2068 = LINE('',#2069,#2070);
#2069 = CARTESIAN_POINT('',(-1.570796326795,0.));
#2070 = VECTOR('',#2071,1.);
#2071 = DIRECTION('',(-0.,1.));
#2072 = ( GEOMETRIC_REPRESENTATION_CONTEXT(2) 
PARAMETRIC_REPRESENTATION_CONTEXT() REPRESENTATION_CONTEXT('2D SPACE',''
  ) );
#2073 = ORIENTED_EDGE('',*,*,#710,.T.);
#2074 = ADVANCED_FACE('',(#2075),#600,.F.);
#2075 = FACE_BOUND('',#2076,.F.);
#2076 = EDGE_LOOP('',(#2077,#2100,#2154,#2155));
#2077 = ORIENTED_EDGE('',*,*,#2078,.F.);
#2078 = EDGE_CURVE('',#2079,#563,#2081,.T.);
#2079 = VERTEX_POINT('',#2080);
#2080 = CARTESIAN_POINT('',(-9.583970993278,5.5,4.));
#2081 = SURFACE_CURVE('',#2082,(#2086,#2093),.PCURVE_S1.);
#2082 = LINE('',#2083,#2084);
#2083 = CARTESIAN_POINT('',(0.,5.5,4.));
#2084 = VECTOR('',#2085,1.);
#2085 = DIRECTION('',(-1.,0.,0.));
#2086 = PCURVE('',#600,#2087);
#2087 = DEFINITIONAL_REPRESENTATION('',(#2088),#2092);
#2088 = LINE('',#2089,#2090);
#2089 = CARTESIAN_POINT('',(0.,0.));
#2090 = VECTOR('',#2091,1.);
#2091 = DIRECTION('',(0.,1.));
#2092 = ( GEOMETRIC_REPRESENTATION_CONTEXT(2) 
PARAMETRIC_REPRESENTATION_CONTEXT() REPRESENTATION_CONTEXT('2D SPACE',''
  ) );
#2093 = PCURVE('',#638,#2094);
#2094 = DEFINITIONAL_REPRESENTATION('',(#2095),#2099);
#2095 = LINE('',#2096,#2097);
#2096 = CARTESIAN_POINT('',(0.,-3.));
#2097 = VECTOR('',#2098,1.);
#2098 = DIRECTION('',(1.,0.));
#2099 = ( GEOMETRIC_REPRESENTATION_CONTEXT(2) 
PARAMETRIC_REPRESENTATION_CONTEXT() REPRESENTATION_CONTEXT('2D SPACE',''
  ) );
#2100 = ORIENTED_EDGE('',*,*,#2101,.T.);
#2101 = EDGE_CURVE('',#2079,#1980,#2102,.T.);
#2102 = SURFACE_CURVE('',#2103,(#2118,#2136),.PCURVE_S1.);
#2103 = B_SPLINE_CURVE_WITH_KNOTS('',7,(#2104,#2105,#2106,#2107,#2108,
    #2109,#2110,#2111,#2112,#2113,#2114,#2115,#2116,#2117),
  .UNSPECIFIED.,.F.,.F.,(8,6,8),(0.,0.560234031701,1.),.UNSPECIFIED.);
#2104 = CARTESIAN_POINT('',(-9.583970993278,5.5,4.));
#2105 = CARTESIAN_POINT('',(-9.583970993278,5.5,3.657032862188));
#2106 = CARTESIAN_POINT('',(-9.610221830727,5.454256978932,
    3.315785602377));
#2107 = CARTESIAN_POINT('',(-9.662251587774,5.363592289263,
    2.980924365934));
#2108 = CARTESIAN_POINT('',(-9.738133327492,5.228181954831,
    2.657183831621));
#2109 = CARTESIAN_POINT('',(-9.834449417336,5.047911553632,
    2.349964600225));
#2110 = CARTESIAN_POINT('',(-9.946382599231,4.822782151472,
    2.065834183435));
#2111 = CARTESIAN_POINT('',(-10.16366319758,4.342374288942,
    1.614701172233));
#2112 = CARTESIAN_POINT('',(-10.26695424462,4.100222044136,
    1.432113281455));
#2113 = CARTESIAN_POINT('',(-10.37463732295,3.827889844875,
    1.272505756712));
#2114 = CARTESIAN_POINT('',(-10.48239075001,3.527525921876,
    1.142827629569));
#2115 = CARTESIAN_POINT('',(-10.58566207064,3.202583782625,
    1.049804526406));
#2116 = CARTESIAN_POINT('',(-10.68035878264,2.857869079491,1.));
#2117 = CARTESIAN_POINT('',(-10.76347992054,2.5,1.));
#2118 = PCURVE('',#600,#2119);
#2119 = DEFINITIONAL_REPRESENTATION('',(#2120),#2135);
#2120 = B_SPLINE_CURVE_WITH_KNOTS('',7,(#2121,#2122,#2123,#2124,#2125,
    #2126,#2127,#2128,#2129,#2130,#2131,#2132,#2133,#2134),
  .UNSPECIFIED.,.F.,.F.,(8,6,8),(0.,0.560234031701,1.),.UNSPECIFIED.);
#2121 = CARTESIAN_POINT('',(0.,9.583970993278));
#2122 = CARTESIAN_POINT('',(0.114322379271,9.583970993278));
#2123 = CARTESIAN_POINT('',(0.2280713885,9.610221830727));
#2124 = CARTESIAN_POINT('',(0.342132518392,9.662251587774));
#2125 = CARTESIAN_POINT('',(0.457257205378,9.738133327492));
#2126 = CARTESIAN_POINT('',(0.574207163907,9.834449417336));
#2127 = CARTESIAN_POINT('',(0.693744855053,9.946382599231));
#2128 = CARTESIAN_POINT('',(0.913419540839,10.163663197588));
#2129 = CARTESIAN_POINT('',(1.013923141163,10.266954244623));
#2130 = CARTESIAN_POINT('',(1.117990200938,10.374637322959));
#2131 = CARTESIAN_POINT('',(1.225516048217,10.482390750011));
#2132 = CARTESIAN_POINT('',(1.33660155201,10.585662070647));
#2133 = CARTESIAN_POINT('',(1.451506633631,10.680358782649));
#2134 = CARTESIAN_POINT('',(1.570796326795,10.763479920546));
#2135 = ( GEOMETRIC_REPRESENTATION_CONTEXT(2) 
PARAMETRIC_REPRESENTATION_CONTEXT() REPRESENTATION_CONTEXT('2D SPACE',''
  ) );
#2136 = PCURVE('',#1782,#2137);
#2137 = DEFINITIONAL_REPRESENTATION('',(#2138),#2153);
#2138 = B_SPLINE_CURVE_WITH_KNOTS('',7,(#2139,#2140,#2141,#2142,#2143,
    #2144,#2145,#2146,#2147,#2148,#2149,#2150,#2151,#2152),
  .UNSPECIFIED.,.F.,.F.,(8,6,8),(0.,0.560234031701,1.),.UNSPECIFIED.);
#2139 = CARTESIAN_POINT('',(2.620604358407,5.));
#2140 = CARTESIAN_POINT('',(2.620604358407,4.657032862188));
#2141 = CARTESIAN_POINT('',(2.625377242266,4.315785602377));
#2142 = CARTESIAN_POINT('',(2.634837183844,3.980924365934));
#2143 = CARTESIAN_POINT('',(2.648883932771,3.657183831621));
#2144 = CARTESIAN_POINT('',(2.667371599643,3.349964600225));
#2145 = CARTESIAN_POINT('',(2.690109296046,3.065834183435));
#2146 = CARTESIAN_POINT('',(2.737825087254,2.614701172233));
#2147 = CARTESIAN_POINT('',(2.761644134068,2.432113281455));
#2148 = CARTESIAN_POINT('',(2.788130634801,2.272505756712));
#2149 = CARTESIAN_POINT('',(2.816979535815,2.142827629569));
#2150 = CARTESIAN_POINT('',(2.847797986371,2.049804526406));
#2151 = CARTESIAN_POINT('',(2.880123883478,2.));
#2152 = CARTESIAN_POINT('',(2.913372338637,2.));
#2153 = ( GEOMETRIC_REPRESENTATION_CONTEXT(2) 
PARAMETRIC_REPRESENTATION_CONTEXT() REPRESENTATION_CONTEXT('2D SPACE',''
  ) );
#2154 = ORIENTED_EDGE('',*,*,#2003,.T.);
#2155 = ORIENTED_EDGE('',*,*,#562,.F.);
#2156 = ADVANCED_FACE('',(#2157),#687,.F.);
#2157 = FACE_BOUND('',#2158,.T.);
#2158 = EDGE_LOOP('',(#2159,#2182,#2236,#2237));
#2159 = ORIENTED_EDGE('',*,*,#2160,.F.);
#2160 = EDGE_CURVE('',#2161,#624,#2163,.T.);
#2161 = VERTEX_POINT('',#2162);
#2162 = CARTESIAN_POINT('',(-9.583970993278,5.5,11.));
#2163 = SURFACE_CURVE('',#2164,(#2168,#2175),.PCURVE_S1.);
#2164 = LINE('',#2165,#2166);
#2165 = CARTESIAN_POINT('',(0.,5.5,11.));
#2166 = VECTOR('',#2167,1.);
#2167 = DIRECTION('',(-1.,0.,0.));
#2168 = PCURVE('',#687,#2169);
#2169 = DEFINITIONAL_REPRESENTATION('',(#2170),#2174);
#2170 = LINE('',#2171,#2172);
#2171 = CARTESIAN_POINT('',(-0.,0.));
#2172 = VECTOR('',#2173,1.);
#2173 = DIRECTION('',(-0.,1.));
#2174 = ( GEOMETRIC_REPRESENTATION_CONTEXT(2) 
PARAMETRIC_REPRESENTATION_CONTEXT() REPRESENTATION_CONTEXT('2D SPACE',''
  ) );
#2175 = PCURVE('',#638,#2176);
#2176 = DEFINITIONAL_REPRESENTATION('',(#2177),#2181);
#2177 = LINE('',#2178,#2179);
#2178 = CARTESIAN_POINT('',(0.,-10.));
#2179 = VECTOR('',#2180,1.);
#2180 = DIRECTION('',(1.,0.));
#2181 = ( GEOMETRIC_REPRESENTATION_CONTEXT(2) 
PARAMETRIC_REPRESENTATION_CONTEXT() REPRESENTATION_CONTEXT('2D SPACE',''
  ) );
#2182 = ORIENTED_EDGE('',*,*,#2183,.T.);
#2183 = EDGE_CURVE('',#2161,#2030,#2184,.T.);
#2184 = SURFACE_CURVE('',#2185,(#2200,#2218),.PCURVE_S1.);
#2185 = B_SPLINE_CURVE_WITH_KNOTS('',7,(#2186,#2187,#2188,#2189,#2190,
    #2191,#2192,#2193,#2194,#2195,#2196,#2197,#2198,#2199),
  .UNSPECIFIED.,.F.,.F.,(8,6,8),(0.,0.560234030794,1.),.UNSPECIFIED.);
#2186 = CARTESIAN_POINT('',(-9.583970993278,5.5,11.));
#2187 = CARTESIAN_POINT('',(-9.583970993278,5.5,11.34296713908));
#2188 = CARTESIAN_POINT('',(-9.610221830867,5.454256978587,
    11.68421439455));
#2189 = CARTESIAN_POINT('',(-9.662251587059,5.363592290883,
    12.01907563637));
#2190 = CARTESIAN_POINT('',(-9.738133328858,5.228181951833,
    12.342816169174));
#2191 = CARTESIAN_POINT('',(-9.834449416124,5.047911556279,
    12.650035397696));
#2192 = CARTESIAN_POINT('',(-9.946382599679,4.822782150482,
    12.934165817495));
#2193 = CARTESIAN_POINT('',(-10.16366319758,4.342374288942,
    13.385298827767));
#2194 = CARTESIAN_POINT('',(-10.26695424462,4.100222044137,
    13.567886718544));
#2195 = CARTESIAN_POINT('',(-10.37463732296,3.827889844873,
    13.727494243289));
#2196 = CARTESIAN_POINT('',(-10.48239075001,3.527525921876,
    13.85717237043));
#2197 = CARTESIAN_POINT('',(-10.58566207064,3.202583782624,
    13.950195473594));
#2198 = CARTESIAN_POINT('',(-10.68035878264,2.857869079491,14.));
#2199 = CARTESIAN_POINT('',(-10.76347992054,2.5,14.));
#2200 = PCURVE('',#687,#2201);
#2201 = DEFINITIONAL_REPRESENTATION('',(#2202),#2217);
#2202 = B_SPLINE_CURVE_WITH_KNOTS('',7,(#2203,#2204,#2205,#2206,#2207,
    #2208,#2209,#2210,#2211,#2212,#2213,#2214,#2215,#2216),
  .UNSPECIFIED.,.F.,.F.,(8,6,8),(0.,0.560234030794,1.),.UNSPECIFIED.);
#2203 = CARTESIAN_POINT('',(0.,9.583970993278));
#2204 = CARTESIAN_POINT('',(-0.114322379693,9.583970993278));
#2205 = CARTESIAN_POINT('',(-0.228071387539,9.610221830867));
#2206 = CARTESIAN_POINT('',(-0.342132518913,9.662251587059));
#2207 = CARTESIAN_POINT('',(-0.457257206065,9.738133328858));
#2208 = CARTESIAN_POINT('',(-0.574207162845,9.834449416124));
#2209 = CARTESIAN_POINT('',(-0.693744855506,9.946382599679));
#2210 = CARTESIAN_POINT('',(-0.913419540839,10.163663197588));
#2211 = CARTESIAN_POINT('',(-1.013923141163,10.266954244623));
#2212 = CARTESIAN_POINT('',(-1.117990200939,10.37463732296));
#2213 = CARTESIAN_POINT('',(-1.225516048216,10.48239075001));
#2214 = CARTESIAN_POINT('',(-1.33660155201,10.585662070648));
#2215 = CARTESIAN_POINT('',(-1.451506633631,10.680358782649));
#2216 = CARTESIAN_POINT('',(-1.570796326795,10.763479920546));
#2217 = ( GEOMETRIC_REPRESENTATION_CONTEXT(2) 
PARAMETRIC_REPRESENTATION_CONTEXT() REPRESENTATION_CONTEXT('2D SPACE',''
  ) );
#2218 = PCURVE('',#1782,#2219);
#2219 = DEFINITIONAL_REPRESENTATION('',(#2220),#2235);
#2220 = B_SPLINE_CURVE_WITH_KNOTS('',7,(#2221,#2222,#2223,#2224,#2225,
    #2226,#2227,#2228,#2229,#2230,#2231,#2232,#2233,#2234),
  .UNSPECIFIED.,.F.,.F.,(8,6,8),(0.,0.560234030794,1.),.UNSPECIFIED.);
#2221 = CARTESIAN_POINT('',(2.620604358407,12.));
#2222 = CARTESIAN_POINT('',(2.620604358407,12.34296713908));
#2223 = CARTESIAN_POINT('',(2.6253772423,12.68421439455));
#2224 = CARTESIAN_POINT('',(2.634837183684,13.01907563637));
#2225 = CARTESIAN_POINT('',(2.648883933069,13.342816169174));
#2226 = CARTESIAN_POINT('',(2.66737159938,13.650035397696));
#2227 = CARTESIAN_POINT('',(2.690109296144,13.934165817495));
#2228 = CARTESIAN_POINT('',(2.737825087254,14.385298827767));
#2229 = CARTESIAN_POINT('',(2.761644134068,14.567886718544));
#2230 = CARTESIAN_POINT('',(2.788130634801,14.727494243289));
#2231 = CARTESIAN_POINT('',(2.816979535814,14.85717237043));
#2232 = CARTESIAN_POINT('',(2.847797986371,14.950195473594));
#2233 = CARTESIAN_POINT('',(2.880123883478,15.));
#2234 = CARTESIAN_POINT('',(2.913372338637,15.));
#2235 = ( GEOMETRIC_REPRESENTATION_CONTEXT(2) 
PARAMETRIC_REPRESENTATION_CONTEXT() REPRESENTATION_CONTEXT('2D SPACE',''
  ) );
#2236 = ORIENTED_EDGE('',*,*,#2053,.T.);
#2237 = ORIENTED_EDGE('',*,*,#649,.F.);
#2238 = ADVANCED_FACE('',(#2239),#638,.T.);
#2239 = FACE_BOUND('',#2240,.T.);
#2240 = EDGE_LOOP('',(#2241,#2242,#2261,#2262));
#2241 = ORIENTED_EDGE('',*,*,#2078,.F.);
#2242 = ORIENTED_EDGE('',*,*,#2243,.T.);
#2243 = EDGE_CURVE('',#2079,#2161,#2244,.T.);
#2244 = SURFACE_CURVE('',#2245,(#2249,#2255),.PCURVE_S1.);
#2245 = LINE('',#2246,#2247);
#2246 = CARTESIAN_POINT('',(-9.583970993278,5.5,-1.));
#2247 = VECTOR('',#2248,1.);
#2248 = DIRECTION('',(0.,0.,1.));
#2249 = PCURVE('',#638,#2250);
#2250 = DEFINITIONAL_REPRESENTATION('',(#2251),#2254);
#2251 = B_SPLINE_CURVE_WITH_KNOTS('',1,(#2252,#2253),.UNSPECIFIED.,.F.,
  .F.,(2,2),(4.3,12.7),.PIECEWISE_BEZIER_KNOTS.);
#2252 = CARTESIAN_POINT('',(9.583970993278,-2.3));
#2253 = CARTESIAN_POINT('',(9.583970993278,-10.7));
#2254 = ( GEOMETRIC_REPRESENTATION_CONTEXT(2) 
PARAMETRIC_REPRESENTATION_CONTEXT() REPRESENTATION_CONTEXT('2D SPACE',''
  ) );
#2255 = PCURVE('',#1782,#2256);
#2256 = DEFINITIONAL_REPRESENTATION('',(#2257),#2260);
#2257 = B_SPLINE_CURVE_WITH_KNOTS('',1,(#2258,#2259),.UNSPECIFIED.,.F.,
  .F.,(2,2),(4.3,12.7),.PIECEWISE_BEZIER_KNOTS.);
#2258 = CARTESIAN_POINT('',(2.620604358407,4.3));
#2259 = CARTESIAN_POINT('',(2.620604358407,12.7));
#2260 = ( GEOMETRIC_REPRESENTATION_CONTEXT(2) 
PARAMETRIC_REPRESENTATION_CONTEXT() REPRESENTATION_CONTEXT('2D SPACE',''
  ) );
#2261 = ORIENTED_EDGE('',*,*,#2160,.T.);
#2262 = ORIENTED_EDGE('',*,*,#623,.F.);
#2263 = ADVANCED_FACE('',(#2264),#829,.F.);
#2264 = FACE_BOUND('',#2265,.F.);
#2265 = EDGE_LOOP('',(#2266,#2267,#2290,#2317,#2318,#2319,#2320,#2321));
#2266 = ORIENTED_EDGE('',*,*,#810,.T.);
#2267 = ORIENTED_EDGE('',*,*,#2268,.T.);
#2268 = EDGE_CURVE('',#813,#2269,#2271,.T.);
#2269 = VERTEX_POINT('',#2270);
#2270 = CARTESIAN_POINT('',(13.55,-3.318792825689E-15,0.));
#2271 = SEAM_CURVE('',#2272,(#2276,#2283),.PCURVE_S1.);
#2272 = LINE('',#2273,#2274);
#2273 = CARTESIAN_POINT('',(13.55,-3.318792825689E-15,-36.));
#2274 = VECTOR('',#2275,1.);
#2275 = DIRECTION('',(0.,0.,1.));
#2276 = PCURVE('',#829,#2277);
#2277 = DEFINITIONAL_REPRESENTATION('',(#2278),#2282);
#2278 = LINE('',#2279,#2280);
#2279 = CARTESIAN_POINT('',(0.,-0.));
#2280 = VECTOR('',#2281,1.);
#2281 = DIRECTION('',(0.,1.));
#2282 = ( GEOMETRIC_REPRESENTATION_CONTEXT(2) 
PARAMETRIC_REPRESENTATION_CONTEXT() REPRESENTATION_CONTEXT('2D SPACE',''
  ) );
#2283 = PCURVE('',#829,#2284);
#2284 = DEFINITIONAL_REPRESENTATION('',(#2285),#2289);
#2285 = LINE('',#2286,#2287);
#2286 = CARTESIAN_POINT('',(6.28318530718,-0.));
#2287 = VECTOR('',#2288,1.);
#2288 = DIRECTION('',(0.,1.));
#2289 = ( GEOMETRIC_REPRESENTATION_CONTEXT(2) 
PARAMETRIC_REPRESENTATION_CONTEXT() REPRESENTATION_CONTEXT('2D SPACE',''
  ) );
#2290 = ORIENTED_EDGE('',*,*,#2291,.F.);
#2291 = EDGE_CURVE('',#2269,#2269,#2292,.T.);
#2292 = SURFACE_CURVE('',#2293,(#2298,#2305),.PCURVE_S1.);
#2293 = CIRCLE('',#2294,13.55);
#2294 = AXIS2_PLACEMENT_3D('',#2295,#2296,#2297);
#2295 = CARTESIAN_POINT('',(0.,0.,0.));
#2296 = DIRECTION('',(0.,0.,1.));
#2297 = DIRECTION('',(1.,0.,-0.));
#2298 = PCURVE('',#829,#2299);
#2299 = DEFINITIONAL_REPRESENTATION('',(#2300),#2304);
#2300 = LINE('',#2301,#2302);
#2301 = CARTESIAN_POINT('',(0.,36.));
#2302 = VECTOR('',#2303,1.);
#2303 = DIRECTION('',(1.,0.));
#2304 = ( GEOMETRIC_REPRESENTATION_CONTEXT(2) 
PARAMETRIC_REPRESENTATION_CONTEXT() REPRESENTATION_CONTEXT('2D SPACE',''
  ) );
#2305 = PCURVE('',#2306,#2311);
#2306 = PLANE('',#2307);
#2307 = AXIS2_PLACEMENT_3D('',#2308,#2309,#2310);
#2308 = CARTESIAN_POINT('',(0.,0.,0.));
#2309 = DIRECTION('',(0.,0.,1.));
#2310 = DIRECTION('',(1.,0.,-0.));
#2311 = DEFINITIONAL_REPRESENTATION('',(#2312),#2316);
#2312 = CIRCLE('',#2313,13.55);
#2313 = AXIS2_PLACEMENT_2D('',#2314,#2315);
#2314 = CARTESIAN_POINT('',(0.,0.));
#2315 = DIRECTION('',(1.,0.));
#2316 = ( GEOMETRIC_REPRESENTATION_CONTEXT(2) 
PARAMETRIC_REPRESENTATION_CONTEXT() REPRESENTATION_CONTEXT('2D SPACE',''
  ) );
#2317 = ORIENTED_EDGE('',*,*,#2268,.F.);
#2318 = ORIENTED_EDGE('',*,*,#887,.T.);
#2319 = ORIENTED_EDGE('',*,*,#1388,.F.);
#2320 = ORIENTED_EDGE('',*,*,#1361,.T.);
#2321 = ORIENTED_EDGE('',*,*,#912,.T.);
#2322 = ADVANCED_FACE('',(#2323),#971,.F.);
#2323 = FACE_BOUND('',#2324,.F.);
#2324 = EDGE_LOOP('',(#2325,#2326,#2327,#2328));
#2325 = ORIENTED_EDGE('',*,*,#1313,.F.);
#2326 = ORIENTED_EDGE('',*,*,#1129,.T.);
#2327 = ORIENTED_EDGE('',*,*,#1055,.T.);
#2328 = ORIENTED_EDGE('',*,*,#956,.T.);
#2329 = ADVANCED_FACE('',(#2330),#1040,.F.);
#2330 = FACE_BOUND('',#2331,.F.);
#2331 = EDGE_LOOP('',(#2332,#2355,#2356,#2357));
#2332 = ORIENTED_EDGE('',*,*,#2333,.T.);
#2333 = EDGE_CURVE('',#2334,#1024,#2336,.T.);
#2334 = VERTEX_POINT('',#2335);
#2335 = CARTESIAN_POINT('',(25.05,-4.5,-21.8));
#2336 = SEAM_CURVE('',#2337,(#2341,#2348),.PCURVE_S1.);
#2337 = LINE('',#2338,#2339);
#2338 = CARTESIAN_POINT('',(25.05,-8.5,-21.8));
#2339 = VECTOR('',#2340,1.);
#2340 = DIRECTION('',(0.,1.,0.));
#2341 = PCURVE('',#1040,#2342);
#2342 = DEFINITIONAL_REPRESENTATION('',(#2343),#2347);
#2343 = LINE('',#2344,#2345);
#2344 = CARTESIAN_POINT('',(6.28318530718,-0.));
#2345 = VECTOR('',#2346,1.);
#2346 = DIRECTION('',(0.,1.));
#2347 = ( GEOMETRIC_REPRESENTATION_CONTEXT(2) 
PARAMETRIC_REPRESENTATION_CONTEXT() REPRESENTATION_CONTEXT('2D SPACE',''
  ) );
#2348 = PCURVE('',#1040,#2349);
#2349 = DEFINITIONAL_REPRESENTATION('',(#2350),#2354);
#2350 = LINE('',#2351,#2352);
#2351 = CARTESIAN_POINT('',(0.,-0.));
#2352 = VECTOR('',#2353,1.);
#2353 = DIRECTION('',(0.,1.));
#2354 = ( GEOMETRIC_REPRESENTATION_CONTEXT(2) 
PARAMETRIC_REPRESENTATION_CONTEXT() REPRESENTATION_CONTEXT('2D SPACE',''
  ) );
#2355 = ORIENTED_EDGE('',*,*,#1023,.F.);
#2356 = ORIENTED_EDGE('',*,*,#2333,.F.);
#2357 = ORIENTED_EDGE('',*,*,#2358,.T.);
#2358 = EDGE_CURVE('',#2334,#2334,#2359,.T.);
#2359 = SURFACE_CURVE('',#2360,(#2365,#2372),.PCURVE_S1.);
#2360 = CIRCLE('',#2361,2.2);
#2361 = AXIS2_PLACEMENT_3D('',#2362,#2363,#2364);
#2362 = CARTESIAN_POINT('',(25.05,-4.5,-24.));
#2363 = DIRECTION('',(0.,1.,0.));
#2364 = DIRECTION('',(0.,-0.,1.));
#2365 = PCURVE('',#1040,#2366);
#2366 = DEFINITIONAL_REPRESENTATION('',(#2367),#2371);
#2367 = LINE('',#2368,#2369);
#2368 = CARTESIAN_POINT('',(0.,4.));
#2369 = VECTOR('',#2370,1.);
#2370 = DIRECTION('',(1.,0.));
#2371 = ( GEOMETRIC_REPRESENTATION_CONTEXT(2) 
PARAMETRIC_REPRESENTATION_CONTEXT() REPRESENTATION_CONTEXT('2D SPACE',''
  ) );
#2372 = PCURVE('',#2373,#2378);
#2373 = PLANE('',#2374);
#2374 = AXIS2_PLACEMENT_3D('',#2375,#2376,#2377);
#2375 = CARTESIAN_POINT('',(25.05,-4.5,-24.));
#2376 = DIRECTION('',(-0.,-1.,-0.));
#2377 = DIRECTION('',(0.,0.,-1.));
#2378 = DEFINITIONAL_REPRESENTATION('',(#2379),#2387);
#2379 = ( BOUNDED_CURVE() B_SPLINE_CURVE(2,(#2380,#2381,#2382,#2383,
#2384,#2385,#2386),.UNSPECIFIED.,.T.,.F.) B_SPLINE_CURVE_WITH_KNOTS((1,2
    ,2,2,2,1),(-2.094395102393,0.,2.094395102393,4.188790204786,
6.28318530718,8.377580409573),.UNSPECIFIED.) CURVE() 
GEOMETRIC_REPRESENTATION_ITEM() RATIONAL_B_SPLINE_CURVE((1.,0.5,1.,0.5,
1.,0.5,1.)) REPRESENTATION_ITEM('') );
#2380 = CARTESIAN_POINT('',(-2.2,0.));
#2381 = CARTESIAN_POINT('',(-2.2,3.810511776652));
#2382 = CARTESIAN_POINT('',(1.1,1.905255888326));
#2383 = CARTESIAN_POINT('',(4.4,5.388445916248E-16));
#2384 = CARTESIAN_POINT('',(1.1,-1.905255888326));
#2385 = CARTESIAN_POINT('',(-2.2,-3.810511776652));
#2386 = CARTESIAN_POINT('',(-2.2,0.));
#2387 = ( GEOMETRIC_REPRESENTATION_CONTEXT(2) 
PARAMETRIC_REPRESENTATION_CONTEXT() REPRESENTATION_CONTEXT('2D SPACE',''
  ) );
#2388 = ADVANCED_FACE('',(#2389),#1169,.T.);
#2389 = FACE_BOUND('',#2390,.T.);
#2390 = EDGE_LOOP('',(#2391,#2416,#2437,#2438));
#2391 = ORIENTED_EDGE('',*,*,#2392,.F.);
#2392 = EDGE_CURVE('',#2393,#2395,#2397,.T.);
#2393 = VERTEX_POINT('',#2394);
#2394 = CARTESIAN_POINT('',(27.128460978165,-4.5,-27.60000001573));
#2395 = VERTEX_POINT('',#2396);
#2396 = CARTESIAN_POINT('',(29.206921956331,-4.5,-24.));
#2397 = SURFACE_CURVE('',#2398,(#2402,#2409),.PCURVE_S1.);
#2398 = LINE('',#2399,#2400);
#2399 = CARTESIAN_POINT('',(27.128460978165,-4.5,-27.60000001573));
#2400 = VECTOR('',#2401,1.);
#2401 = DIRECTION('',(0.5,0.,0.866025403784));
#2402 = PCURVE('',#1169,#2403);
#2403 = DEFINITIONAL_REPRESENTATION('',(#2404),#2408);
#2404 = LINE('',#2405,#2406);
#2405 = CARTESIAN_POINT('',(0.,0.));
#2406 = VECTOR('',#2407,1.);
#2407 = DIRECTION('',(1.,0.));
#2408 = ( GEOMETRIC_REPRESENTATION_CONTEXT(2) 
PARAMETRIC_REPRESENTATION_CONTEXT() REPRESENTATION_CONTEXT('2D SPACE',''
  ) );
#2409 = PCURVE('',#2373,#2410);
#2410 = DEFINITIONAL_REPRESENTATION('',(#2411),#2415);
#2411 = LINE('',#2412,#2413);
#2412 = CARTESIAN_POINT('',(3.600000015732,2.078460978165));
#2413 = VECTOR('',#2414,1.);
#2414 = DIRECTION('',(-0.866025403784,0.5));
#2415 = ( GEOMETRIC_REPRESENTATION_CONTEXT(2) 
PARAMETRIC_REPRESENTATION_CONTEXT() REPRESENTATION_CONTEXT('2D SPACE',''
  ) );
#2416 = ORIENTED_EDGE('',*,*,#2417,.T.);
#2417 = EDGE_CURVE('',#2393,#1153,#2418,.T.);
#2418 = SURFACE_CURVE('',#2419,(#2423,#2430),.PCURVE_S1.);
#2419 = LINE('',#2420,#2421);
#2420 = CARTESIAN_POINT('',(27.128460978165,-4.5,-27.60000001573));
#2421 = VECTOR('',#2422,1.);
#2422 = DIRECTION('',(0.,-1.,0.));
#2423 = PCURVE('',#1169,#2424);
#2424 = DEFINITIONAL_REPRESENTATION('',(#2425),#2429);
#2425 = LINE('',#2426,#2427);
#2426 = CARTESIAN_POINT('',(0.,0.));
#2427 = VECTOR('',#2428,1.);
#2428 = DIRECTION('',(0.,-1.));
#2429 = ( GEOMETRIC_REPRESENTATION_CONTEXT(2) 
PARAMETRIC_REPRESENTATION_CONTEXT() REPRESENTATION_CONTEXT('2D SPACE',''
  ) );
#2430 = PCURVE('',#1297,#2431);
#2431 = DEFINITIONAL_REPRESENTATION('',(#2432),#2436);
#2432 = LINE('',#2433,#2434);
#2433 = CARTESIAN_POINT('',(4.156921956331,0.));
#2434 = VECTOR('',#2435,1.);
#2435 = DIRECTION('',(0.,-1.));
#2436 = ( GEOMETRIC_REPRESENTATION_CONTEXT(2) 
PARAMETRIC_REPRESENTATION_CONTEXT() REPRESENTATION_CONTEXT('2D SPACE',''
  ) );
#2437 = ORIENTED_EDGE('',*,*,#1152,.T.);
#2438 = ORIENTED_EDGE('',*,*,#2439,.F.);
#2439 = EDGE_CURVE('',#2395,#1155,#2440,.T.);
#2440 = SURFACE_CURVE('',#2441,(#2445,#2452),.PCURVE_S1.);
#2441 = LINE('',#2442,#2443);
#2442 = CARTESIAN_POINT('',(29.206921956331,-4.5,-24.));
#2443 = VECTOR('',#2444,1.);
#2444 = DIRECTION('',(0.,-1.,0.));
#2445 = PCURVE('',#1169,#2446);
#2446 = DEFINITIONAL_REPRESENTATION('',(#2447),#2451);
#2447 = LINE('',#2448,#2449);
#2448 = CARTESIAN_POINT('',(4.156921956331,0.));
#2449 = VECTOR('',#2450,1.);
#2450 = DIRECTION('',(0.,-1.));
#2451 = ( GEOMETRIC_REPRESENTATION_CONTEXT(2) 
PARAMETRIC_REPRESENTATION_CONTEXT() REPRESENTATION_CONTEXT('2D SPACE',''
  ) );
#2452 = PCURVE('',#1195,#2453);
#2453 = DEFINITIONAL_REPRESENTATION('',(#2454),#2458);
#2454 = LINE('',#2455,#2456);
#2455 = CARTESIAN_POINT('',(0.,0.));
#2456 = VECTOR('',#2457,1.);
#2457 = DIRECTION('',(0.,-1.));
#2458 = ( GEOMETRIC_REPRESENTATION_CONTEXT(2) 
PARAMETRIC_REPRESENTATION_CONTEXT() REPRESENTATION_CONTEXT('2D SPACE',''
  ) );
#2459 = ADVANCED_FACE('',(#2460),#1297,.T.);
#2460 = FACE_BOUND('',#2461,.T.);
#2461 = EDGE_LOOP('',(#2462,#2485,#2506,#2507));
#2462 = ORIENTED_EDGE('',*,*,#2463,.F.);
#2463 = EDGE_CURVE('',#2464,#2393,#2466,.T.);
#2464 = VERTEX_POINT('',#2465);
#2465 = CARTESIAN_POINT('',(22.971539021835,-4.5,-27.60000001573));
#2466 = SURFACE_CURVE('',#2467,(#2471,#2478),.PCURVE_S1.);
#2467 = LINE('',#2468,#2469);
#2468 = CARTESIAN_POINT('',(22.971539021835,-4.5,-27.60000001573));
#2469 = VECTOR('',#2470,1.);
#2470 = DIRECTION('',(1.,0.,-5.34156299439E-16));
#2471 = PCURVE('',#1297,#2472);
#2472 = DEFINITIONAL_REPRESENTATION('',(#2473),#2477);
#2473 = LINE('',#2474,#2475);
#2474 = CARTESIAN_POINT('',(0.,0.));
#2475 = VECTOR('',#2476,1.);
#2476 = DIRECTION('',(1.,0.));
#2477 = ( GEOMETRIC_REPRESENTATION_CONTEXT(2) 
PARAMETRIC_REPRESENTATION_CONTEXT() REPRESENTATION_CONTEXT('2D SPACE',''
  ) );
#2478 = PCURVE('',#2373,#2479);
#2479 = DEFINITIONAL_REPRESENTATION('',(#2480),#2484);
#2480 = LINE('',#2481,#2482);
#2481 = CARTESIAN_POINT('',(3.600000015732,-2.078460978165));
#2482 = VECTOR('',#2483,1.);
#2483 = DIRECTION('',(5.34156299439E-16,1.));
#2484 = ( GEOMETRIC_REPRESENTATION_CONTEXT(2) 
PARAMETRIC_REPRESENTATION_CONTEXT() REPRESENTATION_CONTEXT('2D SPACE',''
  ) );
#2485 = ORIENTED_EDGE('',*,*,#2486,.T.);
#2486 = EDGE_CURVE('',#2464,#1259,#2487,.T.);
#2487 = SURFACE_CURVE('',#2488,(#2492,#2499),.PCURVE_S1.);
#2488 = LINE('',#2489,#2490);
#2489 = CARTESIAN_POINT('',(22.971539021835,-4.5,-27.60000001573));
#2490 = VECTOR('',#2491,1.);
#2491 = DIRECTION('',(0.,-1.,0.));
#2492 = PCURVE('',#1297,#2493);
#2493 = DEFINITIONAL_REPRESENTATION('',(#2494),#2498);
#2494 = LINE('',#2495,#2496);
#2495 = CARTESIAN_POINT('',(0.,0.));
#2496 = VECTOR('',#2497,1.);
#2497 = DIRECTION('',(0.,-1.));
#2498 = ( GEOMETRIC_REPRESENTATION_CONTEXT(2) 
PARAMETRIC_REPRESENTATION_CONTEXT() REPRESENTATION_CONTEXT('2D SPACE',''
  ) );
#2499 = PCURVE('',#1273,#2500);
#2500 = DEFINITIONAL_REPRESENTATION('',(#2501),#2505);
#2501 = LINE('',#2502,#2503);
#2502 = CARTESIAN_POINT('',(4.156921956331,0.));
#2503 = VECTOR('',#2504,1.);
#2504 = DIRECTION('',(0.,-1.));
#2505 = ( GEOMETRIC_REPRESENTATION_CONTEXT(2) 
PARAMETRIC_REPRESENTATION_CONTEXT() REPRESENTATION_CONTEXT('2D SPACE',''
  ) );
#2506 = ORIENTED_EDGE('',*,*,#1284,.T.);
#2507 = ORIENTED_EDGE('',*,*,#2417,.F.);
#2508 = ADVANCED_FACE('',(#2509),#1273,.T.);
#2509 = FACE_BOUND('',#2510,.T.);
#2510 = EDGE_LOOP('',(#2511,#2534,#2555,#2556));
#2511 = ORIENTED_EDGE('',*,*,#2512,.F.);
#2512 = EDGE_CURVE('',#2513,#2464,#2515,.T.);
#2513 = VERTEX_POINT('',#2514);
#2514 = CARTESIAN_POINT('',(20.893078043669,-4.5,-24.));
#2515 = SURFACE_CURVE('',#2516,(#2520,#2527),.PCURVE_S1.);
#2516 = LINE('',#2517,#2518);
#2517 = CARTESIAN_POINT('',(20.893078043669,-4.5,-24.));
#2518 = VECTOR('',#2519,1.);
#2519 = DIRECTION('',(0.5,0.,-0.866025403784));
#2520 = PCURVE('',#1273,#2521);
#2521 = DEFINITIONAL_REPRESENTATION('',(#2522),#2526);
#2522 = LINE('',#2523,#2524);
#2523 = CARTESIAN_POINT('',(0.,0.));
#2524 = VECTOR('',#2525,1.);
#2525 = DIRECTION('',(1.,0.));
#2526 = ( GEOMETRIC_REPRESENTATION_CONTEXT(2) 
PARAMETRIC_REPRESENTATION_CONTEXT() REPRESENTATION_CONTEXT('2D SPACE',''
  ) );
#2527 = PCURVE('',#2373,#2528);
#2528 = DEFINITIONAL_REPRESENTATION('',(#2529),#2533);
#2529 = LINE('',#2530,#2531);
#2530 = CARTESIAN_POINT('',(3.552713678801E-15,-4.156921956331));
#2531 = VECTOR('',#2532,1.);
#2532 = DIRECTION('',(0.866025403784,0.5));
#2533 = ( GEOMETRIC_REPRESENTATION_CONTEXT(2) 
PARAMETRIC_REPRESENTATION_CONTEXT() REPRESENTATION_CONTEXT('2D SPACE',''
  ) );
#2534 = ORIENTED_EDGE('',*,*,#2535,.T.);
#2535 = EDGE_CURVE('',#2513,#1233,#2536,.T.);
#2536 = SURFACE_CURVE('',#2537,(#2541,#2548),.PCURVE_S1.);
#2537 = LINE('',#2538,#2539);
#2538 = CARTESIAN_POINT('',(20.893078043669,-4.5,-24.));
#2539 = VECTOR('',#2540,1.);
#2540 = DIRECTION('',(0.,-1.,0.));
#2541 = PCURVE('',#1273,#2542);
#2542 = DEFINITIONAL_REPRESENTATION('',(#2543),#2547);
#2543 = LINE('',#2544,#2545);
#2544 = CARTESIAN_POINT('',(0.,0.));
#2545 = VECTOR('',#2546,1.);
#2546 = DIRECTION('',(0.,-1.));
#2547 = ( GEOMETRIC_REPRESENTATION_CONTEXT(2) 
PARAMETRIC_REPRESENTATION_CONTEXT() REPRESENTATION_CONTEXT('2D SPACE',''
  ) );
#2548 = PCURVE('',#1247,#2549);
#2549 = DEFINITIONAL_REPRESENTATION('',(#2550),#2554);
#2550 = LINE('',#2551,#2552);
#2551 = CARTESIAN_POINT('',(4.156921956331,0.));
#2552 = VECTOR('',#2553,1.);
#2553 = DIRECTION('',(0.,-1.));
#2554 = ( GEOMETRIC_REPRESENTATION_CONTEXT(2) 
PARAMETRIC_REPRESENTATION_CONTEXT() REPRESENTATION_CONTEXT('2D SPACE',''
  ) );
#2555 = ORIENTED_EDGE('',*,*,#1258,.T.);
#2556 = ORIENTED_EDGE('',*,*,#2486,.F.);
#2557 = ADVANCED_FACE('',(#2558),#1247,.T.);
#2558 = FACE_BOUND('',#2559,.T.);
#2559 = EDGE_LOOP('',(#2560,#2583,#2604,#2605));
#2560 = ORIENTED_EDGE('',*,*,#2561,.F.);
#2561 = EDGE_CURVE('',#2562,#2513,#2564,.T.);
#2562 = VERTEX_POINT('',#2563);
#2563 = CARTESIAN_POINT('',(22.971539021835,-4.5,-20.39999998426));
#2564 = SURFACE_CURVE('',#2565,(#2569,#2576),.PCURVE_S1.);
#2565 = LINE('',#2566,#2567);
#2566 = CARTESIAN_POINT('',(22.971539021835,-4.5,-20.39999998426));
#2567 = VECTOR('',#2568,1.);
#2568 = DIRECTION('',(-0.5,-0.,-0.866025403784));
#2569 = PCURVE('',#1247,#2570);
#2570 = DEFINITIONAL_REPRESENTATION('',(#2571),#2575);
#2571 = LINE('',#2572,#2573);
#2572 = CARTESIAN_POINT('',(-0.,0.));
#2573 = VECTOR('',#2574,1.);
#2574 = DIRECTION('',(1.,0.));
#2575 = ( GEOMETRIC_REPRESENTATION_CONTEXT(2) 
PARAMETRIC_REPRESENTATION_CONTEXT() REPRESENTATION_CONTEXT('2D SPACE',''
  ) );
#2576 = PCURVE('',#2373,#2577);
#2577 = DEFINITIONAL_REPRESENTATION('',(#2578),#2582);
#2578 = LINE('',#2579,#2580);
#2579 = CARTESIAN_POINT('',(-3.600000015732,-2.078460978165));
#2580 = VECTOR('',#2581,1.);
#2581 = DIRECTION('',(0.866025403784,-0.5));
#2582 = ( GEOMETRIC_REPRESENTATION_CONTEXT(2) 
PARAMETRIC_REPRESENTATION_CONTEXT() REPRESENTATION_CONTEXT('2D SPACE',''
  ) );
#2583 = ORIENTED_EDGE('',*,*,#2584,.T.);
#2584 = EDGE_CURVE('',#2562,#1207,#2585,.T.);
#2585 = SURFACE_CURVE('',#2586,(#2590,#2597),.PCURVE_S1.);
#2586 = LINE('',#2587,#2588);
#2587 = CARTESIAN_POINT('',(22.971539021835,-4.5,-20.39999998426));
#2588 = VECTOR('',#2589,1.);
#2589 = DIRECTION('',(0.,-1.,0.));
#2590 = PCURVE('',#1247,#2591);
#2591 = DEFINITIONAL_REPRESENTATION('',(#2592),#2596);
#2592 = LINE('',#2593,#2594);
#2593 = CARTESIAN_POINT('',(-0.,0.));
#2594 = VECTOR('',#2595,1.);
#2595 = DIRECTION('',(0.,-1.));
#2596 = ( GEOMETRIC_REPRESENTATION_CONTEXT(2) 
PARAMETRIC_REPRESENTATION_CONTEXT() REPRESENTATION_CONTEXT('2D SPACE',''
  ) );
#2597 = PCURVE('',#1221,#2598);
#2598 = DEFINITIONAL_REPRESENTATION('',(#2599),#2603);
#2599 = LINE('',#2600,#2601);
#2600 = CARTESIAN_POINT('',(4.156921956331,0.));
#2601 = VECTOR('',#2602,1.);
#2602 = DIRECTION('',(0.,-1.));
#2603 = ( GEOMETRIC_REPRESENTATION_CONTEXT(2) 
PARAMETRIC_REPRESENTATION_CONTEXT() REPRESENTATION_CONTEXT('2D SPACE',''
  ) );
#2604 = ORIENTED_EDGE('',*,*,#1232,.T.);
#2605 = ORIENTED_EDGE('',*,*,#2535,.F.);
#2606 = ADVANCED_FACE('',(#2607),#1221,.T.);
#2607 = FACE_BOUND('',#2608,.T.);
#2608 = EDGE_LOOP('',(#2609,#2632,#2653,#2654));
#2609 = ORIENTED_EDGE('',*,*,#2610,.F.);
#2610 = EDGE_CURVE('',#2611,#2562,#2613,.T.);
#2611 = VERTEX_POINT('',#2612);
#2612 = CARTESIAN_POINT('',(27.128460978165,-4.5,-20.39999998426));
#2613 = SURFACE_CURVE('',#2614,(#2618,#2625),.PCURVE_S1.);
#2614 = LINE('',#2615,#2616);
#2615 = CARTESIAN_POINT('',(27.128460978165,-4.5,-20.39999998426));
#2616 = VECTOR('',#2617,1.);
#2617 = DIRECTION('',(-1.,0.,1.068312598878E-16));
#2618 = PCURVE('',#1221,#2619);
#2619 = DEFINITIONAL_REPRESENTATION('',(#2620),#2624);
#2620 = LINE('',#2621,#2622);
#2621 = CARTESIAN_POINT('',(0.,0.));
#2622 = VECTOR('',#2623,1.);
#2623 = DIRECTION('',(1.,0.));
#2624 = ( GEOMETRIC_REPRESENTATION_CONTEXT(2) 
PARAMETRIC_REPRESENTATION_CONTEXT() REPRESENTATION_CONTEXT('2D SPACE',''
  ) );
#2625 = PCURVE('',#2373,#2626);
#2626 = DEFINITIONAL_REPRESENTATION('',(#2627),#2631);
#2627 = LINE('',#2628,#2629);
#2628 = CARTESIAN_POINT('',(-3.600000015732,2.078460978165));
#2629 = VECTOR('',#2630,1.);
#2630 = DIRECTION('',(-1.068312598878E-16,-1.));
#2631 = ( GEOMETRIC_REPRESENTATION_CONTEXT(2) 
PARAMETRIC_REPRESENTATION_CONTEXT() REPRESENTATION_CONTEXT('2D SPACE',''
  ) );
#2632 = ORIENTED_EDGE('',*,*,#2633,.T.);
#2633 = EDGE_CURVE('',#2611,#1181,#2634,.T.);
#2634 = SURFACE_CURVE('',#2635,(#2639,#2646),.PCURVE_S1.);
#2635 = LINE('',#2636,#2637);
#2636 = CARTESIAN_POINT('',(27.128460978165,-4.5,-20.39999998426));
#2637 = VECTOR('',#2638,1.);
#2638 = DIRECTION('',(0.,-1.,0.));
#2639 = PCURVE('',#1221,#2640);
#2640 = DEFINITIONAL_REPRESENTATION('',(#2641),#2645);
#2641 = LINE('',#2642,#2643);
#2642 = CARTESIAN_POINT('',(0.,0.));
#2643 = VECTOR('',#2644,1.);
#2644 = DIRECTION('',(0.,-1.));
#2645 = ( GEOMETRIC_REPRESENTATION_CONTEXT(2) 
PARAMETRIC_REPRESENTATION_CONTEXT() REPRESENTATION_CONTEXT('2D SPACE',''
  ) );
#2646 = PCURVE('',#1195,#2647);
#2647 = DEFINITIONAL_REPRESENTATION('',(#2648),#2652);
#2648 = LINE('',#2649,#2650);
#2649 = CARTESIAN_POINT('',(4.156921956331,0.));
#2650 = VECTOR('',#2651,1.);
#2651 = DIRECTION('',(0.,-1.));
#2652 = ( GEOMETRIC_REPRESENTATION_CONTEXT(2) 
PARAMETRIC_REPRESENTATION_CONTEXT() REPRESENTATION_CONTEXT('2D SPACE',''
  ) );
#2653 = ORIENTED_EDGE('',*,*,#1206,.T.);
#2654 = ORIENTED_EDGE('',*,*,#2584,.F.);
#2655 = ADVANCED_FACE('',(#2656),#1195,.T.);
#2656 = FACE_BOUND('',#2657,.T.);
#2657 = EDGE_LOOP('',(#2658,#2679,#2680,#2681));
#2658 = ORIENTED_EDGE('',*,*,#2659,.F.);
#2659 = EDGE_CURVE('',#2395,#2611,#2660,.T.);
#2660 = SURFACE_CURVE('',#2661,(#2665,#2672),.PCURVE_S1.);
#2661 = LINE('',#2662,#2663);
#2662 = CARTESIAN_POINT('',(29.206921956331,-4.5,-24.));
#2663 = VECTOR('',#2664,1.);
#2664 = DIRECTION('',(-0.5,0.,0.866025403784));
#2665 = PCURVE('',#1195,#2666);
#2666 = DEFINITIONAL_REPRESENTATION('',(#2667),#2671);
#2667 = LINE('',#2668,#2669);
#2668 = CARTESIAN_POINT('',(0.,0.));
#2669 = VECTOR('',#2670,1.);
#2670 = DIRECTION('',(1.,0.));
#2671 = ( GEOMETRIC_REPRESENTATION_CONTEXT(2) 
PARAMETRIC_REPRESENTATION_CONTEXT() REPRESENTATION_CONTEXT('2D SPACE',''
  ) );
#2672 = PCURVE('',#2373,#2673);
#2673 = DEFINITIONAL_REPRESENTATION('',(#2674),#2678);
#2674 = LINE('',#2675,#2676);
#2675 = CARTESIAN_POINT('',(3.552713678801E-15,4.156921956331));
#2676 = VECTOR('',#2677,1.);
#2677 = DIRECTION('',(-0.866025403784,-0.5));
#2678 = ( GEOMETRIC_REPRESENTATION_CONTEXT(2) 
PARAMETRIC_REPRESENTATION_CONTEXT() REPRESENTATION_CONTEXT('2D SPACE',''
  ) );
#2679 = ORIENTED_EDGE('',*,*,#2439,.T.);
#2680 = ORIENTED_EDGE('',*,*,#1180,.T.);
#2681 = ORIENTED_EDGE('',*,*,#2633,.F.);
#2682 = ADVANCED_FACE('',(#2683),#1445,.F.);
#2683 = FACE_BOUND('',#2684,.F.);
#2684 = EDGE_LOOP('',(#2685,#2686,#2687,#2688));
#2685 = ORIENTED_EDGE('',*,*,#1515,.F.);
#2686 = ORIENTED_EDGE('',*,*,#1430,.T.);
#2687 = ORIENTED_EDGE('',*,*,#1641,.T.);
#2688 = ORIENTED_EDGE('',*,*,#1563,.F.);
#2689 = ADVANCED_FACE('',(#2690),#1498,.F.);
#2690 = FACE_BOUND('',#2691,.F.);
#2691 = EDGE_LOOP('',(#2692,#2693,#2714,#2715));
#2692 = ORIENTED_EDGE('',*,*,#1610,.F.);
#2693 = ORIENTED_EDGE('',*,*,#2694,.F.);
#2694 = EDGE_CURVE('',#1478,#1611,#2695,.T.);
#2695 = SEAM_CURVE('',#2696,(#2700,#2707),.PCURVE_S1.);
#2696 = LINE('',#2697,#2698);
#2697 = CARTESIAN_POINT('',(25.05,-8.5,-21.8));
#2698 = VECTOR('',#2699,1.);
#2699 = DIRECTION('',(0.,1.,0.));
#2700 = PCURVE('',#1498,#2701);
#2701 = DEFINITIONAL_REPRESENTATION('',(#2702),#2706);
#2702 = LINE('',#2703,#2704);
#2703 = CARTESIAN_POINT('',(6.28318530718,-0.));
#2704 = VECTOR('',#2705,1.);
#2705 = DIRECTION('',(0.,1.));
#2706 = ( GEOMETRIC_REPRESENTATION_CONTEXT(2) 
PARAMETRIC_REPRESENTATION_CONTEXT() REPRESENTATION_CONTEXT('2D SPACE',''
  ) );
#2707 = PCURVE('',#1498,#2708);
#2708 = DEFINITIONAL_REPRESENTATION('',(#2709),#2713);
#2709 = LINE('',#2710,#2711);
#2710 = CARTESIAN_POINT('',(0.,-0.));
#2711 = VECTOR('',#2712,1.);
#2712 = DIRECTION('',(0.,1.));
#2713 = ( GEOMETRIC_REPRESENTATION_CONTEXT(2) 
PARAMETRIC_REPRESENTATION_CONTEXT() REPRESENTATION_CONTEXT('2D SPACE',''
  ) );
#2714 = ORIENTED_EDGE('',*,*,#1477,.T.);
#2715 = ORIENTED_EDGE('',*,*,#2694,.T.);
#2716 = ADVANCED_FACE('',(#2717,#2720),#1707,.T.);
#2717 = FACE_BOUND('',#2718,.T.);
#2718 = EDGE_LOOP('',(#2719));
#2719 = ORIENTED_EDGE('',*,*,#1692,.T.);
#2720 = FACE_BOUND('',#2721,.T.);
#2721 = EDGE_LOOP('',(#2722));
#2722 = ORIENTED_EDGE('',*,*,#2723,.F.);
#2723 = EDGE_CURVE('',#2724,#2724,#2726,.T.);
#2724 = VERTEX_POINT('',#2725);
#2725 = CARTESIAN_POINT('',(3.25,-7.960204194458E-16,22.));
#2726 = SURFACE_CURVE('',#2727,(#2732,#2739),.PCURVE_S1.);
#2727 = CIRCLE('',#2728,3.25);
#2728 = AXIS2_PLACEMENT_3D('',#2729,#2730,#2731);
#2729 = CARTESIAN_POINT('',(0.,0.,22.));
#2730 = DIRECTION('',(0.,0.,1.));
#2731 = DIRECTION('',(1.,0.,-0.));
#2732 = PCURVE('',#1707,#2733);
#2733 = DEFINITIONAL_REPRESENTATION('',(#2734),#2738);
#2734 = CIRCLE('',#2735,3.25);
#2735 = AXIS2_PLACEMENT_2D('',#2736,#2737);
#2736 = CARTESIAN_POINT('',(0.,0.));
#2737 = DIRECTION('',(1.,0.));
#2738 = ( GEOMETRIC_REPRESENTATION_CONTEXT(2) 
PARAMETRIC_REPRESENTATION_CONTEXT() REPRESENTATION_CONTEXT('2D SPACE',''
  ) );
#2739 = PCURVE('',#2740,#2745);
#2740 = CYLINDRICAL_SURFACE('',#2741,3.25);
#2741 = AXIS2_PLACEMENT_3D('',#2742,#2743,#2744);
#2742 = CARTESIAN_POINT('',(0.,0.,17.));
#2743 = DIRECTION('',(0.,0.,1.));
#2744 = DIRECTION('',(1.,0.,-0.));
#2745 = DEFINITIONAL_REPRESENTATION('',(#2746),#2750);
#2746 = LINE('',#2747,#2748);
#2747 = CARTESIAN_POINT('',(0.,5.));
#2748 = VECTOR('',#2749,1.);
#2749 = DIRECTION('',(1.,0.));
#2750 = ( GEOMETRIC_REPRESENTATION_CONTEXT(2) 
PARAMETRIC_REPRESENTATION_CONTEXT() REPRESENTATION_CONTEXT('2D SPACE',''
  ) );
#2751 = ADVANCED_FACE('',(#2752,#2829),#1782,.F.);
#2752 = FACE_BOUND('',#2753,.F.);
#2753 = EDGE_LOOP('',(#2754,#2778,#2801,#2828));
#2754 = ORIENTED_EDGE('',*,*,#2755,.T.);
#2755 = EDGE_CURVE('',#2756,#2756,#2758,.T.);
#2756 = VERTEX_POINT('',#2757);
#2757 = CARTESIAN_POINT('',(11.05,-2.706469426116E-15,0.));
#2758 = SURFACE_CURVE('',#2759,(#2764,#2771),.PCURVE_S1.);
#2759 = CIRCLE('',#2760,11.05);
#2760 = AXIS2_PLACEMENT_3D('',#2761,#2762,#2763);
#2761 = CARTESIAN_POINT('',(0.,0.,0.));
#2762 = DIRECTION('',(0.,0.,1.));
#2763 = DIRECTION('',(1.,0.,-0.));
#2764 = PCURVE('',#1782,#2765);
#2765 = DEFINITIONAL_REPRESENTATION('',(#2766),#2770);
#2766 = LINE('',#2767,#2768);
#2767 = CARTESIAN_POINT('',(0.,1.));
#2768 = VECTOR('',#2769,1.);
#2769 = DIRECTION('',(1.,0.));
#2770 = ( GEOMETRIC_REPRESENTATION_CONTEXT(2) 
PARAMETRIC_REPRESENTATION_CONTEXT() REPRESENTATION_CONTEXT('2D SPACE',''
  ) );
#2771 = PCURVE('',#2306,#2772);
#2772 = DEFINITIONAL_REPRESENTATION('',(#2773),#2777);
#2773 = CIRCLE('',#2774,11.05);
#2774 = AXIS2_PLACEMENT_2D('',#2775,#2776);
#2775 = CARTESIAN_POINT('',(0.,0.));
#2776 = DIRECTION('',(1.,0.));
#2777 = ( GEOMETRIC_REPRESENTATION_CONTEXT(2) 
PARAMETRIC_REPRESENTATION_CONTEXT() REPRESENTATION_CONTEXT('2D SPACE',''
  ) );
#2778 = ORIENTED_EDGE('',*,*,#2779,.T.);
#2779 = EDGE_CURVE('',#2756,#2780,#2782,.T.);
#2780 = VERTEX_POINT('',#2781);
#2781 = CARTESIAN_POINT('',(11.05,-2.706469426116E-15,18.));
#2782 = SEAM_CURVE('',#2783,(#2787,#2794),.PCURVE_S1.);
#2783 = LINE('',#2784,#2785);
#2784 = CARTESIAN_POINT('',(11.05,-2.706469426116E-15,-1.));
#2785 = VECTOR('',#2786,1.);
#2786 = DIRECTION('',(0.,0.,1.));
#2787 = PCURVE('',#1782,#2788);
#2788 = DEFINITIONAL_REPRESENTATION('',(#2789),#2793);
#2789 = LINE('',#2790,#2791);
#2790 = CARTESIAN_POINT('',(0.,-0.));
#2791 = VECTOR('',#2792,1.);
#2792 = DIRECTION('',(0.,1.));
#2793 = ( GEOMETRIC_REPRESENTATION_CONTEXT(2) 
PARAMETRIC_REPRESENTATION_CONTEXT() REPRESENTATION_CONTEXT('2D SPACE',''
  ) );
#2794 = PCURVE('',#1782,#2795);
#2795 = DEFINITIONAL_REPRESENTATION('',(#2796),#2800);
#2796 = LINE('',#2797,#2798);
#2797 = CARTESIAN_POINT('',(6.28318530718,-0.));
#2798 = VECTOR('',#2799,1.);
#2799 = DIRECTION('',(0.,1.));
#2800 = ( GEOMETRIC_REPRESENTATION_CONTEXT(2) 
PARAMETRIC_REPRESENTATION_CONTEXT() REPRESENTATION_CONTEXT('2D SPACE',''
  ) );
#2801 = ORIENTED_EDGE('',*,*,#2802,.F.);
#2802 = EDGE_CURVE('',#2780,#2780,#2803,.T.);
#2803 = SURFACE_CURVE('',#2804,(#2809,#2816),.PCURVE_S1.);
#2804 = CIRCLE('',#2805,11.05);
#2805 = AXIS2_PLACEMENT_3D('',#2806,#2807,#2808);
#2806 = CARTESIAN_POINT('',(0.,0.,18.));
#2807 = DIRECTION('',(0.,0.,1.));
#2808 = DIRECTION('',(1.,0.,-0.));
#2809 = PCURVE('',#1782,#2810);
#2810 = DEFINITIONAL_REPRESENTATION('',(#2811),#2815);
#2811 = LINE('',#2812,#2813);
#2812 = CARTESIAN_POINT('',(0.,19.));
#2813 = VECTOR('',#2814,1.);
#2814 = DIRECTION('',(1.,0.));
#2815 = ( GEOMETRIC_REPRESENTATION_CONTEXT(2) 
PARAMETRIC_REPRESENTATION_CONTEXT() REPRESENTATION_CONTEXT('2D SPACE',''
  ) );
#2816 = PCURVE('',#2817,#2822);
#2817 = PLANE('',#2818);
#2818 = AXIS2_PLACEMENT_3D('',#2819,#2820,#2821);
#2819 = CARTESIAN_POINT('',(0.,0.,18.));
#2820 = DIRECTION('',(0.,0.,1.));
#2821 = DIRECTION('',(1.,0.,-0.));
#2822 = DEFINITIONAL_REPRESENTATION('',(#2823),#2827);
#2823 = CIRCLE('',#2824,11.05);
#2824 = AXIS2_PLACEMENT_2D('',#2825,#2826);
#2825 = CARTESIAN_POINT('',(0.,0.));
#2826 = DIRECTION('',(1.,0.));
#2827 = ( GEOMETRIC_REPRESENTATION_CONTEXT(2) 
PARAMETRIC_REPRESENTATION_CONTEXT() REPRESENTATION_CONTEXT('2D SPACE',''
  ) );
#2828 = ORIENTED_EDGE('',*,*,#2779,.F.);
#2829 = FACE_BOUND('',#2830,.F.);
#2830 = EDGE_LOOP('',(#2831,#2832,#2833,#2834,#2835,#2836,#2837,#2838));
#2831 = ORIENTED_EDGE('',*,*,#1769,.F.);
#2832 = ORIENTED_EDGE('',*,*,#1821,.T.);
#2833 = ORIENTED_EDGE('',*,*,#1979,.F.);
#2834 = ORIENTED_EDGE('',*,*,#2101,.F.);
#2835 = ORIENTED_EDGE('',*,*,#2243,.T.);
#2836 = ORIENTED_EDGE('',*,*,#2183,.T.);
#2837 = ORIENTED_EDGE('',*,*,#2029,.T.);
#2838 = ORIENTED_EDGE('',*,*,#1912,.F.);
#2839 = ADVANCED_FACE('',(#2840,#2843),#2306,.F.);
#2840 = FACE_BOUND('',#2841,.F.);
#2841 = EDGE_LOOP('',(#2842));
#2842 = ORIENTED_EDGE('',*,*,#2291,.T.);
#2843 = FACE_BOUND('',#2844,.F.);
#2844 = EDGE_LOOP('',(#2845));
#2845 = ORIENTED_EDGE('',*,*,#2755,.F.);
#2846 = ADVANCED_FACE('',(#2847,#2855),#2373,.T.);
#2847 = FACE_BOUND('',#2848,.T.);
#2848 = EDGE_LOOP('',(#2849,#2850,#2851,#2852,#2853,#2854));
#2849 = ORIENTED_EDGE('',*,*,#2659,.T.);
#2850 = ORIENTED_EDGE('',*,*,#2610,.T.);
#2851 = ORIENTED_EDGE('',*,*,#2561,.T.);
#2852 = ORIENTED_EDGE('',*,*,#2512,.T.);
#2853 = ORIENTED_EDGE('',*,*,#2463,.T.);
#2854 = ORIENTED_EDGE('',*,*,#2392,.T.);
#2855 = FACE_BOUND('',#2856,.T.);
#2856 = EDGE_LOOP('',(#2857));
#2857 = ORIENTED_EDGE('',*,*,#2358,.T.);
#2858 = ADVANCED_FACE('',(#2859),#2740,.F.);
#2859 = FACE_BOUND('',#2860,.F.);
#2860 = EDGE_LOOP('',(#2861,#2862,#2885,#2907));
#2861 = ORIENTED_EDGE('',*,*,#2723,.F.);
#2862 = ORIENTED_EDGE('',*,*,#2863,.F.);
#2863 = EDGE_CURVE('',#2864,#2724,#2866,.T.);
#2864 = VERTEX_POINT('',#2865);
#2865 = CARTESIAN_POINT('',(3.25,-7.960204194458E-16,18.));
#2866 = SEAM_CURVE('',#2867,(#2871,#2878),.PCURVE_S1.);
#2867 = LINE('',#2868,#2869);
#2868 = CARTESIAN_POINT('',(3.25,-7.960204194458E-16,17.));
#2869 = VECTOR('',#2870,1.);
#2870 = DIRECTION('',(0.,0.,1.));
#2871 = PCURVE('',#2740,#2872);
#2872 = DEFINITIONAL_REPRESENTATION('',(#2873),#2877);
#2873 = LINE('',#2874,#2875);
#2874 = CARTESIAN_POINT('',(6.28318530718,-0.));
#2875 = VECTOR('',#2876,1.);
#2876 = DIRECTION('',(0.,1.));
#2877 = ( GEOMETRIC_REPRESENTATION_CONTEXT(2) 
PARAMETRIC_REPRESENTATION_CONTEXT() REPRESENTATION_CONTEXT('2D SPACE',''
  ) );
#2878 = PCURVE('',#2740,#2879);
#2879 = DEFINITIONAL_REPRESENTATION('',(#2880),#2884);
#2880 = LINE('',#2881,#2882);
#2881 = CARTESIAN_POINT('',(0.,-0.));
#2882 = VECTOR('',#2883,1.);
#2883 = DIRECTION('',(0.,1.));
#2884 = ( GEOMETRIC_REPRESENTATION_CONTEXT(2) 
PARAMETRIC_REPRESENTATION_CONTEXT() REPRESENTATION_CONTEXT('2D SPACE',''
  ) );
#2885 = ORIENTED_EDGE('',*,*,#2886,.T.);
#2886 = EDGE_CURVE('',#2864,#2864,#2887,.T.);
#2887 = SURFACE_CURVE('',#2888,(#2893,#2900),.PCURVE_S1.);
#2888 = CIRCLE('',#2889,3.25);
#2889 = AXIS2_PLACEMENT_3D('',#2890,#2891,#2892);
#2890 = CARTESIAN_POINT('',(0.,0.,18.));
#2891 = DIRECTION('',(0.,0.,1.));
#2892 = DIRECTION('',(1.,0.,-0.));
#2893 = PCURVE('',#2740,#2894);
#2894 = DEFINITIONAL_REPRESENTATION('',(#2895),#2899);
#2895 = LINE('',#2896,#2897);
#2896 = CARTESIAN_POINT('',(0.,1.));
#2897 = VECTOR('',#2898,1.);
#2898 = DIRECTION('',(1.,0.));
#2899 = ( GEOMETRIC_REPRESENTATION_CONTEXT(2) 
PARAMETRIC_REPRESENTATION_CONTEXT() REPRESENTATION_CONTEXT('2D SPACE',''
  ) );
#2900 = PCURVE('',#2817,#2901);
#2901 = DEFINITIONAL_REPRESENTATION('',(#2902),#2906);
#2902 = CIRCLE('',#2903,3.25);
#2903 = AXIS2_PLACEMENT_2D('',#2904,#2905);
#2904 = CARTESIAN_POINT('',(0.,0.));
#2905 = DIRECTION('',(1.,0.));
#2906 = ( GEOMETRIC_REPRESENTATION_CONTEXT(2) 
PARAMETRIC_REPRESENTATION_CONTEXT() REPRESENTATION_CONTEXT('2D SPACE',''
  ) );
#2907 = ORIENTED_EDGE('',*,*,#2863,.T.);
#2908 = ADVANCED_FACE('',(#2909,#2912),#2817,.F.);
#2909 = FACE_BOUND('',#2910,.F.);
#2910 = EDGE_LOOP('',(#2911));
#2911 = ORIENTED_EDGE('',*,*,#2802,.T.);
#2912 = FACE_BOUND('',#2913,.F.);
#2913 = EDGE_LOOP('',(#2914));
#2914 = ORIENTED_EDGE('',*,*,#2886,.F.);
#2915 = ( GEOMETRIC_REPRESENTATION_CONTEXT(3) 
GLOBAL_UNCERTAINTY_ASSIGNED_CONTEXT((#2919)) 
GLOBAL_UNIT_ASSIGNED_CONTEXT((#2916,#2917,#2918)) REPRESENTATION_CONTEXT
('Context #1','3D Context with UNIT and UNCERTAINTY') );
#2916 = ( LENGTH_UNIT() NAMED_UNIT(*) SI_UNIT(.MILLI.,.METRE.) );
#2917 = ( NAMED_UNIT(*) PLANE_ANGLE_UNIT() SI_UNIT($,.RADIAN.) );
#2918 = ( NAMED_UNIT(*) SI_UNIT($,.STERADIAN.) SOLID_ANGLE_UNIT() );
#2919 = UNCERTAINTY_MEASURE_WITH_UNIT(LENGTH_MEASURE(1.E-07),#2916,
  'distance_accuracy_value','confusion accuracy');
#2920 = PRODUCT_RELATED_PRODUCT_CATEGORY('part',$,(#7));
ENDSEC;
END-ISO-10303-21;
