ISO-10303-21;
HEADER;
FILE_DESCRIPTION(('Open CASCADE Model'),'2;1');
FILE_NAME('Open CASCADE Shape Model','2026-09-18T23:42:34',('Author'),(
    'Open CASCADE'),'Open CASCADE STEP processor 7.9','Open CASCADE 7.9'
  ,'Unknown');
FILE_SCHEMA(('AUTOMOTIVE_DESIGN { 1 0 10303 214 1 1 1 1 }'));
ENDSEC;
DATA;
#1 = APPLICATION_PROTOCOL_DEFINITION('international standard',
  'automotive_design',2000,#2);
#2 = APPLICATION_CONTEXT(
  'core data for automotive mechanical design processes');
#3 = SHAPE_DEFINITION_REPRESENTATION(#4,#10);
#4 = PRODUCT_DEFINITION_SHAPE('','',#5);
#5 = PRODUCT_DEFINITION('design','',#6,#9);
#6 = PRODUCT_DEFINITION_FORMATION('','',#7);
#7 = PRODUCT('Open CASCADE STEP translator 7.9 14',
  'Open CASCADE STEP translator 7.9 14','',(#8));
#8 = PRODUCT_CONTEXT('',#2,'mechanical');
#9 = PRODUCT_DEFINITION_CONTEXT('part definition',#2,'design');
#10 = ADVANCED_BREP_SHAPE_REPRESENTATION('',(#11,#15),#3113);
#11 = AXIS2_PLACEMENT_3D('',#12,#13,#14);
#12 = CARTESIAN_POINT('',(0.,0.,0.));
#13 = DIRECTION('',(0.,0.,1.));
#14 = DIRECTION('',(1.,0.,-0.));
#15 = MANIFOLD_SOLID_BREP('',#16);
#16 = CLOSED_SHELL('',(#17,#806,#908,#1051,#1100,#1307,#1334,#1382,#1509
    ,#1558,#1637,#1664,#1718,#1792,#1928,#2064,#2114,#2164,#2300,#2436,
    #2461,#2520,#2527,#2586,#2657,#2706,#2755,#2804,#2853,#2880,#2887,
    #2914,#2949,#3037,#3044,#3056,#3106));
#17 = ADVANCED_FACE('',(#18,#432),#32,.T.);
#18 = FACE_BOUND('',#19,.T.);
#19 = EDGE_LOOP('',(#20,#50,#77,#78,#107,#133,#166,#194,#223,#244,#273,
    #299,#328,#356,#389,#410));
#20 = ORIENTED_EDGE('',*,*,#21,.T.);
#21 = EDGE_CURVE('',#22,#24,#26,.T.);
#22 = VERTEX_POINT('',#23);
#23 = CARTESIAN_POINT('',(14.2,-3.477996909578E-15,-4.));
#24 = VERTEX_POINT('',#25);
#25 = CARTESIAN_POINT('',(14.2,0.,20.));
#26 = SEAM_CURVE('',#27,(#31,#43),.PCURVE_S1.);
#27 = LINE('',#28,#29);
#28 = CARTESIAN_POINT('',(14.2,-3.477996909578E-15,-35.));
#29 = VECTOR('',#30,1.);
#30 = DIRECTION('',(0.,0.,1.));
#31 = PCURVE('',#32,#37);
#32 = CYLINDRICAL_SURFACE('',#33,14.2);
#33 = AXIS2_PLACEMENT_3D('',#34,#35,#36);
#34 = CARTESIAN_POINT('',(0.,0.,-35.));
#35 = DIRECTION('',(0.,0.,1.));
#36 = DIRECTION('',(1.,0.,-0.));
#37 = DEFINITIONAL_REPRESENTATION('',(#38),#42);
#38 = LINE('',#39,#40);
#39 = CARTESIAN_POINT('',(6.28318530718,-0.));
#40 = VECTOR('',#41,1.);
#41 = DIRECTION('',(0.,1.));
#42 = ( GEOMETRIC_REPRESENTATION_CONTEXT(2) 
PARAMETRIC_REPRESENTATION_CONTEXT() REPRESENTATION_CONTEXT('2D SPACE',''
  ) );
#43 = PCURVE('',#32,#44);
#44 = DEFINITIONAL_REPRESENTATION('',(#45),#49);
#45 = LINE('',#46,#47);
#46 = CARTESIAN_POINT('',(0.,-0.));
#47 = VECTOR('',#48,1.);
#48 = DIRECTION('',(0.,1.));
#49 = ( GEOMETRIC_REPRESENTATION_CONTEXT(2) 
PARAMETRIC_REPRESENTATION_CONTEXT() REPRESENTATION_CONTEXT('2D SPACE',''
  ) );
#50 = ORIENTED_EDGE('',*,*,#51,.F.);
#51 = EDGE_CURVE('',#24,#24,#52,.T.);
#52 = SURFACE_CURVE('',#53,(#58,#65),.PCURVE_S1.);
#53 = CIRCLE('',#54,14.2);
#54 = AXIS2_PLACEMENT_3D('',#55,#56,#57);
#55 = CARTESIAN_POINT('',(0.,0.,20.));
#56 = DIRECTION('',(0.,0.,1.));
#57 = DIRECTION('',(1.,0.,-0.));
#58 = PCURVE('',#32,#59);
#59 = DEFINITIONAL_REPRESENTATION('',(#60),#64);
#60 = LINE('',#61,#62);
#61 = CARTESIAN_POINT('',(0.,55.));
#62 = VECTOR('',#63,1.);
#63 = DIRECTION('',(1.,0.));
#64 = ( GEOMETRIC_REPRESENTATION_CONTEXT(2) 
PARAMETRIC_REPRESENTATION_CONTEXT() REPRESENTATION_CONTEXT('2D SPACE',''
  ) );
#65 = PCURVE('',#66,#71);
#66 = TOROIDAL_SURFACE('',#67,12.2,2.);
#67 = AXIS2_PLACEMENT_3D('',#68,#69,#70);
#68 = CARTESIAN_POINT('',(0.,0.,20.));
#69 = DIRECTION('',(0.,0.,1.));
#70 = DIRECTION('',(1.,0.,-0.));
#71 = DEFINITIONAL_REPRESENTATION('',(#72),#76);
#72 = LINE('',#73,#74);
#73 = CARTESIAN_POINT('',(0.,0.));
#74 = VECTOR('',#75,1.);
#75 = DIRECTION('',(1.,0.));
#76 = ( GEOMETRIC_REPRESENTATION_CONTEXT(2) 
PARAMETRIC_REPRESENTATION_CONTEXT() REPRESENTATION_CONTEXT('2D SPACE',''
  ) );
#77 = ORIENTED_EDGE('',*,*,#21,.F.);
#78 = ORIENTED_EDGE('',*,*,#79,.T.);
#79 = EDGE_CURVE('',#22,#80,#82,.T.);
#80 = VERTEX_POINT('',#81);
#81 = CARTESIAN_POINT('',(14.120552397127,1.5,-4.));
#82 = SURFACE_CURVE('',#83,(#88,#95),.PCURVE_S1.);
#83 = CIRCLE('',#84,14.2);
#84 = AXIS2_PLACEMENT_3D('',#85,#86,#87);
#85 = CARTESIAN_POINT('',(0.,0.,-4.));
#86 = DIRECTION('',(0.,0.,1.));
#87 = DIRECTION('',(1.,0.,-0.));
#88 = PCURVE('',#32,#89);
#89 = DEFINITIONAL_REPRESENTATION('',(#90),#94);
#90 = LINE('',#91,#92);
#91 = CARTESIAN_POINT('',(0.,31.));
#92 = VECTOR('',#93,1.);
#93 = DIRECTION('',(1.,0.));
#94 = ( GEOMETRIC_REPRESENTATION_CONTEXT(2) 
PARAMETRIC_REPRESENTATION_CONTEXT() REPRESENTATION_CONTEXT('2D SPACE',''
  ) );
#95 = PCURVE('',#96,#101);
#96 = PLANE('',#97);
#97 = AXIS2_PLACEMENT_3D('',#98,#99,#100);
#98 = CARTESIAN_POINT('',(14.1,0.,-4.));
#99 = DIRECTION('',(0.,0.,1.));
#100 = DIRECTION('',(1.,0.,-0.));
#101 = DEFINITIONAL_REPRESENTATION('',(#102),#106);
#102 = CIRCLE('',#103,14.2);
#103 = AXIS2_PLACEMENT_2D('',#104,#105);
#104 = CARTESIAN_POINT('',(-14.1,0.));
#105 = DIRECTION('',(1.,0.));
#106 = ( GEOMETRIC_REPRESENTATION_CONTEXT(2) 
PARAMETRIC_REPRESENTATION_CONTEXT() REPRESENTATION_CONTEXT('2D SPACE',''
  ) );
#107 = ORIENTED_EDGE('',*,*,#108,.F.);
#108 = EDGE_CURVE('',#109,#80,#111,.T.);
#109 = VERTEX_POINT('',#110);
#110 = CARTESIAN_POINT('',(14.120552397127,1.5,-7.007879773025));
#111 = SURFACE_CURVE('',#112,(#116,#122),.PCURVE_S1.);
#112 = LINE('',#113,#114);
#113 = CARTESIAN_POINT('',(14.120552397127,1.5,-35.));
#114 = VECTOR('',#115,1.);
#115 = DIRECTION('',(0.,0.,1.));
#116 = PCURVE('',#32,#117);
#117 = DEFINITIONAL_REPRESENTATION('',(#118),#121);
#118 = B_SPLINE_CURVE_WITH_KNOTS('',1,(#119,#120),.UNSPECIFIED.,.F.,.F.,
  (2,2),(-5.999999999062E-07,34.2),.PIECEWISE_BEZIER_KNOTS.);
#119 = CARTESIAN_POINT('',(0.105831248341,-5.999999999062E-07));
#120 = CARTESIAN_POINT('',(0.105831248341,34.2));
#121 = ( GEOMETRIC_REPRESENTATION_CONTEXT(2) 
PARAMETRIC_REPRESENTATION_CONTEXT() REPRESENTATION_CONTEXT('2D SPACE',''
  ) );
#122 = PCURVE('',#123,#128);
#123 = PLANE('',#124);
#124 = AXIS2_PLACEMENT_3D('',#125,#126,#127);
#125 = CARTESIAN_POINT('',(28.2,1.5,-36.));
#126 = DIRECTION('',(0.,-1.,0.));
#127 = DIRECTION('',(-1.,0.,0.));
#128 = DEFINITIONAL_REPRESENTATION('',(#129),#132);
#129 = B_SPLINE_CURVE_WITH_KNOTS('',1,(#130,#131),.UNSPECIFIED.,.F.,.F.,
  (2,2),(-5.999999999062E-07,34.2),.PIECEWISE_BEZIER_KNOTS.);
#130 = CARTESIAN_POINT('',(14.079447602873,-0.9999994));
#131 = CARTESIAN_POINT('',(14.079447602873,-35.2));
#132 = ( GEOMETRIC_REPRESENTATION_CONTEXT(2) 
PARAMETRIC_REPRESENTATION_CONTEXT() REPRESENTATION_CONTEXT('2D SPACE',''
  ) );
#133 = ORIENTED_EDGE('',*,*,#134,.F.);
#134 = EDGE_CURVE('',#135,#109,#137,.T.);
#135 = VERTEX_POINT('',#136);
#136 = CARTESIAN_POINT('',(12.057777573002,7.5,-5.589722081439));
#137 = SURFACE_CURVE('',#138,(#143,#154),.PCURVE_S1.);
#138 = ELLIPSE('',#139,17.232132957066,14.2);
#139 = AXIS2_PLACEMENT_3D('',#140,#141,#142);
#140 = CARTESIAN_POINT('',(0.,0.,2.7));
#141 = DIRECTION('',(-0.566528822887,0.,-0.824041924199));
#142 = DIRECTION('',(-0.824041924199,0.,0.566528822887));
#143 = PCURVE('',#32,#144);
#144 = DEFINITIONAL_REPRESENTATION('',(#145),#153);
#145 = B_SPLINE_CURVE_WITH_KNOTS('',6,(#146,#147,#148,#149,#150,#151,
    #152),.UNSPECIFIED.,.F.,.F.,(7,7),(2.455132875594,3.14159265359),
  .PIECEWISE_BEZIER_KNOTS.);
#146 = CARTESIAN_POINT('',(0.686459777996,30.14875838024));
#147 = CARTESIAN_POINT('',(0.572049814996,29.440846734182));
#148 = CARTESIAN_POINT('',(0.457639851997,28.851547019564));
#149 = CARTESIAN_POINT('',(0.343229888998,28.397536376499));
#150 = CARTESIAN_POINT('',(0.228819925999,28.090844881948));
#151 = CARTESIAN_POINT('',(0.114409962999,27.9375));
#152 = CARTESIAN_POINT('',(1.224646799147E-16,27.9375));
#153 = ( GEOMETRIC_REPRESENTATION_CONTEXT(2) 
PARAMETRIC_REPRESENTATION_CONTEXT() REPRESENTATION_CONTEXT('2D SPACE',''
  ) );
#154 = PCURVE('',#155,#160);
#155 = PLANE('',#156);
#156 = AXIS2_PLACEMENT_3D('',#157,#158,#159);
#157 = CARTESIAN_POINT('',(27.2,0.,-16.));
#158 = DIRECTION('',(-0.566528822887,-0.,-0.824041924199));
#159 = DIRECTION('',(-0.824041924199,0.,0.566528822887));
#160 = DEFINITIONAL_REPRESENTATION('',(#161),#165);
#161 = ELLIPSE('',#162,17.232132957066,14.2);
#162 = AXIS2_PLACEMENT_2D('',#163,#164);
#163 = CARTESIAN_POINT('',(33.008029326211,0.));
#164 = DIRECTION('',(1.,0.));
#165 = ( GEOMETRIC_REPRESENTATION_CONTEXT(2) 
PARAMETRIC_REPRESENTATION_CONTEXT() REPRESENTATION_CONTEXT('2D SPACE',''
  ) );
#166 = ORIENTED_EDGE('',*,*,#167,.F.);
#167 = EDGE_CURVE('',#168,#135,#170,.T.);
#168 = VERTEX_POINT('',#169);
#169 = CARTESIAN_POINT('',(12.057777573002,7.5,-32.));
#170 = SURFACE_CURVE('',#171,(#175,#182),.PCURVE_S1.);
#171 = LINE('',#172,#173);
#172 = CARTESIAN_POINT('',(12.057777573002,7.5,-32.));
#173 = VECTOR('',#174,1.);
#174 = DIRECTION('',(-6.726005856045E-17,0.,1.));
#175 = PCURVE('',#32,#176);
#176 = DEFINITIONAL_REPRESENTATION('',(#177),#181);
#177 = LINE('',#178,#179);
#178 = CARTESIAN_POINT('',(0.556442831105,3.));
#179 = VECTOR('',#180,1.);
#180 = DIRECTION('',(0.,1.));
#181 = ( GEOMETRIC_REPRESENTATION_CONTEXT(2) 
PARAMETRIC_REPRESENTATION_CONTEXT() REPRESENTATION_CONTEXT('2D SPACE',''
  ) );
#182 = PCURVE('',#183,#188);
#183 = PLANE('',#184);
#184 = AXIS2_PLACEMENT_3D('',#185,#186,#187);
#185 = CARTESIAN_POINT('',(27.2,7.5,-32.));
#186 = DIRECTION('',(0.,-1.,0.));
#187 = DIRECTION('',(-1.,0.,0.));
#188 = DEFINITIONAL_REPRESENTATION('',(#189),#193);
#189 = LINE('',#190,#191);
#190 = CARTESIAN_POINT('',(15.142222426998,0.));
#191 = VECTOR('',#192,1.);
#192 = DIRECTION('',(6.726005856045E-17,-1.));
#193 = ( GEOMETRIC_REPRESENTATION_CONTEXT(2) 
PARAMETRIC_REPRESENTATION_CONTEXT() REPRESENTATION_CONTEXT('2D SPACE',''
  ) );
#194 = ORIENTED_EDGE('',*,*,#195,.F.);
#195 = EDGE_CURVE('',#196,#168,#198,.T.);
#196 = VERTEX_POINT('',#197);
#197 = CARTESIAN_POINT('',(14.120552397127,1.5,-32.));
#198 = SURFACE_CURVE('',#199,(#204,#211),.PCURVE_S1.);
#199 = CIRCLE('',#200,14.2);
#200 = AXIS2_PLACEMENT_3D('',#201,#202,#203);
#201 = CARTESIAN_POINT('',(0.,0.,-32.));
#202 = DIRECTION('',(0.,0.,1.));
#203 = DIRECTION('',(1.,0.,-0.));
#204 = PCURVE('',#32,#205);
#205 = DEFINITIONAL_REPRESENTATION('',(#206),#210);
#206 = LINE('',#207,#208);
#207 = CARTESIAN_POINT('',(0.,3.));
#208 = VECTOR('',#209,1.);
#209 = DIRECTION('',(1.,0.));
#210 = ( GEOMETRIC_REPRESENTATION_CONTEXT(2) 
PARAMETRIC_REPRESENTATION_CONTEXT() REPRESENTATION_CONTEXT('2D SPACE',''
  ) );
#211 = PCURVE('',#212,#217);
#212 = PLANE('',#213);
#213 = AXIS2_PLACEMENT_3D('',#214,#215,#216);
#214 = CARTESIAN_POINT('',(19.2,0.,-32.));
#215 = DIRECTION('',(0.,0.,1.));
#216 = DIRECTION('',(1.,0.,-0.));
#217 = DEFINITIONAL_REPRESENTATION('',(#218),#222);
#218 = CIRCLE('',#219,14.2);
#219 = AXIS2_PLACEMENT_2D('',#220,#221);
#220 = CARTESIAN_POINT('',(-19.2,0.));
#221 = DIRECTION('',(1.,0.));
#222 = ( GEOMETRIC_REPRESENTATION_CONTEXT(2) 
PARAMETRIC_REPRESENTATION_CONTEXT() REPRESENTATION_CONTEXT('2D SPACE',''
  ) );
#223 = ORIENTED_EDGE('',*,*,#224,.F.);
#224 = EDGE_CURVE('',#225,#196,#227,.T.);
#225 = VERTEX_POINT('',#226);
#226 = CARTESIAN_POINT('',(14.120552397127,1.5,-35.));
#227 = SURFACE_CURVE('',#228,(#232,#238),.PCURVE_S1.);
#228 = LINE('',#229,#230);
#229 = CARTESIAN_POINT('',(14.120552397127,1.5,-35.));
#230 = VECTOR('',#231,1.);
#231 = DIRECTION('',(0.,0.,1.));
#232 = PCURVE('',#32,#233);
#233 = DEFINITIONAL_REPRESENTATION('',(#234),#237);
#234 = B_SPLINE_CURVE_WITH_KNOTS('',1,(#235,#236),.UNSPECIFIED.,.F.,.F.,
  (2,2),(-5.999999999062E-07,34.2),.PIECEWISE_BEZIER_KNOTS.);
#235 = CARTESIAN_POINT('',(0.105831248341,-5.999999999062E-07));
#236 = CARTESIAN_POINT('',(0.105831248341,34.2));
#237 = ( GEOMETRIC_REPRESENTATION_CONTEXT(2) 
PARAMETRIC_REPRESENTATION_CONTEXT() REPRESENTATION_CONTEXT('2D SPACE',''
  ) );
#238 = PCURVE('',#123,#239);
#239 = DEFINITIONAL_REPRESENTATION('',(#240),#243);
#240 = B_SPLINE_CURVE_WITH_KNOTS('',1,(#241,#242),.UNSPECIFIED.,.F.,.F.,
  (2,2),(-5.999999999062E-07,34.2),.PIECEWISE_BEZIER_KNOTS.);
#241 = CARTESIAN_POINT('',(14.079447602873,-0.9999994));
#242 = CARTESIAN_POINT('',(14.079447602873,-35.2));
#243 = ( GEOMETRIC_REPRESENTATION_CONTEXT(2) 
PARAMETRIC_REPRESENTATION_CONTEXT() REPRESENTATION_CONTEXT('2D SPACE',''
  ) );
#244 = ORIENTED_EDGE('',*,*,#245,.T.);
#245 = EDGE_CURVE('',#225,#246,#248,.T.);
#246 = VERTEX_POINT('',#247);
#247 = CARTESIAN_POINT('',(14.120552397127,-1.5,-35.));
#248 = SURFACE_CURVE('',#249,(#254,#261),.PCURVE_S1.);
#249 = CIRCLE('',#250,14.2);
#250 = AXIS2_PLACEMENT_3D('',#251,#252,#253);
#251 = CARTESIAN_POINT('',(0.,0.,-35.));
#252 = DIRECTION('',(0.,0.,1.));
#253 = DIRECTION('',(1.,0.,-0.));
#254 = PCURVE('',#32,#255);
#255 = DEFINITIONAL_REPRESENTATION('',(#256),#260);
#256 = LINE('',#257,#258);
#257 = CARTESIAN_POINT('',(0.,0.));
#258 = VECTOR('',#259,1.);
#259 = DIRECTION('',(1.,0.));
#260 = ( GEOMETRIC_REPRESENTATION_CONTEXT(2) 
PARAMETRIC_REPRESENTATION_CONTEXT() REPRESENTATION_CONTEXT('2D SPACE',''
  ) );
#261 = PCURVE('',#262,#267);
#262 = PLANE('',#263);
#263 = AXIS2_PLACEMENT_3D('',#264,#265,#266);
#264 = CARTESIAN_POINT('',(0.,0.,-35.));
#265 = DIRECTION('',(0.,0.,1.));
#266 = DIRECTION('',(1.,0.,-0.));
#267 = DEFINITIONAL_REPRESENTATION('',(#268),#272);
#268 = CIRCLE('',#269,14.2);
#269 = AXIS2_PLACEMENT_2D('',#270,#271);
#270 = CARTESIAN_POINT('',(0.,0.));
#271 = DIRECTION('',(1.,0.));
#272 = ( GEOMETRIC_REPRESENTATION_CONTEXT(2) 
PARAMETRIC_REPRESENTATION_CONTEXT() REPRESENTATION_CONTEXT('2D SPACE',''
  ) );
#273 = ORIENTED_EDGE('',*,*,#274,.T.);
#274 = EDGE_CURVE('',#246,#275,#277,.T.);
#275 = VERTEX_POINT('',#276);
#276 = CARTESIAN_POINT('',(14.120552397127,-1.5,-32.));
#277 = SURFACE_CURVE('',#278,(#282,#288),.PCURVE_S1.);
#278 = LINE('',#279,#280);
#279 = CARTESIAN_POINT('',(14.120552397127,-1.5,-35.));
#280 = VECTOR('',#281,1.);
#281 = DIRECTION('',(0.,0.,1.));
#282 = PCURVE('',#32,#283);
#283 = DEFINITIONAL_REPRESENTATION('',(#284),#287);
#284 = B_SPLINE_CURVE_WITH_KNOTS('',1,(#285,#286),.UNSPECIFIED.,.F.,.F.,
  (2,2),(-5.999999999062E-07,34.2),.PIECEWISE_BEZIER_KNOTS.);
#285 = CARTESIAN_POINT('',(6.177354058839,-5.999999999062E-07));
#286 = CARTESIAN_POINT('',(6.177354058839,34.2));
#287 = ( GEOMETRIC_REPRESENTATION_CONTEXT(2) 
PARAMETRIC_REPRESENTATION_CONTEXT() REPRESENTATION_CONTEXT('2D SPACE',''
  ) );
#288 = PCURVE('',#289,#294);
#289 = PLANE('',#290);
#290 = AXIS2_PLACEMENT_3D('',#291,#292,#293);
#291 = CARTESIAN_POINT('',(0.,-1.5,-36.));
#292 = DIRECTION('',(0.,1.,0.));
#293 = DIRECTION('',(1.,0.,0.));
#294 = DEFINITIONAL_REPRESENTATION('',(#295),#298);
#295 = B_SPLINE_CURVE_WITH_KNOTS('',1,(#296,#297),.UNSPECIFIED.,.F.,.F.,
  (2,2),(-5.999999999062E-07,34.2),.PIECEWISE_BEZIER_KNOTS.);
#296 = CARTESIAN_POINT('',(14.120552397127,-0.9999994));
#297 = CARTESIAN_POINT('',(14.120552397127,-35.2));
#298 = ( GEOMETRIC_REPRESENTATION_CONTEXT(2) 
PARAMETRIC_REPRESENTATION_CONTEXT() REPRESENTATION_CONTEXT('2D SPACE',''
  ) );
#299 = ORIENTED_EDGE('',*,*,#300,.F.);
#300 = EDGE_CURVE('',#301,#275,#303,.T.);
#301 = VERTEX_POINT('',#302);
#302 = CARTESIAN_POINT('',(12.057777573002,-7.5,-32.));
#303 = SURFACE_CURVE('',#304,(#309,#316),.PCURVE_S1.);
#304 = CIRCLE('',#305,14.2);
#305 = AXIS2_PLACEMENT_3D('',#306,#307,#308);
#306 = CARTESIAN_POINT('',(0.,0.,-32.));
#307 = DIRECTION('',(0.,0.,1.));
#308 = DIRECTION('',(1.,0.,-0.));
#309 = PCURVE('',#32,#310);
#310 = DEFINITIONAL_REPRESENTATION('',(#311),#315);
#311 = LINE('',#312,#313);
#312 = CARTESIAN_POINT('',(0.,3.));
#313 = VECTOR('',#314,1.);
#314 = DIRECTION('',(1.,0.));
#315 = ( GEOMETRIC_REPRESENTATION_CONTEXT(2) 
PARAMETRIC_REPRESENTATION_CONTEXT() REPRESENTATION_CONTEXT('2D SPACE',''
  ) );
#316 = PCURVE('',#317,#322);
#317 = PLANE('',#318);
#318 = AXIS2_PLACEMENT_3D('',#319,#320,#321);
#319 = CARTESIAN_POINT('',(19.2,0.,-32.));
#320 = DIRECTION('',(0.,0.,1.));
#321 = DIRECTION('',(1.,0.,-0.));
#322 = DEFINITIONAL_REPRESENTATION('',(#323),#327);
#323 = CIRCLE('',#324,14.2);
#324 = AXIS2_PLACEMENT_2D('',#325,#326);
#325 = CARTESIAN_POINT('',(-19.2,0.));
#326 = DIRECTION('',(1.,0.));
#327 = ( GEOMETRIC_REPRESENTATION_CONTEXT(2) 
PARAMETRIC_REPRESENTATION_CONTEXT() REPRESENTATION_CONTEXT('2D SPACE',''
  ) );
#328 = ORIENTED_EDGE('',*,*,#329,.T.);
#329 = EDGE_CURVE('',#301,#330,#332,.T.);
#330 = VERTEX_POINT('',#331);
#331 = CARTESIAN_POINT('',(12.057777573002,-7.5,-5.589722081439));
#332 = SURFACE_CURVE('',#333,(#337,#344),.PCURVE_S1.);
#333 = LINE('',#334,#335);
#334 = CARTESIAN_POINT('',(12.057777573002,-7.5,-32.));
#335 = VECTOR('',#336,1.);
#336 = DIRECTION('',(0.,0.,1.));
#337 = PCURVE('',#32,#338);
#338 = DEFINITIONAL_REPRESENTATION('',(#339),#343);
#339 = LINE('',#340,#341);
#340 = CARTESIAN_POINT('',(5.726742476074,3.));
#341 = VECTOR('',#342,1.);
#342 = DIRECTION('',(0.,1.));
#343 = ( GEOMETRIC_REPRESENTATION_CONTEXT(2) 
PARAMETRIC_REPRESENTATION_CONTEXT() REPRESENTATION_CONTEXT('2D SPACE',''
  ) );
#344 = PCURVE('',#345,#350);
#345 = PLANE('',#346);
#346 = AXIS2_PLACEMENT_3D('',#347,#348,#349);
#347 = CARTESIAN_POINT('',(11.2,-7.5,-32.));
#348 = DIRECTION('',(0.,1.,0.));
#349 = DIRECTION('',(1.,0.,0.));
#350 = DEFINITIONAL_REPRESENTATION('',(#351),#355);
#351 = LINE('',#352,#353);
#352 = CARTESIAN_POINT('',(0.857777573002,0.));
#353 = VECTOR('',#354,1.);
#354 = DIRECTION('',(0.,-1.));
#355 = ( GEOMETRIC_REPRESENTATION_CONTEXT(2) 
PARAMETRIC_REPRESENTATION_CONTEXT() REPRESENTATION_CONTEXT('2D SPACE',''
  ) );
#356 = ORIENTED_EDGE('',*,*,#357,.F.);
#357 = EDGE_CURVE('',#358,#330,#360,.T.);
#358 = VERTEX_POINT('',#359);
#359 = CARTESIAN_POINT('',(14.120552397127,-1.5,-7.007879773025));
#360 = SURFACE_CURVE('',#361,(#366,#377),.PCURVE_S1.);
#361 = ELLIPSE('',#362,17.232132957066,14.2);
#362 = AXIS2_PLACEMENT_3D('',#363,#364,#365);
#363 = CARTESIAN_POINT('',(0.,0.,2.7));
#364 = DIRECTION('',(-0.566528822887,0.,-0.824041924199));
#365 = DIRECTION('',(-0.824041924199,0.,0.566528822887));
#366 = PCURVE('',#32,#367);
#367 = DEFINITIONAL_REPRESENTATION('',(#368),#376);
#368 = B_SPLINE_CURVE_WITH_KNOTS('',6,(#369,#370,#371,#372,#373,#374,
    #375),.UNSPECIFIED.,.F.,.F.,(7,7),(3.14159265359,3.828052431585),
  .PIECEWISE_BEZIER_KNOTS.);
#369 = CARTESIAN_POINT('',(6.28318530718,27.9375));
#370 = CARTESIAN_POINT('',(6.16877534418,27.9375));
#371 = CARTESIAN_POINT('',(6.054365381181,28.090844881949));
#372 = CARTESIAN_POINT('',(5.939955418182,28.397536376498));
#373 = CARTESIAN_POINT('',(5.825545455183,28.851547019565));
#374 = CARTESIAN_POINT('',(5.711135492183,29.440846734182));
#375 = CARTESIAN_POINT('',(5.596725529184,30.14875838024));
#376 = ( GEOMETRIC_REPRESENTATION_CONTEXT(2) 
PARAMETRIC_REPRESENTATION_CONTEXT() REPRESENTATION_CONTEXT('2D SPACE',''
  ) );
#377 = PCURVE('',#378,#383);
#378 = PLANE('',#379);
#379 = AXIS2_PLACEMENT_3D('',#380,#381,#382);
#380 = CARTESIAN_POINT('',(27.2,0.,-16.));
#381 = DIRECTION('',(-0.566528822887,-0.,-0.824041924199));
#382 = DIRECTION('',(-0.824041924199,0.,0.566528822887));
#383 = DEFINITIONAL_REPRESENTATION('',(#384),#388);
#384 = ELLIPSE('',#385,17.232132957066,14.2);
#385 = AXIS2_PLACEMENT_2D('',#386,#387);
#386 = CARTESIAN_POINT('',(33.008029326211,0.));
#387 = DIRECTION('',(1.,0.));
#388 = ( GEOMETRIC_REPRESENTATION_CONTEXT(2) 
PARAMETRIC_REPRESENTATION_CONTEXT() REPRESENTATION_CONTEXT('2D SPACE',''
  ) );
#389 = ORIENTED_EDGE('',*,*,#390,.T.);
#390 = EDGE_CURVE('',#358,#391,#393,.T.);
#391 = VERTEX_POINT('',#392);
#392 = CARTESIAN_POINT('',(14.120552397127,-1.5,-4.));
#393 = SURFACE_CURVE('',#394,(#398,#404),.PCURVE_S1.);
#394 = LINE('',#395,#396);
#395 = CARTESIAN_POINT('',(14.120552397127,-1.5,-35.));
#396 = VECTOR('',#397,1.);
#397 = DIRECTION('',(0.,0.,1.));
#398 = PCURVE('',#32,#399);
#399 = DEFINITIONAL_REPRESENTATION('',(#400),#403);
#400 = B_SPLINE_CURVE_WITH_KNOTS('',1,(#401,#402),.UNSPECIFIED.,.F.,.F.,
  (2,2),(-5.999999999062E-07,34.2),.PIECEWISE_BEZIER_KNOTS.);
#401 = CARTESIAN_POINT('',(6.177354058839,-5.999999999062E-07));
#402 = CARTESIAN_POINT('',(6.177354058839,34.2));
#403 = ( GEOMETRIC_REPRESENTATION_CONTEXT(2) 
PARAMETRIC_REPRESENTATION_CONTEXT() REPRESENTATION_CONTEXT('2D SPACE',''
  ) );
#404 = PCURVE('',#289,#405);
#405 = DEFINITIONAL_REPRESENTATION('',(#406),#409);
#406 = B_SPLINE_CURVE_WITH_KNOTS('',1,(#407,#408),.UNSPECIFIED.,.F.,.F.,
  (2,2),(-5.999999999062E-07,34.2),.PIECEWISE_BEZIER_KNOTS.);
#407 = CARTESIAN_POINT('',(14.120552397127,-0.9999994));
#408 = CARTESIAN_POINT('',(14.120552397127,-35.2));
#409 = ( GEOMETRIC_REPRESENTATION_CONTEXT(2) 
PARAMETRIC_REPRESENTATION_CONTEXT() REPRESENTATION_CONTEXT('2D SPACE',''
  ) );
#410 = ORIENTED_EDGE('',*,*,#411,.T.);
#411 = EDGE_CURVE('',#391,#22,#412,.T.);
#412 = SURFACE_CURVE('',#413,(#418,#425),.PCURVE_S1.);
#413 = CIRCLE('',#414,14.2);
#414 = AXIS2_PLACEMENT_3D('',#415,#416,#417);
#415 = CARTESIAN_POINT('',(0.,0.,-4.));
#416 = DIRECTION('',(0.,0.,1.));
#417 = DIRECTION('',(1.,0.,-0.));
#418 = PCURVE('',#32,#419);
#419 = DEFINITIONAL_REPRESENTATION('',(#420),#424);
#420 = LINE('',#421,#422);
#421 = CARTESIAN_POINT('',(0.,31.));
#422 = VECTOR('',#423,1.);
#423 = DIRECTION('',(1.,0.));
#424 = ( GEOMETRIC_REPRESENTATION_CONTEXT(2) 
PARAMETRIC_REPRESENTATION_CONTEXT() REPRESENTATION_CONTEXT('2D SPACE',''
  ) );
#425 = PCURVE('',#96,#426);
#426 = DEFINITIONAL_REPRESENTATION('',(#427),#431);
#427 = CIRCLE('',#428,14.2);
#428 = AXIS2_PLACEMENT_2D('',#429,#430);
#429 = CARTESIAN_POINT('',(-14.1,0.));
#430 = DIRECTION('',(1.,0.));
#431 = ( GEOMETRIC_REPRESENTATION_CONTEXT(2) 
PARAMETRIC_REPRESENTATION_CONTEXT() REPRESENTATION_CONTEXT('2D SPACE',''
  ) );
#432 = FACE_BOUND('',#433,.T.);
#433 = EDGE_LOOP('',(#434,#462,#532,#561,#622,#648,#709,#738));
#434 = ORIENTED_EDGE('',*,*,#435,.F.);
#435 = EDGE_CURVE('',#436,#438,#440,.T.);
#436 = VERTEX_POINT('',#437);
#437 = CARTESIAN_POINT('',(-13.09160036053,-5.5,4.));
#438 = VERTEX_POINT('',#439);
#439 = CARTESIAN_POINT('',(-13.09160036053,-5.5,11.));
#440 = SURFACE_CURVE('',#441,(#445,#451),.PCURVE_S1.);
#441 = LINE('',#442,#443);
#442 = CARTESIAN_POINT('',(-13.09160036053,-5.5,-35.));
#443 = VECTOR('',#444,1.);
#444 = DIRECTION('',(0.,0.,1.));
#445 = PCURVE('',#32,#446);
#446 = DEFINITIONAL_REPRESENTATION('',(#447),#450);
#447 = B_SPLINE_CURVE_WITH_KNOTS('',1,(#448,#449),.UNSPECIFIED.,.F.,.F.,
  (2,2),(38.3,46.7),.PIECEWISE_BEZIER_KNOTS.);
#448 = CARTESIAN_POINT('',(3.539319845749,38.3));
#449 = CARTESIAN_POINT('',(3.539319845749,46.7));
#450 = ( GEOMETRIC_REPRESENTATION_CONTEXT(2) 
PARAMETRIC_REPRESENTATION_CONTEXT() REPRESENTATION_CONTEXT('2D SPACE',''
  ) );
#451 = PCURVE('',#452,#457);
#452 = PLANE('',#453);
#453 = AXIS2_PLACEMENT_3D('',#454,#455,#456);
#454 = CARTESIAN_POINT('',(-15.2,-5.5,1.));
#455 = DIRECTION('',(0.,1.,0.));
#456 = DIRECTION('',(1.,0.,0.));
#457 = DEFINITIONAL_REPRESENTATION('',(#458),#461);
#458 = B_SPLINE_CURVE_WITH_KNOTS('',1,(#459,#460),.UNSPECIFIED.,.F.,.F.,
  (2,2),(38.3,46.7),.PIECEWISE_BEZIER_KNOTS.);
#459 = CARTESIAN_POINT('',(2.108399639463,-2.3));
#460 = CARTESIAN_POINT('',(2.108399639463,-10.7));
#461 = ( GEOMETRIC_REPRESENTATION_CONTEXT(2) 
PARAMETRIC_REPRESENTATION_CONTEXT() REPRESENTATION_CONTEXT('2D SPACE',''
  ) );
#462 = ORIENTED_EDGE('',*,*,#463,.T.);
#463 = EDGE_CURVE('',#436,#464,#466,.T.);
#464 = VERTEX_POINT('',#465);
#465 = CARTESIAN_POINT('',(-13.97819730866,-2.5,1.));
#466 = SURFACE_CURVE('',#467,(#485,#506),.PCURVE_S1.);
#467 = B_SPLINE_CURVE_WITH_KNOTS('',6,(#468,#469,#470,#471,#472,#473,
    #474,#475,#476,#477,#478,#479,#480,#481,#482,#483,#484),
  .UNSPECIFIED.,.F.,.F.,(7,5,5,7),(0.,0.460928803226,0.729016951107,1.),
  .UNSPECIFIED.);
#468 = CARTESIAN_POINT('',(-13.09160036053,-5.5,4.));
#469 = CARTESIAN_POINT('',(-13.09160036053,-5.5,3.677306524139));
#470 = CARTESIAN_POINT('',(-13.10909947065,-5.458348424456,
    3.355014694477));
#471 = CARTESIAN_POINT('',(-13.14401492854,-5.375232839678,
    3.037345015265));
#472 = CARTESIAN_POINT('',(-13.19539297119,-5.250172136424,
    2.728700585072));
#473 = CARTESIAN_POINT('',(-13.26128895602,-5.082227608647,
    2.434281501227));
#474 = CARTESIAN_POINT('',(-13.383585102,-4.747298432671,2.002493409361)
  );
#475 = CARTESIAN_POINT('',(-13.432472751,-4.609175374802,1.850781351363)
  );
#476 = CARTESIAN_POINT('',(-13.48467749135,-4.455866063249,
    1.707604896787));
#477 = CARTESIAN_POINT('',(-13.53945425064,-4.287180801673,
    1.574712048287));
#478 = CARTESIAN_POINT('',(-13.59587277176,-4.103072532596,
    1.454218074366));
#479 = CARTESIAN_POINT('',(-13.71045094505,-3.702354430837,
    1.242048760984));
#480 = CARTESIAN_POINT('',(-13.76899844715,-3.484100617109,
    1.150002973898));
#481 = CARTESIAN_POINT('',(-13.82670212365,-3.251343523501,
    1.076897006991));
#482 = CARTESIAN_POINT('',(-13.88170323818,-3.007210116036,
    1.026095676421));
#483 = CARTESIAN_POINT('',(-13.93251541441,-2.755420212491,1.));
#484 = CARTESIAN_POINT('',(-13.97819730866,-2.5,1.));
#485 = PCURVE('',#32,#486);
#486 = DEFINITIONAL_REPRESENTATION('',(#487),#505);
#487 = B_SPLINE_CURVE_WITH_KNOTS('',6,(#488,#489,#490,#491,#492,#493,
    #494,#495,#496,#497,#498,#499,#500,#501,#502,#503,#504),
  .UNSPECIFIED.,.F.,.F.,(7,5,5,7),(0.,0.460928803226,0.729016951107,1.),
  .UNSPECIFIED.);
#488 = CARTESIAN_POINT('',(3.539319845749,39.));
#489 = CARTESIAN_POINT('',(3.539319845749,38.677306524139));
#490 = CARTESIAN_POINT('',(3.536138280648,38.355014694477));
#491 = CARTESIAN_POINT('',(3.529789583094,38.037345015265));
#492 = CARTESIAN_POINT('',(3.52026853759,37.728700585072));
#493 = CARTESIAN_POINT('',(3.507567233174,37.434281501227));
#494 = CARTESIAN_POINT('',(3.482457485941,37.002493409361));
#495 = CARTESIAN_POINT('',(3.472139716389,36.850781351363));
#496 = CARTESIAN_POINT('',(3.460735815837,36.707604896787));
#497 = CARTESIAN_POINT('',(3.448248197905,36.574712048287));
#498 = CARTESIAN_POINT('',(3.434690129539,36.454218074366));
#499 = CARTESIAN_POINT('',(3.405339629219,36.242048760984));
#500 = CARTESIAN_POINT('',(3.389428371751,36.150002973898));
#501 = CARTESIAN_POINT('',(3.372545702715,36.076897006991));
#502 = CARTESIAN_POINT('',(3.354928885529,36.026095676421));
#503 = CARTESIAN_POINT('',(3.336844176449,36.));
#504 = CARTESIAN_POINT('',(3.31857141875,36.));
#505 = ( GEOMETRIC_REPRESENTATION_CONTEXT(2) 
PARAMETRIC_REPRESENTATION_CONTEXT() REPRESENTATION_CONTEXT('2D SPACE',''
  ) );
#506 = PCURVE('',#507,#512);
#507 = CYLINDRICAL_SURFACE('',#508,3.);
#508 = AXIS2_PLACEMENT_3D('',#509,#510,#511);
#509 = CARTESIAN_POINT('',(-15.2,-2.5,4.));
#510 = DIRECTION('',(1.,0.,0.));
#511 = DIRECTION('',(0.,-1.,-0.));
#512 = DEFINITIONAL_REPRESENTATION('',(#513),#531);
#513 = B_SPLINE_CURVE_WITH_KNOTS('',6,(#514,#515,#516,#517,#518,#519,
    #520,#521,#522,#523,#524,#525,#526,#527,#528,#529,#530),
  .UNSPECIFIED.,.F.,.F.,(7,5,5,7),(0.,0.460928803226,0.729016951107,1.),
  .UNSPECIFIED.);
#514 = CARTESIAN_POINT('',(0.,2.108399639463));
#515 = CARTESIAN_POINT('',(0.107564491954,2.108399639463));
#516 = CARTESIAN_POINT('',(0.214996141946,2.090900529343));
#517 = CARTESIAN_POINT('',(0.323121323928,2.05598507146));
#518 = CARTESIAN_POINT('',(0.432708029963,2.004607028809));
#519 = CARTESIAN_POINT('',(0.544566058686,1.938711043978));
#520 = CARTESIAN_POINT('',(0.726719385187,1.816414897991));
#521 = CARTESIAN_POINT('',(0.794896999836,1.767527248995));
#522 = CARTESIAN_POINT('',(0.86446967283,1.715322508641));
#523 = CARTESIAN_POINT('',(0.935654577804,1.660545749352));
#524 = CARTESIAN_POINT('',(1.008685084409,1.604127228234));
#525 = CARTESIAN_POINT('',(1.15982549544,1.489549054944));
#526 = CARTESIAN_POINT('',(1.238477541231,1.43100155285));
#527 = CARTESIAN_POINT('',(1.319237411226,1.373297876347));
#528 = CARTESIAN_POINT('',(1.40172633049,1.31829676182));
#529 = CARTESIAN_POINT('',(1.485656255964,1.267484585582));
#530 = CARTESIAN_POINT('',(1.570796326795,1.221802691334));
#531 = ( GEOMETRIC_REPRESENTATION_CONTEXT(2) 
PARAMETRIC_REPRESENTATION_CONTEXT() REPRESENTATION_CONTEXT('2D SPACE',''
  ) );
#532 = ORIENTED_EDGE('',*,*,#533,.F.);
#533 = EDGE_CURVE('',#534,#464,#536,.T.);
#534 = VERTEX_POINT('',#535);
#535 = CARTESIAN_POINT('',(-13.97819730866,2.5,1.));
#536 = SURFACE_CURVE('',#537,(#542,#549),.PCURVE_S1.);
#537 = CIRCLE('',#538,14.2);
#538 = AXIS2_PLACEMENT_3D('',#539,#540,#541);
#539 = CARTESIAN_POINT('',(0.,0.,1.));
#540 = DIRECTION('',(0.,0.,1.));
#541 = DIRECTION('',(1.,0.,-0.));
#542 = PCURVE('',#32,#543);
#543 = DEFINITIONAL_REPRESENTATION('',(#544),#548);
#544 = LINE('',#545,#546);
#545 = CARTESIAN_POINT('',(0.,36.));
#546 = VECTOR('',#547,1.);
#547 = DIRECTION('',(1.,0.));
#548 = ( GEOMETRIC_REPRESENTATION_CONTEXT(2) 
PARAMETRIC_REPRESENTATION_CONTEXT() REPRESENTATION_CONTEXT('2D SPACE',''
  ) );
#549 = PCURVE('',#550,#555);
#550 = PLANE('',#551);
#551 = AXIS2_PLACEMENT_3D('',#552,#553,#554);
#552 = CARTESIAN_POINT('',(-7.6,0.,1.));
#553 = DIRECTION('',(0.,0.,1.));
#554 = DIRECTION('',(1.,0.,-0.));
#555 = DEFINITIONAL_REPRESENTATION('',(#556),#560);
#556 = CIRCLE('',#557,14.2);
#557 = AXIS2_PLACEMENT_2D('',#558,#559);
#558 = CARTESIAN_POINT('',(7.6,0.));
#559 = DIRECTION('',(1.,0.));
#560 = ( GEOMETRIC_REPRESENTATION_CONTEXT(2) 
PARAMETRIC_REPRESENTATION_CONTEXT() REPRESENTATION_CONTEXT('2D SPACE',''
  ) );
#561 = ORIENTED_EDGE('',*,*,#562,.F.);
#562 = EDGE_CURVE('',#563,#534,#565,.T.);
#563 = VERTEX_POINT('',#564);
#564 = CARTESIAN_POINT('',(-13.09160036053,5.5,4.));
#565 = SURFACE_CURVE('',#566,(#581,#599),.PCURVE_S1.);
#566 = B_SPLINE_CURVE_WITH_KNOTS('',7,(#567,#568,#569,#570,#571,#572,
    #573,#574,#575,#576,#577,#578,#579,#580),.UNSPECIFIED.,.F.,.F.,(8,6,
    8),(0.,0.585180195556,1.),.UNSPECIFIED.);
#567 = CARTESIAN_POINT('',(-13.09160036053,5.5,4.));
#568 = CARTESIAN_POINT('',(-13.09160036053,5.5,3.649405905845));
#569 = CARTESIAN_POINT('',(-13.11168210157,5.452198942011,3.299648797032
    ));
#570 = CARTESIAN_POINT('',(-13.1516739502,5.357010025619,2.955359107332)
  );
#571 = CARTESIAN_POINT('',(-13.21053231741,5.213822985974,2.621349145602
    ));
#572 = CARTESIAN_POINT('',(-13.28622994365,5.021481738065,2.303502975577
    ));
#573 = CARTESIAN_POINT('',(-13.37545095309,4.778458178185,2.009323375459
    ));
#574 = CARTESIAN_POINT('',(-13.54294870117,4.275155803206,1.565602644098
    ));
#575 = CARTESIAN_POINT('',(-13.61800101241,4.037038379907,1.395836341232
    ));
#576 = CARTESIAN_POINT('',(-13.69619374353,3.77079045382,1.247955974401)
  );
#577 = CARTESIAN_POINT('',(-13.77435817987,3.479224402059,1.128800049433
    ));
#578 = CARTESIAN_POINT('',(-13.84916016633,3.16648942412,1.044406184901)
  );
#579 = CARTESIAN_POINT('',(-13.91776076184,2.837917590432,1.));
#580 = CARTESIAN_POINT('',(-13.97819730866,2.5,1.));
#581 = PCURVE('',#32,#582);
#582 = DEFINITIONAL_REPRESENTATION('',(#583),#598);
#583 = B_SPLINE_CURVE_WITH_KNOTS('',7,(#584,#585,#586,#587,#588,#589,
    #590,#591,#592,#593,#594,#595,#596,#597),.UNSPECIFIED.,.F.,.F.,(8,6,
    8),(0.,0.585180195556,1.),.UNSPECIFIED.);
#584 = CARTESIAN_POINT('',(2.74386546143,39.));
#585 = CARTESIAN_POINT('',(2.74386546143,38.649405905845));
#586 = CARTESIAN_POINT('',(2.74751673656,38.299648797032));
#587 = CARTESIAN_POINT('',(2.754787737452,37.955359107332));
#588 = CARTESIAN_POINT('',(2.76568974899,37.621349145602));
#589 = CARTESIAN_POINT('',(2.780242297456,37.303502975577));
#590 = CARTESIAN_POINT('',(2.798465019928,37.009323375459));
#591 = CARTESIAN_POINT('',(2.835820094394,36.565602644098));
#592 = CARTESIAN_POINT('',(2.853399916175,36.395836341232));
#593 = CARTESIAN_POINT('',(2.872935369727,36.247955974401));
#594 = CARTESIAN_POINT('',(2.89418126809,36.128800049433));
#595 = CARTESIAN_POINT('',(2.91681129185,36.044406184901));
#596 = CARTESIAN_POINT('',(2.940439269703,36.));
#597 = CARTESIAN_POINT('',(2.96461388843,36.));
#598 = ( GEOMETRIC_REPRESENTATION_CONTEXT(2) 
PARAMETRIC_REPRESENTATION_CONTEXT() REPRESENTATION_CONTEXT('2D SPACE',''
  ) );
#599 = PCURVE('',#600,#605);
#600 = CYLINDRICAL_SURFACE('',#601,3.);
#601 = AXIS2_PLACEMENT_3D('',#602,#603,#604);
#602 = CARTESIAN_POINT('',(0.,2.5,4.));
#603 = DIRECTION('',(-1.,0.,0.));
#604 = DIRECTION('',(0.,1.,-0.));
#605 = DEFINITIONAL_REPRESENTATION('',(#606),#621);
#606 = B_SPLINE_CURVE_WITH_KNOTS('',7,(#607,#608,#609,#610,#611,#612,
    #613,#614,#615,#616,#617,#618,#619,#620),.UNSPECIFIED.,.F.,.F.,(8,6,
    8),(0.,0.585180195556,1.),.UNSPECIFIED.);
#607 = CARTESIAN_POINT('',(0.,13.091600360537));
#608 = CARTESIAN_POINT('',(0.116864698052,13.091600360537));
#609 = CARTESIAN_POINT('',(0.233450160829,13.111682101574));
#610 = CARTESIAN_POINT('',(0.350821425525,13.151673950207));
#611 = CARTESIAN_POINT('',(0.469920391653,13.210532317412));
#612 = CARTESIAN_POINT('',(0.59173697078,13.286229943657));
#613 = CARTESIAN_POINT('',(0.717350473364,13.375450953092));
#614 = CARTESIAN_POINT('',(0.941007295825,13.542948701179));
#615 = CARTESIAN_POINT('',(1.037968251501,13.618001012411));
#616 = CARTESIAN_POINT('',(1.138442950646,13.69619374353));
#617 = CARTESIAN_POINT('',(1.242054085975,13.77435817987));
#618 = CARTESIAN_POINT('',(1.348633173776,13.849160166335));
#619 = CARTESIAN_POINT('',(1.458157129984,13.917760761848));
#620 = CARTESIAN_POINT('',(1.570796326795,13.978197308666));
#621 = ( GEOMETRIC_REPRESENTATION_CONTEXT(2) 
PARAMETRIC_REPRESENTATION_CONTEXT() REPRESENTATION_CONTEXT('2D SPACE',''
  ) );
#622 = ORIENTED_EDGE('',*,*,#623,.T.);
#623 = EDGE_CURVE('',#563,#624,#626,.T.);
#624 = VERTEX_POINT('',#625);
#625 = CARTESIAN_POINT('',(-13.09160036053,5.5,11.));
#626 = SURFACE_CURVE('',#627,(#631,#637),.PCURVE_S1.);
#627 = LINE('',#628,#629);
#628 = CARTESIAN_POINT('',(-13.09160036053,5.5,-35.));
#629 = VECTOR('',#630,1.);
#630 = DIRECTION('',(0.,0.,1.));
#631 = PCURVE('',#32,#632);
#632 = DEFINITIONAL_REPRESENTATION('',(#633),#636);
#633 = B_SPLINE_CURVE_WITH_KNOTS('',1,(#634,#635),.UNSPECIFIED.,.F.,.F.,
  (2,2),(38.3,46.7),.PIECEWISE_BEZIER_KNOTS.);
#634 = CARTESIAN_POINT('',(2.74386546143,38.3));
#635 = CARTESIAN_POINT('',(2.74386546143,46.7));
#636 = ( GEOMETRIC_REPRESENTATION_CONTEXT(2) 
PARAMETRIC_REPRESENTATION_CONTEXT() REPRESENTATION_CONTEXT('2D SPACE',''
  ) );
#637 = PCURVE('',#638,#643);
#638 = PLANE('',#639);
#639 = AXIS2_PLACEMENT_3D('',#640,#641,#642);
#640 = CARTESIAN_POINT('',(0.,5.5,1.));
#641 = DIRECTION('',(0.,-1.,0.));
#642 = DIRECTION('',(-1.,0.,0.));
#643 = DEFINITIONAL_REPRESENTATION('',(#644),#647);
#644 = B_SPLINE_CURVE_WITH_KNOTS('',1,(#645,#646),.UNSPECIFIED.,.F.,.F.,
  (2,2),(38.3,46.7),.PIECEWISE_BEZIER_KNOTS.);
#645 = CARTESIAN_POINT('',(13.091600360537,-2.3));
#646 = CARTESIAN_POINT('',(13.091600360537,-10.7));
#647 = ( GEOMETRIC_REPRESENTATION_CONTEXT(2) 
PARAMETRIC_REPRESENTATION_CONTEXT() REPRESENTATION_CONTEXT('2D SPACE',''
  ) );
#648 = ORIENTED_EDGE('',*,*,#649,.T.);
#649 = EDGE_CURVE('',#624,#650,#652,.T.);
#650 = VERTEX_POINT('',#651);
#651 = CARTESIAN_POINT('',(-13.97819730866,2.5,14.));
#652 = SURFACE_CURVE('',#653,(#668,#686),.PCURVE_S1.);
#653 = B_SPLINE_CURVE_WITH_KNOTS('',7,(#654,#655,#656,#657,#658,#659,
    #660,#661,#662,#663,#664,#665,#666,#667),.UNSPECIFIED.,.F.,.F.,(8,6,
    8),(0.,0.585180198282,1.),.UNSPECIFIED.);
#654 = CARTESIAN_POINT('',(-13.09160036053,5.5,11.));
#655 = CARTESIAN_POINT('',(-13.09160036053,5.5,11.350594097749));
#656 = CARTESIAN_POINT('',(-13.11168210057,5.452198944847,
    11.700351189377));
#657 = CARTESIAN_POINT('',(-13.15167395341,5.357010016429,
    12.044640916274));
#658 = CARTESIAN_POINT('',(-13.21053231294,5.213822998914,
    12.378650831899));
#659 = CARTESIAN_POINT('',(-13.28622994682,5.021481728731,
    12.696497036092));
#660 = CARTESIAN_POINT('',(-13.37545095207,4.778458181234,
    12.990676621853));
#661 = CARTESIAN_POINT('',(-13.54294870111,4.275155803389,
    13.434397355741));
#662 = CARTESIAN_POINT('',(-13.6180010124,4.037038379943,13.604163658807
    ));
#663 = CARTESIAN_POINT('',(-13.69619374358,3.770790453644,
    13.752044025717));
#664 = CARTESIAN_POINT('',(-13.7743581799,3.479224401869,13.871199950591
    ));
#665 = CARTESIAN_POINT('',(-13.84916016631,3.166489424155,
    13.955593815035));
#666 = CARTESIAN_POINT('',(-13.9177607618,2.837917590676,14.));
#667 = CARTESIAN_POINT('',(-13.97819730866,2.5,14.));
#668 = PCURVE('',#32,#669);
#669 = DEFINITIONAL_REPRESENTATION('',(#670),#685);
#670 = B_SPLINE_CURVE_WITH_KNOTS('',7,(#671,#672,#673,#674,#675,#676,
    #677,#678,#679,#680,#681,#682,#683,#684),.UNSPECIFIED.,.F.,.F.,(8,6,
    8),(0.,0.585180198282,1.),.UNSPECIFIED.);
#671 = CARTESIAN_POINT('',(2.74386546143,46.));
#672 = CARTESIAN_POINT('',(2.74386546143,46.350594097749));
#673 = CARTESIAN_POINT('',(2.747516736348,46.700351189377));
#674 = CARTESIAN_POINT('',(2.754787738137,47.044640916274));
#675 = CARTESIAN_POINT('',(2.765689748025,47.378650831899));
#676 = CARTESIAN_POINT('',(2.780242298151,47.696497036092));
#677 = CARTESIAN_POINT('',(2.798465019702,47.990676621853));
#678 = CARTESIAN_POINT('',(2.835820094381,48.434397355741));
#679 = CARTESIAN_POINT('',(2.853399916173,48.604163658807));
#680 = CARTESIAN_POINT('',(2.87293536974,48.752044025717));
#681 = CARTESIAN_POINT('',(2.894181268103,48.871199950591));
#682 = CARTESIAN_POINT('',(2.916811291848,48.955593815035));
#683 = CARTESIAN_POINT('',(2.940439269685,49.));
#684 = CARTESIAN_POINT('',(2.96461388843,49.));
#685 = ( GEOMETRIC_REPRESENTATION_CONTEXT(2) 
PARAMETRIC_REPRESENTATION_CONTEXT() REPRESENTATION_CONTEXT('2D SPACE',''
  ) );
#686 = PCURVE('',#687,#692);
#687 = CYLINDRICAL_SURFACE('',#688,3.);
#688 = AXIS2_PLACEMENT_3D('',#689,#690,#691);
#689 = CARTESIAN_POINT('',(0.,2.5,11.));
#690 = DIRECTION('',(-1.,0.,0.));
#691 = DIRECTION('',(0.,1.,-0.));
#692 = DEFINITIONAL_REPRESENTATION('',(#693),#708);
#693 = B_SPLINE_CURVE_WITH_KNOTS('',7,(#694,#695,#696,#697,#698,#699,
    #700,#701,#702,#703,#704,#705,#706,#707),.UNSPECIFIED.,.F.,.F.,(8,6,
    8),(0.,0.585180198282,1.),.UNSPECIFIED.);
#694 = CARTESIAN_POINT('',(0.,13.091600360537));
#695 = CARTESIAN_POINT('',(-0.11686469925,13.091600360537));
#696 = CARTESIAN_POINT('',(-0.233450155945,13.111682100574));
#697 = CARTESIAN_POINT('',(-0.350821434583,13.151673953418));
#698 = CARTESIAN_POINT('',(-0.469920382402,13.210532312946));
#699 = CARTESIAN_POINT('',(-0.591736975998,13.286229946827));
#700 = CARTESIAN_POINT('',(-0.717350472009,13.375450952078));
#701 = CARTESIAN_POINT('',(-0.941007295744,13.542948701119));
#702 = CARTESIAN_POINT('',(-1.037968251501,13.618001012406));
#703 = CARTESIAN_POINT('',(-1.138442950713,13.696193743589));
#704 = CARTESIAN_POINT('',(-1.242054086034,13.774358179909));
#705 = CARTESIAN_POINT('',(-1.348633173764,13.849160166315));
#706 = CARTESIAN_POINT('',(-1.458157129903,13.917760761804));
#707 = CARTESIAN_POINT('',(-1.570796326795,13.978197308666));
#708 = ( GEOMETRIC_REPRESENTATION_CONTEXT(2) 
PARAMETRIC_REPRESENTATION_CONTEXT() REPRESENTATION_CONTEXT('2D SPACE',''
  ) );
#709 = ORIENTED_EDGE('',*,*,#710,.T.);
#710 = EDGE_CURVE('',#650,#711,#713,.T.);
#711 = VERTEX_POINT('',#712);
#712 = CARTESIAN_POINT('',(-13.97819730866,-2.5,14.));
#713 = SURFACE_CURVE('',#714,(#719,#726),.PCURVE_S1.);
#714 = CIRCLE('',#715,14.2);
#715 = AXIS2_PLACEMENT_3D('',#716,#717,#718);
#716 = CARTESIAN_POINT('',(0.,0.,14.));
#717 = DIRECTION('',(0.,0.,1.));
#718 = DIRECTION('',(1.,0.,-0.));
#719 = PCURVE('',#32,#720);
#720 = DEFINITIONAL_REPRESENTATION('',(#721),#725);
#721 = LINE('',#722,#723);
#722 = CARTESIAN_POINT('',(0.,49.));
#723 = VECTOR('',#724,1.);
#724 = DIRECTION('',(1.,0.));
#725 = ( GEOMETRIC_REPRESENTATION_CONTEXT(2) 
PARAMETRIC_REPRESENTATION_CONTEXT() REPRESENTATION_CONTEXT('2D SPACE',''
  ) );
#726 = PCURVE('',#727,#732);
#727 = PLANE('',#728);
#728 = AXIS2_PLACEMENT_3D('',#729,#730,#731);
#729 = CARTESIAN_POINT('',(-7.6,0.,14.));
#730 = DIRECTION('',(0.,0.,1.));
#731 = DIRECTION('',(1.,0.,-0.));
#732 = DEFINITIONAL_REPRESENTATION('',(#733),#737);
#733 = CIRCLE('',#734,14.2);
#734 = AXIS2_PLACEMENT_2D('',#735,#736);
#735 = CARTESIAN_POINT('',(7.6,0.));
#736 = DIRECTION('',(1.,0.));
#737 = ( GEOMETRIC_REPRESENTATION_CONTEXT(2) 
PARAMETRIC_REPRESENTATION_CONTEXT() REPRESENTATION_CONTEXT('2D SPACE',''
  ) );
#738 = ORIENTED_EDGE('',*,*,#739,.F.);
#739 = EDGE_CURVE('',#438,#711,#740,.T.);
#740 = SURFACE_CURVE('',#741,(#759,#780),.PCURVE_S1.);
#741 = B_SPLINE_CURVE_WITH_KNOTS('',6,(#742,#743,#744,#745,#746,#747,
    #748,#749,#750,#751,#752,#753,#754,#755,#756,#757,#758),
  .UNSPECIFIED.,.F.,.F.,(7,5,5,7),(0.,0.46092880292,0.729016950624,1.),
  .UNSPECIFIED.);
#742 = CARTESIAN_POINT('',(-13.09160036053,-5.5,11.));
#743 = CARTESIAN_POINT('',(-13.09160036053,-5.5,11.322693475861));
#744 = CARTESIAN_POINT('',(-13.10909947065,-5.458348424456,
    11.644985305523));
#745 = CARTESIAN_POINT('',(-13.14401492854,-5.375232839678,
    11.962654984735));
#746 = CARTESIAN_POINT('',(-13.19539297119,-5.250172136424,
    12.271299414928));
#747 = CARTESIAN_POINT('',(-13.26128895602,-5.082227608647,
    12.565718498773));
#748 = CARTESIAN_POINT('',(-13.383585102,-4.747298432671,12.997506590639
    ));
#749 = CARTESIAN_POINT('',(-13.432472751,-4.609175374802,13.149218648637
    ));
#750 = CARTESIAN_POINT('',(-13.48467749135,-4.455866063249,
    13.292395103213));
#751 = CARTESIAN_POINT('',(-13.53945425064,-4.287180801673,
    13.425287951713));
#752 = CARTESIAN_POINT('',(-13.59587277176,-4.103072532596,
    13.545781925634));
#753 = CARTESIAN_POINT('',(-13.71045094519,-3.702354430345,
    13.757951239277));
#754 = CARTESIAN_POINT('',(-13.76899844709,-3.484100617244,
    13.849997025918));
#755 = CARTESIAN_POINT('',(-13.82670212352,-3.251343524033,
    13.923102992877));
#756 = CARTESIAN_POINT('',(-13.88170323818,-3.007210116176,
    13.973904323691));
#757 = CARTESIAN_POINT('',(-13.93251541451,-2.755420211933,14.));
#758 = CARTESIAN_POINT('',(-13.97819730866,-2.5,14.));
#759 = PCURVE('',#32,#760);
#760 = DEFINITIONAL_REPRESENTATION('',(#761),#779);
#761 = B_SPLINE_CURVE_WITH_KNOTS('',6,(#762,#763,#764,#765,#766,#767,
    #768,#769,#770,#771,#772,#773,#774,#775,#776,#777,#778),
  .UNSPECIFIED.,.F.,.F.,(7,5,5,7),(0.,0.46092880292,0.729016950624,1.),
  .UNSPECIFIED.);
#762 = CARTESIAN_POINT('',(3.539319845749,46.));
#763 = CARTESIAN_POINT('',(3.539319845749,46.322693475861));
#764 = CARTESIAN_POINT('',(3.536138280648,46.644985305523));
#765 = CARTESIAN_POINT('',(3.529789583094,46.962654984735));
#766 = CARTESIAN_POINT('',(3.52026853759,47.271299414928));
#767 = CARTESIAN_POINT('',(3.507567233174,47.565718498773));
#768 = CARTESIAN_POINT('',(3.482457485941,47.997506590639));
#769 = CARTESIAN_POINT('',(3.472139716389,48.149218648637));
#770 = CARTESIAN_POINT('',(3.460735815837,48.292395103213));
#771 = CARTESIAN_POINT('',(3.448248197905,48.425287951713));
#772 = CARTESIAN_POINT('',(3.434690129539,48.545781925634));
#773 = CARTESIAN_POINT('',(3.405339629183,48.757951239277));
#774 = CARTESIAN_POINT('',(3.389428371761,48.849997025918));
#775 = CARTESIAN_POINT('',(3.372545702753,48.923102992877));
#776 = CARTESIAN_POINT('',(3.354928885539,48.973904323691));
#777 = CARTESIAN_POINT('',(3.336844176409,49.));
#778 = CARTESIAN_POINT('',(3.31857141875,49.));
#779 = ( GEOMETRIC_REPRESENTATION_CONTEXT(2) 
PARAMETRIC_REPRESENTATION_CONTEXT() REPRESENTATION_CONTEXT('2D SPACE',''
  ) );
#780 = PCURVE('',#781,#786);
#781 = CYLINDRICAL_SURFACE('',#782,3.);
#782 = AXIS2_PLACEMENT_3D('',#783,#784,#785);
#783 = CARTESIAN_POINT('',(-15.2,-2.5,11.));
#784 = DIRECTION('',(1.,0.,0.));
#785 = DIRECTION('',(0.,-1.,-0.));
#786 = DEFINITIONAL_REPRESENTATION('',(#787),#805);
#787 = B_SPLINE_CURVE_WITH_KNOTS('',6,(#788,#789,#790,#791,#792,#793,
    #794,#795,#796,#797,#798,#799,#800,#801,#802,#803,#804),
  .UNSPECIFIED.,.F.,.F.,(7,5,5,7),(0.,0.46092880292,0.729016950624,1.),
  .UNSPECIFIED.);
#788 = CARTESIAN_POINT('',(0.,2.108399639463));
#789 = CARTESIAN_POINT('',(-0.107564491954,2.108399639463));
#790 = CARTESIAN_POINT('',(-0.214996141946,2.090900529343));
#791 = CARTESIAN_POINT('',(-0.323121323928,2.05598507146));
#792 = CARTESIAN_POINT('',(-0.432708029963,2.004607028809));
#793 = CARTESIAN_POINT('',(-0.544566058686,1.938711043978));
#794 = CARTESIAN_POINT('',(-0.726719385187,1.816414897991));
#795 = CARTESIAN_POINT('',(-0.794896999836,1.767527248995));
#796 = CARTESIAN_POINT('',(-0.86446967283,1.715322508641));
#797 = CARTESIAN_POINT('',(-0.935654577804,1.660545749352));
#798 = CARTESIAN_POINT('',(-1.008685084409,1.604127228234));
#799 = CARTESIAN_POINT('',(-1.159825495625,1.489549054804));
#800 = CARTESIAN_POINT('',(-1.238477541162,1.431001552908));
#801 = CARTESIAN_POINT('',(-1.319237411055,1.373297876476));
#802 = CARTESIAN_POINT('',(-1.401726330443,1.31829676182));
#803 = CARTESIAN_POINT('',(-1.485656256151,1.267484585482));
#804 = CARTESIAN_POINT('',(-1.570796326795,1.221802691334));
#805 = ( GEOMETRIC_REPRESENTATION_CONTEXT(2) 
PARAMETRIC_REPRESENTATION_CONTEXT() REPRESENTATION_CONTEXT('2D SPACE',''
  ) );
#806 = ADVANCED_FACE('',(#807),#96,.F.);
#807 = FACE_BOUND('',#808,.F.);
#808 = EDGE_LOOP('',(#809,#840,#861,#862,#863,#886));
#809 = ORIENTED_EDGE('',*,*,#810,.F.);
#810 = EDGE_CURVE('',#811,#813,#815,.T.);
#811 = VERTEX_POINT('',#812);
#812 = CARTESIAN_POINT('',(10.08910303248,-1.5,-4.));
#813 = VERTEX_POINT('',#814);
#814 = CARTESIAN_POINT('',(10.2,-2.498279470261E-15,-4.));
#815 = SURFACE_CURVE('',#816,(#821,#828),.PCURVE_S1.);
#816 = CIRCLE('',#817,10.2);
#817 = AXIS2_PLACEMENT_3D('',#818,#819,#820);
#818 = CARTESIAN_POINT('',(0.,0.,-4.));
#819 = DIRECTION('',(0.,0.,1.));
#820 = DIRECTION('',(1.,0.,-0.));
#821 = PCURVE('',#96,#822);
#822 = DEFINITIONAL_REPRESENTATION('',(#823),#827);
#823 = CIRCLE('',#824,10.2);
#824 = AXIS2_PLACEMENT_2D('',#825,#826);
#825 = CARTESIAN_POINT('',(-14.1,0.));
#826 = DIRECTION('',(1.,0.));
#827 = ( GEOMETRIC_REPRESENTATION_CONTEXT(2) 
PARAMETRIC_REPRESENTATION_CONTEXT() REPRESENTATION_CONTEXT('2D SPACE',''
  ) );
#828 = PCURVE('',#829,#834);
#829 = CYLINDRICAL_SURFACE('',#830,10.2);
#830 = AXIS2_PLACEMENT_3D('',#831,#832,#833);
#831 = CARTESIAN_POINT('',(0.,0.,-36.));
#832 = DIRECTION('',(0.,0.,1.));
#833 = DIRECTION('',(1.,0.,-0.));
#834 = DEFINITIONAL_REPRESENTATION('',(#835),#839);
#835 = LINE('',#836,#837);
#836 = CARTESIAN_POINT('',(0.,32.));
#837 = VECTOR('',#838,1.);
#838 = DIRECTION('',(1.,0.));
#839 = ( GEOMETRIC_REPRESENTATION_CONTEXT(2) 
PARAMETRIC_REPRESENTATION_CONTEXT() REPRESENTATION_CONTEXT('2D SPACE',''
  ) );
#840 = ORIENTED_EDGE('',*,*,#841,.T.);
#841 = EDGE_CURVE('',#811,#391,#842,.T.);
#842 = SURFACE_CURVE('',#843,(#847,#854),.PCURVE_S1.);
#843 = LINE('',#844,#845);
#844 = CARTESIAN_POINT('',(0.,-1.5,-4.));
#845 = VECTOR('',#846,1.);
#846 = DIRECTION('',(1.,0.,0.));
#847 = PCURVE('',#96,#848);
#848 = DEFINITIONAL_REPRESENTATION('',(#849),#853);
#849 = LINE('',#850,#851);
#850 = CARTESIAN_POINT('',(-14.1,-1.5));
#851 = VECTOR('',#852,1.);
#852 = DIRECTION('',(1.,0.));
#853 = ( GEOMETRIC_REPRESENTATION_CONTEXT(2) 
PARAMETRIC_REPRESENTATION_CONTEXT() REPRESENTATION_CONTEXT('2D SPACE',''
  ) );
#854 = PCURVE('',#289,#855);
#855 = DEFINITIONAL_REPRESENTATION('',(#856),#860);
#856 = LINE('',#857,#858);
#857 = CARTESIAN_POINT('',(0.,-32.));
#858 = VECTOR('',#859,1.);
#859 = DIRECTION('',(1.,0.));
#860 = ( GEOMETRIC_REPRESENTATION_CONTEXT(2) 
PARAMETRIC_REPRESENTATION_CONTEXT() REPRESENTATION_CONTEXT('2D SPACE',''
  ) );
#861 = ORIENTED_EDGE('',*,*,#411,.T.);
#862 = ORIENTED_EDGE('',*,*,#79,.T.);
#863 = ORIENTED_EDGE('',*,*,#864,.T.);
#864 = EDGE_CURVE('',#80,#865,#867,.T.);
#865 = VERTEX_POINT('',#866);
#866 = CARTESIAN_POINT('',(10.08910303248,1.5,-4.));
#867 = SURFACE_CURVE('',#868,(#872,#879),.PCURVE_S1.);
#868 = LINE('',#869,#870);
#869 = CARTESIAN_POINT('',(28.2,1.5,-4.));
#870 = VECTOR('',#871,1.);
#871 = DIRECTION('',(-1.,0.,0.));
#872 = PCURVE('',#96,#873);
#873 = DEFINITIONAL_REPRESENTATION('',(#874),#878);
#874 = LINE('',#875,#876);
#875 = CARTESIAN_POINT('',(14.1,1.5));
#876 = VECTOR('',#877,1.);
#877 = DIRECTION('',(-1.,0.));
#878 = ( GEOMETRIC_REPRESENTATION_CONTEXT(2) 
PARAMETRIC_REPRESENTATION_CONTEXT() REPRESENTATION_CONTEXT('2D SPACE',''
  ) );
#879 = PCURVE('',#123,#880);
#880 = DEFINITIONAL_REPRESENTATION('',(#881),#885);
#881 = LINE('',#882,#883);
#882 = CARTESIAN_POINT('',(0.,-32.));
#883 = VECTOR('',#884,1.);
#884 = DIRECTION('',(1.,0.));
#885 = ( GEOMETRIC_REPRESENTATION_CONTEXT(2) 
PARAMETRIC_REPRESENTATION_CONTEXT() REPRESENTATION_CONTEXT('2D SPACE',''
  ) );
#886 = ORIENTED_EDGE('',*,*,#887,.F.);
#887 = EDGE_CURVE('',#813,#865,#888,.T.);
#888 = SURFACE_CURVE('',#889,(#894,#901),.PCURVE_S1.);
#889 = CIRCLE('',#890,10.2);
#890 = AXIS2_PLACEMENT_3D('',#891,#892,#893);
#891 = CARTESIAN_POINT('',(0.,0.,-4.));
#892 = DIRECTION('',(0.,0.,1.));
#893 = DIRECTION('',(1.,0.,-0.));
#894 = PCURVE('',#96,#895);
#895 = DEFINITIONAL_REPRESENTATION('',(#896),#900);
#896 = CIRCLE('',#897,10.2);
#897 = AXIS2_PLACEMENT_2D('',#898,#899);
#898 = CARTESIAN_POINT('',(-14.1,0.));
#899 = DIRECTION('',(1.,0.));
#900 = ( GEOMETRIC_REPRESENTATION_CONTEXT(2) 
PARAMETRIC_REPRESENTATION_CONTEXT() REPRESENTATION_CONTEXT('2D SPACE',''
  ) );
#901 = PCURVE('',#829,#902);
#902 = DEFINITIONAL_REPRESENTATION('',(#903),#907);
#903 = LINE('',#904,#905);
#904 = CARTESIAN_POINT('',(0.,32.));
#905 = VECTOR('',#906,1.);
#906 = DIRECTION('',(1.,0.));
#907 = ( GEOMETRIC_REPRESENTATION_CONTEXT(2) 
PARAMETRIC_REPRESENTATION_CONTEXT() REPRESENTATION_CONTEXT('2D SPACE',''
  ) );
#908 = ADVANCED_FACE('',(#909,#1020),#289,.T.);
#909 = FACE_BOUND('',#910,.T.);
#910 = EDGE_LOOP('',(#911,#932,#933,#934,#955,#981,#1000,#1001));
#911 = ORIENTED_EDGE('',*,*,#912,.T.);
#912 = EDGE_CURVE('',#913,#811,#915,.T.);
#913 = VERTEX_POINT('',#914);
#914 = CARTESIAN_POINT('',(10.08910303248,-1.5,-35.));
#915 = SURFACE_CURVE('',#916,(#920,#926),.PCURVE_S1.);
#916 = LINE('',#917,#918);
#917 = CARTESIAN_POINT('',(10.08910303248,-1.5,-36.));
#918 = VECTOR('',#919,1.);
#919 = DIRECTION('',(0.,0.,1.));
#920 = PCURVE('',#289,#921);
#921 = DEFINITIONAL_REPRESENTATION('',(#922),#925);
#922 = B_SPLINE_CURVE_WITH_KNOTS('',1,(#923,#924),.UNSPECIFIED.,.F.,.F.,
  (2,2),(0.9999994,35.2),.PIECEWISE_BEZIER_KNOTS.);
#923 = CARTESIAN_POINT('',(10.08910303248,-0.9999994));
#924 = CARTESIAN_POINT('',(10.08910303248,-35.2));
#925 = ( GEOMETRIC_REPRESENTATION_CONTEXT(2) 
PARAMETRIC_REPRESENTATION_CONTEXT() REPRESENTATION_CONTEXT('2D SPACE',''
  ) );
#926 = PCURVE('',#829,#927);
#927 = DEFINITIONAL_REPRESENTATION('',(#928),#931);
#928 = B_SPLINE_CURVE_WITH_KNOTS('',1,(#929,#930),.UNSPECIFIED.,.F.,.F.,
  (2,2),(0.9999994,35.2),.PIECEWISE_BEZIER_KNOTS.);
#929 = CARTESIAN_POINT('',(6.135591201521,0.9999994));
#930 = CARTESIAN_POINT('',(6.135591201521,35.2));
#931 = ( GEOMETRIC_REPRESENTATION_CONTEXT(2) 
PARAMETRIC_REPRESENTATION_CONTEXT() REPRESENTATION_CONTEXT('2D SPACE',''
  ) );
#932 = ORIENTED_EDGE('',*,*,#841,.T.);
#933 = ORIENTED_EDGE('',*,*,#390,.F.);
#934 = ORIENTED_EDGE('',*,*,#935,.T.);
#935 = EDGE_CURVE('',#358,#936,#938,.T.);
#936 = VERTEX_POINT('',#937);
#937 = CARTESIAN_POINT('',(27.2,-1.5,-16.));
#938 = SURFACE_CURVE('',#939,(#943,#949),.PCURVE_S1.);
#939 = LINE('',#940,#941);
#940 = CARTESIAN_POINT('',(22.633421750663,-1.5,-12.86047745358));
#941 = VECTOR('',#942,1.);
#942 = DIRECTION('',(0.824041924199,0.,-0.566528822887));
#943 = PCURVE('',#289,#944);
#944 = DEFINITIONAL_REPRESENTATION('',(#945),#948);
#945 = B_SPLINE_CURVE_WITH_KNOTS('',1,(#946,#947),.UNSPECIFIED.,.F.,.F.,
  (2,2),(-12.83386666028,5.541681940241),.PIECEWISE_BEZIER_KNOTS.);
#946 = CARTESIAN_POINT('',(12.057777573002,-30.41027791856));
#947 = CARTESIAN_POINT('',(27.2,-20.));
#948 = ( GEOMETRIC_REPRESENTATION_CONTEXT(2) 
PARAMETRIC_REPRESENTATION_CONTEXT() REPRESENTATION_CONTEXT('2D SPACE',''
  ) );
#949 = PCURVE('',#378,#950);
#950 = DEFINITIONAL_REPRESENTATION('',(#951),#954);
#951 = B_SPLINE_CURVE_WITH_KNOTS('',1,(#952,#953),.UNSPECIFIED.,.F.,.F.,
  (2,2),(-12.83386666028,5.541681940241),.PIECEWISE_BEZIER_KNOTS.);
#952 = CARTESIAN_POINT('',(18.375548600527,-1.5));
#953 = CARTESIAN_POINT('',(0.,-1.5));
#954 = ( GEOMETRIC_REPRESENTATION_CONTEXT(2) 
PARAMETRIC_REPRESENTATION_CONTEXT() REPRESENTATION_CONTEXT('2D SPACE',''
  ) );
#955 = ORIENTED_EDGE('',*,*,#956,.T.);
#956 = EDGE_CURVE('',#936,#957,#959,.T.);
#957 = VERTEX_POINT('',#958);
#958 = CARTESIAN_POINT('',(27.2,-1.5,-32.));
#959 = SURFACE_CURVE('',#960,(#964,#970),.PCURVE_S1.);
#960 = LINE('',#961,#962);
#961 = CARTESIAN_POINT('',(27.2,-1.5,-34.));
#962 = VECTOR('',#963,1.);
#963 = DIRECTION('',(0.,0.,-1.));
#964 = PCURVE('',#289,#965);
#965 = DEFINITIONAL_REPRESENTATION('',(#966),#969);
#966 = B_SPLINE_CURVE_WITH_KNOTS('',1,(#967,#968),.UNSPECIFIED.,.F.,.F.,
  (2,2),(-18.,-2.),.PIECEWISE_BEZIER_KNOTS.);
#967 = CARTESIAN_POINT('',(27.2,-20.));
#968 = CARTESIAN_POINT('',(27.2,-4.));
#969 = ( GEOMETRIC_REPRESENTATION_CONTEXT(2) 
PARAMETRIC_REPRESENTATION_CONTEXT() REPRESENTATION_CONTEXT('2D SPACE',''
  ) );
#970 = PCURVE('',#971,#976);
#971 = PLANE('',#972);
#972 = AXIS2_PLACEMENT_3D('',#973,#974,#975);
#973 = CARTESIAN_POINT('',(27.2,-7.5,-32.));
#974 = DIRECTION('',(-1.,0.,0.));
#975 = DIRECTION('',(0.,1.,0.));
#976 = DEFINITIONAL_REPRESENTATION('',(#977),#980);
#977 = B_SPLINE_CURVE_WITH_KNOTS('',1,(#978,#979),.UNSPECIFIED.,.F.,.F.,
  (2,2),(-18.,-2.),.PIECEWISE_BEZIER_KNOTS.);
#978 = CARTESIAN_POINT('',(6.,-16.));
#979 = CARTESIAN_POINT('',(6.,0.));
#980 = ( GEOMETRIC_REPRESENTATION_CONTEXT(2) 
PARAMETRIC_REPRESENTATION_CONTEXT() REPRESENTATION_CONTEXT('2D SPACE',''
  ) );
#981 = ORIENTED_EDGE('',*,*,#982,.T.);
#982 = EDGE_CURVE('',#957,#275,#983,.T.);
#983 = SURFACE_CURVE('',#984,(#988,#994),.PCURVE_S1.);
#984 = LINE('',#985,#986);
#985 = CARTESIAN_POINT('',(9.6,-1.5,-32.));
#986 = VECTOR('',#987,1.);
#987 = DIRECTION('',(-1.,0.,0.));
#988 = PCURVE('',#289,#989);
#989 = DEFINITIONAL_REPRESENTATION('',(#990),#993);
#990 = B_SPLINE_CURVE_WITH_KNOTS('',1,(#991,#992),.UNSPECIFIED.,.F.,.F.,
  (2,2),(-17.6,-2.457777573002),.PIECEWISE_BEZIER_KNOTS.);
#991 = CARTESIAN_POINT('',(27.2,-4.));
#992 = CARTESIAN_POINT('',(12.057777573002,-4.));
#993 = ( GEOMETRIC_REPRESENTATION_CONTEXT(2) 
PARAMETRIC_REPRESENTATION_CONTEXT() REPRESENTATION_CONTEXT('2D SPACE',''
  ) );
#994 = PCURVE('',#317,#995);
#995 = DEFINITIONAL_REPRESENTATION('',(#996),#999);
#996 = B_SPLINE_CURVE_WITH_KNOTS('',1,(#997,#998),.UNSPECIFIED.,.F.,.F.,
  (2,2),(-17.6,-2.457777573002),.PIECEWISE_BEZIER_KNOTS.);
#997 = CARTESIAN_POINT('',(8.,-1.5));
#998 = CARTESIAN_POINT('',(-7.142222426998,-1.5));
#999 = ( GEOMETRIC_REPRESENTATION_CONTEXT(2) 
PARAMETRIC_REPRESENTATION_CONTEXT() REPRESENTATION_CONTEXT('2D SPACE',''
  ) );
#1000 = ORIENTED_EDGE('',*,*,#274,.F.);
#1001 = ORIENTED_EDGE('',*,*,#1002,.T.);
#1002 = EDGE_CURVE('',#246,#913,#1003,.T.);
#1003 = SURFACE_CURVE('',#1004,(#1008,#1014),.PCURVE_S1.);
#1004 = LINE('',#1005,#1006);
#1005 = CARTESIAN_POINT('',(0.,-1.5,-35.));
#1006 = VECTOR('',#1007,1.);
#1007 = DIRECTION('',(-1.,0.,0.));
#1008 = PCURVE('',#289,#1009);
#1009 = DEFINITIONAL_REPRESENTATION('',(#1010),#1013);
#1010 = B_SPLINE_CURVE_WITH_KNOTS('',1,(#1011,#1012),.UNSPECIFIED.,.F.,
  .F.,(2,2),(-14.2,0.),.PIECEWISE_BEZIER_KNOTS.);
#1011 = CARTESIAN_POINT('',(14.2,-1.));
#1012 = CARTESIAN_POINT('',(0.,-1.));
#1013 = ( GEOMETRIC_REPRESENTATION_CONTEXT(2) 
PARAMETRIC_REPRESENTATION_CONTEXT() REPRESENTATION_CONTEXT('2D SPACE',''
  ) );
#1014 = PCURVE('',#262,#1015);
#1015 = DEFINITIONAL_REPRESENTATION('',(#1016),#1019);
#1016 = B_SPLINE_CURVE_WITH_KNOTS('',1,(#1017,#1018),.UNSPECIFIED.,.F.,
  .F.,(2,2),(-14.2,0.),.PIECEWISE_BEZIER_KNOTS.);
#1017 = CARTESIAN_POINT('',(14.2,-1.5));
#1018 = CARTESIAN_POINT('',(0.,-1.5));
#1019 = ( GEOMETRIC_REPRESENTATION_CONTEXT(2) 
PARAMETRIC_REPRESENTATION_CONTEXT() REPRESENTATION_CONTEXT('2D SPACE',''
  ) );
#1020 = FACE_BOUND('',#1021,.T.);
#1021 = EDGE_LOOP('',(#1022));
#1022 = ORIENTED_EDGE('',*,*,#1023,.F.);
#1023 = EDGE_CURVE('',#1024,#1024,#1026,.T.);
#1024 = VERTEX_POINT('',#1025);
#1025 = CARTESIAN_POINT('',(21.7,-1.5,-21.8));
#1026 = SURFACE_CURVE('',#1027,(#1032,#1039),.PCURVE_S1.);
#1027 = CIRCLE('',#1028,2.2);
#1028 = AXIS2_PLACEMENT_3D('',#1029,#1030,#1031);
#1029 = CARTESIAN_POINT('',(21.7,-1.5,-24.));
#1030 = DIRECTION('',(0.,1.,0.));
#1031 = DIRECTION('',(0.,-0.,1.));
#1032 = PCURVE('',#289,#1033);
#1033 = DEFINITIONAL_REPRESENTATION('',(#1034),#1038);
#1034 = CIRCLE('',#1035,2.2);
#1035 = AXIS2_PLACEMENT_2D('',#1036,#1037);
#1036 = CARTESIAN_POINT('',(21.7,-12.));
#1037 = DIRECTION('',(0.,-1.));
#1038 = ( GEOMETRIC_REPRESENTATION_CONTEXT(2) 
PARAMETRIC_REPRESENTATION_CONTEXT() REPRESENTATION_CONTEXT('2D SPACE',''
  ) );
#1039 = PCURVE('',#1040,#1045);
#1040 = CYLINDRICAL_SURFACE('',#1041,2.2);
#1041 = AXIS2_PLACEMENT_3D('',#1042,#1043,#1044);
#1042 = CARTESIAN_POINT('',(21.7,-8.5,-24.));
#1043 = DIRECTION('',(0.,1.,0.));
#1044 = DIRECTION('',(0.,-0.,1.));
#1045 = DEFINITIONAL_REPRESENTATION('',(#1046),#1050);
#1046 = LINE('',#1047,#1048);
#1047 = CARTESIAN_POINT('',(0.,7.));
#1048 = VECTOR('',#1049,1.);
#1049 = DIRECTION('',(1.,0.));
#1050 = ( GEOMETRIC_REPRESENTATION_CONTEXT(2) 
PARAMETRIC_REPRESENTATION_CONTEXT() REPRESENTATION_CONTEXT('2D SPACE',''
  ) );
#1051 = ADVANCED_FACE('',(#1052),#378,.F.);
#1052 = FACE_BOUND('',#1053,.F.);
#1053 = EDGE_LOOP('',(#1054,#1077,#1098,#1099));
#1054 = ORIENTED_EDGE('',*,*,#1055,.F.);
#1055 = EDGE_CURVE('',#1056,#936,#1058,.T.);
#1056 = VERTEX_POINT('',#1057);
#1057 = CARTESIAN_POINT('',(27.2,-7.5,-16.));
#1058 = SURFACE_CURVE('',#1059,(#1063,#1070),.PCURVE_S1.);
#1059 = LINE('',#1060,#1061);
#1060 = CARTESIAN_POINT('',(27.2,-7.5,-16.));
#1061 = VECTOR('',#1062,1.);
#1062 = DIRECTION('',(0.,1.,0.));
#1063 = PCURVE('',#378,#1064);
#1064 = DEFINITIONAL_REPRESENTATION('',(#1065),#1069);
#1065 = LINE('',#1066,#1067);
#1066 = CARTESIAN_POINT('',(0.,-7.5));
#1067 = VECTOR('',#1068,1.);
#1068 = DIRECTION('',(0.,1.));
#1069 = ( GEOMETRIC_REPRESENTATION_CONTEXT(2) 
PARAMETRIC_REPRESENTATION_CONTEXT() REPRESENTATION_CONTEXT('2D SPACE',''
  ) );
#1070 = PCURVE('',#971,#1071);
#1071 = DEFINITIONAL_REPRESENTATION('',(#1072),#1076);
#1072 = LINE('',#1073,#1074);
#1073 = CARTESIAN_POINT('',(0.,-16.));
#1074 = VECTOR('',#1075,1.);
#1075 = DIRECTION('',(1.,0.));
#1076 = ( GEOMETRIC_REPRESENTATION_CONTEXT(2) 
PARAMETRIC_REPRESENTATION_CONTEXT() REPRESENTATION_CONTEXT('2D SPACE',''
  ) );
#1077 = ORIENTED_EDGE('',*,*,#1078,.T.);
#1078 = EDGE_CURVE('',#1056,#330,#1079,.T.);
#1079 = SURFACE_CURVE('',#1080,(#1084,#1091),.PCURVE_S1.);
#1080 = LINE('',#1081,#1082);
#1081 = CARTESIAN_POINT('',(27.2,-7.5,-16.));
#1082 = VECTOR('',#1083,1.);
#1083 = DIRECTION('',(-0.824041924199,0.,0.566528822887));
#1084 = PCURVE('',#378,#1085);
#1085 = DEFINITIONAL_REPRESENTATION('',(#1086),#1090);
#1086 = LINE('',#1087,#1088);
#1087 = CARTESIAN_POINT('',(0.,-7.5));
#1088 = VECTOR('',#1089,1.);
#1089 = DIRECTION('',(1.,0.));
#1090 = ( GEOMETRIC_REPRESENTATION_CONTEXT(2) 
PARAMETRIC_REPRESENTATION_CONTEXT() REPRESENTATION_CONTEXT('2D SPACE',''
  ) );
#1091 = PCURVE('',#345,#1092);
#1092 = DEFINITIONAL_REPRESENTATION('',(#1093),#1097);
#1093 = LINE('',#1094,#1095);
#1094 = CARTESIAN_POINT('',(16.,-16.));
#1095 = VECTOR('',#1096,1.);
#1096 = DIRECTION('',(-0.824041924199,-0.566528822887));
#1097 = ( GEOMETRIC_REPRESENTATION_CONTEXT(2) 
PARAMETRIC_REPRESENTATION_CONTEXT() REPRESENTATION_CONTEXT('2D SPACE',''
  ) );
#1098 = ORIENTED_EDGE('',*,*,#357,.F.);
#1099 = ORIENTED_EDGE('',*,*,#935,.T.);
#1100 = ADVANCED_FACE('',(#1101,#1149),#345,.F.);
#1101 = FACE_BOUND('',#1102,.F.);
#1102 = EDGE_LOOP('',(#1103,#1126,#1127,#1128));
#1103 = ORIENTED_EDGE('',*,*,#1104,.F.);
#1104 = EDGE_CURVE('',#301,#1105,#1107,.T.);
#1105 = VERTEX_POINT('',#1106);
#1106 = CARTESIAN_POINT('',(27.2,-7.5,-32.));
#1107 = SURFACE_CURVE('',#1108,(#1112,#1119),.PCURVE_S1.);
#1108 = LINE('',#1109,#1110);
#1109 = CARTESIAN_POINT('',(11.2,-7.5,-32.));
#1110 = VECTOR('',#1111,1.);
#1111 = DIRECTION('',(1.,0.,0.));
#1112 = PCURVE('',#345,#1113);
#1113 = DEFINITIONAL_REPRESENTATION('',(#1114),#1118);
#1114 = LINE('',#1115,#1116);
#1115 = CARTESIAN_POINT('',(0.,0.));
#1116 = VECTOR('',#1117,1.);
#1117 = DIRECTION('',(1.,0.));
#1118 = ( GEOMETRIC_REPRESENTATION_CONTEXT(2) 
PARAMETRIC_REPRESENTATION_CONTEXT() REPRESENTATION_CONTEXT('2D SPACE',''
  ) );
#1119 = PCURVE('',#317,#1120);
#1120 = DEFINITIONAL_REPRESENTATION('',(#1121),#1125);
#1121 = LINE('',#1122,#1123);
#1122 = CARTESIAN_POINT('',(-8.,-7.5));
#1123 = VECTOR('',#1124,1.);
#1124 = DIRECTION('',(1.,0.));
#1125 = ( GEOMETRIC_REPRESENTATION_CONTEXT(2) 
PARAMETRIC_REPRESENTATION_CONTEXT() REPRESENTATION_CONTEXT('2D SPACE',''
  ) );
#1126 = ORIENTED_EDGE('',*,*,#329,.T.);
#1127 = ORIENTED_EDGE('',*,*,#1078,.F.);
#1128 = ORIENTED_EDGE('',*,*,#1129,.F.);
#1129 = EDGE_CURVE('',#1105,#1056,#1130,.T.);
#1130 = SURFACE_CURVE('',#1131,(#1135,#1142),.PCURVE_S1.);
#1131 = LINE('',#1132,#1133);
#1132 = CARTESIAN_POINT('',(27.2,-7.5,-32.));
#1133 = VECTOR('',#1134,1.);
#1134 = DIRECTION('',(0.,0.,1.));
#1135 = PCURVE('',#345,#1136);
#1136 = DEFINITIONAL_REPRESENTATION('',(#1137),#1141);
#1137 = LINE('',#1138,#1139);
#1138 = CARTESIAN_POINT('',(16.,0.));
#1139 = VECTOR('',#1140,1.);
#1140 = DIRECTION('',(0.,-1.));
#1141 = ( GEOMETRIC_REPRESENTATION_CONTEXT(2) 
PARAMETRIC_REPRESENTATION_CONTEXT() REPRESENTATION_CONTEXT('2D SPACE',''
  ) );
#1142 = PCURVE('',#971,#1143);
#1143 = DEFINITIONAL_REPRESENTATION('',(#1144),#1148);
#1144 = LINE('',#1145,#1146);
#1145 = CARTESIAN_POINT('',(0.,0.));
#1146 = VECTOR('',#1147,1.);
#1147 = DIRECTION('',(0.,-1.));
#1148 = ( GEOMETRIC_REPRESENTATION_CONTEXT(2) 
PARAMETRIC_REPRESENTATION_CONTEXT() REPRESENTATION_CONTEXT('2D SPACE',''
  ) );
#1149 = FACE_BOUND('',#1150,.F.);
#1150 = EDGE_LOOP('',(#1151,#1179,#1205,#1231,#1257,#1283));
#1151 = ORIENTED_EDGE('',*,*,#1152,.T.);
#1152 = EDGE_CURVE('',#1153,#1155,#1157,.T.);
#1153 = VERTEX_POINT('',#1154);
#1154 = CARTESIAN_POINT('',(23.778460978165,-7.5,-27.60000001573));
#1155 = VERTEX_POINT('',#1156);
#1156 = CARTESIAN_POINT('',(25.856921956331,-7.5,-24.));
#1157 = SURFACE_CURVE('',#1158,(#1162,#1168),.PCURVE_S1.);
#1158 = LINE('',#1159,#1160);
#1159 = CARTESIAN_POINT('',(21.253525415138,-7.5,-31.97331669673));
#1160 = VECTOR('',#1161,1.);
#1161 = DIRECTION('',(0.5,-0.,0.866025403784));
#1162 = PCURVE('',#345,#1163);
#1163 = DEFINITIONAL_REPRESENTATION('',(#1164),#1167);
#1164 = B_SPLINE_CURVE_WITH_KNOTS('',1,(#1165,#1166),.UNSPECIFIED.,.F.,
  .F.,(2,2),(5.049871126055,9.206793082386),.PIECEWISE_BEZIER_KNOTS.);
#1165 = CARTESIAN_POINT('',(12.578460978165,-4.399999984268));
#1166 = CARTESIAN_POINT('',(14.656921956331,-8.));
#1167 = ( GEOMETRIC_REPRESENTATION_CONTEXT(2) 
PARAMETRIC_REPRESENTATION_CONTEXT() REPRESENTATION_CONTEXT('2D SPACE',''
  ) );
#1168 = PCURVE('',#1169,#1174);
#1169 = PLANE('',#1170);
#1170 = AXIS2_PLACEMENT_3D('',#1171,#1172,#1173);
#1171 = CARTESIAN_POINT('',(23.778460978165,-4.5,-27.60000001573));
#1172 = DIRECTION('',(-0.866025403784,0.,0.5));
#1173 = DIRECTION('',(0.5,0.,0.866025403784));
#1174 = DEFINITIONAL_REPRESENTATION('',(#1175),#1178);
#1175 = B_SPLINE_CURVE_WITH_KNOTS('',1,(#1176,#1177),.UNSPECIFIED.,.F.,
  .F.,(2,2),(5.049871126055,9.206793082386),.PIECEWISE_BEZIER_KNOTS.);
#1176 = CARTESIAN_POINT('',(0.,-3.));
#1177 = CARTESIAN_POINT('',(4.156921956331,-3.));
#1178 = ( GEOMETRIC_REPRESENTATION_CONTEXT(2) 
PARAMETRIC_REPRESENTATION_CONTEXT() REPRESENTATION_CONTEXT('2D SPACE',''
  ) );
#1179 = ORIENTED_EDGE('',*,*,#1180,.T.);
#1180 = EDGE_CURVE('',#1155,#1181,#1183,.T.);
#1181 = VERTEX_POINT('',#1182);
#1182 = CARTESIAN_POINT('',(23.778460978165,-7.5,-20.39999998426));
#1183 = SURFACE_CURVE('',#1184,(#1188,#1194),.PCURVE_S1.);
#1184 = LINE('',#1185,#1186);
#1185 = CARTESIAN_POINT('',(25.756857519358,-7.5,-23.82668331113));
#1186 = VECTOR('',#1187,1.);
#1187 = DIRECTION('',(-0.5,0.,0.866025403784));
#1188 = PCURVE('',#345,#1189);
#1189 = DEFINITIONAL_REPRESENTATION('',(#1190),#1193);
#1190 = B_SPLINE_CURVE_WITH_KNOTS('',1,(#1191,#1192),.UNSPECIFIED.,.F.,
  .F.,(2,2),(-0.200128873945,3.956793082386),.PIECEWISE_BEZIER_KNOTS.);
#1191 = CARTESIAN_POINT('',(14.656921956331,-8.));
#1192 = CARTESIAN_POINT('',(12.578460978165,-11.60000001573));
#1193 = ( GEOMETRIC_REPRESENTATION_CONTEXT(2) 
PARAMETRIC_REPRESENTATION_CONTEXT() REPRESENTATION_CONTEXT('2D SPACE',''
  ) );
#1194 = PCURVE('',#1195,#1200);
#1195 = PLANE('',#1196);
#1196 = AXIS2_PLACEMENT_3D('',#1197,#1198,#1199);
#1197 = CARTESIAN_POINT('',(25.856921956331,-4.5,-24.));
#1198 = DIRECTION('',(-0.866025403784,-0.,-0.5));
#1199 = DIRECTION('',(-0.5,0.,0.866025403784));
#1200 = DEFINITIONAL_REPRESENTATION('',(#1201),#1204);
#1201 = B_SPLINE_CURVE_WITH_KNOTS('',1,(#1202,#1203),.UNSPECIFIED.,.F.,
  .F.,(2,2),(-0.200128873945,3.956793082386),.PIECEWISE_BEZIER_KNOTS.);
#1202 = CARTESIAN_POINT('',(0.,-3.));
#1203 = CARTESIAN_POINT('',(4.156921956331,-3.));
#1204 = ( GEOMETRIC_REPRESENTATION_CONTEXT(2) 
PARAMETRIC_REPRESENTATION_CONTEXT() REPRESENTATION_CONTEXT('2D SPACE',''
  ) );
#1205 = ORIENTED_EDGE('',*,*,#1206,.T.);
#1206 = EDGE_CURVE('',#1181,#1207,#1209,.T.);
#1207 = VERTEX_POINT('',#1208);
#1208 = CARTESIAN_POINT('',(19.621539021835,-7.5,-20.39999998426));
#1209 = SURFACE_CURVE('',#1210,(#1214,#1220),.PCURVE_S1.);
#1210 = LINE('',#1211,#1212);
#1211 = CARTESIAN_POINT('',(17.489230489083,-7.5,-20.39999998426));
#1212 = VECTOR('',#1213,1.);
#1213 = DIRECTION('',(-1.,0.,1.068312598878E-16));
#1214 = PCURVE('',#345,#1215);
#1215 = DEFINITIONAL_REPRESENTATION('',(#1216),#1219);
#1216 = B_SPLINE_CURVE_WITH_KNOTS('',1,(#1217,#1218),.UNSPECIFIED.,.F.,
  .F.,(2,2),(-6.289230489083,-2.132308532752),.PIECEWISE_BEZIER_KNOTS.);
#1217 = CARTESIAN_POINT('',(12.578460978165,-11.60000001573));
#1218 = CARTESIAN_POINT('',(8.421539021835,-11.60000001573));
#1219 = ( GEOMETRIC_REPRESENTATION_CONTEXT(2) 
PARAMETRIC_REPRESENTATION_CONTEXT() REPRESENTATION_CONTEXT('2D SPACE',''
  ) );
#1220 = PCURVE('',#1221,#1226);
#1221 = PLANE('',#1222);
#1222 = AXIS2_PLACEMENT_3D('',#1223,#1224,#1225);
#1223 = CARTESIAN_POINT('',(23.778460978165,-4.5,-20.39999998426));
#1224 = DIRECTION('',(-1.068312598878E-16,-0.,-1.));
#1225 = DIRECTION('',(-1.,0.,1.068312598878E-16));
#1226 = DEFINITIONAL_REPRESENTATION('',(#1227),#1230);
#1227 = B_SPLINE_CURVE_WITH_KNOTS('',1,(#1228,#1229),.UNSPECIFIED.,.F.,
  .F.,(2,2),(-6.289230489083,-2.132308532752),.PIECEWISE_BEZIER_KNOTS.);
#1228 = CARTESIAN_POINT('',(0.,-3.));
#1229 = CARTESIAN_POINT('',(4.156921956331,-3.));
#1230 = ( GEOMETRIC_REPRESENTATION_CONTEXT(2) 
PARAMETRIC_REPRESENTATION_CONTEXT() REPRESENTATION_CONTEXT('2D SPACE',''
  ) );
#1231 = ORIENTED_EDGE('',*,*,#1232,.T.);
#1232 = EDGE_CURVE('',#1207,#1233,#1235,.T.);
#1233 = VERTEX_POINT('',#1234);
#1234 = CARTESIAN_POINT('',(17.543078043669,-7.5,-24.));
#1235 = SURFACE_CURVE('',#1236,(#1240,#1246),.PCURVE_S1.);
#1236 = LINE('',#1237,#1238);
#1237 = CARTESIAN_POINT('',(16.057372969724,-7.5,-26.57331667313));
#1238 = VECTOR('',#1239,1.);
#1239 = DIRECTION('',(-0.5,0.,-0.866025403784));
#1240 = PCURVE('',#345,#1241);
#1241 = DEFINITIONAL_REPRESENTATION('',(#1242),#1245);
#1242 = B_SPLINE_CURVE_WITH_KNOTS('',1,(#1243,#1244),.UNSPECIFIED.,.F.,
  .F.,(2,2),(-7.12833210422,-2.97141014789),.PIECEWISE_BEZIER_KNOTS.);
#1243 = CARTESIAN_POINT('',(8.421539021835,-11.60000001573));
#1244 = CARTESIAN_POINT('',(6.343078043669,-8.));
#1245 = ( GEOMETRIC_REPRESENTATION_CONTEXT(2) 
PARAMETRIC_REPRESENTATION_CONTEXT() REPRESENTATION_CONTEXT('2D SPACE',''
  ) );
#1246 = PCURVE('',#1247,#1252);
#1247 = PLANE('',#1248);
#1248 = AXIS2_PLACEMENT_3D('',#1249,#1250,#1251);
#1249 = CARTESIAN_POINT('',(19.621539021835,-4.5,-20.39999998426));
#1250 = DIRECTION('',(0.866025403784,0.,-0.5));
#1251 = DIRECTION('',(-0.5,-0.,-0.866025403784));
#1252 = DEFINITIONAL_REPRESENTATION('',(#1253),#1256);
#1253 = B_SPLINE_CURVE_WITH_KNOTS('',1,(#1254,#1255),.UNSPECIFIED.,.F.,
  .F.,(2,2),(-7.12833210422,-2.97141014789),.PIECEWISE_BEZIER_KNOTS.);
#1254 = CARTESIAN_POINT('',(0.,-3.));
#1255 = CARTESIAN_POINT('',(4.156921956331,-3.));
#1256 = ( GEOMETRIC_REPRESENTATION_CONTEXT(2) 
PARAMETRIC_REPRESENTATION_CONTEXT() REPRESENTATION_CONTEXT('2D SPACE',''
  ) );
#1257 = ORIENTED_EDGE('',*,*,#1258,.T.);
#1258 = EDGE_CURVE('',#1233,#1259,#1261,.T.);
#1259 = VERTEX_POINT('',#1260);
#1260 = CARTESIAN_POINT('',(19.621539021835,-7.5,-27.60000001573));
#1261 = SURFACE_CURVE('',#1262,(#1266,#1272),.PCURVE_S1.);
#1262 = LINE('',#1263,#1264);
#1263 = CARTESIAN_POINT('',(18.48224409578,-7.5,-25.62668331899));
#1264 = VECTOR('',#1265,1.);
#1265 = DIRECTION('',(0.5,0.,-0.866025403784));
#1266 = PCURVE('',#345,#1267);
#1267 = DEFINITIONAL_REPRESENTATION('',(#1268),#1271);
#1268 = B_SPLINE_CURVE_WITH_KNOTS('',1,(#1269,#1270),.UNSPECIFIED.,.F.,
  .F.,(2,2),(-1.87833210422,2.27858985211),.PIECEWISE_BEZIER_KNOTS.);
#1269 = CARTESIAN_POINT('',(6.343078043669,-8.));
#1270 = CARTESIAN_POINT('',(8.421539021835,-4.399999984268));
#1271 = ( GEOMETRIC_REPRESENTATION_CONTEXT(2) 
PARAMETRIC_REPRESENTATION_CONTEXT() REPRESENTATION_CONTEXT('2D SPACE',''
  ) );
#1272 = PCURVE('',#1273,#1278);
#1273 = PLANE('',#1274);
#1274 = AXIS2_PLACEMENT_3D('',#1275,#1276,#1277);
#1275 = CARTESIAN_POINT('',(17.543078043669,-4.5,-24.));
#1276 = DIRECTION('',(0.866025403784,0.,0.5));
#1277 = DIRECTION('',(0.5,0.,-0.866025403784));
#1278 = DEFINITIONAL_REPRESENTATION('',(#1279),#1282);
#1279 = B_SPLINE_CURVE_WITH_KNOTS('',1,(#1280,#1281),.UNSPECIFIED.,.F.,
  .F.,(2,2),(-1.87833210422,2.27858985211),.PIECEWISE_BEZIER_KNOTS.);
#1280 = CARTESIAN_POINT('',(0.,-3.));
#1281 = CARTESIAN_POINT('',(4.156921956331,-3.));
#1282 = ( GEOMETRIC_REPRESENTATION_CONTEXT(2) 
PARAMETRIC_REPRESENTATION_CONTEXT() REPRESENTATION_CONTEXT('2D SPACE',''
  ) );
#1283 = ORIENTED_EDGE('',*,*,#1284,.T.);
#1284 = EDGE_CURVE('',#1259,#1153,#1285,.T.);
#1285 = SURFACE_CURVE('',#1286,(#1290,#1296),.PCURVE_S1.);
#1286 = LINE('',#1287,#1288);
#1287 = CARTESIAN_POINT('',(15.410769510917,-7.5,-27.60000001573));
#1288 = VECTOR('',#1289,1.);
#1289 = DIRECTION('',(1.,0.,-5.34156299439E-16));
#1290 = PCURVE('',#345,#1291);
#1291 = DEFINITIONAL_REPRESENTATION('',(#1292),#1295);
#1292 = B_SPLINE_CURVE_WITH_KNOTS('',1,(#1293,#1294),.UNSPECIFIED.,.F.,
  .F.,(2,2),(4.210769510917,8.367691467248),.PIECEWISE_BEZIER_KNOTS.);
#1293 = CARTESIAN_POINT('',(8.421539021835,-4.399999984268));
#1294 = CARTESIAN_POINT('',(12.578460978165,-4.399999984268));
#1295 = ( GEOMETRIC_REPRESENTATION_CONTEXT(2) 
PARAMETRIC_REPRESENTATION_CONTEXT() REPRESENTATION_CONTEXT('2D SPACE',''
  ) );
#1296 = PCURVE('',#1297,#1302);
#1297 = PLANE('',#1298);
#1298 = AXIS2_PLACEMENT_3D('',#1299,#1300,#1301);
#1299 = CARTESIAN_POINT('',(19.621539021835,-4.5,-27.60000001573));
#1300 = DIRECTION('',(5.34156299439E-16,0.,1.));
#1301 = DIRECTION('',(1.,0.,-5.34156299439E-16));
#1302 = DEFINITIONAL_REPRESENTATION('',(#1303),#1306);
#1303 = B_SPLINE_CURVE_WITH_KNOTS('',1,(#1304,#1305),.UNSPECIFIED.,.F.,
  .F.,(2,2),(4.210769510917,8.367691467248),.PIECEWISE_BEZIER_KNOTS.);
#1304 = CARTESIAN_POINT('',(0.,-3.));
#1305 = CARTESIAN_POINT('',(4.156921956331,-3.));
#1306 = ( GEOMETRIC_REPRESENTATION_CONTEXT(2) 
PARAMETRIC_REPRESENTATION_CONTEXT() REPRESENTATION_CONTEXT('2D SPACE',''
  ) );
#1307 = ADVANCED_FACE('',(#1308),#317,.F.);
#1308 = FACE_BOUND('',#1309,.F.);
#1309 = EDGE_LOOP('',(#1310,#1311,#1312,#1333));
#1310 = ORIENTED_EDGE('',*,*,#300,.F.);
#1311 = ORIENTED_EDGE('',*,*,#1104,.T.);
#1312 = ORIENTED_EDGE('',*,*,#1313,.T.);
#1313 = EDGE_CURVE('',#1105,#957,#1314,.T.);
#1314 = SURFACE_CURVE('',#1315,(#1319,#1326),.PCURVE_S1.);
#1315 = LINE('',#1316,#1317);
#1316 = CARTESIAN_POINT('',(27.2,-7.5,-32.));
#1317 = VECTOR('',#1318,1.);
#1318 = DIRECTION('',(0.,1.,0.));
#1319 = PCURVE('',#317,#1320);
#1320 = DEFINITIONAL_REPRESENTATION('',(#1321),#1325);
#1321 = LINE('',#1322,#1323);
#1322 = CARTESIAN_POINT('',(8.,-7.5));
#1323 = VECTOR('',#1324,1.);
#1324 = DIRECTION('',(0.,1.));
#1325 = ( GEOMETRIC_REPRESENTATION_CONTEXT(2) 
PARAMETRIC_REPRESENTATION_CONTEXT() REPRESENTATION_CONTEXT('2D SPACE',''
  ) );
#1326 = PCURVE('',#971,#1327);
#1327 = DEFINITIONAL_REPRESENTATION('',(#1328),#1332);
#1328 = LINE('',#1329,#1330);
#1329 = CARTESIAN_POINT('',(0.,0.));
#1330 = VECTOR('',#1331,1.);
#1331 = DIRECTION('',(1.,0.));
#1332 = ( GEOMETRIC_REPRESENTATION_CONTEXT(2) 
PARAMETRIC_REPRESENTATION_CONTEXT() REPRESENTATION_CONTEXT('2D SPACE',''
  ) );
#1333 = ORIENTED_EDGE('',*,*,#982,.T.);
#1334 = ADVANCED_FACE('',(#1335),#262,.F.);
#1335 = FACE_BOUND('',#1336,.F.);
#1336 = EDGE_LOOP('',(#1337,#1358,#1359,#1360));
#1337 = ORIENTED_EDGE('',*,*,#1338,.T.);
#1338 = EDGE_CURVE('',#1339,#225,#1341,.T.);
#1339 = VERTEX_POINT('',#1340);
#1340 = CARTESIAN_POINT('',(10.08910303248,1.5,-35.));
#1341 = SURFACE_CURVE('',#1342,(#1346,#1352),.PCURVE_S1.);
#1342 = LINE('',#1343,#1344);
#1343 = CARTESIAN_POINT('',(14.1,1.5,-35.));
#1344 = VECTOR('',#1345,1.);
#1345 = DIRECTION('',(1.,0.,-0.));
#1346 = PCURVE('',#262,#1347);
#1347 = DEFINITIONAL_REPRESENTATION('',(#1348),#1351);
#1348 = B_SPLINE_CURVE_WITH_KNOTS('',1,(#1349,#1350),.UNSPECIFIED.,.F.,
  .F.,(2,2),(-14.1,1.E-01),.PIECEWISE_BEZIER_KNOTS.);
#1349 = CARTESIAN_POINT('',(0.,1.5));
#1350 = CARTESIAN_POINT('',(14.2,1.5));
#1351 = ( GEOMETRIC_REPRESENTATION_CONTEXT(2) 
PARAMETRIC_REPRESENTATION_CONTEXT() REPRESENTATION_CONTEXT('2D SPACE',''
  ) );
#1352 = PCURVE('',#123,#1353);
#1353 = DEFINITIONAL_REPRESENTATION('',(#1354),#1357);
#1354 = B_SPLINE_CURVE_WITH_KNOTS('',1,(#1355,#1356),.UNSPECIFIED.,.F.,
  .F.,(2,2),(-14.1,1.E-01),.PIECEWISE_BEZIER_KNOTS.);
#1355 = CARTESIAN_POINT('',(28.2,-1.));
#1356 = CARTESIAN_POINT('',(14.,-1.));
#1357 = ( GEOMETRIC_REPRESENTATION_CONTEXT(2) 
PARAMETRIC_REPRESENTATION_CONTEXT() REPRESENTATION_CONTEXT('2D SPACE',''
  ) );
#1358 = ORIENTED_EDGE('',*,*,#245,.T.);
#1359 = ORIENTED_EDGE('',*,*,#1002,.T.);
#1360 = ORIENTED_EDGE('',*,*,#1361,.F.);
#1361 = EDGE_CURVE('',#1339,#913,#1362,.T.);
#1362 = SURFACE_CURVE('',#1363,(#1368,#1375),.PCURVE_S1.);
#1363 = CIRCLE('',#1364,10.2);
#1364 = AXIS2_PLACEMENT_3D('',#1365,#1366,#1367);
#1365 = CARTESIAN_POINT('',(0.,0.,-35.));
#1366 = DIRECTION('',(0.,0.,1.));
#1367 = DIRECTION('',(1.,0.,-0.));
#1368 = PCURVE('',#262,#1369);
#1369 = DEFINITIONAL_REPRESENTATION('',(#1370),#1374);
#1370 = CIRCLE('',#1371,10.2);
#1371 = AXIS2_PLACEMENT_2D('',#1372,#1373);
#1372 = CARTESIAN_POINT('',(0.,0.));
#1373 = DIRECTION('',(1.,0.));
#1374 = ( GEOMETRIC_REPRESENTATION_CONTEXT(2) 
PARAMETRIC_REPRESENTATION_CONTEXT() REPRESENTATION_CONTEXT('2D SPACE',''
  ) );
#1375 = PCURVE('',#829,#1376);
#1376 = DEFINITIONAL_REPRESENTATION('',(#1377),#1381);
#1377 = LINE('',#1378,#1379);
#1378 = CARTESIAN_POINT('',(0.,1.));
#1379 = VECTOR('',#1380,1.);
#1380 = DIRECTION('',(1.,0.));
#1381 = ( GEOMETRIC_REPRESENTATION_CONTEXT(2) 
PARAMETRIC_REPRESENTATION_CONTEXT() REPRESENTATION_CONTEXT('2D SPACE',''
  ) );
#1382 = ADVANCED_FACE('',(#1383,#1474),#123,.T.);
#1383 = FACE_BOUND('',#1384,.T.);
#1384 = EDGE_LOOP('',(#1385,#1386,#1387,#1406,#1407,#1408,#1429,#1455));
#1385 = ORIENTED_EDGE('',*,*,#108,.T.);
#1386 = ORIENTED_EDGE('',*,*,#864,.T.);
#1387 = ORIENTED_EDGE('',*,*,#1388,.F.);
#1388 = EDGE_CURVE('',#1339,#865,#1389,.T.);
#1389 = SURFACE_CURVE('',#1390,(#1394,#1400),.PCURVE_S1.);
#1390 = LINE('',#1391,#1392);
#1391 = CARTESIAN_POINT('',(10.08910303248,1.5,-36.));
#1392 = VECTOR('',#1393,1.);
#1393 = DIRECTION('',(0.,0.,1.));
#1394 = PCURVE('',#123,#1395);
#1395 = DEFINITIONAL_REPRESENTATION('',(#1396),#1399);
#1396 = B_SPLINE_CURVE_WITH_KNOTS('',1,(#1397,#1398),.UNSPECIFIED.,.F.,
  .F.,(2,2),(0.9999994,35.2),.PIECEWISE_BEZIER_KNOTS.);
#1397 = CARTESIAN_POINT('',(18.11089696752,-0.9999994));
#1398 = CARTESIAN_POINT('',(18.11089696752,-35.2));
#1399 = ( GEOMETRIC_REPRESENTATION_CONTEXT(2) 
PARAMETRIC_REPRESENTATION_CONTEXT() REPRESENTATION_CONTEXT('2D SPACE',''
  ) );
#1400 = PCURVE('',#829,#1401);
#1401 = DEFINITIONAL_REPRESENTATION('',(#1402),#1405);
#1402 = B_SPLINE_CURVE_WITH_KNOTS('',1,(#1403,#1404),.UNSPECIFIED.,.F.,
  .F.,(2,2),(0.9999994,35.2),.PIECEWISE_BEZIER_KNOTS.);
#1403 = CARTESIAN_POINT('',(0.147594105659,0.9999994));
#1404 = CARTESIAN_POINT('',(0.147594105659,35.2));
#1405 = ( GEOMETRIC_REPRESENTATION_CONTEXT(2) 
PARAMETRIC_REPRESENTATION_CONTEXT() REPRESENTATION_CONTEXT('2D SPACE',''
  ) );
#1406 = ORIENTED_EDGE('',*,*,#1338,.T.);
#1407 = ORIENTED_EDGE('',*,*,#224,.T.);
#1408 = ORIENTED_EDGE('',*,*,#1409,.T.);
#1409 = EDGE_CURVE('',#196,#1410,#1412,.T.);
#1410 = VERTEX_POINT('',#1411);
#1411 = CARTESIAN_POINT('',(27.2,1.5,-32.));
#1412 = SURFACE_CURVE('',#1413,(#1417,#1423),.PCURVE_S1.);
#1413 = LINE('',#1414,#1415);
#1414 = CARTESIAN_POINT('',(23.7,1.5,-32.));
#1415 = VECTOR('',#1416,1.);
#1416 = DIRECTION('',(1.,0.,-0.));
#1417 = PCURVE('',#123,#1418);
#1418 = DEFINITIONAL_REPRESENTATION('',(#1419),#1422);
#1419 = B_SPLINE_CURVE_WITH_KNOTS('',1,(#1420,#1421),.UNSPECIFIED.,.F.,
  .F.,(2,2),(-11.64222242699,3.5),.PIECEWISE_BEZIER_KNOTS.);
#1420 = CARTESIAN_POINT('',(16.142222426998,-4.));
#1421 = CARTESIAN_POINT('',(1.,-4.));
#1422 = ( GEOMETRIC_REPRESENTATION_CONTEXT(2) 
PARAMETRIC_REPRESENTATION_CONTEXT() REPRESENTATION_CONTEXT('2D SPACE',''
  ) );
#1423 = PCURVE('',#212,#1424);
#1424 = DEFINITIONAL_REPRESENTATION('',(#1425),#1428);
#1425 = B_SPLINE_CURVE_WITH_KNOTS('',1,(#1426,#1427),.UNSPECIFIED.,.F.,
  .F.,(2,2),(-11.64222242699,3.5),.PIECEWISE_BEZIER_KNOTS.);
#1426 = CARTESIAN_POINT('',(-7.142222426998,1.5));
#1427 = CARTESIAN_POINT('',(8.,1.5));
#1428 = ( GEOMETRIC_REPRESENTATION_CONTEXT(2) 
PARAMETRIC_REPRESENTATION_CONTEXT() REPRESENTATION_CONTEXT('2D SPACE',''
  ) );
#1429 = ORIENTED_EDGE('',*,*,#1430,.T.);
#1430 = EDGE_CURVE('',#1410,#1431,#1433,.T.);
#1431 = VERTEX_POINT('',#1432);
#1432 = CARTESIAN_POINT('',(27.2,1.5,-16.));
#1433 = SURFACE_CURVE('',#1434,(#1438,#1444),.PCURVE_S1.);
#1434 = LINE('',#1435,#1436);
#1435 = CARTESIAN_POINT('',(27.2,1.5,-34.));
#1436 = VECTOR('',#1437,1.);
#1437 = DIRECTION('',(0.,0.,1.));
#1438 = PCURVE('',#123,#1439);
#1439 = DEFINITIONAL_REPRESENTATION('',(#1440),#1443);
#1440 = B_SPLINE_CURVE_WITH_KNOTS('',1,(#1441,#1442),.UNSPECIFIED.,.F.,
  .F.,(2,2),(2.,18.),.PIECEWISE_BEZIER_KNOTS.);
#1441 = CARTESIAN_POINT('',(1.,-4.));
#1442 = CARTESIAN_POINT('',(1.,-20.));
#1443 = ( GEOMETRIC_REPRESENTATION_CONTEXT(2) 
PARAMETRIC_REPRESENTATION_CONTEXT() REPRESENTATION_CONTEXT('2D SPACE',''
  ) );
#1444 = PCURVE('',#1445,#1450);
#1445 = PLANE('',#1446);
#1446 = AXIS2_PLACEMENT_3D('',#1447,#1448,#1449);
#1447 = CARTESIAN_POINT('',(27.2,-7.5,-32.));
#1448 = DIRECTION('',(-1.,0.,0.));
#1449 = DIRECTION('',(0.,1.,0.));
#1450 = DEFINITIONAL_REPRESENTATION('',(#1451),#1454);
#1451 = B_SPLINE_CURVE_WITH_KNOTS('',1,(#1452,#1453),.UNSPECIFIED.,.F.,
  .F.,(2,2),(2.,18.),.PIECEWISE_BEZIER_KNOTS.);
#1452 = CARTESIAN_POINT('',(9.,0.));
#1453 = CARTESIAN_POINT('',(9.,-16.));
#1454 = ( GEOMETRIC_REPRESENTATION_CONTEXT(2) 
PARAMETRIC_REPRESENTATION_CONTEXT() REPRESENTATION_CONTEXT('2D SPACE',''
  ) );
#1455 = ORIENTED_EDGE('',*,*,#1456,.T.);
#1456 = EDGE_CURVE('',#1431,#109,#1457,.T.);
#1457 = SURFACE_CURVE('',#1458,(#1462,#1468),.PCURVE_S1.);
#1458 = LINE('',#1459,#1460);
#1459 = CARTESIAN_POINT('',(32.207957559682,1.5,-19.44297082228));
#1460 = VECTOR('',#1461,1.);
#1461 = DIRECTION('',(-0.824041924199,0.,0.566528822887));
#1462 = PCURVE('',#123,#1463);
#1463 = DEFINITIONAL_REPRESENTATION('',(#1464),#1467);
#1464 = B_SPLINE_CURVE_WITH_KNOTS('',1,(#1465,#1466),.UNSPECIFIED.,.F.,
  .F.,(2,2),(6.07730919097,24.452857791498),.PIECEWISE_BEZIER_KNOTS.);
#1465 = CARTESIAN_POINT('',(1.,-20.));
#1466 = CARTESIAN_POINT('',(16.142222426998,-30.41027791856));
#1467 = ( GEOMETRIC_REPRESENTATION_CONTEXT(2) 
PARAMETRIC_REPRESENTATION_CONTEXT() REPRESENTATION_CONTEXT('2D SPACE',''
  ) );
#1468 = PCURVE('',#155,#1469);
#1469 = DEFINITIONAL_REPRESENTATION('',(#1470),#1473);
#1470 = B_SPLINE_CURVE_WITH_KNOTS('',1,(#1471,#1472),.UNSPECIFIED.,.F.,
  .F.,(2,2),(6.07730919097,24.452857791498),.PIECEWISE_BEZIER_KNOTS.);
#1471 = CARTESIAN_POINT('',(0.,1.5));
#1472 = CARTESIAN_POINT('',(18.375548600527,1.5));
#1473 = ( GEOMETRIC_REPRESENTATION_CONTEXT(2) 
PARAMETRIC_REPRESENTATION_CONTEXT() REPRESENTATION_CONTEXT('2D SPACE',''
  ) );
#1474 = FACE_BOUND('',#1475,.T.);
#1475 = EDGE_LOOP('',(#1476));
#1476 = ORIENTED_EDGE('',*,*,#1477,.T.);
#1477 = EDGE_CURVE('',#1478,#1478,#1480,.T.);
#1478 = VERTEX_POINT('',#1479);
#1479 = CARTESIAN_POINT('',(21.7,1.5,-21.8));
#1480 = SURFACE_CURVE('',#1481,(#1486,#1497),.PCURVE_S1.);
#1481 = CIRCLE('',#1482,2.2);
#1482 = AXIS2_PLACEMENT_3D('',#1483,#1484,#1485);
#1483 = CARTESIAN_POINT('',(21.7,1.5,-24.));
#1484 = DIRECTION('',(0.,1.,0.));
#1485 = DIRECTION('',(0.,-0.,1.));
#1486 = PCURVE('',#123,#1487);
#1487 = DEFINITIONAL_REPRESENTATION('',(#1488),#1496);
#1488 = ( BOUNDED_CURVE() B_SPLINE_CURVE(2,(#1489,#1490,#1491,#1492,
#1493,#1494,#1495),.UNSPECIFIED.,.T.,.F.) B_SPLINE_CURVE_WITH_KNOTS((1,2
    ,2,2,2,1),(-2.094395102393,0.,2.094395102393,4.188790204786,
6.28318530718,8.377580409573),.UNSPECIFIED.) CURVE() 
GEOMETRIC_REPRESENTATION_ITEM() RATIONAL_B_SPLINE_CURVE((1.,0.5,1.,0.5,
1.,0.5,1.)) REPRESENTATION_ITEM('') );
#1489 = CARTESIAN_POINT('',(6.5,-14.2));
#1490 = CARTESIAN_POINT('',(2.689488223348,-14.2));
#1491 = CARTESIAN_POINT('',(4.594744111674,-10.9));
#1492 = CARTESIAN_POINT('',(6.5,-7.6));
#1493 = CARTESIAN_POINT('',(8.405255888326,-10.9));
#1494 = CARTESIAN_POINT('',(10.310511776652,-14.2));
#1495 = CARTESIAN_POINT('',(6.5,-14.2));
#1496 = ( GEOMETRIC_REPRESENTATION_CONTEXT(2) 
PARAMETRIC_REPRESENTATION_CONTEXT() REPRESENTATION_CONTEXT('2D SPACE',''
  ) );
#1497 = PCURVE('',#1498,#1503);
#1498 = CYLINDRICAL_SURFACE('',#1499,2.2);
#1499 = AXIS2_PLACEMENT_3D('',#1500,#1501,#1502);
#1500 = CARTESIAN_POINT('',(21.7,-8.5,-24.));
#1501 = DIRECTION('',(0.,1.,0.));
#1502 = DIRECTION('',(0.,-0.,1.));
#1503 = DEFINITIONAL_REPRESENTATION('',(#1504),#1508);
#1504 = LINE('',#1505,#1506);
#1505 = CARTESIAN_POINT('',(0.,10.));
#1506 = VECTOR('',#1507,1.);
#1507 = DIRECTION('',(1.,0.));
#1508 = ( GEOMETRIC_REPRESENTATION_CONTEXT(2) 
PARAMETRIC_REPRESENTATION_CONTEXT() REPRESENTATION_CONTEXT('2D SPACE',''
  ) );
#1509 = ADVANCED_FACE('',(#1510),#212,.F.);
#1510 = FACE_BOUND('',#1511,.F.);
#1511 = EDGE_LOOP('',(#1512,#1513,#1514,#1537));
#1512 = ORIENTED_EDGE('',*,*,#195,.F.);
#1513 = ORIENTED_EDGE('',*,*,#1409,.T.);
#1514 = ORIENTED_EDGE('',*,*,#1515,.T.);
#1515 = EDGE_CURVE('',#1410,#1516,#1518,.T.);
#1516 = VERTEX_POINT('',#1517);
#1517 = CARTESIAN_POINT('',(27.2,7.5,-32.));
#1518 = SURFACE_CURVE('',#1519,(#1523,#1530),.PCURVE_S1.);
#1519 = LINE('',#1520,#1521);
#1520 = CARTESIAN_POINT('',(27.2,-7.5,-32.));
#1521 = VECTOR('',#1522,1.);
#1522 = DIRECTION('',(0.,1.,0.));
#1523 = PCURVE('',#212,#1524);
#1524 = DEFINITIONAL_REPRESENTATION('',(#1525),#1529);
#1525 = LINE('',#1526,#1527);
#1526 = CARTESIAN_POINT('',(8.,-7.5));
#1527 = VECTOR('',#1528,1.);
#1528 = DIRECTION('',(0.,1.));
#1529 = ( GEOMETRIC_REPRESENTATION_CONTEXT(2) 
PARAMETRIC_REPRESENTATION_CONTEXT() REPRESENTATION_CONTEXT('2D SPACE',''
  ) );
#1530 = PCURVE('',#1445,#1531);
#1531 = DEFINITIONAL_REPRESENTATION('',(#1532),#1536);
#1532 = LINE('',#1533,#1534);
#1533 = CARTESIAN_POINT('',(0.,0.));
#1534 = VECTOR('',#1535,1.);
#1535 = DIRECTION('',(1.,0.));
#1536 = ( GEOMETRIC_REPRESENTATION_CONTEXT(2) 
PARAMETRIC_REPRESENTATION_CONTEXT() REPRESENTATION_CONTEXT('2D SPACE',''
  ) );
#1537 = ORIENTED_EDGE('',*,*,#1538,.T.);
#1538 = EDGE_CURVE('',#1516,#168,#1539,.T.);
#1539 = SURFACE_CURVE('',#1540,(#1544,#1551),.PCURVE_S1.);
#1540 = LINE('',#1541,#1542);
#1541 = CARTESIAN_POINT('',(27.2,7.5,-32.));
#1542 = VECTOR('',#1543,1.);
#1543 = DIRECTION('',(-1.,0.,0.));
#1544 = PCURVE('',#212,#1545);
#1545 = DEFINITIONAL_REPRESENTATION('',(#1546),#1550);
#1546 = LINE('',#1547,#1548);
#1547 = CARTESIAN_POINT('',(8.,7.5));
#1548 = VECTOR('',#1549,1.);
#1549 = DIRECTION('',(-1.,0.));
#1550 = ( GEOMETRIC_REPRESENTATION_CONTEXT(2) 
PARAMETRIC_REPRESENTATION_CONTEXT() REPRESENTATION_CONTEXT('2D SPACE',''
  ) );
#1551 = PCURVE('',#183,#1552);
#1552 = DEFINITIONAL_REPRESENTATION('',(#1553),#1557);
#1553 = LINE('',#1554,#1555);
#1554 = CARTESIAN_POINT('',(0.,-0.));
#1555 = VECTOR('',#1556,1.);
#1556 = DIRECTION('',(1.,0.));
#1557 = ( GEOMETRIC_REPRESENTATION_CONTEXT(2) 
PARAMETRIC_REPRESENTATION_CONTEXT() REPRESENTATION_CONTEXT('2D SPACE',''
  ) );
#1558 = ADVANCED_FACE('',(#1559,#1607),#183,.F.);
#1559 = FACE_BOUND('',#1560,.F.);
#1560 = EDGE_LOOP('',(#1561,#1562,#1585,#1606));
#1561 = ORIENTED_EDGE('',*,*,#1538,.F.);
#1562 = ORIENTED_EDGE('',*,*,#1563,.T.);
#1563 = EDGE_CURVE('',#1516,#1564,#1566,.T.);
#1564 = VERTEX_POINT('',#1565);
#1565 = CARTESIAN_POINT('',(27.2,7.5,-16.));
#1566 = SURFACE_CURVE('',#1567,(#1571,#1578),.PCURVE_S1.);
#1567 = LINE('',#1568,#1569);
#1568 = CARTESIAN_POINT('',(27.2,7.5,-32.));
#1569 = VECTOR('',#1570,1.);
#1570 = DIRECTION('',(0.,0.,1.));
#1571 = PCURVE('',#183,#1572);
#1572 = DEFINITIONAL_REPRESENTATION('',(#1573),#1577);
#1573 = LINE('',#1574,#1575);
#1574 = CARTESIAN_POINT('',(0.,-0.));
#1575 = VECTOR('',#1576,1.);
#1576 = DIRECTION('',(0.,-1.));
#1577 = ( GEOMETRIC_REPRESENTATION_CONTEXT(2) 
PARAMETRIC_REPRESENTATION_CONTEXT() REPRESENTATION_CONTEXT('2D SPACE',''
  ) );
#1578 = PCURVE('',#1445,#1579);
#1579 = DEFINITIONAL_REPRESENTATION('',(#1580),#1584);
#1580 = LINE('',#1581,#1582);
#1581 = CARTESIAN_POINT('',(15.,0.));
#1582 = VECTOR('',#1583,1.);
#1583 = DIRECTION('',(0.,-1.));
#1584 = ( GEOMETRIC_REPRESENTATION_CONTEXT(2) 
PARAMETRIC_REPRESENTATION_CONTEXT() REPRESENTATION_CONTEXT('2D SPACE',''
  ) );
#1585 = ORIENTED_EDGE('',*,*,#1586,.T.);
#1586 = EDGE_CURVE('',#1564,#135,#1587,.T.);
#1587 = SURFACE_CURVE('',#1588,(#1592,#1599),.PCURVE_S1.);
#1588 = LINE('',#1589,#1590);
#1589 = CARTESIAN_POINT('',(27.2,7.5,-16.));
#1590 = VECTOR('',#1591,1.);
#1591 = DIRECTION('',(-0.824041924199,0.,0.566528822887));
#1592 = PCURVE('',#183,#1593);
#1593 = DEFINITIONAL_REPRESENTATION('',(#1594),#1598);
#1594 = LINE('',#1595,#1596);
#1595 = CARTESIAN_POINT('',(0.,-16.));
#1596 = VECTOR('',#1597,1.);
#1597 = DIRECTION('',(0.824041924199,-0.566528822887));
#1598 = ( GEOMETRIC_REPRESENTATION_CONTEXT(2) 
PARAMETRIC_REPRESENTATION_CONTEXT() REPRESENTATION_CONTEXT('2D SPACE',''
  ) );
#1599 = PCURVE('',#155,#1600);
#1600 = DEFINITIONAL_REPRESENTATION('',(#1601),#1605);
#1601 = LINE('',#1602,#1603);
#1602 = CARTESIAN_POINT('',(0.,7.5));
#1603 = VECTOR('',#1604,1.);
#1604 = DIRECTION('',(1.,0.));
#1605 = ( GEOMETRIC_REPRESENTATION_CONTEXT(2) 
PARAMETRIC_REPRESENTATION_CONTEXT() REPRESENTATION_CONTEXT('2D SPACE',''
  ) );
#1606 = ORIENTED_EDGE('',*,*,#167,.F.);
#1607 = FACE_BOUND('',#1608,.F.);
#1608 = EDGE_LOOP('',(#1609));
#1609 = ORIENTED_EDGE('',*,*,#1610,.T.);
#1610 = EDGE_CURVE('',#1611,#1611,#1613,.T.);
#1611 = VERTEX_POINT('',#1612);
#1612 = CARTESIAN_POINT('',(21.7,7.5,-21.8));
#1613 = SURFACE_CURVE('',#1614,(#1619,#1630),.PCURVE_S1.);
#1614 = CIRCLE('',#1615,2.2);
#1615 = AXIS2_PLACEMENT_3D('',#1616,#1617,#1618);
#1616 = CARTESIAN_POINT('',(21.7,7.5,-24.));
#1617 = DIRECTION('',(0.,1.,0.));
#1618 = DIRECTION('',(0.,-0.,1.));
#1619 = PCURVE('',#183,#1620);
#1620 = DEFINITIONAL_REPRESENTATION('',(#1621),#1629);
#1621 = ( BOUNDED_CURVE() B_SPLINE_CURVE(2,(#1622,#1623,#1624,#1625,
#1626,#1627,#1628),.UNSPECIFIED.,.T.,.F.) B_SPLINE_CURVE_WITH_KNOTS((1,2
    ,2,2,2,1),(-2.094395102393,0.,2.094395102393,4.188790204786,
6.28318530718,8.377580409573),.UNSPECIFIED.) CURVE() 
GEOMETRIC_REPRESENTATION_ITEM() RATIONAL_B_SPLINE_CURVE((1.,0.5,1.,0.5,
1.,0.5,1.)) REPRESENTATION_ITEM('') );
#1622 = CARTESIAN_POINT('',(5.5,-10.2));
#1623 = CARTESIAN_POINT('',(1.689488223348,-10.2));
#1624 = CARTESIAN_POINT('',(3.594744111674,-6.9));
#1625 = CARTESIAN_POINT('',(5.5,-3.6));
#1626 = CARTESIAN_POINT('',(7.405255888326,-6.9));
#1627 = CARTESIAN_POINT('',(9.310511776652,-10.2));
#1628 = CARTESIAN_POINT('',(5.5,-10.2));
#1629 = ( GEOMETRIC_REPRESENTATION_CONTEXT(2) 
PARAMETRIC_REPRESENTATION_CONTEXT() REPRESENTATION_CONTEXT('2D SPACE',''
  ) );
#1630 = PCURVE('',#1498,#1631);
#1631 = DEFINITIONAL_REPRESENTATION('',(#1632),#1636);
#1632 = LINE('',#1633,#1634);
#1633 = CARTESIAN_POINT('',(0.,16.));
#1634 = VECTOR('',#1635,1.);
#1635 = DIRECTION('',(1.,0.));
#1636 = ( GEOMETRIC_REPRESENTATION_CONTEXT(2) 
PARAMETRIC_REPRESENTATION_CONTEXT() REPRESENTATION_CONTEXT('2D SPACE',''
  ) );
#1637 = ADVANCED_FACE('',(#1638),#155,.F.);
#1638 = FACE_BOUND('',#1639,.F.);
#1639 = EDGE_LOOP('',(#1640,#1661,#1662,#1663));
#1640 = ORIENTED_EDGE('',*,*,#1641,.F.);
#1641 = EDGE_CURVE('',#1431,#1564,#1642,.T.);
#1642 = SURFACE_CURVE('',#1643,(#1647,#1654),.PCURVE_S1.);
#1643 = LINE('',#1644,#1645);
#1644 = CARTESIAN_POINT('',(27.2,-7.5,-16.));
#1645 = VECTOR('',#1646,1.);
#1646 = DIRECTION('',(0.,1.,0.));
#1647 = PCURVE('',#155,#1648);
#1648 = DEFINITIONAL_REPRESENTATION('',(#1649),#1653);
#1649 = LINE('',#1650,#1651);
#1650 = CARTESIAN_POINT('',(0.,-7.5));
#1651 = VECTOR('',#1652,1.);
#1652 = DIRECTION('',(0.,1.));
#1653 = ( GEOMETRIC_REPRESENTATION_CONTEXT(2) 
PARAMETRIC_REPRESENTATION_CONTEXT() REPRESENTATION_CONTEXT('2D SPACE',''
  ) );
#1654 = PCURVE('',#1445,#1655);
#1655 = DEFINITIONAL_REPRESENTATION('',(#1656),#1660);
#1656 = LINE('',#1657,#1658);
#1657 = CARTESIAN_POINT('',(0.,-16.));
#1658 = VECTOR('',#1659,1.);
#1659 = DIRECTION('',(1.,0.));
#1660 = ( GEOMETRIC_REPRESENTATION_CONTEXT(2) 
PARAMETRIC_REPRESENTATION_CONTEXT() REPRESENTATION_CONTEXT('2D SPACE',''
  ) );
#1661 = ORIENTED_EDGE('',*,*,#1456,.T.);
#1662 = ORIENTED_EDGE('',*,*,#134,.F.);
#1663 = ORIENTED_EDGE('',*,*,#1586,.F.);
#1664 = ADVANCED_FACE('',(#1665),#66,.T.);
#1665 = FACE_BOUND('',#1666,.T.);
#1666 = EDGE_LOOP('',(#1667,#1689,#1690,#1691));
#1667 = ORIENTED_EDGE('',*,*,#1668,.F.);
#1668 = EDGE_CURVE('',#24,#1669,#1671,.T.);
#1669 = VERTEX_POINT('',#1670);
#1670 = CARTESIAN_POINT('',(12.2,0.,22.));
#1671 = SEAM_CURVE('',#1672,(#1677,#1683),.PCURVE_S1.);
#1672 = CIRCLE('',#1673,2.);
#1673 = AXIS2_PLACEMENT_3D('',#1674,#1675,#1676);
#1674 = CARTESIAN_POINT('',(12.2,0.,20.));
#1675 = DIRECTION('',(0.,-1.,0.));
#1676 = DIRECTION('',(1.,0.,0.));
#1677 = PCURVE('',#66,#1678);
#1678 = DEFINITIONAL_REPRESENTATION('',(#1679),#1682);
#1679 = B_SPLINE_CURVE_WITH_KNOTS('',1,(#1680,#1681),.UNSPECIFIED.,.F.,
  .F.,(2,2),(0.,1.570796326795),.PIECEWISE_BEZIER_KNOTS.);
#1680 = CARTESIAN_POINT('',(0.,0.));
#1681 = CARTESIAN_POINT('',(0.,1.570796326795));
#1682 = ( GEOMETRIC_REPRESENTATION_CONTEXT(2) 
PARAMETRIC_REPRESENTATION_CONTEXT() REPRESENTATION_CONTEXT('2D SPACE',''
  ) );
#1683 = PCURVE('',#66,#1684);
#1684 = DEFINITIONAL_REPRESENTATION('',(#1685),#1688);
#1685 = B_SPLINE_CURVE_WITH_KNOTS('',1,(#1686,#1687),.UNSPECIFIED.,.F.,
  .F.,(2,2),(0.,1.570796326795),.PIECEWISE_BEZIER_KNOTS.);
#1686 = CARTESIAN_POINT('',(6.28318530718,0.));
#1687 = CARTESIAN_POINT('',(6.28318530718,1.570796326795));
#1688 = ( GEOMETRIC_REPRESENTATION_CONTEXT(2) 
PARAMETRIC_REPRESENTATION_CONTEXT() REPRESENTATION_CONTEXT('2D SPACE',''
  ) );
#1689 = ORIENTED_EDGE('',*,*,#51,.T.);
#1690 = ORIENTED_EDGE('',*,*,#1668,.T.);
#1691 = ORIENTED_EDGE('',*,*,#1692,.F.);
#1692 = EDGE_CURVE('',#1669,#1669,#1693,.T.);
#1693 = SURFACE_CURVE('',#1694,(#1699,#1706),.PCURVE_S1.);
#1694 = CIRCLE('',#1695,12.2);
#1695 = AXIS2_PLACEMENT_3D('',#1696,#1697,#1698);
#1696 = CARTESIAN_POINT('',(0.,0.,22.));
#1697 = DIRECTION('',(0.,0.,1.));
#1698 = DIRECTION('',(1.,0.,-0.));
#1699 = PCURVE('',#66,#1700);
#1700 = DEFINITIONAL_REPRESENTATION('',(#1701),#1705);
#1701 = LINE('',#1702,#1703);
#1702 = CARTESIAN_POINT('',(0.,1.570796326795));
#1703 = VECTOR('',#1704,1.);
#1704 = DIRECTION('',(1.,0.));
#1705 = ( GEOMETRIC_REPRESENTATION_CONTEXT(2) 
PARAMETRIC_REPRESENTATION_CONTEXT() REPRESENTATION_CONTEXT('2D SPACE',''
  ) );
#1706 = PCURVE('',#1707,#1712);
#1707 = PLANE('',#1708);
#1708 = AXIS2_PLACEMENT_3D('',#1709,#1710,#1711);
#1709 = CARTESIAN_POINT('',(0.,0.,22.));
#1710 = DIRECTION('',(0.,0.,1.));
#1711 = DIRECTION('',(1.,0.,-0.));
#1712 = DEFINITIONAL_REPRESENTATION('',(#1713),#1717);
#1713 = CIRCLE('',#1714,12.2);
#1714 = AXIS2_PLACEMENT_2D('',#1715,#1716);
#1715 = CARTESIAN_POINT('',(0.,0.));
#1716 = DIRECTION('',(1.,0.));
#1717 = ( GEOMETRIC_REPRESENTATION_CONTEXT(2) 
PARAMETRIC_REPRESENTATION_CONTEXT() REPRESENTATION_CONTEXT('2D SPACE',''
  ) );
#1718 = ADVANCED_FACE('',(#1719),#452,.T.);
#1719 = FACE_BOUND('',#1720,.T.);
#1720 = EDGE_LOOP('',(#1721,#1744,#1745,#1768));
#1721 = ORIENTED_EDGE('',*,*,#1722,.F.);
#1722 = EDGE_CURVE('',#436,#1723,#1725,.T.);
#1723 = VERTEX_POINT('',#1724);
#1724 = CARTESIAN_POINT('',(-5.388877434123,-5.5,4.));
#1725 = SURFACE_CURVE('',#1726,(#1730,#1737),.PCURVE_S1.);
#1726 = LINE('',#1727,#1728);
#1727 = CARTESIAN_POINT('',(-15.2,-5.5,4.));
#1728 = VECTOR('',#1729,1.);
#1729 = DIRECTION('',(1.,0.,0.));
#1730 = PCURVE('',#452,#1731);
#1731 = DEFINITIONAL_REPRESENTATION('',(#1732),#1736);
#1732 = LINE('',#1733,#1734);
#1733 = CARTESIAN_POINT('',(0.,-3.));
#1734 = VECTOR('',#1735,1.);
#1735 = DIRECTION('',(1.,0.));
#1736 = ( GEOMETRIC_REPRESENTATION_CONTEXT(2) 
PARAMETRIC_REPRESENTATION_CONTEXT() REPRESENTATION_CONTEXT('2D SPACE',''
  ) );
#1737 = PCURVE('',#507,#1738);
#1738 = DEFINITIONAL_REPRESENTATION('',(#1739),#1743);
#1739 = LINE('',#1740,#1741);
#1740 = CARTESIAN_POINT('',(0.,0.));
#1741 = VECTOR('',#1742,1.);
#1742 = DIRECTION('',(0.,1.));
#1743 = ( GEOMETRIC_REPRESENTATION_CONTEXT(2) 
PARAMETRIC_REPRESENTATION_CONTEXT() REPRESENTATION_CONTEXT('2D SPACE',''
  ) );
#1744 = ORIENTED_EDGE('',*,*,#435,.T.);
#1745 = ORIENTED_EDGE('',*,*,#1746,.T.);
#1746 = EDGE_CURVE('',#438,#1747,#1749,.T.);
#1747 = VERTEX_POINT('',#1748);
#1748 = CARTESIAN_POINT('',(-5.388877434123,-5.5,11.));
#1749 = SURFACE_CURVE('',#1750,(#1754,#1761),.PCURVE_S1.);
#1750 = LINE('',#1751,#1752);
#1751 = CARTESIAN_POINT('',(-15.2,-5.5,11.));
#1752 = VECTOR('',#1753,1.);
#1753 = DIRECTION('',(1.,0.,0.));
#1754 = PCURVE('',#452,#1755);
#1755 = DEFINITIONAL_REPRESENTATION('',(#1756),#1760);
#1756 = LINE('',#1757,#1758);
#1757 = CARTESIAN_POINT('',(0.,-10.));
#1758 = VECTOR('',#1759,1.);
#1759 = DIRECTION('',(1.,0.));
#1760 = ( GEOMETRIC_REPRESENTATION_CONTEXT(2) 
PARAMETRIC_REPRESENTATION_CONTEXT() REPRESENTATION_CONTEXT('2D SPACE',''
  ) );
#1761 = PCURVE('',#781,#1762);
#1762 = DEFINITIONAL_REPRESENTATION('',(#1763),#1767);
#1763 = LINE('',#1764,#1765);
#1764 = CARTESIAN_POINT('',(-0.,0.));
#1765 = VECTOR('',#1766,1.);
#1766 = DIRECTION('',(-0.,1.));
#1767 = ( GEOMETRIC_REPRESENTATION_CONTEXT(2) 
PARAMETRIC_REPRESENTATION_CONTEXT() REPRESENTATION_CONTEXT('2D SPACE',''
  ) );
#1768 = ORIENTED_EDGE('',*,*,#1769,.F.);
#1769 = EDGE_CURVE('',#1723,#1747,#1770,.T.);
#1770 = SURFACE_CURVE('',#1771,(#1775,#1781),.PCURVE_S1.);
#1771 = LINE('',#1772,#1773);
#1772 = CARTESIAN_POINT('',(-5.388877434123,-5.5,-1.));
#1773 = VECTOR('',#1774,1.);
#1774 = DIRECTION('',(0.,0.,1.));
#1775 = PCURVE('',#452,#1776);
#1776 = DEFINITIONAL_REPRESENTATION('',(#1777),#1780);
#1777 = B_SPLINE_CURVE_WITH_KNOTS('',1,(#1778,#1779),.UNSPECIFIED.,.F.,
  .F.,(2,2),(4.3,12.7),.PIECEWISE_BEZIER_KNOTS.);
#1778 = CARTESIAN_POINT('',(9.811122565877,-2.3));
#1779 = CARTESIAN_POINT('',(9.811122565877,-10.7));
#1780 = ( GEOMETRIC_REPRESENTATION_CONTEXT(2) 
PARAMETRIC_REPRESENTATION_CONTEXT() REPRESENTATION_CONTEXT('2D SPACE',''
  ) );
#1781 = PCURVE('',#1782,#1787);
#1782 = CYLINDRICAL_SURFACE('',#1783,7.7);
#1783 = AXIS2_PLACEMENT_3D('',#1784,#1785,#1786);
#1784 = CARTESIAN_POINT('',(0.,0.,-1.));
#1785 = DIRECTION('',(0.,0.,1.));
#1786 = DIRECTION('',(1.,0.,-0.));
#1787 = DEFINITIONAL_REPRESENTATION('',(#1788),#1791);
#1788 = B_SPLINE_CURVE_WITH_KNOTS('',1,(#1789,#1790),.UNSPECIFIED.,.F.,
  .F.,(2,2),(4.3,12.7),.PIECEWISE_BEZIER_KNOTS.);
#1789 = CARTESIAN_POINT('',(3.937195607074,4.3));
#1790 = CARTESIAN_POINT('',(3.937195607074,12.7));
#1791 = ( GEOMETRIC_REPRESENTATION_CONTEXT(2) 
PARAMETRIC_REPRESENTATION_CONTEXT() REPRESENTATION_CONTEXT('2D SPACE',''
  ) );
#1792 = ADVANCED_FACE('',(#1793),#507,.F.);
#1793 = FACE_BOUND('',#1794,.F.);
#1794 = EDGE_LOOP('',(#1795,#1796,#1797,#1820));
#1795 = ORIENTED_EDGE('',*,*,#1722,.F.);
#1796 = ORIENTED_EDGE('',*,*,#463,.T.);
#1797 = ORIENTED_EDGE('',*,*,#1798,.T.);
#1798 = EDGE_CURVE('',#464,#1799,#1801,.T.);
#1799 = VERTEX_POINT('',#1800);
#1800 = CARTESIAN_POINT('',(-7.282856582413,-2.5,1.));
#1801 = SURFACE_CURVE('',#1802,(#1806,#1813),.PCURVE_S1.);
#1802 = LINE('',#1803,#1804);
#1803 = CARTESIAN_POINT('',(-15.2,-2.5,1.));
#1804 = VECTOR('',#1805,1.);
#1805 = DIRECTION('',(1.,0.,0.));
#1806 = PCURVE('',#507,#1807);
#1807 = DEFINITIONAL_REPRESENTATION('',(#1808),#1812);
#1808 = LINE('',#1809,#1810);
#1809 = CARTESIAN_POINT('',(1.570796326795,0.));
#1810 = VECTOR('',#1811,1.);
#1811 = DIRECTION('',(0.,1.));
#1812 = ( GEOMETRIC_REPRESENTATION_CONTEXT(2) 
PARAMETRIC_REPRESENTATION_CONTEXT() REPRESENTATION_CONTEXT('2D SPACE',''
  ) );
#1813 = PCURVE('',#550,#1814);
#1814 = DEFINITIONAL_REPRESENTATION('',(#1815),#1819);
#1815 = LINE('',#1816,#1817);
#1816 = CARTESIAN_POINT('',(-7.6,-2.5));
#1817 = VECTOR('',#1818,1.);
#1818 = DIRECTION('',(1.,0.));
#1819 = ( GEOMETRIC_REPRESENTATION_CONTEXT(2) 
PARAMETRIC_REPRESENTATION_CONTEXT() REPRESENTATION_CONTEXT('2D SPACE',''
  ) );
#1820 = ORIENTED_EDGE('',*,*,#1821,.T.);
#1821 = EDGE_CURVE('',#1799,#1723,#1822,.T.);
#1822 = SURFACE_CURVE('',#1823,(#1856,#1892),.PCURVE_S1.);
#1823 = B_SPLINE_CURVE_WITH_KNOTS('',6,(#1824,#1825,#1826,#1827,#1828,
    #1829,#1830,#1831,#1832,#1833,#1834,#1835,#1836,#1837,#1838,#1839,
    #1840,#1841,#1842,#1843,#1844,#1845,#1846,#1847,#1848,#1849,#1850,
    #1851,#1852,#1853,#1854,#1855),.UNSPECIFIED.,.F.,.F.,(7,5,5,5,5,5,7)
  ,(0.,0.167812155969,0.264960125689,0.336140119304,0.509085556805,
    0.77462904827,1.),.UNSPECIFIED.);
#1824 = CARTESIAN_POINT('',(-7.282856582413,-2.5,1.));
#1825 = CARTESIAN_POINT('',(-7.228374315321,-2.658714615007,1.));
#1826 = CARTESIAN_POINT('',(-7.170203393337,-2.814658859862,
    1.010076601932));
#1827 = CARTESIAN_POINT('',(-7.10878759988,-2.966968726394,1.02956802881
    ));
#1828 = CARTESIAN_POINT('',(-7.044693852551,-3.114876368702,
    1.057726328777));
#1829 = CARTESIAN_POINT('',(-6.978590732503,-3.257701097395,
    1.09370804352));
#1830 = CARTESIAN_POINT('',(-6.87222954983,-3.47423153711,1.161375083728
    ));
#1831 = CARTESIAN_POINT('',(-6.832759964423,-3.551817830858,
    1.188520596019));
#1832 = CARTESIAN_POINT('',(-6.792911047361,-3.627577367769,
    1.217860635737));
#1833 = CARTESIAN_POINT('',(-6.752773606259,-3.701494738556,
    1.249264146389));
#1834 = CARTESIAN_POINT('',(-6.712436466563,-3.773561011948,
    1.282609792815));
#1835 = CARTESIAN_POINT('',(-6.642348895019,-3.895218362624,
    1.343559422526));
#1836 = CARTESIAN_POINT('',(-6.612647655525,-3.945672968049,
    1.370318170219));
#1837 = CARTESIAN_POINT('',(-6.582913830172,-3.995141227018,
    1.398021064652));
#1838 = CARTESIAN_POINT('',(-6.553177274381,-4.043628200596,
    1.426630718133));
#1839 = CARTESIAN_POINT('',(-6.523466621887,-4.091140334861,
    1.456113494906));
#1840 = CARTESIAN_POINT('',(-6.421751099744,-4.25077576591,
    1.560122380165));
#1841 = CARTESIAN_POINT('',(-6.350005829843,-4.358159644216,
    1.638785055257));
#1842 = CARTESIAN_POINT('',(-6.278970336192,-4.459942077175,
    1.721997374771));
#1843 = CARTESIAN_POINT('',(-6.209020622287,-4.556229444505,
    1.809438331293));
#1844 = CARTESIAN_POINT('',(-6.140532771965,-4.647107600027,
    1.900876698797));
#1845 = CARTESIAN_POINT('',(-5.971600716578,-4.863917121883,
    2.142438524397));
#1846 = CARTESIAN_POINT('',(-5.873548848459,-4.98273309604,
    2.297957868506));
#1847 = CARTESIAN_POINT('',(-5.781401636267,-5.08891897649,
    2.461897790834));
#1848 = CARTESIAN_POINT('',(-5.696944775669,-5.182193814179,
    2.63364346006));
#1849 = CARTESIAN_POINT('',(-5.622127126832,-5.262130056363,
    2.812733552073));
#1850 = CARTESIAN_POINT('',(-5.505401417864,-5.383916113325,
    3.156735872674));
#1851 = CARTESIAN_POINT('',(-5.460148927893,-5.429779741837,
    3.319924710937));
#1852 = CARTESIAN_POINT('',(-5.424910892868,-5.46469489188,
    3.487035403793));
#1853 = CARTESIAN_POINT('',(-5.400927125936,-5.48819367147,
    3.656840360118));
#1854 = CARTESIAN_POINT('',(-5.388877434123,-5.5,3.828197110054));
#1855 = CARTESIAN_POINT('',(-5.388877434123,-5.5,4.));
#1856 = PCURVE('',#507,#1857);
#1857 = DEFINITIONAL_REPRESENTATION('',(#1858),#1891);
#1858 = B_SPLINE_CURVE_WITH_KNOTS('',6,(#1859,#1860,#1861,#1862,#1863,
    #1864,#1865,#1866,#1867,#1868,#1869,#1870,#1871,#1872,#1873,#1874,
    #1875,#1876,#1877,#1878,#1879,#1880,#1881,#1882,#1883,#1884,#1885,
    #1886,#1887,#1888,#1889,#1890),.UNSPECIFIED.,.F.,.F.,(7,5,5,5,5,5,7)
  ,(0.,0.167812155969,0.264960125689,0.336140119304,0.509085556805,
    0.77462904827,1.),.UNSPECIFIED.);
#1859 = CARTESIAN_POINT('',(1.570796326795,7.917143417587));
#1860 = CARTESIAN_POINT('',(1.517891455126,7.971625684679));
#1861 = CARTESIAN_POINT('',(1.465909931353,8.029796606663));
#1862 = CARTESIAN_POINT('',(1.414873723817,8.09121240012));
#1863 = CARTESIAN_POINT('',(1.36481786343,8.155306147449));
#1864 = CARTESIAN_POINT('',(1.315799353945,8.221409267497));
#1865 = CARTESIAN_POINT('',(1.240180235511,8.32777045017));
#1866 = CARTESIAN_POINT('',(1.212796265671,8.367240035577));
#1867 = CARTESIAN_POINT('',(1.185737279748,8.407088952639));
#1868 = CARTESIAN_POINT('',(1.158987208848,8.447226393741));
#1869 = CARTESIAN_POINT('',(1.132530808133,8.487563533437));
#1870 = CARTESIAN_POINT('',(1.087173745305,8.557651104981));
#1871 = CARTESIAN_POINT('',(1.068141735924,8.587352344475));
#1872 = CARTESIAN_POINT('',(1.049250085511,8.617086169828));
#1873 = CARTESIAN_POINT('',(1.030491073423,8.646822725619));
#1874 = CARTESIAN_POINT('',(1.011856801534,8.676533378113));
#1875 = CARTESIAN_POINT('',(0.948347118056,8.778248900256));
#1876 = CARTESIAN_POINT('',(0.904042546684,8.849994170157));
#1877 = CARTESIAN_POINT('',(0.860310797783,8.921029663808));
#1878 = CARTESIAN_POINT('',(0.817041047179,8.990979377713));
#1879 = CARTESIAN_POINT('',(0.774124075329,9.059467228035));
#1880 = CARTESIAN_POINT('',(0.66592750301,9.228399283422));
#1881 = CARTESIAN_POINT('',(0.600893548352,9.326451151541));
#1882 = CARTESIAN_POINT('',(0.536076990129,9.418598363733));
#1883 = CARTESIAN_POINT('',(0.471222108326,9.503055224331));
#1884 = CARTESIAN_POINT('',(0.406055422987,9.577872873168));
#1885 = CARTESIAN_POINT('',(0.284414128715,9.694598582136));
#1886 = CARTESIAN_POINT('',(0.228034509046,9.739851072107));
#1887 = CARTESIAN_POINT('',(0.171326588701,9.775089107132));
#1888 = CARTESIAN_POINT('',(0.114386460171,9.799072874064));
#1889 = CARTESIAN_POINT('',(5.726762998205E-02,9.811122565877));
#1890 = CARTESIAN_POINT('',(0.,9.811122565877));
#1891 = ( GEOMETRIC_REPRESENTATION_CONTEXT(2) 
PARAMETRIC_REPRESENTATION_CONTEXT() REPRESENTATION_CONTEXT('2D SPACE',''
  ) );
#1892 = PCURVE('',#1782,#1893);
#1893 = DEFINITIONAL_REPRESENTATION('',(#1894),#1927);
#1894 = B_SPLINE_CURVE_WITH_KNOTS('',6,(#1895,#1896,#1897,#1898,#1899,
    #1900,#1901,#1902,#1903,#1904,#1905,#1906,#1907,#1908,#1909,#1910,
    #1911,#1912,#1913,#1914,#1915,#1916,#1917,#1918,#1919,#1920,#1921,
    #1922,#1923,#1924,#1925,#1926),.UNSPECIFIED.,.F.,.F.,(7,5,5,5,5,5,7)
  ,(0.,0.167812155969,0.264960125689,0.336140119304,0.509085556805,
    0.77462904827,1.),.UNSPECIFIED.);
#1895 = CARTESIAN_POINT('',(3.472261089547,2.));
#1896 = CARTESIAN_POINT('',(3.494053996384,2.));
#1897 = CARTESIAN_POINT('',(3.515662113114,2.010076601932));
#1898 = CARTESIAN_POINT('',(3.536979357474,2.02956802881));
#1899 = CARTESIAN_POINT('',(3.557904312671,2.057726328777));
#1900 = CARTESIAN_POINT('',(3.578337863886,2.09370804352));
#1901 = CARTESIAN_POINT('',(3.609668109483,2.161375083728));
#1902 = CARTESIAN_POINT('',(3.620972032555,2.188520596019));
#1903 = CARTESIAN_POINT('',(3.632087460552,2.217860635737));
#1904 = CARTESIAN_POINT('',(3.643009692917,2.249264146389));
#1905 = CARTESIAN_POINT('',(3.653734471974,2.282609792815));
#1906 = CARTESIAN_POINT('',(3.671968524335,2.343559422526));
#1907 = CARTESIAN_POINT('',(3.679571786005,2.370318170219));
#1908 = CARTESIAN_POINT('',(3.687066987281,2.398021064652));
#1909 = CARTESIAN_POINT('',(3.694453475409,2.426630718133));
#1910 = CARTESIAN_POINT('',(3.701730725538,2.456113494906));
#1911 = CARTESIAN_POINT('',(3.726313435632,2.560122380165));
#1912 = CARTESIAN_POINT('',(3.743081694284,2.638785055257));
#1913 = CARTESIAN_POINT('',(3.759196405024,2.721997374771));
#1914 = CARTESIAN_POINT('',(3.774648993296,2.809438331293));
#1915 = CARTESIAN_POINT('',(3.789425717387,2.900876698797));
#1916 = CARTESIAN_POINT('',(3.825120968066,3.142438524397));
#1917 = CARTESIAN_POINT('',(3.845119608649,3.297957868506));
#1918 = CARTESIAN_POINT('',(3.863371197716,3.461897790834));
#1919 = CARTESIAN_POINT('',(3.879709147181,3.63364346006));
#1920 = CARTESIAN_POINT('',(3.893927291024,3.812733552073));
#1921 = CARTESIAN_POINT('',(3.915835244406,4.156735872674));
#1922 = CARTESIAN_POINT('',(3.924201917866,4.319924710937));
#1923 = CARTESIAN_POINT('',(3.9306440533,4.487035403793));
#1924 = CARTESIAN_POINT('',(3.935004758218,4.656840360118));
#1925 = CARTESIAN_POINT('',(3.937195607074,4.828197110054));
#1926 = CARTESIAN_POINT('',(3.937195607074,5.));
#1927 = ( GEOMETRIC_REPRESENTATION_CONTEXT(2) 
PARAMETRIC_REPRESENTATION_CONTEXT() REPRESENTATION_CONTEXT('2D SPACE',''
  ) );
#1928 = ADVANCED_FACE('',(#1929),#781,.F.);
#1929 = FACE_BOUND('',#1930,.T.);
#1930 = EDGE_LOOP('',(#1931,#1932,#1933,#1956));
#1931 = ORIENTED_EDGE('',*,*,#1746,.F.);
#1932 = ORIENTED_EDGE('',*,*,#739,.T.);
#1933 = ORIENTED_EDGE('',*,*,#1934,.T.);
#1934 = EDGE_CURVE('',#711,#1935,#1937,.T.);
#1935 = VERTEX_POINT('',#1936);
#1936 = CARTESIAN_POINT('',(-7.282856582413,-2.5,14.));
#1937 = SURFACE_CURVE('',#1938,(#1942,#1949),.PCURVE_S1.);
#1938 = LINE('',#1939,#1940);
#1939 = CARTESIAN_POINT('',(-15.2,-2.5,14.));
#1940 = VECTOR('',#1941,1.);
#1941 = DIRECTION('',(1.,0.,0.));
#1942 = PCURVE('',#781,#1943);
#1943 = DEFINITIONAL_REPRESENTATION('',(#1944),#1948);
#1944 = LINE('',#1945,#1946);
#1945 = CARTESIAN_POINT('',(-1.570796326795,0.));
#1946 = VECTOR('',#1947,1.);
#1947 = DIRECTION('',(-0.,1.));
#1948 = ( GEOMETRIC_REPRESENTATION_CONTEXT(2) 
PARAMETRIC_REPRESENTATION_CONTEXT() REPRESENTATION_CONTEXT('2D SPACE',''
  ) );
#1949 = PCURVE('',#727,#1950);
#1950 = DEFINITIONAL_REPRESENTATION('',(#1951),#1955);
#1951 = LINE('',#1952,#1953);
#1952 = CARTESIAN_POINT('',(-7.6,-2.5));
#1953 = VECTOR('',#1954,1.);
#1954 = DIRECTION('',(1.,0.));
#1955 = ( GEOMETRIC_REPRESENTATION_CONTEXT(2) 
PARAMETRIC_REPRESENTATION_CONTEXT() REPRESENTATION_CONTEXT('2D SPACE',''
  ) );
#1956 = ORIENTED_EDGE('',*,*,#1957,.T.);
#1957 = EDGE_CURVE('',#1935,#1747,#1958,.T.);
#1958 = SURFACE_CURVE('',#1959,(#1992,#2028),.PCURVE_S1.);
#1959 = B_SPLINE_CURVE_WITH_KNOTS('',6,(#1960,#1961,#1962,#1963,#1964,
    #1965,#1966,#1967,#1968,#1969,#1970,#1971,#1972,#1973,#1974,#1975,
    #1976,#1977,#1978,#1979,#1980,#1981,#1982,#1983,#1984,#1985,#1986,
    #1987,#1988,#1989,#1990,#1991),.UNSPECIFIED.,.F.,.F.,(7,5,5,5,5,5,7)
  ,(0.,0.167812154676,0.264960123648,0.336140116714,0.509085559521,
    0.774629049517,1.),.UNSPECIFIED.);
#1960 = CARTESIAN_POINT('',(-7.282856582413,-2.5,14.));
#1961 = CARTESIAN_POINT('',(-7.228374315321,-2.658714615007,14.));
#1962 = CARTESIAN_POINT('',(-7.170203393337,-2.814658859862,
    13.989923398068));
#1963 = CARTESIAN_POINT('',(-7.10878759988,-2.966968726394,
    13.97043197119));
#1964 = CARTESIAN_POINT('',(-7.044693852551,-3.114876368702,
    13.942273671223));
#1965 = CARTESIAN_POINT('',(-6.978590732503,-3.257701097395,
    13.90629195648));
#1966 = CARTESIAN_POINT('',(-6.87222954983,-3.47423153711,
    13.838624916272));
#1967 = CARTESIAN_POINT('',(-6.832759964423,-3.551817830858,
    13.811479403981));
#1968 = CARTESIAN_POINT('',(-6.792911047361,-3.627577367769,
    13.782139364263));
#1969 = CARTESIAN_POINT('',(-6.752773606259,-3.701494738556,
    13.750735853611));
#1970 = CARTESIAN_POINT('',(-6.712436466563,-3.773561011948,
    13.717390207185));
#1971 = CARTESIAN_POINT('',(-6.642348895019,-3.895218362624,
    13.656440577474));
#1972 = CARTESIAN_POINT('',(-6.612647655525,-3.945672968049,
    13.629681829781));
#1973 = CARTESIAN_POINT('',(-6.582913830172,-3.995141227018,
    13.601978935348));
#1974 = CARTESIAN_POINT('',(-6.553177274381,-4.043628200596,
    13.573369281867));
#1975 = CARTESIAN_POINT('',(-6.523466621887,-4.091140334861,
    13.543886505094));
#1976 = CARTESIAN_POINT('',(-6.421751096978,-4.250775770251,
    13.439877617007));
#1977 = CARTESIAN_POINT('',(-6.350005834013,-4.358159638183,
    13.361214949711));
#1978 = CARTESIAN_POINT('',(-6.278970336365,-4.459942076587,
    13.278002624952));
#1979 = CARTESIAN_POINT('',(-6.209020618206,-4.556229450252,
    13.190561663619));
#1980 = CARTESIAN_POINT('',(-6.140532774378,-4.647107596931,
    13.099123304653));
#1981 = CARTESIAN_POINT('',(-5.971600716578,-4.863917121883,
    12.857561475603));
#1982 = CARTESIAN_POINT('',(-5.873548848459,-4.98273309604,
    12.702042131494));
#1983 = CARTESIAN_POINT('',(-5.781401636266,-5.088918976491,
    12.538102209165));
#1984 = CARTESIAN_POINT('',(-5.696944775669,-5.182193814179,
    12.36635653994));
#1985 = CARTESIAN_POINT('',(-5.622127126832,-5.262130056363,
    12.187266447927));
#1986 = CARTESIAN_POINT('',(-5.505401417863,-5.383916113325,
    11.843264127326));
#1987 = CARTESIAN_POINT('',(-5.460148927893,-5.429779741836,
    11.680075289063));
#1988 = CARTESIAN_POINT('',(-5.424910892868,-5.46469489188,
    11.512964596207));
#1989 = CARTESIAN_POINT('',(-5.400927125936,-5.48819367147,
    11.343159639882));
#1990 = CARTESIAN_POINT('',(-5.388877434123,-5.5,11.171802889946));
#1991 = CARTESIAN_POINT('',(-5.388877434123,-5.5,11.));
#1992 = PCURVE('',#781,#1993);
#1993 = DEFINITIONAL_REPRESENTATION('',(#1994),#2027);
#1994 = B_SPLINE_CURVE_WITH_KNOTS('',6,(#1995,#1996,#1997,#1998,#1999,
    #2000,#2001,#2002,#2003,#2004,#2005,#2006,#2007,#2008,#2009,#2010,
    #2011,#2012,#2013,#2014,#2015,#2016,#2017,#2018,#2019,#2020,#2021,
    #2022,#2023,#2024,#2025,#2026),.UNSPECIFIED.,.F.,.F.,(7,5,5,5,5,5,7)
  ,(0.,0.167812154676,0.264960123648,0.336140116714,0.509085559521,
    0.774629049517,1.),.UNSPECIFIED.);
#1995 = CARTESIAN_POINT('',(-1.570796326795,7.917143417587));
#1996 = CARTESIAN_POINT('',(-1.517891455126,7.971625684679));
#1997 = CARTESIAN_POINT('',(-1.465909931353,8.029796606663));
#1998 = CARTESIAN_POINT('',(-1.414873723817,8.09121240012));
#1999 = CARTESIAN_POINT('',(-1.36481786343,8.155306147449));
#2000 = CARTESIAN_POINT('',(-1.315799353945,8.221409267497));
#2001 = CARTESIAN_POINT('',(-1.240180235511,8.32777045017));
#2002 = CARTESIAN_POINT('',(-1.212796265671,8.367240035577));
#2003 = CARTESIAN_POINT('',(-1.185737279748,8.407088952639));
#2004 = CARTESIAN_POINT('',(-1.158987208848,8.447226393741));
#2005 = CARTESIAN_POINT('',(-1.132530808133,8.487563533437));
#2006 = CARTESIAN_POINT('',(-1.087173745305,8.557651104981));
#2007 = CARTESIAN_POINT('',(-1.068141735924,8.587352344475));
#2008 = CARTESIAN_POINT('',(-1.049250085511,8.617086169828));
#2009 = CARTESIAN_POINT('',(-1.030491073423,8.646822725619));
#2010 = CARTESIAN_POINT('',(-1.011856801534,8.676533378113));
#2011 = CARTESIAN_POINT('',(-0.948347116329,8.778248903022));
#2012 = CARTESIAN_POINT('',(-0.904042549307,8.849994165987));
#2013 = CARTESIAN_POINT('',(-0.860310797873,8.921029663635));
#2014 = CARTESIAN_POINT('',(-0.817041044602,8.990979381794));
#2015 = CARTESIAN_POINT('',(-0.774124076875,9.059467225622));
#2016 = CARTESIAN_POINT('',(-0.66592750301,9.228399283422));
#2017 = CARTESIAN_POINT('',(-0.600893548352,9.326451151541));
#2018 = CARTESIAN_POINT('',(-0.536076990129,9.418598363734));
#2019 = CARTESIAN_POINT('',(-0.471222108326,9.503055224331));
#2020 = CARTESIAN_POINT('',(-0.406055422987,9.577872873168));
#2021 = CARTESIAN_POINT('',(-0.284414128715,9.694598582137));
#2022 = CARTESIAN_POINT('',(-0.228034509046,9.739851072107));
#2023 = CARTESIAN_POINT('',(-0.171326588701,9.775089107132));
#2024 = CARTESIAN_POINT('',(-0.114386460171,9.799072874064));
#2025 = CARTESIAN_POINT('',(-5.726762998203E-02,9.811122565877));
#2026 = CARTESIAN_POINT('',(0.,9.811122565877));
#2027 = ( GEOMETRIC_REPRESENTATION_CONTEXT(2) 
PARAMETRIC_REPRESENTATION_CONTEXT() REPRESENTATION_CONTEXT('2D SPACE',''
  ) );
#2028 = PCURVE('',#1782,#2029);
#2029 = DEFINITIONAL_REPRESENTATION('',(#2030),#2063);
#2030 = B_SPLINE_CURVE_WITH_KNOTS('',6,(#2031,#2032,#2033,#2034,#2035,
    #2036,#2037,#2038,#2039,#2040,#2041,#2042,#2043,#2044,#2045,#2046,
    #2047,#2048,#2049,#2050,#2051,#2052,#2053,#2054,#2055,#2056,#2057,
    #2058,#2059,#2060,#2061,#2062),.UNSPECIFIED.,.F.,.F.,(7,5,5,5,5,5,7)
  ,(0.,0.167812154676,0.264960123648,0.336140116714,0.509085559521,
    0.774629049517,1.),.UNSPECIFIED.);
#2031 = CARTESIAN_POINT('',(3.472261089547,15.));
#2032 = CARTESIAN_POINT('',(3.494053996384,15.));
#2033 = CARTESIAN_POINT('',(3.515662113114,14.989923398068));
#2034 = CARTESIAN_POINT('',(3.536979357474,14.97043197119));
#2035 = CARTESIAN_POINT('',(3.557904312671,14.942273671223));
#2036 = CARTESIAN_POINT('',(3.578337863886,14.90629195648));
#2037 = CARTESIAN_POINT('',(3.609668109483,14.838624916272));
#2038 = CARTESIAN_POINT('',(3.620972032555,14.811479403981));
#2039 = CARTESIAN_POINT('',(3.632087460552,14.782139364263));
#2040 = CARTESIAN_POINT('',(3.643009692917,14.750735853611));
#2041 = CARTESIAN_POINT('',(3.653734471974,14.717390207185));
#2042 = CARTESIAN_POINT('',(3.671968524335,14.656440577474));
#2043 = CARTESIAN_POINT('',(3.679571786005,14.629681829781));
#2044 = CARTESIAN_POINT('',(3.687066987281,14.601978935348));
#2045 = CARTESIAN_POINT('',(3.694453475409,14.573369281867));
#2046 = CARTESIAN_POINT('',(3.701730725538,14.543886505094));
#2047 = CARTESIAN_POINT('',(3.7263134363,14.439877617007));
#2048 = CARTESIAN_POINT('',(3.743081693331,14.361214949711));
#2049 = CARTESIAN_POINT('',(3.759196404949,14.278002624952));
#2050 = CARTESIAN_POINT('',(3.774648994213,14.190561663619));
#2051 = CARTESIAN_POINT('',(3.789425716878,14.099123304653));
#2052 = CARTESIAN_POINT('',(3.825120968066,13.857561475603));
#2053 = CARTESIAN_POINT('',(3.845119608649,13.702042131494));
#2054 = CARTESIAN_POINT('',(3.863371197716,13.538102209165));
#2055 = CARTESIAN_POINT('',(3.879709147181,13.36635653994));
#2056 = CARTESIAN_POINT('',(3.893927291024,13.187266447927));
#2057 = CARTESIAN_POINT('',(3.915835244406,12.843264127326));
#2058 = CARTESIAN_POINT('',(3.924201917866,12.680075289063));
#2059 = CARTESIAN_POINT('',(3.9306440533,12.512964596207));
#2060 = CARTESIAN_POINT('',(3.935004758218,12.343159639882));
#2061 = CARTESIAN_POINT('',(3.937195607074,12.171802889946));
#2062 = CARTESIAN_POINT('',(3.937195607074,12.));
#2063 = ( GEOMETRIC_REPRESENTATION_CONTEXT(2) 
PARAMETRIC_REPRESENTATION_CONTEXT() REPRESENTATION_CONTEXT('2D SPACE',''
  ) );
#2064 = ADVANCED_FACE('',(#2065),#550,.T.);
#2065 = FACE_BOUND('',#2066,.T.);
#2066 = EDGE_LOOP('',(#2067,#2068,#2092,#2113));
#2067 = ORIENTED_EDGE('',*,*,#1798,.T.);
#2068 = ORIENTED_EDGE('',*,*,#2069,.F.);
#2069 = EDGE_CURVE('',#2070,#1799,#2072,.T.);
#2070 = VERTEX_POINT('',#2071);
#2071 = CARTESIAN_POINT('',(-7.282856582413,2.5,1.));
#2072 = SURFACE_CURVE('',#2073,(#2078,#2085),.PCURVE_S1.);
#2073 = CIRCLE('',#2074,7.7);
#2074 = AXIS2_PLACEMENT_3D('',#2075,#2076,#2077);
#2075 = CARTESIAN_POINT('',(0.,0.,1.));
#2076 = DIRECTION('',(0.,0.,1.));
#2077 = DIRECTION('',(1.,0.,-0.));
#2078 = PCURVE('',#550,#2079);
#2079 = DEFINITIONAL_REPRESENTATION('',(#2080),#2084);
#2080 = CIRCLE('',#2081,7.7);
#2081 = AXIS2_PLACEMENT_2D('',#2082,#2083);
#2082 = CARTESIAN_POINT('',(7.6,0.));
#2083 = DIRECTION('',(1.,0.));
#2084 = ( GEOMETRIC_REPRESENTATION_CONTEXT(2) 
PARAMETRIC_REPRESENTATION_CONTEXT() REPRESENTATION_CONTEXT('2D SPACE',''
  ) );
#2085 = PCURVE('',#1782,#2086);
#2086 = DEFINITIONAL_REPRESENTATION('',(#2087),#2091);
#2087 = LINE('',#2088,#2089);
#2088 = CARTESIAN_POINT('',(0.,2.));
#2089 = VECTOR('',#2090,1.);
#2090 = DIRECTION('',(1.,0.));
#2091 = ( GEOMETRIC_REPRESENTATION_CONTEXT(2) 
PARAMETRIC_REPRESENTATION_CONTEXT() REPRESENTATION_CONTEXT('2D SPACE',''
  ) );
#2092 = ORIENTED_EDGE('',*,*,#2093,.T.);
#2093 = EDGE_CURVE('',#2070,#534,#2094,.T.);
#2094 = SURFACE_CURVE('',#2095,(#2099,#2106),.PCURVE_S1.);
#2095 = LINE('',#2096,#2097);
#2096 = CARTESIAN_POINT('',(0.,2.5,1.));
#2097 = VECTOR('',#2098,1.);
#2098 = DIRECTION('',(-1.,0.,0.));
#2099 = PCURVE('',#550,#2100);
#2100 = DEFINITIONAL_REPRESENTATION('',(#2101),#2105);
#2101 = LINE('',#2102,#2103);
#2102 = CARTESIAN_POINT('',(7.6,2.5));
#2103 = VECTOR('',#2104,1.);
#2104 = DIRECTION('',(-1.,0.));
#2105 = ( GEOMETRIC_REPRESENTATION_CONTEXT(2) 
PARAMETRIC_REPRESENTATION_CONTEXT() REPRESENTATION_CONTEXT('2D SPACE',''
  ) );
#2106 = PCURVE('',#600,#2107);
#2107 = DEFINITIONAL_REPRESENTATION('',(#2108),#2112);
#2108 = LINE('',#2109,#2110);
#2109 = CARTESIAN_POINT('',(1.570796326795,0.));
#2110 = VECTOR('',#2111,1.);
#2111 = DIRECTION('',(0.,1.));
#2112 = ( GEOMETRIC_REPRESENTATION_CONTEXT(2) 
PARAMETRIC_REPRESENTATION_CONTEXT() REPRESENTATION_CONTEXT('2D SPACE',''
  ) );
#2113 = ORIENTED_EDGE('',*,*,#533,.T.);
#2114 = ADVANCED_FACE('',(#2115),#727,.F.);
#2115 = FACE_BOUND('',#2116,.F.);
#2116 = EDGE_LOOP('',(#2117,#2118,#2142,#2163));
#2117 = ORIENTED_EDGE('',*,*,#1934,.T.);
#2118 = ORIENTED_EDGE('',*,*,#2119,.F.);
#2119 = EDGE_CURVE('',#2120,#1935,#2122,.T.);
#2120 = VERTEX_POINT('',#2121);
#2121 = CARTESIAN_POINT('',(-7.282856582413,2.5,14.));
#2122 = SURFACE_CURVE('',#2123,(#2128,#2135),.PCURVE_S1.);
#2123 = CIRCLE('',#2124,7.7);
#2124 = AXIS2_PLACEMENT_3D('',#2125,#2126,#2127);
#2125 = CARTESIAN_POINT('',(0.,0.,14.));
#2126 = DIRECTION('',(0.,0.,1.));
#2127 = DIRECTION('',(1.,0.,-0.));
#2128 = PCURVE('',#727,#2129);
#2129 = DEFINITIONAL_REPRESENTATION('',(#2130),#2134);
#2130 = CIRCLE('',#2131,7.7);
#2131 = AXIS2_PLACEMENT_2D('',#2132,#2133);
#2132 = CARTESIAN_POINT('',(7.6,0.));
#2133 = DIRECTION('',(1.,0.));
#2134 = ( GEOMETRIC_REPRESENTATION_CONTEXT(2) 
PARAMETRIC_REPRESENTATION_CONTEXT() REPRESENTATION_CONTEXT('2D SPACE',''
  ) );
#2135 = PCURVE('',#1782,#2136);
#2136 = DEFINITIONAL_REPRESENTATION('',(#2137),#2141);
#2137 = LINE('',#2138,#2139);
#2138 = CARTESIAN_POINT('',(0.,15.));
#2139 = VECTOR('',#2140,1.);
#2140 = DIRECTION('',(1.,0.));
#2141 = ( GEOMETRIC_REPRESENTATION_CONTEXT(2) 
PARAMETRIC_REPRESENTATION_CONTEXT() REPRESENTATION_CONTEXT('2D SPACE',''
  ) );
#2142 = ORIENTED_EDGE('',*,*,#2143,.T.);
#2143 = EDGE_CURVE('',#2120,#650,#2144,.T.);
#2144 = SURFACE_CURVE('',#2145,(#2149,#2156),.PCURVE_S1.);
#2145 = LINE('',#2146,#2147);
#2146 = CARTESIAN_POINT('',(0.,2.5,14.));
#2147 = VECTOR('',#2148,1.);
#2148 = DIRECTION('',(-1.,0.,0.));
#2149 = PCURVE('',#727,#2150);
#2150 = DEFINITIONAL_REPRESENTATION('',(#2151),#2155);
#2151 = LINE('',#2152,#2153);
#2152 = CARTESIAN_POINT('',(7.6,2.5));
#2153 = VECTOR('',#2154,1.);
#2154 = DIRECTION('',(-1.,0.));
#2155 = ( GEOMETRIC_REPRESENTATION_CONTEXT(2) 
PARAMETRIC_REPRESENTATION_CONTEXT() REPRESENTATION_CONTEXT('2D SPACE',''
  ) );
#2156 = PCURVE('',#687,#2157);
#2157 = DEFINITIONAL_REPRESENTATION('',(#2158),#2162);
#2158 = LINE('',#2159,#2160);
#2159 = CARTESIAN_POINT('',(-1.570796326795,0.));
#2160 = VECTOR('',#2161,1.);
#2161 = DIRECTION('',(-0.,1.));
#2162 = ( GEOMETRIC_REPRESENTATION_CONTEXT(2) 
PARAMETRIC_REPRESENTATION_CONTEXT() REPRESENTATION_CONTEXT('2D SPACE',''
  ) );
#2163 = ORIENTED_EDGE('',*,*,#710,.T.);
#2164 = ADVANCED_FACE('',(#2165),#600,.F.);
#2165 = FACE_BOUND('',#2166,.F.);
#2166 = EDGE_LOOP('',(#2167,#2190,#2298,#2299));
#2167 = ORIENTED_EDGE('',*,*,#2168,.F.);
#2168 = EDGE_CURVE('',#2169,#563,#2171,.T.);
#2169 = VERTEX_POINT('',#2170);
#2170 = CARTESIAN_POINT('',(-5.388877434123,5.5,4.));
#2171 = SURFACE_CURVE('',#2172,(#2176,#2183),.PCURVE_S1.);
#2172 = LINE('',#2173,#2174);
#2173 = CARTESIAN_POINT('',(0.,5.5,4.));
#2174 = VECTOR('',#2175,1.);
#2175 = DIRECTION('',(-1.,0.,0.));
#2176 = PCURVE('',#600,#2177);
#2177 = DEFINITIONAL_REPRESENTATION('',(#2178),#2182);
#2178 = LINE('',#2179,#2180);
#2179 = CARTESIAN_POINT('',(0.,0.));
#2180 = VECTOR('',#2181,1.);
#2181 = DIRECTION('',(0.,1.));
#2182 = ( GEOMETRIC_REPRESENTATION_CONTEXT(2) 
PARAMETRIC_REPRESENTATION_CONTEXT() REPRESENTATION_CONTEXT('2D SPACE',''
  ) );
#2183 = PCURVE('',#638,#2184);
#2184 = DEFINITIONAL_REPRESENTATION('',(#2185),#2189);
#2185 = LINE('',#2186,#2187);
#2186 = CARTESIAN_POINT('',(0.,-3.));
#2187 = VECTOR('',#2188,1.);
#2188 = DIRECTION('',(1.,0.));
#2189 = ( GEOMETRIC_REPRESENTATION_CONTEXT(2) 
PARAMETRIC_REPRESENTATION_CONTEXT() REPRESENTATION_CONTEXT('2D SPACE',''
  ) );
#2190 = ORIENTED_EDGE('',*,*,#2191,.T.);
#2191 = EDGE_CURVE('',#2169,#2070,#2192,.T.);
#2192 = SURFACE_CURVE('',#2193,(#2226,#2262),.PCURVE_S1.);
#2193 = B_SPLINE_CURVE_WITH_KNOTS('',6,(#2194,#2195,#2196,#2197,#2198,
    #2199,#2200,#2201,#2202,#2203,#2204,#2205,#2206,#2207,#2208,#2209,
    #2210,#2211,#2212,#2213,#2214,#2215,#2216,#2217,#2218,#2219,#2220,
    #2221,#2222,#2223,#2224,#2225),.UNSPECIFIED.,.F.,.F.,(7,5,5,5,5,5,7)
  ,(0.,0.222426012703,0.305658596664,0.488533686333,0.735215666517,
    0.832590854093,1.),.UNSPECIFIED.);
#2194 = CARTESIAN_POINT('',(-5.388877434123,5.5,4.));
#2195 = CARTESIAN_POINT('',(-5.388877434123,5.5,3.830607390109));
#2196 = CARTESIAN_POINT('',(-5.400591422292,5.488522603291,
    3.661623920398));
#2197 = CARTESIAN_POINT('',(-5.423914838464,5.465670787871,
    3.494123328247));
#2198 = CARTESIAN_POINT('',(-5.458203772897,5.431706984717,
    3.329213781488));
#2199 = CARTESIAN_POINT('',(-5.502277989423,5.387079904911,
    3.168083537676));
#2200 = CARTESIAN_POINT('',(-5.574086040138,5.312284065666,
    2.953633306147));
#2201 = CARTESIAN_POINT('',(-5.594808002859,5.290520721639,
    2.895880172731));
#2202 = CARTESIAN_POINT('',(-5.61663464335,5.26738367781,2.838793434802)
  );
#2203 = CARTESIAN_POINT('',(-5.639501432434,5.242895167013,
    2.782397781343));
#2204 = CARTESIAN_POINT('',(-5.663342853829,5.217077345479,
    2.726719085926));
#2205 = CARTESIAN_POINT('',(-5.742471062323,5.130354282088,
    2.551084268513));
#2206 = CARTESIAN_POINT('',(-5.801217476193,5.064464781346,
    2.434012495919));
#2207 = CARTESIAN_POINT('',(-5.863704026857,4.992438330623,
    2.320674035425));
#2208 = CARTESIAN_POINT('',(-5.929342161727,4.914375541166,
    2.211214776219));
#2209 = CARTESIAN_POINT('',(-5.997582984609,4.830326221471,2.10582339919
    ));
#2210 = CARTESIAN_POINT('',(-6.16279322142,4.618845148615,1.86837171189)
  );
#2211 = CARTESIAN_POINT('',(-6.261494245126,4.486488416875,
    1.739814838883));
#2212 = CARTESIAN_POINT('',(-6.36287247029,4.343088571529,1.619500958976
    ));
#2213 = CARTESIAN_POINT('',(-6.465872359126,4.18834483675,1.508179523997
    ));
#2214 = CARTESIAN_POINT('',(-6.569376156809,4.021899429961,
    1.407004812218));
#2215 = CARTESIAN_POINT('',(-6.712694711219,3.773106551623,
    1.282390458018));
#2216 = CARTESIAN_POINT('',(-6.753143133928,3.700829162648,
    1.248963000919));
#2217 = CARTESIAN_POINT('',(-6.793390302461,3.626690362808,
    1.217489083728));
#2218 = CARTESIAN_POINT('',(-6.833346611899,3.550699235064,
    1.188091123507));
#2219 = CARTESIAN_POINT('',(-6.872920458725,3.472871420181,
    1.160901358244));
#2220 = CARTESIAN_POINT('',(-6.979235839778,3.256306659052,
    1.093357319248));
#2221 = CARTESIAN_POINT('',(-7.045194280893,3.113721378543,
    1.057506599652));
#2222 = CARTESIAN_POINT('',(-7.109148133184,2.966074829535,
    1.029453449798));
#2223 = CARTESIAN_POINT('',(-7.170432047439,2.814046140107,
    1.010036804654));
#2224 = CARTESIAN_POINT('',(-7.228482007644,2.65840089191,1.));
#2225 = CARTESIAN_POINT('',(-7.282856582413,2.5,1.));
#2226 = PCURVE('',#600,#2227);
#2227 = DEFINITIONAL_REPRESENTATION('',(#2228),#2261);
#2228 = B_SPLINE_CURVE_WITH_KNOTS('',6,(#2229,#2230,#2231,#2232,#2233,
    #2234,#2235,#2236,#2237,#2238,#2239,#2240,#2241,#2242,#2243,#2244,
    #2245,#2246,#2247,#2248,#2249,#2250,#2251,#2252,#2253,#2254,#2255,
    #2256,#2257,#2258,#2259,#2260),.UNSPECIFIED.,.F.,.F.,(7,5,5,5,5,5,7)
  ,(0.,0.222426012703,0.305658596664,0.488533686333,0.735215666517,
    0.832590854093,1.),.UNSPECIFIED.);
#2229 = CARTESIAN_POINT('',(0.,5.388877434123));
#2230 = CARTESIAN_POINT('',(5.64642032969E-02,5.388877434123));
#2231 = CARTESIAN_POINT('',(0.112791948843,5.400591422292));
#2232 = CARTESIAN_POINT('',(0.168949890364,5.423914838464));
#2233 = CARTESIAN_POINT('',(0.224883038396,5.458203772897));
#2234 = CARTESIAN_POINT('',(0.280495863898,5.502277989423));
#2235 = CARTESIAN_POINT('',(0.356202402124,5.574086040138));
#2236 = CARTESIAN_POINT('',(0.376768645989,5.594808002859));
#2237 = CARTESIAN_POINT('',(0.397291681368,5.61663464335));
#2238 = CARTESIAN_POINT('',(0.417776733263,5.639501432434));
#2239 = CARTESIAN_POINT('',(0.438228380697,5.663342853829));
#2240 = CARTESIAN_POINT('',(0.503521292352,5.742471062323));
#2241 = CARTESIAN_POINT('',(0.548236056356,5.801217476193));
#2242 = CARTESIAN_POINT('',(0.592903299134,5.863704026857));
#2243 = CARTESIAN_POINT('',(0.637621659829,5.929342161727));
#2244 = CARTESIAN_POINT('',(0.6824892424,5.997582984609));
#2245 = CARTESIAN_POINT('',(0.788480619396,6.16279322142));
#2246 = CARTESIAN_POINT('',(0.84982422944,6.261494245126));
#2247 = CARTESIAN_POINT('',(0.911969785835,6.36287247029));
#2248 = CARTESIAN_POINT('',(0.975236388281,6.465872359126));
#2249 = CARTESIAN_POINT('',(1.039946857728,6.569376156809));
#2250 = CARTESIAN_POINT('',(1.132698996718,6.712694711219));
#2251 = CARTESIAN_POINT('',(1.159230609757,6.753143133928));
#2252 = CARTESIAN_POINT('',(1.186057614456,6.793390302461));
#2253 = CARTESIAN_POINT('',(1.213195368981,6.833346611899));
#2254 = CARTESIAN_POINT('',(1.24066006617,6.872920458725));
#2255 = CARTESIAN_POINT('',(1.316277886649,6.979235839778));
#2256 = CARTESIAN_POINT('',(1.365208741287,7.045194280893));
#2257 = CARTESIAN_POINT('',(1.415173263999,7.109148133184));
#2258 = CARTESIAN_POINT('',(1.466114173146,7.170432047439));
#2259 = CARTESIAN_POINT('',(1.517996029492,7.228482007644));
#2260 = CARTESIAN_POINT('',(1.570796326795,7.282856582413));
#2261 = ( GEOMETRIC_REPRESENTATION_CONTEXT(2) 
PARAMETRIC_REPRESENTATION_CONTEXT() REPRESENTATION_CONTEXT('2D SPACE',''
  ) );
#2262 = PCURVE('',#1782,#2263);
#2263 = DEFINITIONAL_REPRESENTATION('',(#2264),#2297);
#2264 = B_SPLINE_CURVE_WITH_KNOTS('',6,(#2265,#2266,#2267,#2268,#2269,
    #2270,#2271,#2272,#2273,#2274,#2275,#2276,#2277,#2278,#2279,#2280,
    #2281,#2282,#2283,#2284,#2285,#2286,#2287,#2288,#2289,#2290,#2291,
    #2292,#2293,#2294,#2295,#2296),.UNSPECIFIED.,.F.,.F.,(7,5,5,5,5,5,7)
  ,(0.,0.222426012703,0.305658596664,0.488533686333,0.735215666517,
    0.832590854093,1.),.UNSPECIFIED.);
#2265 = CARTESIAN_POINT('',(2.345989700105,5.));
#2266 = CARTESIAN_POINT('',(2.345989700105,4.830607390109));
#2267 = CARTESIAN_POINT('',(2.348119512455,4.661623920398));
#2268 = CARTESIAN_POINT('',(2.352360151394,4.494123328247));
#2269 = CARTESIAN_POINT('',(2.358627790253,4.329213781488));
#2270 = CARTESIAN_POINT('',(2.366772742231,4.168083537676));
#2271 = CARTESIAN_POINT('',(2.380238473501,3.953633306147));
#2272 = CARTESIAN_POINT('',(2.384141127862,3.895880172731));
#2273 = CARTESIAN_POINT('',(2.38827191566,3.838793434802));
#2274 = CARTESIAN_POINT('',(2.392623102303,3.782397781343));
#2275 = CARTESIAN_POINT('',(2.397186943887,3.726719085926));
#2276 = CARTESIAN_POINT('',(2.412433366981,3.551084268513));
#2277 = CARTESIAN_POINT('',(2.423896965982,3.434012495919));
#2278 = CARTESIAN_POINT('',(2.436278777943,3.320674035425));
#2279 = CARTESIAN_POINT('',(2.449521680626,3.211214776219));
#2280 = CARTESIAN_POINT('',(2.463579457651,3.10582339919));
#2281 = CARTESIAN_POINT('',(2.498431787269,2.86837171189));
#2282 = CARTESIAN_POINT('',(2.51986881188,2.739814838883));
#2283 = CARTESIAN_POINT('',(2.542664527632,2.619500958976));
#2284 = CARTESIAN_POINT('',(2.566789905853,2.508179523997));
#2285 = CARTESIAN_POINT('',(2.592230359112,2.407004812218));
#2286 = CARTESIAN_POINT('',(2.629518718282,2.282390458018));
#2287 = CARTESIAN_POINT('',(2.640274474043,2.248963000919));
#2288 = CARTESIAN_POINT('',(2.651228766183,2.217489083728));
#2289 = CARTESIAN_POINT('',(2.662377292294,2.188091123507));
#2290 = CARTESIAN_POINT('',(2.673715301658,2.160901358244));
#2291 = CARTESIAN_POINT('',(2.705046926313,2.093357319248));
#2292 = CARTESIAN_POINT('',(2.72544439191,2.057506599652));
#2293 = CARTESIAN_POINT('',(2.746331063981,2.029453449798));
#2294 = CARTESIAN_POINT('',(2.767608098154,2.010036804654));
#2295 = CARTESIAN_POINT('',(2.789174387724,2.));
#2296 = CARTESIAN_POINT('',(2.810924217632,2.));
#2297 = ( GEOMETRIC_REPRESENTATION_CONTEXT(2) 
PARAMETRIC_REPRESENTATION_CONTEXT() REPRESENTATION_CONTEXT('2D SPACE',''
  ) );
#2298 = ORIENTED_EDGE('',*,*,#2093,.T.);
#2299 = ORIENTED_EDGE('',*,*,#562,.F.);
#2300 = ADVANCED_FACE('',(#2301),#687,.F.);
#2301 = FACE_BOUND('',#2302,.T.);
#2302 = EDGE_LOOP('',(#2303,#2326,#2434,#2435));
#2303 = ORIENTED_EDGE('',*,*,#2304,.F.);
#2304 = EDGE_CURVE('',#2305,#624,#2307,.T.);
#2305 = VERTEX_POINT('',#2306);
#2306 = CARTESIAN_POINT('',(-5.388877434123,5.5,11.));
#2307 = SURFACE_CURVE('',#2308,(#2312,#2319),.PCURVE_S1.);
#2308 = LINE('',#2309,#2310);
#2309 = CARTESIAN_POINT('',(0.,5.5,11.));
#2310 = VECTOR('',#2311,1.);
#2311 = DIRECTION('',(-1.,0.,0.));
#2312 = PCURVE('',#687,#2313);
#2313 = DEFINITIONAL_REPRESENTATION('',(#2314),#2318);
#2314 = LINE('',#2315,#2316);
#2315 = CARTESIAN_POINT('',(-0.,0.));
#2316 = VECTOR('',#2317,1.);
#2317 = DIRECTION('',(-0.,1.));
#2318 = ( GEOMETRIC_REPRESENTATION_CONTEXT(2) 
PARAMETRIC_REPRESENTATION_CONTEXT() REPRESENTATION_CONTEXT('2D SPACE',''
  ) );
#2319 = PCURVE('',#638,#2320);
#2320 = DEFINITIONAL_REPRESENTATION('',(#2321),#2325);
#2321 = LINE('',#2322,#2323);
#2322 = CARTESIAN_POINT('',(0.,-10.));
#2323 = VECTOR('',#2324,1.);
#2324 = DIRECTION('',(1.,0.));
#2325 = ( GEOMETRIC_REPRESENTATION_CONTEXT(2) 
PARAMETRIC_REPRESENTATION_CONTEXT() REPRESENTATION_CONTEXT('2D SPACE',''
  ) );
#2326 = ORIENTED_EDGE('',*,*,#2327,.T.);
#2327 = EDGE_CURVE('',#2305,#2120,#2328,.T.);
#2328 = SURFACE_CURVE('',#2329,(#2362,#2398),.PCURVE_S1.);
#2329 = B_SPLINE_CURVE_WITH_KNOTS('',6,(#2330,#2331,#2332,#2333,#2334,
    #2335,#2336,#2337,#2338,#2339,#2340,#2341,#2342,#2343,#2344,#2345,
    #2346,#2347,#2348,#2349,#2350,#2351,#2352,#2353,#2354,#2355,#2356,
    #2357,#2358,#2359,#2360,#2361),.UNSPECIFIED.,.F.,.F.,(7,5,5,5,5,5,7)
  ,(0.,0.222426019587,0.305658606111,0.488533701395,0.735215689162,
    0.83259087295,1.),.UNSPECIFIED.);
#2330 = CARTESIAN_POINT('',(-5.388877434123,5.5,11.));
#2331 = CARTESIAN_POINT('',(-5.388877434123,5.5,11.169392609891));
#2332 = CARTESIAN_POINT('',(-5.400591422292,5.488522603291,
    11.338376079601));
#2333 = CARTESIAN_POINT('',(-5.423914838464,5.465670787871,
    11.505876671753));
#2334 = CARTESIAN_POINT('',(-5.458203772897,5.431706984717,
    11.670786218512));
#2335 = CARTESIAN_POINT('',(-5.502277989423,5.387079904911,
    11.831916462325));
#2336 = CARTESIAN_POINT('',(-5.574086040134,5.312284065669,
    12.046366693844));
#2337 = CARTESIAN_POINT('',(-5.594808002861,5.290520721638,
    12.10411982727));
#2338 = CARTESIAN_POINT('',(-5.616634643353,5.267383677806,
    12.161206565207));
#2339 = CARTESIAN_POINT('',(-5.639501432435,5.242895167012,
    12.217602218661));
#2340 = CARTESIAN_POINT('',(-5.663342853825,5.217077345483,
    12.273280914067));
#2341 = CARTESIAN_POINT('',(-5.742471062325,5.130354282085,
    12.448915731491));
#2342 = CARTESIAN_POINT('',(-5.801217476193,5.064464781346,
    12.565987504079));
#2343 = CARTESIAN_POINT('',(-5.863704026854,4.992438330626,
    12.67932596457));
#2344 = CARTESIAN_POINT('',(-5.929342161726,4.914375541167,
    12.788785223781));
#2345 = CARTESIAN_POINT('',(-5.997582984612,4.830326221467,
    12.894176600814));
#2346 = CARTESIAN_POINT('',(-6.16279322142,4.618845148615,13.13162828811
    ));
#2347 = CARTESIAN_POINT('',(-6.261494245126,4.486488416875,
    13.260185161117));
#2348 = CARTESIAN_POINT('',(-6.36287247029,4.343088571529,
    13.380499041024));
#2349 = CARTESIAN_POINT('',(-6.465872359126,4.18834483675,
    13.491820476003));
#2350 = CARTESIAN_POINT('',(-6.569376156809,4.021899429961,
    13.592995187782));
#2351 = CARTESIAN_POINT('',(-6.712694708394,3.773106556526,
    13.717609539526));
#2352 = CARTESIAN_POINT('',(-6.753143134731,3.700829160801,
    13.751036999425));
#2353 = CARTESIAN_POINT('',(-6.793390305342,3.626690357387,
    13.782510918449));
#2354 = CARTESIAN_POINT('',(-6.833346612654,3.550699233994,
    13.811908877336));
#2355 = CARTESIAN_POINT('',(-6.872920455841,3.472871426055,
    13.839098639924));
#2356 = CARTESIAN_POINT('',(-6.979235839778,3.256306659052,
    13.906642680752));
#2357 = CARTESIAN_POINT('',(-7.045194280893,3.113721378543,
    13.942493400348));
#2358 = CARTESIAN_POINT('',(-7.109148133184,2.966074829535,
    13.970546550202));
#2359 = CARTESIAN_POINT('',(-7.170432047439,2.814046140107,
    13.989963195346));
#2360 = CARTESIAN_POINT('',(-7.228482007644,2.65840089191,14.));
#2361 = CARTESIAN_POINT('',(-7.282856582413,2.5,14.));
#2362 = PCURVE('',#687,#2363);
#2363 = DEFINITIONAL_REPRESENTATION('',(#2364),#2397);
#2364 = B_SPLINE_CURVE_WITH_KNOTS('',6,(#2365,#2366,#2367,#2368,#2369,
    #2370,#2371,#2372,#2373,#2374,#2375,#2376,#2377,#2378,#2379,#2380,
    #2381,#2382,#2383,#2384,#2385,#2386,#2387,#2388,#2389,#2390,#2391,
    #2392,#2393,#2394,#2395,#2396),.UNSPECIFIED.,.F.,.F.,(7,5,5,5,5,5,7)
  ,(0.,0.222426019587,0.305658606111,0.488533701395,0.735215689162,
    0.83259087295,1.),.UNSPECIFIED.);
#2365 = CARTESIAN_POINT('',(0.,5.388877434123));
#2366 = CARTESIAN_POINT('',(-5.646420329694E-02,5.388877434123));
#2367 = CARTESIAN_POINT('',(-0.112791948843,5.400591422292));
#2368 = CARTESIAN_POINT('',(-0.168949890364,5.423914838464));
#2369 = CARTESIAN_POINT('',(-0.224883038395,5.458203772897));
#2370 = CARTESIAN_POINT('',(-0.280495863898,5.502277989423));
#2371 = CARTESIAN_POINT('',(-0.356202402121,5.574086040134));
#2372 = CARTESIAN_POINT('',(-0.37676864599,5.594808002861));
#2373 = CARTESIAN_POINT('',(-0.397291681371,5.616634643353));
#2374 = CARTESIAN_POINT('',(-0.417776733264,5.639501432435));
#2375 = CARTESIAN_POINT('',(-0.438228380695,5.663342853825));
#2376 = CARTESIAN_POINT('',(-0.503521292354,5.742471062325));
#2377 = CARTESIAN_POINT('',(-0.548236056356,5.801217476193));
#2378 = CARTESIAN_POINT('',(-0.592903299132,5.863704026854));
#2379 = CARTESIAN_POINT('',(-0.637621659828,5.929342161726));
#2380 = CARTESIAN_POINT('',(-0.682489242402,5.997582984612));
#2381 = CARTESIAN_POINT('',(-0.788480619396,6.16279322142));
#2382 = CARTESIAN_POINT('',(-0.84982422944,6.261494245126));
#2383 = CARTESIAN_POINT('',(-0.911969785835,6.36287247029));
#2384 = CARTESIAN_POINT('',(-0.975236388281,6.465872359126));
#2385 = CARTESIAN_POINT('',(-1.039946857728,6.569376156809));
#2386 = CARTESIAN_POINT('',(-1.13269899489,6.712694708394));
#2387 = CARTESIAN_POINT('',(-1.159230610372,6.753143134731));
#2388 = CARTESIAN_POINT('',(-1.186057616409,6.793390305342));
#2389 = CARTESIAN_POINT('',(-1.213195369418,6.833346612654));
#2390 = CARTESIAN_POINT('',(-1.240660064119,6.872920455841));
#2391 = CARTESIAN_POINT('',(-1.316277886649,6.979235839778));
#2392 = CARTESIAN_POINT('',(-1.365208741287,7.045194280893));
#2393 = CARTESIAN_POINT('',(-1.415173263999,7.109148133184));
#2394 = CARTESIAN_POINT('',(-1.466114173146,7.170432047439));
#2395 = CARTESIAN_POINT('',(-1.517996029492,7.228482007644));
#2396 = CARTESIAN_POINT('',(-1.570796326795,7.282856582413));
#2397 = ( GEOMETRIC_REPRESENTATION_CONTEXT(2) 
PARAMETRIC_REPRESENTATION_CONTEXT() REPRESENTATION_CONTEXT('2D SPACE',''
  ) );
#2398 = PCURVE('',#1782,#2399);
#2399 = DEFINITIONAL_REPRESENTATION('',(#2400),#2433);
#2400 = B_SPLINE_CURVE_WITH_KNOTS('',6,(#2401,#2402,#2403,#2404,#2405,
    #2406,#2407,#2408,#2409,#2410,#2411,#2412,#2413,#2414,#2415,#2416,
    #2417,#2418,#2419,#2420,#2421,#2422,#2423,#2424,#2425,#2426,#2427,
    #2428,#2429,#2430,#2431,#2432),.UNSPECIFIED.,.F.,.F.,(7,5,5,5,5,5,7)
  ,(0.,0.222426019587,0.305658606111,0.488533701395,0.735215689162,
    0.83259087295,1.),.UNSPECIFIED.);
#2401 = CARTESIAN_POINT('',(2.345989700105,12.));
#2402 = CARTESIAN_POINT('',(2.345989700105,12.169392609891));
#2403 = CARTESIAN_POINT('',(2.348119512455,12.338376079601));
#2404 = CARTESIAN_POINT('',(2.352360151394,12.505876671753));
#2405 = CARTESIAN_POINT('',(2.358627790253,12.670786218512));
#2406 = CARTESIAN_POINT('',(2.366772742231,12.831916462325));
#2407 = CARTESIAN_POINT('',(2.3802384735,13.046366693844));
#2408 = CARTESIAN_POINT('',(2.384141127862,13.10411982727));
#2409 = CARTESIAN_POINT('',(2.388271915661,13.161206565207));
#2410 = CARTESIAN_POINT('',(2.392623102303,13.217602218661));
#2411 = CARTESIAN_POINT('',(2.397186943886,13.273280914067));
#2412 = CARTESIAN_POINT('',(2.412433366981,13.448915731491));
#2413 = CARTESIAN_POINT('',(2.423896965982,13.565987504079));
#2414 = CARTESIAN_POINT('',(2.436278777943,13.67932596457));
#2415 = CARTESIAN_POINT('',(2.449521680626,13.788785223781));
#2416 = CARTESIAN_POINT('',(2.463579457651,13.894176600814));
#2417 = CARTESIAN_POINT('',(2.498431787269,14.13162828811));
#2418 = CARTESIAN_POINT('',(2.51986881188,14.260185161117));
#2419 = CARTESIAN_POINT('',(2.542664527632,14.380499041024));
#2420 = CARTESIAN_POINT('',(2.566789905853,14.491820476003));
#2421 = CARTESIAN_POINT('',(2.592230359112,14.592995187782));
#2422 = CARTESIAN_POINT('',(2.629518717548,14.717609539526));
#2423 = CARTESIAN_POINT('',(2.640274474303,14.751036999425));
#2424 = CARTESIAN_POINT('',(2.651228766981,14.782510918449));
#2425 = CARTESIAN_POINT('',(2.662377292463,14.811908877336));
#2426 = CARTESIAN_POINT('',(2.673715300808,14.839098639924));
#2427 = CARTESIAN_POINT('',(2.705046926313,14.906642680752));
#2428 = CARTESIAN_POINT('',(2.72544439191,14.942493400348));
#2429 = CARTESIAN_POINT('',(2.746331063981,14.970546550202));
#2430 = CARTESIAN_POINT('',(2.767608098154,14.989963195346));
#2431 = CARTESIAN_POINT('',(2.789174387724,15.));
#2432 = CARTESIAN_POINT('',(2.810924217632,15.));
#2433 = ( GEOMETRIC_REPRESENTATION_CONTEXT(2) 
PARAMETRIC_REPRESENTATION_CONTEXT() REPRESENTATION_CONTEXT('2D SPACE',''
  ) );
#2434 = ORIENTED_EDGE('',*,*,#2143,.T.);
#2435 = ORIENTED_EDGE('',*,*,#649,.F.);
#2436 = ADVANCED_FACE('',(#2437),#638,.T.);
#2437 = FACE_BOUND('',#2438,.T.);
#2438 = EDGE_LOOP('',(#2439,#2440,#2459,#2460));
#2439 = ORIENTED_EDGE('',*,*,#2168,.F.);
#2440 = ORIENTED_EDGE('',*,*,#2441,.T.);
#2441 = EDGE_CURVE('',#2169,#2305,#2442,.T.);
#2442 = SURFACE_CURVE('',#2443,(#2447,#2453),.PCURVE_S1.);
#2443 = LINE('',#2444,#2445);
#2444 = CARTESIAN_POINT('',(-5.388877434123,5.5,-1.));
#2445 = VECTOR('',#2446,1.);
#2446 = DIRECTION('',(0.,0.,1.));
#2447 = PCURVE('',#638,#2448);
#2448 = DEFINITIONAL_REPRESENTATION('',(#2449),#2452);
#2449 = B_SPLINE_CURVE_WITH_KNOTS('',1,(#2450,#2451),.UNSPECIFIED.,.F.,
  .F.,(2,2),(4.3,12.7),.PIECEWISE_BEZIER_KNOTS.);
#2450 = CARTESIAN_POINT('',(5.388877434123,-2.3));
#2451 = CARTESIAN_POINT('',(5.388877434123,-10.7));
#2452 = ( GEOMETRIC_REPRESENTATION_CONTEXT(2) 
PARAMETRIC_REPRESENTATION_CONTEXT() REPRESENTATION_CONTEXT('2D SPACE',''
  ) );
#2453 = PCURVE('',#1782,#2454);
#2454 = DEFINITIONAL_REPRESENTATION('',(#2455),#2458);
#2455 = B_SPLINE_CURVE_WITH_KNOTS('',1,(#2456,#2457),.UNSPECIFIED.,.F.,
  .F.,(2,2),(4.3,12.7),.PIECEWISE_BEZIER_KNOTS.);
#2456 = CARTESIAN_POINT('',(2.345989700105,4.3));
#2457 = CARTESIAN_POINT('',(2.345989700105,12.7));
#2458 = ( GEOMETRIC_REPRESENTATION_CONTEXT(2) 
PARAMETRIC_REPRESENTATION_CONTEXT() REPRESENTATION_CONTEXT('2D SPACE',''
  ) );
#2459 = ORIENTED_EDGE('',*,*,#2304,.T.);
#2460 = ORIENTED_EDGE('',*,*,#623,.F.);
#2461 = ADVANCED_FACE('',(#2462),#829,.F.);
#2462 = FACE_BOUND('',#2463,.F.);
#2463 = EDGE_LOOP('',(#2464,#2465,#2488,#2515,#2516,#2517,#2518,#2519));
#2464 = ORIENTED_EDGE('',*,*,#810,.T.);
#2465 = ORIENTED_EDGE('',*,*,#2466,.T.);
#2466 = EDGE_CURVE('',#813,#2467,#2469,.T.);
#2467 = VERTEX_POINT('',#2468);
#2468 = CARTESIAN_POINT('',(10.2,-2.498279470261E-15,0.));
#2469 = SEAM_CURVE('',#2470,(#2474,#2481),.PCURVE_S1.);
#2470 = LINE('',#2471,#2472);
#2471 = CARTESIAN_POINT('',(10.2,-2.498279470261E-15,-36.));
#2472 = VECTOR('',#2473,1.);
#2473 = DIRECTION('',(0.,0.,1.));
#2474 = PCURVE('',#829,#2475);
#2475 = DEFINITIONAL_REPRESENTATION('',(#2476),#2480);
#2476 = LINE('',#2477,#2478);
#2477 = CARTESIAN_POINT('',(0.,-0.));
#2478 = VECTOR('',#2479,1.);
#2479 = DIRECTION('',(0.,1.));
#2480 = ( GEOMETRIC_REPRESENTATION_CONTEXT(2) 
PARAMETRIC_REPRESENTATION_CONTEXT() REPRESENTATION_CONTEXT('2D SPACE',''
  ) );
#2481 = PCURVE('',#829,#2482);
#2482 = DEFINITIONAL_REPRESENTATION('',(#2483),#2487);
#2483 = LINE('',#2484,#2485);
#2484 = CARTESIAN_POINT('',(6.28318530718,-0.));
#2485 = VECTOR('',#2486,1.);
#2486 = DIRECTION('',(0.,1.));
#2487 = ( GEOMETRIC_REPRESENTATION_CONTEXT(2) 
PARAMETRIC_REPRESENTATION_CONTEXT() REPRESENTATION_CONTEXT('2D SPACE',''
  ) );
#2488 = ORIENTED_EDGE('',*,*,#2489,.F.);
#2489 = EDGE_CURVE('',#2467,#2467,#2490,.T.);
#2490 = SURFACE_CURVE('',#2491,(#2496,#2503),.PCURVE_S1.);
#2491 = CIRCLE('',#2492,10.2);
#2492 = AXIS2_PLACEMENT_3D('',#2493,#2494,#2495);
#2493 = CARTESIAN_POINT('',(0.,0.,0.));
#2494 = DIRECTION('',(0.,0.,1.));
#2495 = DIRECTION('',(1.,0.,-0.));
#2496 = PCURVE('',#829,#2497);
#2497 = DEFINITIONAL_REPRESENTATION('',(#2498),#2502);
#2498 = LINE('',#2499,#2500);
#2499 = CARTESIAN_POINT('',(0.,36.));
#2500 = VECTOR('',#2501,1.);
#2501 = DIRECTION('',(1.,0.));
#2502 = ( GEOMETRIC_REPRESENTATION_CONTEXT(2) 
PARAMETRIC_REPRESENTATION_CONTEXT() REPRESENTATION_CONTEXT('2D SPACE',''
  ) );
#2503 = PCURVE('',#2504,#2509);
#2504 = PLANE('',#2505);
#2505 = AXIS2_PLACEMENT_3D('',#2506,#2507,#2508);
#2506 = CARTESIAN_POINT('',(0.,0.,0.));
#2507 = DIRECTION('',(0.,0.,1.));
#2508 = DIRECTION('',(1.,0.,-0.));
#2509 = DEFINITIONAL_REPRESENTATION('',(#2510),#2514);
#2510 = CIRCLE('',#2511,10.2);
#2511 = AXIS2_PLACEMENT_2D('',#2512,#2513);
#2512 = CARTESIAN_POINT('',(0.,0.));
#2513 = DIRECTION('',(1.,0.));
#2514 = ( GEOMETRIC_REPRESENTATION_CONTEXT(2) 
PARAMETRIC_REPRESENTATION_CONTEXT() REPRESENTATION_CONTEXT('2D SPACE',''
  ) );
#2515 = ORIENTED_EDGE('',*,*,#2466,.F.);
#2516 = ORIENTED_EDGE('',*,*,#887,.T.);
#2517 = ORIENTED_EDGE('',*,*,#1388,.F.);
#2518 = ORIENTED_EDGE('',*,*,#1361,.T.);
#2519 = ORIENTED_EDGE('',*,*,#912,.T.);
#2520 = ADVANCED_FACE('',(#2521),#971,.F.);
#2521 = FACE_BOUND('',#2522,.F.);
#2522 = EDGE_LOOP('',(#2523,#2524,#2525,#2526));
#2523 = ORIENTED_EDGE('',*,*,#1313,.F.);
#2524 = ORIENTED_EDGE('',*,*,#1129,.T.);
#2525 = ORIENTED_EDGE('',*,*,#1055,.T.);
#2526 = ORIENTED_EDGE('',*,*,#956,.T.);
#2527 = ADVANCED_FACE('',(#2528),#1040,.F.);
#2528 = FACE_BOUND('',#2529,.F.);
#2529 = EDGE_LOOP('',(#2530,#2553,#2554,#2555));
#2530 = ORIENTED_EDGE('',*,*,#2531,.T.);
#2531 = EDGE_CURVE('',#2532,#1024,#2534,.T.);
#2532 = VERTEX_POINT('',#2533);
#2533 = CARTESIAN_POINT('',(21.7,-4.5,-21.8));
#2534 = SEAM_CURVE('',#2535,(#2539,#2546),.PCURVE_S1.);
#2535 = LINE('',#2536,#2537);
#2536 = CARTESIAN_POINT('',(21.7,-8.5,-21.8));
#2537 = VECTOR('',#2538,1.);
#2538 = DIRECTION('',(0.,1.,0.));
#2539 = PCURVE('',#1040,#2540);
#2540 = DEFINITIONAL_REPRESENTATION('',(#2541),#2545);
#2541 = LINE('',#2542,#2543);
#2542 = CARTESIAN_POINT('',(6.28318530718,-0.));
#2543 = VECTOR('',#2544,1.);
#2544 = DIRECTION('',(0.,1.));
#2545 = ( GEOMETRIC_REPRESENTATION_CONTEXT(2) 
PARAMETRIC_REPRESENTATION_CONTEXT() REPRESENTATION_CONTEXT('2D SPACE',''
  ) );
#2546 = PCURVE('',#1040,#2547);
#2547 = DEFINITIONAL_REPRESENTATION('',(#2548),#2552);
#2548 = LINE('',#2549,#2550);
#2549 = CARTESIAN_POINT('',(0.,-0.));
#2550 = VECTOR('',#2551,1.);
#2551 = DIRECTION('',(0.,1.));
#2552 = ( GEOMETRIC_REPRESENTATION_CONTEXT(2) 
PARAMETRIC_REPRESENTATION_CONTEXT() REPRESENTATION_CONTEXT('2D SPACE',''
  ) );
#2553 = ORIENTED_EDGE('',*,*,#1023,.F.);
#2554 = ORIENTED_EDGE('',*,*,#2531,.F.);
#2555 = ORIENTED_EDGE('',*,*,#2556,.T.);
#2556 = EDGE_CURVE('',#2532,#2532,#2557,.T.);
#2557 = SURFACE_CURVE('',#2558,(#2563,#2570),.PCURVE_S1.);
#2558 = CIRCLE('',#2559,2.2);
#2559 = AXIS2_PLACEMENT_3D('',#2560,#2561,#2562);
#2560 = CARTESIAN_POINT('',(21.7,-4.5,-24.));
#2561 = DIRECTION('',(0.,1.,0.));
#2562 = DIRECTION('',(0.,-0.,1.));
#2563 = PCURVE('',#1040,#2564);
#2564 = DEFINITIONAL_REPRESENTATION('',(#2565),#2569);
#2565 = LINE('',#2566,#2567);
#2566 = CARTESIAN_POINT('',(0.,4.));
#2567 = VECTOR('',#2568,1.);
#2568 = DIRECTION('',(1.,0.));
#2569 = ( GEOMETRIC_REPRESENTATION_CONTEXT(2) 
PARAMETRIC_REPRESENTATION_CONTEXT() REPRESENTATION_CONTEXT('2D SPACE',''
  ) );
#2570 = PCURVE('',#2571,#2576);
#2571 = PLANE('',#2572);
#2572 = AXIS2_PLACEMENT_3D('',#2573,#2574,#2575);
#2573 = CARTESIAN_POINT('',(21.7,-4.5,-24.));
#2574 = DIRECTION('',(-0.,-1.,-0.));
#2575 = DIRECTION('',(0.,0.,-1.));
#2576 = DEFINITIONAL_REPRESENTATION('',(#2577),#2585);
#2577 = ( BOUNDED_CURVE() B_SPLINE_CURVE(2,(#2578,#2579,#2580,#2581,
#2582,#2583,#2584),.UNSPECIFIED.,.T.,.F.) B_SPLINE_CURVE_WITH_KNOTS((1,2
    ,2,2,2,1),(-2.094395102393,0.,2.094395102393,4.188790204786,
6.28318530718,8.377580409573),.UNSPECIFIED.) CURVE() 
GEOMETRIC_REPRESENTATION_ITEM() RATIONAL_B_SPLINE_CURVE((1.,0.5,1.,0.5,
1.,0.5,1.)) REPRESENTATION_ITEM('') );
#2578 = CARTESIAN_POINT('',(-2.2,-3.552713678801E-15));
#2579 = CARTESIAN_POINT('',(-2.2,3.810511776652));
#2580 = CARTESIAN_POINT('',(1.1,1.905255888326));
#2581 = CARTESIAN_POINT('',(4.4,-3.013869087176E-15));
#2582 = CARTESIAN_POINT('',(1.1,-1.905255888326));
#2583 = CARTESIAN_POINT('',(-2.2,-3.810511776652));
#2584 = CARTESIAN_POINT('',(-2.2,-3.552713678801E-15));
#2585 = ( GEOMETRIC_REPRESENTATION_CONTEXT(2) 
PARAMETRIC_REPRESENTATION_CONTEXT() REPRESENTATION_CONTEXT('2D SPACE',''
  ) );
#2586 = ADVANCED_FACE('',(#2587),#1169,.T.);
#2587 = FACE_BOUND('',#2588,.T.);
#2588 = EDGE_LOOP('',(#2589,#2614,#2635,#2636));
#2589 = ORIENTED_EDGE('',*,*,#2590,.F.);
#2590 = EDGE_CURVE('',#2591,#2593,#2595,.T.);
#2591 = VERTEX_POINT('',#2592);
#2592 = CARTESIAN_POINT('',(23.778460978165,-4.5,-27.60000001573));
#2593 = VERTEX_POINT('',#2594);
#2594 = CARTESIAN_POINT('',(25.856921956331,-4.5,-24.));
#2595 = SURFACE_CURVE('',#2596,(#2600,#2607),.PCURVE_S1.);
#2596 = LINE('',#2597,#2598);
#2597 = CARTESIAN_POINT('',(23.778460978165,-4.5,-27.60000001573));
#2598 = VECTOR('',#2599,1.);
#2599 = DIRECTION('',(0.5,0.,0.866025403784));
#2600 = PCURVE('',#1169,#2601);
#2601 = DEFINITIONAL_REPRESENTATION('',(#2602),#2606);
#2602 = LINE('',#2603,#2604);
#2603 = CARTESIAN_POINT('',(0.,0.));
#2604 = VECTOR('',#2605,1.);
#2605 = DIRECTION('',(1.,0.));
#2606 = ( GEOMETRIC_REPRESENTATION_CONTEXT(2) 
PARAMETRIC_REPRESENTATION_CONTEXT() REPRESENTATION_CONTEXT('2D SPACE',''
  ) );
#2607 = PCURVE('',#2571,#2608);
#2608 = DEFINITIONAL_REPRESENTATION('',(#2609),#2613);
#2609 = LINE('',#2610,#2611);
#2610 = CARTESIAN_POINT('',(3.600000015732,2.078460978165));
#2611 = VECTOR('',#2612,1.);
#2612 = DIRECTION('',(-0.866025403784,0.5));
#2613 = ( GEOMETRIC_REPRESENTATION_CONTEXT(2) 
PARAMETRIC_REPRESENTATION_CONTEXT() REPRESENTATION_CONTEXT('2D SPACE',''
  ) );
#2614 = ORIENTED_EDGE('',*,*,#2615,.T.);
#2615 = EDGE_CURVE('',#2591,#1153,#2616,.T.);
#2616 = SURFACE_CURVE('',#2617,(#2621,#2628),.PCURVE_S1.);
#2617 = LINE('',#2618,#2619);
#2618 = CARTESIAN_POINT('',(23.778460978165,-4.5,-27.60000001573));
#2619 = VECTOR('',#2620,1.);
#2620 = DIRECTION('',(0.,-1.,0.));
#2621 = PCURVE('',#1169,#2622);
#2622 = DEFINITIONAL_REPRESENTATION('',(#2623),#2627);
#2623 = LINE('',#2624,#2625);
#2624 = CARTESIAN_POINT('',(0.,0.));
#2625 = VECTOR('',#2626,1.);
#2626 = DIRECTION('',(0.,-1.));
#2627 = ( GEOMETRIC_REPRESENTATION_CONTEXT(2) 
PARAMETRIC_REPRESENTATION_CONTEXT() REPRESENTATION_CONTEXT('2D SPACE',''
  ) );
#2628 = PCURVE('',#1297,#2629);
#2629 = DEFINITIONAL_REPRESENTATION('',(#2630),#2634);
#2630 = LINE('',#2631,#2632);
#2631 = CARTESIAN_POINT('',(4.156921956331,0.));
#2632 = VECTOR('',#2633,1.);
#2633 = DIRECTION('',(0.,-1.));
#2634 = ( GEOMETRIC_REPRESENTATION_CONTEXT(2) 
PARAMETRIC_REPRESENTATION_CONTEXT() REPRESENTATION_CONTEXT('2D SPACE',''
  ) );
#2635 = ORIENTED_EDGE('',*,*,#1152,.T.);
#2636 = ORIENTED_EDGE('',*,*,#2637,.F.);
#2637 = EDGE_CURVE('',#2593,#1155,#2638,.T.);
#2638 = SURFACE_CURVE('',#2639,(#2643,#2650),.PCURVE_S1.);
#2639 = LINE('',#2640,#2641);
#2640 = CARTESIAN_POINT('',(25.856921956331,-4.5,-24.));
#2641 = VECTOR('',#2642,1.);
#2642 = DIRECTION('',(0.,-1.,0.));
#2643 = PCURVE('',#1169,#2644);
#2644 = DEFINITIONAL_REPRESENTATION('',(#2645),#2649);
#2645 = LINE('',#2646,#2647);
#2646 = CARTESIAN_POINT('',(4.156921956331,0.));
#2647 = VECTOR('',#2648,1.);
#2648 = DIRECTION('',(0.,-1.));
#2649 = ( GEOMETRIC_REPRESENTATION_CONTEXT(2) 
PARAMETRIC_REPRESENTATION_CONTEXT() REPRESENTATION_CONTEXT('2D SPACE',''
  ) );
#2650 = PCURVE('',#1195,#2651);
#2651 = DEFINITIONAL_REPRESENTATION('',(#2652),#2656);
#2652 = LINE('',#2653,#2654);
#2653 = CARTESIAN_POINT('',(0.,0.));
#2654 = VECTOR('',#2655,1.);
#2655 = DIRECTION('',(0.,-1.));
#2656 = ( GEOMETRIC_REPRESENTATION_CONTEXT(2) 
PARAMETRIC_REPRESENTATION_CONTEXT() REPRESENTATION_CONTEXT('2D SPACE',''
  ) );
#2657 = ADVANCED_FACE('',(#2658),#1297,.T.);
#2658 = FACE_BOUND('',#2659,.T.);
#2659 = EDGE_LOOP('',(#2660,#2683,#2704,#2705));
#2660 = ORIENTED_EDGE('',*,*,#2661,.F.);
#2661 = EDGE_CURVE('',#2662,#2591,#2664,.T.);
#2662 = VERTEX_POINT('',#2663);
#2663 = CARTESIAN_POINT('',(19.621539021835,-4.5,-27.60000001573));
#2664 = SURFACE_CURVE('',#2665,(#2669,#2676),.PCURVE_S1.);
#2665 = LINE('',#2666,#2667);
#2666 = CARTESIAN_POINT('',(19.621539021835,-4.5,-27.60000001573));
#2667 = VECTOR('',#2668,1.);
#2668 = DIRECTION('',(1.,0.,-5.34156299439E-16));
#2669 = PCURVE('',#1297,#2670);
#2670 = DEFINITIONAL_REPRESENTATION('',(#2671),#2675);
#2671 = LINE('',#2672,#2673);
#2672 = CARTESIAN_POINT('',(0.,0.));
#2673 = VECTOR('',#2674,1.);
#2674 = DIRECTION('',(1.,0.));
#2675 = ( GEOMETRIC_REPRESENTATION_CONTEXT(2) 
PARAMETRIC_REPRESENTATION_CONTEXT() REPRESENTATION_CONTEXT('2D SPACE',''
  ) );
#2676 = PCURVE('',#2571,#2677);
#2677 = DEFINITIONAL_REPRESENTATION('',(#2678),#2682);
#2678 = LINE('',#2679,#2680);
#2679 = CARTESIAN_POINT('',(3.600000015732,-2.078460978165));
#2680 = VECTOR('',#2681,1.);
#2681 = DIRECTION('',(5.34156299439E-16,1.));
#2682 = ( GEOMETRIC_REPRESENTATION_CONTEXT(2) 
PARAMETRIC_REPRESENTATION_CONTEXT() REPRESENTATION_CONTEXT('2D SPACE',''
  ) );
#2683 = ORIENTED_EDGE('',*,*,#2684,.T.);
#2684 = EDGE_CURVE('',#2662,#1259,#2685,.T.);
#2685 = SURFACE_CURVE('',#2686,(#2690,#2697),.PCURVE_S1.);
#2686 = LINE('',#2687,#2688);
#2687 = CARTESIAN_POINT('',(19.621539021835,-4.5,-27.60000001573));
#2688 = VECTOR('',#2689,1.);
#2689 = DIRECTION('',(0.,-1.,0.));
#2690 = PCURVE('',#1297,#2691);
#2691 = DEFINITIONAL_REPRESENTATION('',(#2692),#2696);
#2692 = LINE('',#2693,#2694);
#2693 = CARTESIAN_POINT('',(0.,0.));
#2694 = VECTOR('',#2695,1.);
#2695 = DIRECTION('',(0.,-1.));
#2696 = ( GEOMETRIC_REPRESENTATION_CONTEXT(2) 
PARAMETRIC_REPRESENTATION_CONTEXT() REPRESENTATION_CONTEXT('2D SPACE',''
  ) );
#2697 = PCURVE('',#1273,#2698);
#2698 = DEFINITIONAL_REPRESENTATION('',(#2699),#2703);
#2699 = LINE('',#2700,#2701);
#2700 = CARTESIAN_POINT('',(4.156921956331,0.));
#2701 = VECTOR('',#2702,1.);
#2702 = DIRECTION('',(0.,-1.));
#2703 = ( GEOMETRIC_REPRESENTATION_CONTEXT(2) 
PARAMETRIC_REPRESENTATION_CONTEXT() REPRESENTATION_CONTEXT('2D SPACE',''
  ) );
#2704 = ORIENTED_EDGE('',*,*,#1284,.T.);
#2705 = ORIENTED_EDGE('',*,*,#2615,.F.);
#2706 = ADVANCED_FACE('',(#2707),#1273,.T.);
#2707 = FACE_BOUND('',#2708,.T.);
#2708 = EDGE_LOOP('',(#2709,#2732,#2753,#2754));
#2709 = ORIENTED_EDGE('',*,*,#2710,.F.);
#2710 = EDGE_CURVE('',#2711,#2662,#2713,.T.);
#2711 = VERTEX_POINT('',#2712);
#2712 = CARTESIAN_POINT('',(17.543078043669,-4.5,-24.));
#2713 = SURFACE_CURVE('',#2714,(#2718,#2725),.PCURVE_S1.);
#2714 = LINE('',#2715,#2716);
#2715 = CARTESIAN_POINT('',(17.543078043669,-4.5,-24.));
#2716 = VECTOR('',#2717,1.);
#2717 = DIRECTION('',(0.5,0.,-0.866025403784));
#2718 = PCURVE('',#1273,#2719);
#2719 = DEFINITIONAL_REPRESENTATION('',(#2720),#2724);
#2720 = LINE('',#2721,#2722);
#2721 = CARTESIAN_POINT('',(0.,0.));
#2722 = VECTOR('',#2723,1.);
#2723 = DIRECTION('',(1.,0.));
#2724 = ( GEOMETRIC_REPRESENTATION_CONTEXT(2) 
PARAMETRIC_REPRESENTATION_CONTEXT() REPRESENTATION_CONTEXT('2D SPACE',''
  ) );
#2725 = PCURVE('',#2571,#2726);
#2726 = DEFINITIONAL_REPRESENTATION('',(#2727),#2731);
#2727 = LINE('',#2728,#2729);
#2728 = CARTESIAN_POINT('',(0.,-4.156921956331));
#2729 = VECTOR('',#2730,1.);
#2730 = DIRECTION('',(0.866025403784,0.5));
#2731 = ( GEOMETRIC_REPRESENTATION_CONTEXT(2) 
PARAMETRIC_REPRESENTATION_CONTEXT() REPRESENTATION_CONTEXT('2D SPACE',''
  ) );
#2732 = ORIENTED_EDGE('',*,*,#2733,.T.);
#2733 = EDGE_CURVE('',#2711,#1233,#2734,.T.);
#2734 = SURFACE_CURVE('',#2735,(#2739,#2746),.PCURVE_S1.);
#2735 = LINE('',#2736,#2737);
#2736 = CARTESIAN_POINT('',(17.543078043669,-4.5,-24.));
#2737 = VECTOR('',#2738,1.);
#2738 = DIRECTION('',(0.,-1.,0.));
#2739 = PCURVE('',#1273,#2740);
#2740 = DEFINITIONAL_REPRESENTATION('',(#2741),#2745);
#2741 = LINE('',#2742,#2743);
#2742 = CARTESIAN_POINT('',(0.,0.));
#2743 = VECTOR('',#2744,1.);
#2744 = DIRECTION('',(0.,-1.));
#2745 = ( GEOMETRIC_REPRESENTATION_CONTEXT(2) 
PARAMETRIC_REPRESENTATION_CONTEXT() REPRESENTATION_CONTEXT('2D SPACE',''
  ) );
#2746 = PCURVE('',#1247,#2747);
#2747 = DEFINITIONAL_REPRESENTATION('',(#2748),#2752);
#2748 = LINE('',#2749,#2750);
#2749 = CARTESIAN_POINT('',(4.156921956331,0.));
#2750 = VECTOR('',#2751,1.);
#2751 = DIRECTION('',(0.,-1.));
#2752 = ( GEOMETRIC_REPRESENTATION_CONTEXT(2) 
PARAMETRIC_REPRESENTATION_CONTEXT() REPRESENTATION_CONTEXT('2D SPACE',''
  ) );
#2753 = ORIENTED_EDGE('',*,*,#1258,.T.);
#2754 = ORIENTED_EDGE('',*,*,#2684,.F.);
#2755 = ADVANCED_FACE('',(#2756),#1247,.T.);
#2756 = FACE_BOUND('',#2757,.T.);
#2757 = EDGE_LOOP('',(#2758,#2781,#2802,#2803));
#2758 = ORIENTED_EDGE('',*,*,#2759,.F.);
#2759 = EDGE_CURVE('',#2760,#2711,#2762,.T.);
#2760 = VERTEX_POINT('',#2761);
#2761 = CARTESIAN_POINT('',(19.621539021835,-4.5,-20.39999998426));
#2762 = SURFACE_CURVE('',#2763,(#2767,#2774),.PCURVE_S1.);
#2763 = LINE('',#2764,#2765);
#2764 = CARTESIAN_POINT('',(19.621539021835,-4.5,-20.39999998426));
#2765 = VECTOR('',#2766,1.);
#2766 = DIRECTION('',(-0.5,-0.,-0.866025403784));
#2767 = PCURVE('',#1247,#2768);
#2768 = DEFINITIONAL_REPRESENTATION('',(#2769),#2773);
#2769 = LINE('',#2770,#2771);
#2770 = CARTESIAN_POINT('',(-0.,0.));
#2771 = VECTOR('',#2772,1.);
#2772 = DIRECTION('',(1.,0.));
#2773 = ( GEOMETRIC_REPRESENTATION_CONTEXT(2) 
PARAMETRIC_REPRESENTATION_CONTEXT() REPRESENTATION_CONTEXT('2D SPACE',''
  ) );
#2774 = PCURVE('',#2571,#2775);
#2775 = DEFINITIONAL_REPRESENTATION('',(#2776),#2780);
#2776 = LINE('',#2777,#2778);
#2777 = CARTESIAN_POINT('',(-3.600000015732,-2.078460978165));
#2778 = VECTOR('',#2779,1.);
#2779 = DIRECTION('',(0.866025403784,-0.5));
#2780 = ( GEOMETRIC_REPRESENTATION_CONTEXT(2) 
PARAMETRIC_REPRESENTATION_CONTEXT() REPRESENTATION_CONTEXT('2D SPACE',''
  ) );
#2781 = ORIENTED_EDGE('',*,*,#2782,.T.);
#2782 = EDGE_CURVE('',#2760,#1207,#2783,.T.);
#2783 = SURFACE_CURVE('',#2784,(#2788,#2795),.PCURVE_S1.);
#2784 = LINE('',#2785,#2786);
#2785 = CARTESIAN_POINT('',(19.621539021835,-4.5,-20.39999998426));
#2786 = VECTOR('',#2787,1.);
#2787 = DIRECTION('',(0.,-1.,0.));
#2788 = PCURVE('',#1247,#2789);
#2789 = DEFINITIONAL_REPRESENTATION('',(#2790),#2794);
#2790 = LINE('',#2791,#2792);
#2791 = CARTESIAN_POINT('',(-0.,0.));
#2792 = VECTOR('',#2793,1.);
#2793 = DIRECTION('',(0.,-1.));
#2794 = ( GEOMETRIC_REPRESENTATION_CONTEXT(2) 
PARAMETRIC_REPRESENTATION_CONTEXT() REPRESENTATION_CONTEXT('2D SPACE',''
  ) );
#2795 = PCURVE('',#1221,#2796);
#2796 = DEFINITIONAL_REPRESENTATION('',(#2797),#2801);
#2797 = LINE('',#2798,#2799);
#2798 = CARTESIAN_POINT('',(4.156921956331,0.));
#2799 = VECTOR('',#2800,1.);
#2800 = DIRECTION('',(0.,-1.));
#2801 = ( GEOMETRIC_REPRESENTATION_CONTEXT(2) 
PARAMETRIC_REPRESENTATION_CONTEXT() REPRESENTATION_CONTEXT('2D SPACE',''
  ) );
#2802 = ORIENTED_EDGE('',*,*,#1232,.T.);
#2803 = ORIENTED_EDGE('',*,*,#2733,.F.);
#2804 = ADVANCED_FACE('',(#2805),#1221,.T.);
#2805 = FACE_BOUND('',#2806,.T.);
#2806 = EDGE_LOOP('',(#2807,#2830,#2851,#2852));
#2807 = ORIENTED_EDGE('',*,*,#2808,.F.);
#2808 = EDGE_CURVE('',#2809,#2760,#2811,.T.);
#2809 = VERTEX_POINT('',#2810);
#2810 = CARTESIAN_POINT('',(23.778460978165,-4.5,-20.39999998426));
#2811 = SURFACE_CURVE('',#2812,(#2816,#2823),.PCURVE_S1.);
#2812 = LINE('',#2813,#2814);
#2813 = CARTESIAN_POINT('',(23.778460978165,-4.5,-20.39999998426));
#2814 = VECTOR('',#2815,1.);
#2815 = DIRECTION('',(-1.,0.,1.068312598878E-16));
#2816 = PCURVE('',#1221,#2817);
#2817 = DEFINITIONAL_REPRESENTATION('',(#2818),#2822);
#2818 = LINE('',#2819,#2820);
#2819 = CARTESIAN_POINT('',(0.,0.));
#2820 = VECTOR('',#2821,1.);
#2821 = DIRECTION('',(1.,0.));
#2822 = ( GEOMETRIC_REPRESENTATION_CONTEXT(2) 
PARAMETRIC_REPRESENTATION_CONTEXT() REPRESENTATION_CONTEXT('2D SPACE',''
  ) );
#2823 = PCURVE('',#2571,#2824);
#2824 = DEFINITIONAL_REPRESENTATION('',(#2825),#2829);
#2825 = LINE('',#2826,#2827);
#2826 = CARTESIAN_POINT('',(-3.600000015732,2.078460978165));
#2827 = VECTOR('',#2828,1.);
#2828 = DIRECTION('',(-1.068312598878E-16,-1.));
#2829 = ( GEOMETRIC_REPRESENTATION_CONTEXT(2) 
PARAMETRIC_REPRESENTATION_CONTEXT() REPRESENTATION_CONTEXT('2D SPACE',''
  ) );
#2830 = ORIENTED_EDGE('',*,*,#2831,.T.);
#2831 = EDGE_CURVE('',#2809,#1181,#2832,.T.);
#2832 = SURFACE_CURVE('',#2833,(#2837,#2844),.PCURVE_S1.);
#2833 = LINE('',#2834,#2835);
#2834 = CARTESIAN_POINT('',(23.778460978165,-4.5,-20.39999998426));
#2835 = VECTOR('',#2836,1.);
#2836 = DIRECTION('',(0.,-1.,0.));
#2837 = PCURVE('',#1221,#2838);
#2838 = DEFINITIONAL_REPRESENTATION('',(#2839),#2843);
#2839 = LINE('',#2840,#2841);
#2840 = CARTESIAN_POINT('',(0.,0.));
#2841 = VECTOR('',#2842,1.);
#2842 = DIRECTION('',(0.,-1.));
#2843 = ( GEOMETRIC_REPRESENTATION_CONTEXT(2) 
PARAMETRIC_REPRESENTATION_CONTEXT() REPRESENTATION_CONTEXT('2D SPACE',''
  ) );
#2844 = PCURVE('',#1195,#2845);
#2845 = DEFINITIONAL_REPRESENTATION('',(#2846),#2850);
#2846 = LINE('',#2847,#2848);
#2847 = CARTESIAN_POINT('',(4.156921956331,0.));
#2848 = VECTOR('',#2849,1.);
#2849 = DIRECTION('',(0.,-1.));
#2850 = ( GEOMETRIC_REPRESENTATION_CONTEXT(2) 
PARAMETRIC_REPRESENTATION_CONTEXT() REPRESENTATION_CONTEXT('2D SPACE',''
  ) );
#2851 = ORIENTED_EDGE('',*,*,#1206,.T.);
#2852 = ORIENTED_EDGE('',*,*,#2782,.F.);
#2853 = ADVANCED_FACE('',(#2854),#1195,.T.);
#2854 = FACE_BOUND('',#2855,.T.);
#2855 = EDGE_LOOP('',(#2856,#2877,#2878,#2879));
#2856 = ORIENTED_EDGE('',*,*,#2857,.F.);
#2857 = EDGE_CURVE('',#2593,#2809,#2858,.T.);
#2858 = SURFACE_CURVE('',#2859,(#2863,#2870),.PCURVE_S1.);
#2859 = LINE('',#2860,#2861);
#2860 = CARTESIAN_POINT('',(25.856921956331,-4.5,-24.));
#2861 = VECTOR('',#2862,1.);
#2862 = DIRECTION('',(-0.5,0.,0.866025403784));
#2863 = PCURVE('',#1195,#2864);
#2864 = DEFINITIONAL_REPRESENTATION('',(#2865),#2869);
#2865 = LINE('',#2866,#2867);
#2866 = CARTESIAN_POINT('',(0.,0.));
#2867 = VECTOR('',#2868,1.);
#2868 = DIRECTION('',(1.,0.));
#2869 = ( GEOMETRIC_REPRESENTATION_CONTEXT(2) 
PARAMETRIC_REPRESENTATION_CONTEXT() REPRESENTATION_CONTEXT('2D SPACE',''
  ) );
#2870 = PCURVE('',#2571,#2871);
#2871 = DEFINITIONAL_REPRESENTATION('',(#2872),#2876);
#2872 = LINE('',#2873,#2874);
#2873 = CARTESIAN_POINT('',(0.,4.156921956331));
#2874 = VECTOR('',#2875,1.);
#2875 = DIRECTION('',(-0.866025403784,-0.5));
#2876 = ( GEOMETRIC_REPRESENTATION_CONTEXT(2) 
PARAMETRIC_REPRESENTATION_CONTEXT() REPRESENTATION_CONTEXT('2D SPACE',''
  ) );
#2877 = ORIENTED_EDGE('',*,*,#2637,.T.);
#2878 = ORIENTED_EDGE('',*,*,#1180,.T.);
#2879 = ORIENTED_EDGE('',*,*,#2831,.F.);
#2880 = ADVANCED_FACE('',(#2881),#1445,.F.);
#2881 = FACE_BOUND('',#2882,.F.);
#2882 = EDGE_LOOP('',(#2883,#2884,#2885,#2886));
#2883 = ORIENTED_EDGE('',*,*,#1515,.F.);
#2884 = ORIENTED_EDGE('',*,*,#1430,.T.);
#2885 = ORIENTED_EDGE('',*,*,#1641,.T.);
#2886 = ORIENTED_EDGE('',*,*,#1563,.F.);
#2887 = ADVANCED_FACE('',(#2888),#1498,.F.);
#2888 = FACE_BOUND('',#2889,.F.);
#2889 = EDGE_LOOP('',(#2890,#2891,#2912,#2913));
#2890 = ORIENTED_EDGE('',*,*,#1610,.F.);
#2891 = ORIENTED_EDGE('',*,*,#2892,.F.);
#2892 = EDGE_CURVE('',#1478,#1611,#2893,.T.);
#2893 = SEAM_CURVE('',#2894,(#2898,#2905),.PCURVE_S1.);
#2894 = LINE('',#2895,#2896);
#2895 = CARTESIAN_POINT('',(21.7,-8.5,-21.8));
#2896 = VECTOR('',#2897,1.);
#2897 = DIRECTION('',(0.,1.,0.));
#2898 = PCURVE('',#1498,#2899);
#2899 = DEFINITIONAL_REPRESENTATION('',(#2900),#2904);
#2900 = LINE('',#2901,#2902);
#2901 = CARTESIAN_POINT('',(6.28318530718,-0.));
#2902 = VECTOR('',#2903,1.);
#2903 = DIRECTION('',(0.,1.));
#2904 = ( GEOMETRIC_REPRESENTATION_CONTEXT(2) 
PARAMETRIC_REPRESENTATION_CONTEXT() REPRESENTATION_CONTEXT('2D SPACE',''
  ) );
#2905 = PCURVE('',#1498,#2906);
#2906 = DEFINITIONAL_REPRESENTATION('',(#2907),#2911);
#2907 = LINE('',#2908,#2909);
#2908 = CARTESIAN_POINT('',(0.,-0.));
#2909 = VECTOR('',#2910,1.);
#2910 = DIRECTION('',(0.,1.));
#2911 = ( GEOMETRIC_REPRESENTATION_CONTEXT(2) 
PARAMETRIC_REPRESENTATION_CONTEXT() REPRESENTATION_CONTEXT('2D SPACE',''
  ) );
#2912 = ORIENTED_EDGE('',*,*,#1477,.T.);
#2913 = ORIENTED_EDGE('',*,*,#2892,.T.);
#2914 = ADVANCED_FACE('',(#2915,#2918),#1707,.T.);
#2915 = FACE_BOUND('',#2916,.T.);
#2916 = EDGE_LOOP('',(#2917));
#2917 = ORIENTED_EDGE('',*,*,#1692,.T.);
#2918 = FACE_BOUND('',#2919,.T.);
#2919 = EDGE_LOOP('',(#2920));
#2920 = ORIENTED_EDGE('',*,*,#2921,.F.);
#2921 = EDGE_CURVE('',#2922,#2922,#2924,.T.);
#2922 = VERTEX_POINT('',#2923);
#2923 = CARTESIAN_POINT('',(3.25,-7.960204194458E-16,22.));
#2924 = SURFACE_CURVE('',#2925,(#2930,#2937),.PCURVE_S1.);
#2925 = CIRCLE('',#2926,3.25);
#2926 = AXIS2_PLACEMENT_3D('',#2927,#2928,#2929);
#2927 = CARTESIAN_POINT('',(0.,0.,22.));
#2928 = DIRECTION('',(0.,0.,1.));
#2929 = DIRECTION('',(1.,0.,-0.));
#2930 = PCURVE('',#1707,#2931);
#2931 = DEFINITIONAL_REPRESENTATION('',(#2932),#2936);
#2932 = CIRCLE('',#2933,3.25);
#2933 = AXIS2_PLACEMENT_2D('',#2934,#2935);
#2934 = CARTESIAN_POINT('',(0.,0.));
#2935 = DIRECTION('',(1.,0.));
#2936 = ( GEOMETRIC_REPRESENTATION_CONTEXT(2) 
PARAMETRIC_REPRESENTATION_CONTEXT() REPRESENTATION_CONTEXT('2D SPACE',''
  ) );
#2937 = PCURVE('',#2938,#2943);
#2938 = CYLINDRICAL_SURFACE('',#2939,3.25);
#2939 = AXIS2_PLACEMENT_3D('',#2940,#2941,#2942);
#2940 = CARTESIAN_POINT('',(0.,0.,17.));
#2941 = DIRECTION('',(0.,0.,1.));
#2942 = DIRECTION('',(1.,0.,-0.));
#2943 = DEFINITIONAL_REPRESENTATION('',(#2944),#2948);
#2944 = LINE('',#2945,#2946);
#2945 = CARTESIAN_POINT('',(0.,5.));
#2946 = VECTOR('',#2947,1.);
#2947 = DIRECTION('',(1.,0.));
#2948 = ( GEOMETRIC_REPRESENTATION_CONTEXT(2) 
PARAMETRIC_REPRESENTATION_CONTEXT() REPRESENTATION_CONTEXT('2D SPACE',''
  ) );
#2949 = ADVANCED_FACE('',(#2950,#3027),#1782,.F.);
#2950 = FACE_BOUND('',#2951,.F.);
#2951 = EDGE_LOOP('',(#2952,#2976,#2999,#3026));
#2952 = ORIENTED_EDGE('',*,*,#2953,.T.);
#2953 = EDGE_CURVE('',#2954,#2954,#2956,.T.);
#2954 = VERTEX_POINT('',#2955);
#2955 = CARTESIAN_POINT('',(7.7,-1.885956070687E-15,0.));
#2956 = SURFACE_CURVE('',#2957,(#2962,#2969),.PCURVE_S1.);
#2957 = CIRCLE('',#2958,7.7);
#2958 = AXIS2_PLACEMENT_3D('',#2959,#2960,#2961);
#2959 = CARTESIAN_POINT('',(0.,0.,0.));
#2960 = DIRECTION('',(0.,0.,1.));
#2961 = DIRECTION('',(1.,0.,-0.));
#2962 = PCURVE('',#1782,#2963);
#2963 = DEFINITIONAL_REPRESENTATION('',(#2964),#2968);
#2964 = LINE('',#2965,#2966);
#2965 = CARTESIAN_POINT('',(0.,1.));
#2966 = VECTOR('',#2967,1.);
#2967 = DIRECTION('',(1.,0.));
#2968 = ( GEOMETRIC_REPRESENTATION_CONTEXT(2) 
PARAMETRIC_REPRESENTATION_CONTEXT() REPRESENTATION_CONTEXT('2D SPACE',''
  ) );
#2969 = PCURVE('',#2504,#2970);
#2970 = DEFINITIONAL_REPRESENTATION('',(#2971),#2975);
#2971 = CIRCLE('',#2972,7.7);
#2972 = AXIS2_PLACEMENT_2D('',#2973,#2974);
#2973 = CARTESIAN_POINT('',(0.,0.));
#2974 = DIRECTION('',(1.,0.));
#2975 = ( GEOMETRIC_REPRESENTATION_CONTEXT(2) 
PARAMETRIC_REPRESENTATION_CONTEXT() REPRESENTATION_CONTEXT('2D SPACE',''
  ) );
#2976 = ORIENTED_EDGE('',*,*,#2977,.T.);
#2977 = EDGE_CURVE('',#2954,#2978,#2980,.T.);
#2978 = VERTEX_POINT('',#2979);
#2979 = CARTESIAN_POINT('',(7.7,-1.885956070687E-15,18.));
#2980 = SEAM_CURVE('',#2981,(#2985,#2992),.PCURVE_S1.);
#2981 = LINE('',#2982,#2983);
#2982 = CARTESIAN_POINT('',(7.7,-1.885956070687E-15,-1.));
#2983 = VECTOR('',#2984,1.);
#2984 = DIRECTION('',(0.,0.,1.));
#2985 = PCURVE('',#1782,#2986);
#2986 = DEFINITIONAL_REPRESENTATION('',(#2987),#2991);
#2987 = LINE('',#2988,#2989);
#2988 = CARTESIAN_POINT('',(0.,-0.));
#2989 = VECTOR('',#2990,1.);
#2990 = DIRECTION('',(0.,1.));
#2991 = ( GEOMETRIC_REPRESENTATION_CONTEXT(2) 
PARAMETRIC_REPRESENTATION_CONTEXT() REPRESENTATION_CONTEXT('2D SPACE',''
  ) );
#2992 = PCURVE('',#1782,#2993);
#2993 = DEFINITIONAL_REPRESENTATION('',(#2994),#2998);
#2994 = LINE('',#2995,#2996);
#2995 = CARTESIAN_POINT('',(6.28318530718,-0.));
#2996 = VECTOR('',#2997,1.);
#2997 = DIRECTION('',(0.,1.));
#2998 = ( GEOMETRIC_REPRESENTATION_CONTEXT(2) 
PARAMETRIC_REPRESENTATION_CONTEXT() REPRESENTATION_CONTEXT('2D SPACE',''
  ) );
#2999 = ORIENTED_EDGE('',*,*,#3000,.F.);
#3000 = EDGE_CURVE('',#2978,#2978,#3001,.T.);
#3001 = SURFACE_CURVE('',#3002,(#3007,#3014),.PCURVE_S1.);
#3002 = CIRCLE('',#3003,7.7);
#3003 = AXIS2_PLACEMENT_3D('',#3004,#3005,#3006);
#3004 = CARTESIAN_POINT('',(0.,0.,18.));
#3005 = DIRECTION('',(0.,0.,1.));
#3006 = DIRECTION('',(1.,0.,-0.));
#3007 = PCURVE('',#1782,#3008);
#3008 = DEFINITIONAL_REPRESENTATION('',(#3009),#3013);
#3009 = LINE('',#3010,#3011);
#3010 = CARTESIAN_POINT('',(0.,19.));
#3011 = VECTOR('',#3012,1.);
#3012 = DIRECTION('',(1.,0.));
#3013 = ( GEOMETRIC_REPRESENTATION_CONTEXT(2) 
PARAMETRIC_REPRESENTATION_CONTEXT() REPRESENTATION_CONTEXT('2D SPACE',''
  ) );
#3014 = PCURVE('',#3015,#3020);
#3015 = PLANE('',#3016);
#3016 = AXIS2_PLACEMENT_3D('',#3017,#3018,#3019);
#3017 = CARTESIAN_POINT('',(0.,0.,18.));
#3018 = DIRECTION('',(0.,0.,1.));
#3019 = DIRECTION('',(1.,0.,-0.));
#3020 = DEFINITIONAL_REPRESENTATION('',(#3021),#3025);
#3021 = CIRCLE('',#3022,7.7);
#3022 = AXIS2_PLACEMENT_2D('',#3023,#3024);
#3023 = CARTESIAN_POINT('',(0.,0.));
#3024 = DIRECTION('',(1.,0.));
#3025 = ( GEOMETRIC_REPRESENTATION_CONTEXT(2) 
PARAMETRIC_REPRESENTATION_CONTEXT() REPRESENTATION_CONTEXT('2D SPACE',''
  ) );
#3026 = ORIENTED_EDGE('',*,*,#2977,.F.);
#3027 = FACE_BOUND('',#3028,.F.);
#3028 = EDGE_LOOP('',(#3029,#3030,#3031,#3032,#3033,#3034,#3035,#3036));
#3029 = ORIENTED_EDGE('',*,*,#1769,.F.);
#3030 = ORIENTED_EDGE('',*,*,#1821,.F.);
#3031 = ORIENTED_EDGE('',*,*,#2069,.F.);
#3032 = ORIENTED_EDGE('',*,*,#2191,.F.);
#3033 = ORIENTED_EDGE('',*,*,#2441,.T.);
#3034 = ORIENTED_EDGE('',*,*,#2327,.T.);
#3035 = ORIENTED_EDGE('',*,*,#2119,.T.);
#3036 = ORIENTED_EDGE('',*,*,#1957,.T.);
#3037 = ADVANCED_FACE('',(#3038,#3041),#2504,.F.);
#3038 = FACE_BOUND('',#3039,.F.);
#3039 = EDGE_LOOP('',(#3040));
#3040 = ORIENTED_EDGE('',*,*,#2489,.T.);
#3041 = FACE_BOUND('',#3042,.F.);
#3042 = EDGE_LOOP('',(#3043));
#3043 = ORIENTED_EDGE('',*,*,#2953,.F.);
#3044 = ADVANCED_FACE('',(#3045,#3053),#2571,.T.);
#3045 = FACE_BOUND('',#3046,.T.);
#3046 = EDGE_LOOP('',(#3047,#3048,#3049,#3050,#3051,#3052));
#3047 = ORIENTED_EDGE('',*,*,#2857,.T.);
#3048 = ORIENTED_EDGE('',*,*,#2808,.T.);
#3049 = ORIENTED_EDGE('',*,*,#2759,.T.);
#3050 = ORIENTED_EDGE('',*,*,#2710,.T.);
#3051 = ORIENTED_EDGE('',*,*,#2661,.T.);
#3052 = ORIENTED_EDGE('',*,*,#2590,.T.);
#3053 = FACE_BOUND('',#3054,.T.);
#3054 = EDGE_LOOP('',(#3055));
#3055 = ORIENTED_EDGE('',*,*,#2556,.T.);
#3056 = ADVANCED_FACE('',(#3057),#2938,.F.);
#3057 = FACE_BOUND('',#3058,.F.);
#3058 = EDGE_LOOP('',(#3059,#3060,#3083,#3105));
#3059 = ORIENTED_EDGE('',*,*,#2921,.F.);
#3060 = ORIENTED_EDGE('',*,*,#3061,.F.);
#3061 = EDGE_CURVE('',#3062,#2922,#3064,.T.);
#3062 = VERTEX_POINT('',#3063);
#3063 = CARTESIAN_POINT('',(3.25,-7.960204194458E-16,18.));
#3064 = SEAM_CURVE('',#3065,(#3069,#3076),.PCURVE_S1.);
#3065 = LINE('',#3066,#3067);
#3066 = CARTESIAN_POINT('',(3.25,-7.960204194458E-16,17.));
#3067 = VECTOR('',#3068,1.);
#3068 = DIRECTION('',(0.,0.,1.));
#3069 = PCURVE('',#2938,#3070);
#3070 = DEFINITIONAL_REPRESENTATION('',(#3071),#3075);
#3071 = LINE('',#3072,#3073);
#3072 = CARTESIAN_POINT('',(6.28318530718,-0.));
#3073 = VECTOR('',#3074,1.);
#3074 = DIRECTION('',(0.,1.));
#3075 = ( GEOMETRIC_REPRESENTATION_CONTEXT(2) 
PARAMETRIC_REPRESENTATION_CONTEXT() REPRESENTATION_CONTEXT('2D SPACE',''
  ) );
#3076 = PCURVE('',#2938,#3077);
#3077 = DEFINITIONAL_REPRESENTATION('',(#3078),#3082);
#3078 = LINE('',#3079,#3080);
#3079 = CARTESIAN_POINT('',(0.,-0.));
#3080 = VECTOR('',#3081,1.);
#3081 = DIRECTION('',(0.,1.));
#3082 = ( GEOMETRIC_REPRESENTATION_CONTEXT(2) 
PARAMETRIC_REPRESENTATION_CONTEXT() REPRESENTATION_CONTEXT('2D SPACE',''
  ) );
#3083 = ORIENTED_EDGE('',*,*,#3084,.T.);
#3084 = EDGE_CURVE('',#3062,#3062,#3085,.T.);
#3085 = SURFACE_CURVE('',#3086,(#3091,#3098),.PCURVE_S1.);
#3086 = CIRCLE('',#3087,3.25);
#3087 = AXIS2_PLACEMENT_3D('',#3088,#3089,#3090);
#3088 = CARTESIAN_POINT('',(0.,0.,18.));
#3089 = DIRECTION('',(0.,0.,1.));
#3090 = DIRECTION('',(1.,0.,-0.));
#3091 = PCURVE('',#2938,#3092);
#3092 = DEFINITIONAL_REPRESENTATION('',(#3093),#3097);
#3093 = LINE('',#3094,#3095);
#3094 = CARTESIAN_POINT('',(0.,1.));
#3095 = VECTOR('',#3096,1.);
#3096 = DIRECTION('',(1.,0.));
#3097 = ( GEOMETRIC_REPRESENTATION_CONTEXT(2) 
PARAMETRIC_REPRESENTATION_CONTEXT() REPRESENTATION_CONTEXT('2D SPACE',''
  ) );
#3098 = PCURVE('',#3015,#3099);
#3099 = DEFINITIONAL_REPRESENTATION('',(#3100),#3104);
#3100 = CIRCLE('',#3101,3.25);
#3101 = AXIS2_PLACEMENT_2D('',#3102,#3103);
#3102 = CARTESIAN_POINT('',(0.,0.));
#3103 = DIRECTION('',(1.,0.));
#3104 = ( GEOMETRIC_REPRESENTATION_CONTEXT(2) 
PARAMETRIC_REPRESENTATION_CONTEXT() REPRESENTATION_CONTEXT('2D SPACE',''
  ) );
#3105 = ORIENTED_EDGE('',*,*,#3061,.T.);
#3106 = ADVANCED_FACE('',(#3107,#3110),#3015,.F.);
#3107 = FACE_BOUND('',#3108,.F.);
#3108 = EDGE_LOOP('',(#3109));
#3109 = ORIENTED_EDGE('',*,*,#3000,.T.);
#3110 = FACE_BOUND('',#3111,.F.);
#3111 = EDGE_LOOP('',(#3112));
#3112 = ORIENTED_EDGE('',*,*,#3084,.F.);
#3113 = ( GEOMETRIC_REPRESENTATION_CONTEXT(3) 
GLOBAL_UNCERTAINTY_ASSIGNED_CONTEXT((#3117)) 
GLOBAL_UNIT_ASSIGNED_CONTEXT((#3114,#3115,#3116)) REPRESENTATION_CONTEXT
('Context #1','3D Context with UNIT and UNCERTAINTY') );
#3114 = ( LENGTH_UNIT() NAMED_UNIT(*) SI_UNIT(.MILLI.,.METRE.) );
#3115 = ( NAMED_UNIT(*) PLANE_ANGLE_UNIT() SI_UNIT($,.RADIAN.) );
#3116 = ( NAMED_UNIT(*) SI_UNIT($,.STERADIAN.) SOLID_ANGLE_UNIT() );
#3117 = UNCERTAINTY_MEASURE_WITH_UNIT(LENGTH_MEASURE(1.E-07),#3114,
  'distance_accuracy_value','confusion accuracy');
#3118 = PRODUCT_RELATED_PRODUCT_CATEGORY('part',$,(#7));
ENDSEC;
END-ISO-10303-21;
