ISO-10303-21;
HEADER;
FILE_DESCRIPTION(('Open CASCADE Model'),'2;1');
FILE_NAME('Open CASCADE Shape Model','2026-09-18T23:35:28',('Author'),(
    'Open CASCADE'),'Open CASCADE STEP processor 7.9','Open CASCADE 7.9'
  ,'Unknown');
FILE_SCHEMA(('AUTOMOTIVE_DESIGN { 1 0 10303 214 1 1 1 1 }'));
ENDSEC;
DATA;
#1 = APPLICATION_PROTOCOL_DEFINITION('international standard',
  'automotive_design',2000,#2);
#2 = APPLICATION_CONTEXT(
  'core data for automotive mechanical design processes');
#3 = SHAPE_DEFINITION_REPRESENTATION(#4,#10);
#4 = PRODUCT_DEFINITION_SHAPE('','',#5);
#5 = PRODUCT_DEFINITION('design','',#6,#9);
#6 = PRODUCT_DEFINITION_FORMATION('','',#7);
#7 = PRODUCT('Open CASCADE STEP translator 7.9 5',
  'Open CASCADE STEP translator 7.9 5','',(#8));
#8 = PRODUCT_CONTEXT('',#2,'mechanical');
#9 = PRODUCT_DEFINITION_CONTEXT('part definition',#2,'design');
#10 = ADVANCED_BREP_SHAPE_REPRESENTATION('',(#11,#15),#2189);
#11 = AXIS2_PLACEMENT_3D('',#12,#13,#14);
#12 = CARTESIAN_POINT('',(0.,0.,0.));
#13 = DIRECTION('',(0.,0.,1.));
#14 = DIRECTION('',(1.,0.,-0.));
#15 = MANIFOLD_SOLID_BREP('',#16);
#16 = CLOSED_SHELL('',(#17,#165,#377,#426,#475,#753,#780,#994,#1022,
    #1029,#1088,#1142,#1191,#1245,#1396,#1533,#1560,#1569,#1680,#1729,
    #1781,#1808,#1888,#1937,#2022,#2049,#2056,#2115,#2122,#2181,#2185));
#17 = ADVANCED_FACE('',(#18),#32,.F.);
#18 = FACE_BOUND('',#19,.T.);
#19 = EDGE_LOOP('',(#20,#55,#83,#111,#139));
#20 = ORIENTED_EDGE('',*,*,#21,.F.);
#21 = EDGE_CURVE('',#22,#24,#26,.T.);
#22 = VERTEX_POINT('',#23);
#23 = CARTESIAN_POINT('',(76.5,-44.6,3.));
#24 = VERTEX_POINT('',#25);
#25 = CARTESIAN_POINT('',(76.5,-53.6,3.));
#26 = SURFACE_CURVE('',#27,(#31,#43),.PCURVE_S1.);
#27 = LINE('',#28,#29);
#28 = CARTESIAN_POINT('',(76.5,-44.6,3.));
#29 = VECTOR('',#30,1.);
#30 = DIRECTION('',(-0.,-1.,-0.));
#31 = PCURVE('',#32,#37);
#32 = PLANE('',#33);
#33 = AXIS2_PLACEMENT_3D('',#34,#35,#36);
#34 = CARTESIAN_POINT('',(76.5,-44.6,3.));
#35 = DIRECTION('',(-1.,-0.,-0.));
#36 = DIRECTION('',(0.,1.,0.));
#37 = DEFINITIONAL_REPRESENTATION('',(#38),#42);
#38 = LINE('',#39,#40);
#39 = CARTESIAN_POINT('',(-0.,-0.));
#40 = VECTOR('',#41,1.);
#41 = DIRECTION('',(-1.,0.));
#42 = ( GEOMETRIC_REPRESENTATION_CONTEXT(2) 
PARAMETRIC_REPRESENTATION_CONTEXT() REPRESENTATION_CONTEXT('2D SPACE',''
  ) );
#43 = PCURVE('',#44,#49);
#44 = PLANE('',#45);
#45 = AXIS2_PLACEMENT_3D('',#46,#47,#48);
#46 = CARTESIAN_POINT('',(43.25,-50.6,3.));
#47 = DIRECTION('',(-0.,-0.,1.));
#48 = DIRECTION('',(-1.,0.,0.));
#49 = DEFINITIONAL_REPRESENTATION('',(#50),#54);
#50 = LINE('',#51,#52);
#51 = CARTESIAN_POINT('',(-33.25,-6.));
#52 = VECTOR('',#53,1.);
#53 = DIRECTION('',(-0.,1.));
#54 = ( GEOMETRIC_REPRESENTATION_CONTEXT(2) 
PARAMETRIC_REPRESENTATION_CONTEXT() REPRESENTATION_CONTEXT('2D SPACE',''
  ) );
#55 = ORIENTED_EDGE('',*,*,#56,.T.);
#56 = EDGE_CURVE('',#22,#57,#59,.T.);
#57 = VERTEX_POINT('',#58);
#58 = CARTESIAN_POINT('',(76.5,-44.6,19.6));
#59 = SURFACE_CURVE('',#60,(#64,#71),.PCURVE_S1.);
#60 = LINE('',#61,#62);
#61 = CARTESIAN_POINT('',(76.5,-44.6,3.));
#62 = VECTOR('',#63,1.);
#63 = DIRECTION('',(-0.,-0.,1.));
#64 = PCURVE('',#32,#65);
#65 = DEFINITIONAL_REPRESENTATION('',(#66),#70);
#66 = LINE('',#67,#68);
#67 = CARTESIAN_POINT('',(-0.,-0.));
#68 = VECTOR('',#69,1.);
#69 = DIRECTION('',(-0.,-1.));
#70 = ( GEOMETRIC_REPRESENTATION_CONTEXT(2) 
PARAMETRIC_REPRESENTATION_CONTEXT() REPRESENTATION_CONTEXT('2D SPACE',''
  ) );
#71 = PCURVE('',#72,#77);
#72 = PLANE('',#73);
#73 = AXIS2_PLACEMENT_3D('',#74,#75,#76);
#74 = CARTESIAN_POINT('',(10.,-44.6,3.));
#75 = DIRECTION('',(-0.,-1.,-0.));
#76 = DIRECTION('',(-1.,0.,0.));
#77 = DEFINITIONAL_REPRESENTATION('',(#78),#82);
#78 = LINE('',#79,#80);
#79 = CARTESIAN_POINT('',(-66.5,-0.));
#80 = VECTOR('',#81,1.);
#81 = DIRECTION('',(-0.,-1.));
#82 = ( GEOMETRIC_REPRESENTATION_CONTEXT(2) 
PARAMETRIC_REPRESENTATION_CONTEXT() REPRESENTATION_CONTEXT('2D SPACE',''
  ) );
#83 = ORIENTED_EDGE('',*,*,#84,.F.);
#84 = EDGE_CURVE('',#85,#57,#87,.T.);
#85 = VERTEX_POINT('',#86);
#86 = CARTESIAN_POINT('',(76.5,-42.1,22.1));
#87 = SURFACE_CURVE('',#88,(#92,#99),.PCURVE_S1.);
#88 = LINE('',#89,#90);
#89 = CARTESIAN_POINT('',(76.5,-42.1,22.1));
#90 = VECTOR('',#91,1.);
#91 = DIRECTION('',(-0.,-0.707106781187,-0.707106781187));
#92 = PCURVE('',#32,#93);
#93 = DEFINITIONAL_REPRESENTATION('',(#94),#98);
#94 = LINE('',#95,#96);
#95 = CARTESIAN_POINT('',(2.5,-19.1));
#96 = VECTOR('',#97,1.);
#97 = DIRECTION('',(-0.707106781187,0.707106781187));
#98 = ( GEOMETRIC_REPRESENTATION_CONTEXT(2) 
PARAMETRIC_REPRESENTATION_CONTEXT() REPRESENTATION_CONTEXT('2D SPACE',''
  ) );
#99 = PCURVE('',#100,#105);
#100 = PLANE('',#101);
#101 = AXIS2_PLACEMENT_3D('',#102,#103,#104);
#102 = CARTESIAN_POINT('',(10.,-42.1,22.1));
#103 = DIRECTION('',(-0.,-0.707106781187,0.707106781187));
#104 = DIRECTION('',(0.,0.707106781187,0.707106781187));
#105 = DEFINITIONAL_REPRESENTATION('',(#106),#110);
#106 = LINE('',#107,#108);
#107 = CARTESIAN_POINT('',(-0.,-66.5));
#108 = VECTOR('',#109,1.);
#109 = DIRECTION('',(-1.,0.));
#110 = ( GEOMETRIC_REPRESENTATION_CONTEXT(2) 
PARAMETRIC_REPRESENTATION_CONTEXT() REPRESENTATION_CONTEXT('2D SPACE',''
  ) );
#111 = ORIENTED_EDGE('',*,*,#112,.F.);
#112 = EDGE_CURVE('',#113,#85,#115,.T.);
#113 = VERTEX_POINT('',#114);
#114 = CARTESIAN_POINT('',(76.5,-53.6,22.1));
#115 = SURFACE_CURVE('',#116,(#120,#127),.PCURVE_S1.);
#116 = LINE('',#117,#118);
#117 = CARTESIAN_POINT('',(76.5,-53.6,22.1));
#118 = VECTOR('',#119,1.);
#119 = DIRECTION('',(-0.,1.,-0.));
#120 = PCURVE('',#32,#121);
#121 = DEFINITIONAL_REPRESENTATION('',(#122),#126);
#122 = LINE('',#123,#124);
#123 = CARTESIAN_POINT('',(-9.,-19.1));
#124 = VECTOR('',#125,1.);
#125 = DIRECTION('',(1.,-0.));
#126 = ( GEOMETRIC_REPRESENTATION_CONTEXT(2) 
PARAMETRIC_REPRESENTATION_CONTEXT() REPRESENTATION_CONTEXT('2D SPACE',''
  ) );
#127 = PCURVE('',#128,#133);
#128 = PLANE('',#129);
#129 = AXIS2_PLACEMENT_3D('',#130,#131,#132);
#130 = CARTESIAN_POINT('',(43.25,-50.6,22.1));
#131 = DIRECTION('',(-0.,-0.,1.));
#132 = DIRECTION('',(-1.,0.,0.));
#133 = DEFINITIONAL_REPRESENTATION('',(#134),#138);
#134 = LINE('',#135,#136);
#135 = CARTESIAN_POINT('',(-33.25,3.));
#136 = VECTOR('',#137,1.);
#137 = DIRECTION('',(-0.,-1.));
#138 = ( GEOMETRIC_REPRESENTATION_CONTEXT(2) 
PARAMETRIC_REPRESENTATION_CONTEXT() REPRESENTATION_CONTEXT('2D SPACE',''
  ) );
#139 = ORIENTED_EDGE('',*,*,#140,.F.);
#140 = EDGE_CURVE('',#24,#113,#141,.T.);
#141 = SURFACE_CURVE('',#142,(#146,#153),.PCURVE_S1.);
#142 = LINE('',#143,#144);
#143 = CARTESIAN_POINT('',(76.5,-53.6,3.));
#144 = VECTOR('',#145,1.);
#145 = DIRECTION('',(-0.,-0.,1.));
#146 = PCURVE('',#32,#147);
#147 = DEFINITIONAL_REPRESENTATION('',(#148),#152);
#148 = LINE('',#149,#150);
#149 = CARTESIAN_POINT('',(-9.,0.));
#150 = VECTOR('',#151,1.);
#151 = DIRECTION('',(-0.,-1.));
#152 = ( GEOMETRIC_REPRESENTATION_CONTEXT(2) 
PARAMETRIC_REPRESENTATION_CONTEXT() REPRESENTATION_CONTEXT('2D SPACE',''
  ) );
#153 = PCURVE('',#154,#159);
#154 = CYLINDRICAL_SURFACE('',#155,3.);
#155 = AXIS2_PLACEMENT_3D('',#156,#157,#158);
#156 = CARTESIAN_POINT('',(73.5,-53.6,3.));
#157 = DIRECTION('',(-0.,-0.,1.));
#158 = DIRECTION('',(1.,-0.,-0.));
#159 = DEFINITIONAL_REPRESENTATION('',(#160),#164);
#160 = LINE('',#161,#162);
#161 = CARTESIAN_POINT('',(-0.,0.));
#162 = VECTOR('',#163,1.);
#163 = DIRECTION('',(-0.,1.));
#164 = ( GEOMETRIC_REPRESENTATION_CONTEXT(2) 
PARAMETRIC_REPRESENTATION_CONTEXT() REPRESENTATION_CONTEXT('2D SPACE',''
  ) );
#165 = ADVANCED_FACE('',(#166,#307,#342),#44,.F.);
#166 = FACE_BOUND('',#167,.T.);
#167 = EDGE_LOOP('',(#168,#169,#197,#225,#258,#286));
#168 = ORIENTED_EDGE('',*,*,#21,.T.);
#169 = ORIENTED_EDGE('',*,*,#170,.T.);
#170 = EDGE_CURVE('',#24,#171,#173,.T.);
#171 = VERTEX_POINT('',#172);
#172 = CARTESIAN_POINT('',(73.5,-56.6,3.));
#173 = SURFACE_CURVE('',#174,(#179,#190),.PCURVE_S1.);
#174 = CIRCLE('',#175,3.);
#175 = AXIS2_PLACEMENT_3D('',#176,#177,#178);
#176 = CARTESIAN_POINT('',(73.5,-53.6,3.));
#177 = DIRECTION('',(-0.,-0.,-1.));
#178 = DIRECTION('',(-0.,1.,-0.));
#179 = PCURVE('',#44,#180);
#180 = DEFINITIONAL_REPRESENTATION('',(#181),#189);
#181 = ( BOUNDED_CURVE() B_SPLINE_CURVE(2,(#182,#183,#184,#185,#186,#187
,#188),.UNSPECIFIED.,.T.,.F.) B_SPLINE_CURVE_WITH_KNOTS((1,2,2,2,2,1),(
    -2.094395102393,0.,2.094395102393,4.188790204786,6.28318530718,
8.377580409573),.UNSPECIFIED.) CURVE() GEOMETRIC_REPRESENTATION_ITEM() 
RATIONAL_B_SPLINE_CURVE((1.,0.5,1.,0.5,1.,0.5,1.)) REPRESENTATION_ITEM(
  '') );
#182 = CARTESIAN_POINT('',(-30.25,0.));
#183 = CARTESIAN_POINT('',(-35.4461524227,0.));
#184 = CARTESIAN_POINT('',(-32.84807621135,4.5));
#185 = CARTESIAN_POINT('',(-30.25,9.));
#186 = CARTESIAN_POINT('',(-27.65192378864,4.5));
#187 = CARTESIAN_POINT('',(-25.05384757729,4.440892098501E-15));
#188 = CARTESIAN_POINT('',(-30.25,0.));
#189 = ( GEOMETRIC_REPRESENTATION_CONTEXT(2) 
PARAMETRIC_REPRESENTATION_CONTEXT() REPRESENTATION_CONTEXT('2D SPACE',''
  ) );
#190 = PCURVE('',#154,#191);
#191 = DEFINITIONAL_REPRESENTATION('',(#192),#196);
#192 = LINE('',#193,#194);
#193 = CARTESIAN_POINT('',(1.570796326795,-0.));
#194 = VECTOR('',#195,1.);
#195 = DIRECTION('',(-1.,0.));
#196 = ( GEOMETRIC_REPRESENTATION_CONTEXT(2) 
PARAMETRIC_REPRESENTATION_CONTEXT() REPRESENTATION_CONTEXT('2D SPACE',''
  ) );
#197 = ORIENTED_EDGE('',*,*,#198,.T.);
#198 = EDGE_CURVE('',#171,#199,#201,.T.);
#199 = VERTEX_POINT('',#200);
#200 = CARTESIAN_POINT('',(13.,-56.6,3.));
#201 = SURFACE_CURVE('',#202,(#206,#213),.PCURVE_S1.);
#202 = LINE('',#203,#204);
#203 = CARTESIAN_POINT('',(76.5,-56.6,3.));
#204 = VECTOR('',#205,1.);
#205 = DIRECTION('',(-1.,-0.,-0.));
#206 = PCURVE('',#44,#207);
#207 = DEFINITIONAL_REPRESENTATION('',(#208),#212);
#208 = LINE('',#209,#210);
#209 = CARTESIAN_POINT('',(-33.25,6.));
#210 = VECTOR('',#211,1.);
#211 = DIRECTION('',(1.,-0.));
#212 = ( GEOMETRIC_REPRESENTATION_CONTEXT(2) 
PARAMETRIC_REPRESENTATION_CONTEXT() REPRESENTATION_CONTEXT('2D SPACE',''
  ) );
#213 = PCURVE('',#214,#219);
#214 = PLANE('',#215);
#215 = AXIS2_PLACEMENT_3D('',#216,#217,#218);
#216 = CARTESIAN_POINT('',(76.5,-56.6,3.));
#217 = DIRECTION('',(-0.,1.,-0.));
#218 = DIRECTION('',(1.,0.,0.));
#219 = DEFINITIONAL_REPRESENTATION('',(#220),#224);
#220 = LINE('',#221,#222);
#221 = CARTESIAN_POINT('',(0.,-0.));
#222 = VECTOR('',#223,1.);
#223 = DIRECTION('',(-1.,0.));
#224 = ( GEOMETRIC_REPRESENTATION_CONTEXT(2) 
PARAMETRIC_REPRESENTATION_CONTEXT() REPRESENTATION_CONTEXT('2D SPACE',''
  ) );
#225 = ORIENTED_EDGE('',*,*,#226,.T.);
#226 = EDGE_CURVE('',#199,#227,#229,.T.);
#227 = VERTEX_POINT('',#228);
#228 = CARTESIAN_POINT('',(10.,-53.6,3.));
#229 = SURFACE_CURVE('',#230,(#235,#246),.PCURVE_S1.);
#230 = CIRCLE('',#231,3.);
#231 = AXIS2_PLACEMENT_3D('',#232,#233,#234);
#232 = CARTESIAN_POINT('',(13.,-53.6,3.));
#233 = DIRECTION('',(-0.,-0.,-1.));
#234 = DIRECTION('',(-0.,1.,-0.));
#235 = PCURVE('',#44,#236);
#236 = DEFINITIONAL_REPRESENTATION('',(#237),#245);
#237 = ( BOUNDED_CURVE() B_SPLINE_CURVE(2,(#238,#239,#240,#241,#242,#243
,#244),.UNSPECIFIED.,.T.,.F.) B_SPLINE_CURVE_WITH_KNOTS((1,2,2,2,2,1),(
    -2.094395102393,0.,2.094395102393,4.188790204786,6.28318530718,
8.377580409573),.UNSPECIFIED.) CURVE() GEOMETRIC_REPRESENTATION_ITEM() 
RATIONAL_B_SPLINE_CURVE((1.,0.5,1.,0.5,1.,0.5,1.)) REPRESENTATION_ITEM(
  '') );
#238 = CARTESIAN_POINT('',(30.25,0.));
#239 = CARTESIAN_POINT('',(25.053847577293,0.));
#240 = CARTESIAN_POINT('',(27.651923788647,4.5));
#241 = CARTESIAN_POINT('',(30.25,9.));
#242 = CARTESIAN_POINT('',(32.848076211353,4.5));
#243 = CARTESIAN_POINT('',(35.446152422707,4.440892098501E-15));
#244 = CARTESIAN_POINT('',(30.25,0.));
#245 = ( GEOMETRIC_REPRESENTATION_CONTEXT(2) 
PARAMETRIC_REPRESENTATION_CONTEXT() REPRESENTATION_CONTEXT('2D SPACE',''
  ) );
#246 = PCURVE('',#247,#252);
#247 = CYLINDRICAL_SURFACE('',#248,3.);
#248 = AXIS2_PLACEMENT_3D('',#249,#250,#251);
#249 = CARTESIAN_POINT('',(13.,-53.6,3.));
#250 = DIRECTION('',(-0.,-0.,1.));
#251 = DIRECTION('',(-0.,-1.,-0.));
#252 = DEFINITIONAL_REPRESENTATION('',(#253),#257);
#253 = LINE('',#254,#255);
#254 = CARTESIAN_POINT('',(3.14159265359,-0.));
#255 = VECTOR('',#256,1.);
#256 = DIRECTION('',(-1.,0.));
#257 = ( GEOMETRIC_REPRESENTATION_CONTEXT(2) 
PARAMETRIC_REPRESENTATION_CONTEXT() REPRESENTATION_CONTEXT('2D SPACE',''
  ) );
#258 = ORIENTED_EDGE('',*,*,#259,.T.);
#259 = EDGE_CURVE('',#227,#260,#262,.T.);
#260 = VERTEX_POINT('',#261);
#261 = CARTESIAN_POINT('',(10.,-44.6,3.));
#262 = SURFACE_CURVE('',#263,(#267,#274),.PCURVE_S1.);
#263 = LINE('',#264,#265);
#264 = CARTESIAN_POINT('',(10.,-56.6,3.));
#265 = VECTOR('',#266,1.);
#266 = DIRECTION('',(-0.,1.,-0.));
#267 = PCURVE('',#44,#268);
#268 = DEFINITIONAL_REPRESENTATION('',(#269),#273);
#269 = LINE('',#270,#271);
#270 = CARTESIAN_POINT('',(33.25,6.));
#271 = VECTOR('',#272,1.);
#272 = DIRECTION('',(-0.,-1.));
#273 = ( GEOMETRIC_REPRESENTATION_CONTEXT(2) 
PARAMETRIC_REPRESENTATION_CONTEXT() REPRESENTATION_CONTEXT('2D SPACE',''
  ) );
#274 = PCURVE('',#275,#280);
#275 = PLANE('',#276);
#276 = AXIS2_PLACEMENT_3D('',#277,#278,#279);
#277 = CARTESIAN_POINT('',(10.,-56.6,3.));
#278 = DIRECTION('',(1.,-0.,-0.));
#279 = DIRECTION('',(0.,-1.,0.));
#280 = DEFINITIONAL_REPRESENTATION('',(#281),#285);
#281 = LINE('',#282,#283);
#282 = CARTESIAN_POINT('',(-0.,0.));
#283 = VECTOR('',#284,1.);
#284 = DIRECTION('',(-1.,-0.));
#285 = ( GEOMETRIC_REPRESENTATION_CONTEXT(2) 
PARAMETRIC_REPRESENTATION_CONTEXT() REPRESENTATION_CONTEXT('2D SPACE',''
  ) );
#286 = ORIENTED_EDGE('',*,*,#287,.T.);
#287 = EDGE_CURVE('',#260,#22,#288,.T.);
#288 = SURFACE_CURVE('',#289,(#293,#300),.PCURVE_S1.);
#289 = LINE('',#290,#291);
#290 = CARTESIAN_POINT('',(10.,-44.6,3.));
#291 = VECTOR('',#292,1.);
#292 = DIRECTION('',(1.,-0.,-0.));
#293 = PCURVE('',#44,#294);
#294 = DEFINITIONAL_REPRESENTATION('',(#295),#299);
#295 = LINE('',#296,#297);
#296 = CARTESIAN_POINT('',(33.25,-6.));
#297 = VECTOR('',#298,1.);
#298 = DIRECTION('',(-1.,0.));
#299 = ( GEOMETRIC_REPRESENTATION_CONTEXT(2) 
PARAMETRIC_REPRESENTATION_CONTEXT() REPRESENTATION_CONTEXT('2D SPACE',''
  ) );
#300 = PCURVE('',#72,#301);
#301 = DEFINITIONAL_REPRESENTATION('',(#302),#306);
#302 = LINE('',#303,#304);
#303 = CARTESIAN_POINT('',(-0.,-0.));
#304 = VECTOR('',#305,1.);
#305 = DIRECTION('',(-1.,-0.));
#306 = ( GEOMETRIC_REPRESENTATION_CONTEXT(2) 
PARAMETRIC_REPRESENTATION_CONTEXT() REPRESENTATION_CONTEXT('2D SPACE',''
  ) );
#307 = FACE_BOUND('',#308,.T.);
#308 = EDGE_LOOP('',(#309));
#309 = ORIENTED_EDGE('',*,*,#310,.F.);
#310 = EDGE_CURVE('',#311,#311,#313,.T.);
#311 = VERTEX_POINT('',#312);
#312 = CARTESIAN_POINT('',(37.2,-50.6,3.));
#313 = SURFACE_CURVE('',#314,(#319,#330),.PCURVE_S1.);
#314 = CIRCLE('',#315,2.2);
#315 = AXIS2_PLACEMENT_3D('',#316,#317,#318);
#316 = CARTESIAN_POINT('',(35.,-50.6,3.));
#317 = DIRECTION('',(0.,0.,-1.));
#318 = DIRECTION('',(1.,-0.,-0.));
#319 = PCURVE('',#44,#320);
#320 = DEFINITIONAL_REPRESENTATION('',(#321),#329);
#321 = ( BOUNDED_CURVE() B_SPLINE_CURVE(2,(#322,#323,#324,#325,#326,#327
,#328),.UNSPECIFIED.,.T.,.F.) B_SPLINE_CURVE_WITH_KNOTS((1,2,2,2,2,1),(
    -2.094395102393,0.,2.094395102393,4.188790204786,6.28318530718,
8.377580409573),.UNSPECIFIED.) CURVE() GEOMETRIC_REPRESENTATION_ITEM() 
RATIONAL_B_SPLINE_CURVE((1.,0.5,1.,0.5,1.,0.5,1.)) REPRESENTATION_ITEM(
  '') );
#322 = CARTESIAN_POINT('',(6.05,0.));
#323 = CARTESIAN_POINT('',(6.05,3.810511776652));
#324 = CARTESIAN_POINT('',(9.35,1.905255888326));
#325 = CARTESIAN_POINT('',(12.65,5.388445916248E-16));
#326 = CARTESIAN_POINT('',(9.35,-1.905255888326));
#327 = CARTESIAN_POINT('',(6.05,-3.810511776652));
#328 = CARTESIAN_POINT('',(6.05,0.));
#329 = ( GEOMETRIC_REPRESENTATION_CONTEXT(2) 
PARAMETRIC_REPRESENTATION_CONTEXT() REPRESENTATION_CONTEXT('2D SPACE',''
  ) );
#330 = PCURVE('',#331,#336);
#331 = CYLINDRICAL_SURFACE('',#332,2.2);
#332 = AXIS2_PLACEMENT_3D('',#333,#334,#335);
#333 = CARTESIAN_POINT('',(35.,-50.6,2.));
#334 = DIRECTION('',(-0.,-0.,1.));
#335 = DIRECTION('',(1.,-0.,-0.));
#336 = DEFINITIONAL_REPRESENTATION('',(#337),#341);
#337 = LINE('',#338,#339);
#338 = CARTESIAN_POINT('',(-0.,1.));
#339 = VECTOR('',#340,1.);
#340 = DIRECTION('',(-1.,0.));
#341 = ( GEOMETRIC_REPRESENTATION_CONTEXT(2) 
PARAMETRIC_REPRESENTATION_CONTEXT() REPRESENTATION_CONTEXT('2D SPACE',''
  ) );
#342 = FACE_BOUND('',#343,.T.);
#343 = EDGE_LOOP('',(#344));
#344 = ORIENTED_EDGE('',*,*,#345,.F.);
#345 = EDGE_CURVE('',#346,#346,#348,.T.);
#346 = VERTEX_POINT('',#347);
#347 = CARTESIAN_POINT('',(67.2,-50.6,3.));
#348 = SURFACE_CURVE('',#349,(#354,#365),.PCURVE_S1.);
#349 = CIRCLE('',#350,2.2);
#350 = AXIS2_PLACEMENT_3D('',#351,#352,#353);
#351 = CARTESIAN_POINT('',(65.,-50.6,3.));
#352 = DIRECTION('',(0.,0.,-1.));
#353 = DIRECTION('',(1.,-0.,-0.));
#354 = PCURVE('',#44,#355);
#355 = DEFINITIONAL_REPRESENTATION('',(#356),#364);
#356 = ( BOUNDED_CURVE() B_SPLINE_CURVE(2,(#357,#358,#359,#360,#361,#362
,#363),.UNSPECIFIED.,.T.,.F.) B_SPLINE_CURVE_WITH_KNOTS((1,2,2,2,2,1),(
    -2.094395102393,0.,2.094395102393,4.188790204786,6.28318530718,
8.377580409573),.UNSPECIFIED.) CURVE() GEOMETRIC_REPRESENTATION_ITEM() 
RATIONAL_B_SPLINE_CURVE((1.,0.5,1.,0.5,1.,0.5,1.)) REPRESENTATION_ITEM(
  '') );
#357 = CARTESIAN_POINT('',(-23.95,0.));
#358 = CARTESIAN_POINT('',(-23.95,3.810511776652));
#359 = CARTESIAN_POINT('',(-20.65,1.905255888326));
#360 = CARTESIAN_POINT('',(-17.35,5.388445916248E-16));
#361 = CARTESIAN_POINT('',(-20.65,-1.905255888326));
#362 = CARTESIAN_POINT('',(-23.95,-3.810511776652));
#363 = CARTESIAN_POINT('',(-23.95,0.));
#364 = ( GEOMETRIC_REPRESENTATION_CONTEXT(2) 
PARAMETRIC_REPRESENTATION_CONTEXT() REPRESENTATION_CONTEXT('2D SPACE',''
  ) );
#365 = PCURVE('',#366,#371);
#366 = CYLINDRICAL_SURFACE('',#367,2.2);
#367 = AXIS2_PLACEMENT_3D('',#368,#369,#370);
#368 = CARTESIAN_POINT('',(65.,-50.6,2.));
#369 = DIRECTION('',(-0.,-0.,1.));
#370 = DIRECTION('',(1.,-0.,-0.));
#371 = DEFINITIONAL_REPRESENTATION('',(#372),#376);
#372 = LINE('',#373,#374);
#373 = CARTESIAN_POINT('',(-0.,1.));
#374 = VECTOR('',#375,1.);
#375 = DIRECTION('',(-1.,0.));
#376 = ( GEOMETRIC_REPRESENTATION_CONTEXT(2) 
PARAMETRIC_REPRESENTATION_CONTEXT() REPRESENTATION_CONTEXT('2D SPACE',''
  ) );
#377 = ADVANCED_FACE('',(#378),#72,.F.);
#378 = FACE_BOUND('',#379,.T.);
#379 = EDGE_LOOP('',(#380,#381,#404,#425));
#380 = ORIENTED_EDGE('',*,*,#287,.F.);
#381 = ORIENTED_EDGE('',*,*,#382,.T.);
#382 = EDGE_CURVE('',#260,#383,#385,.T.);
#383 = VERTEX_POINT('',#384);
#384 = CARTESIAN_POINT('',(10.,-44.6,19.6));
#385 = SURFACE_CURVE('',#386,(#390,#397),.PCURVE_S1.);
#386 = LINE('',#387,#388);
#387 = CARTESIAN_POINT('',(10.,-44.6,3.));
#388 = VECTOR('',#389,1.);
#389 = DIRECTION('',(-0.,-0.,1.));
#390 = PCURVE('',#72,#391);
#391 = DEFINITIONAL_REPRESENTATION('',(#392),#396);
#392 = LINE('',#393,#394);
#393 = CARTESIAN_POINT('',(-0.,-0.));
#394 = VECTOR('',#395,1.);
#395 = DIRECTION('',(-0.,-1.));
#396 = ( GEOMETRIC_REPRESENTATION_CONTEXT(2) 
PARAMETRIC_REPRESENTATION_CONTEXT() REPRESENTATION_CONTEXT('2D SPACE',''
  ) );
#397 = PCURVE('',#275,#398);
#398 = DEFINITIONAL_REPRESENTATION('',(#399),#403);
#399 = LINE('',#400,#401);
#400 = CARTESIAN_POINT('',(-12.,0.));
#401 = VECTOR('',#402,1.);
#402 = DIRECTION('',(-0.,-1.));
#403 = ( GEOMETRIC_REPRESENTATION_CONTEXT(2) 
PARAMETRIC_REPRESENTATION_CONTEXT() REPRESENTATION_CONTEXT('2D SPACE',''
  ) );
#404 = ORIENTED_EDGE('',*,*,#405,.T.);
#405 = EDGE_CURVE('',#383,#57,#406,.T.);
#406 = SURFACE_CURVE('',#407,(#411,#418),.PCURVE_S1.);
#407 = LINE('',#408,#409);
#408 = CARTESIAN_POINT('',(10.,-44.6,19.6));
#409 = VECTOR('',#410,1.);
#410 = DIRECTION('',(1.,-0.,-0.));
#411 = PCURVE('',#72,#412);
#412 = DEFINITIONAL_REPRESENTATION('',(#413),#417);
#413 = LINE('',#414,#415);
#414 = CARTESIAN_POINT('',(-0.,-16.6));
#415 = VECTOR('',#416,1.);
#416 = DIRECTION('',(-1.,-0.));
#417 = ( GEOMETRIC_REPRESENTATION_CONTEXT(2) 
PARAMETRIC_REPRESENTATION_CONTEXT() REPRESENTATION_CONTEXT('2D SPACE',''
  ) );
#418 = PCURVE('',#100,#419);
#419 = DEFINITIONAL_REPRESENTATION('',(#420),#424);
#420 = LINE('',#421,#422);
#421 = CARTESIAN_POINT('',(-3.535533905933,0.));
#422 = VECTOR('',#423,1.);
#423 = DIRECTION('',(-0.,-1.));
#424 = ( GEOMETRIC_REPRESENTATION_CONTEXT(2) 
PARAMETRIC_REPRESENTATION_CONTEXT() REPRESENTATION_CONTEXT('2D SPACE',''
  ) );
#425 = ORIENTED_EDGE('',*,*,#56,.F.);
#426 = ADVANCED_FACE('',(#427),#100,.F.);
#427 = FACE_BOUND('',#428,.T.);
#428 = EDGE_LOOP('',(#429,#452,#453,#454));
#429 = ORIENTED_EDGE('',*,*,#430,.T.);
#430 = EDGE_CURVE('',#431,#85,#433,.T.);
#431 = VERTEX_POINT('',#432);
#432 = CARTESIAN_POINT('',(10.,-42.1,22.1));
#433 = SURFACE_CURVE('',#434,(#438,#445),.PCURVE_S1.);
#434 = LINE('',#435,#436);
#435 = CARTESIAN_POINT('',(10.,-42.1,22.1));
#436 = VECTOR('',#437,1.);
#437 = DIRECTION('',(1.,-0.,-0.));
#438 = PCURVE('',#100,#439);
#439 = DEFINITIONAL_REPRESENTATION('',(#440),#444);
#440 = LINE('',#441,#442);
#441 = CARTESIAN_POINT('',(-0.,-0.));
#442 = VECTOR('',#443,1.);
#443 = DIRECTION('',(-0.,-1.));
#444 = ( GEOMETRIC_REPRESENTATION_CONTEXT(2) 
PARAMETRIC_REPRESENTATION_CONTEXT() REPRESENTATION_CONTEXT('2D SPACE',''
  ) );
#445 = PCURVE('',#128,#446);
#446 = DEFINITIONAL_REPRESENTATION('',(#447),#451);
#447 = LINE('',#448,#449);
#448 = CARTESIAN_POINT('',(33.25,-8.5));
#449 = VECTOR('',#450,1.);
#450 = DIRECTION('',(-1.,0.));
#451 = ( GEOMETRIC_REPRESENTATION_CONTEXT(2) 
PARAMETRIC_REPRESENTATION_CONTEXT() REPRESENTATION_CONTEXT('2D SPACE',''
  ) );
#452 = ORIENTED_EDGE('',*,*,#84,.T.);
#453 = ORIENTED_EDGE('',*,*,#405,.F.);
#454 = ORIENTED_EDGE('',*,*,#455,.F.);
#455 = EDGE_CURVE('',#431,#383,#456,.T.);
#456 = SURFACE_CURVE('',#457,(#461,#468),.PCURVE_S1.);
#457 = LINE('',#458,#459);
#458 = CARTESIAN_POINT('',(10.,-42.1,22.1));
#459 = VECTOR('',#460,1.);
#460 = DIRECTION('',(-0.,-0.707106781187,-0.707106781187));
#461 = PCURVE('',#100,#462);
#462 = DEFINITIONAL_REPRESENTATION('',(#463),#467);
#463 = LINE('',#464,#465);
#464 = CARTESIAN_POINT('',(-0.,-0.));
#465 = VECTOR('',#466,1.);
#466 = DIRECTION('',(-1.,0.));
#467 = ( GEOMETRIC_REPRESENTATION_CONTEXT(2) 
PARAMETRIC_REPRESENTATION_CONTEXT() REPRESENTATION_CONTEXT('2D SPACE',''
  ) );
#468 = PCURVE('',#275,#469);
#469 = DEFINITIONAL_REPRESENTATION('',(#470),#474);
#470 = LINE('',#471,#472);
#471 = CARTESIAN_POINT('',(-14.5,-19.1));
#472 = VECTOR('',#473,1.);
#473 = DIRECTION('',(0.707106781187,0.707106781187));
#474 = ( GEOMETRIC_REPRESENTATION_CONTEXT(2) 
PARAMETRIC_REPRESENTATION_CONTEXT() REPRESENTATION_CONTEXT('2D SPACE',''
  ) );
#475 = ADVANCED_FACE('',(#476),#128,.T.);
#476 = FACE_BOUND('',#477,.F.);
#477 = EDGE_LOOP('',(#478,#479,#507,#530,#558,#591,#619,#652,#680,#703,
    #731,#752));
#478 = ORIENTED_EDGE('',*,*,#112,.F.);
#479 = ORIENTED_EDGE('',*,*,#480,.T.);
#480 = EDGE_CURVE('',#113,#481,#483,.T.);
#481 = VERTEX_POINT('',#482);
#482 = CARTESIAN_POINT('',(73.5,-56.6,22.1));
#483 = SURFACE_CURVE('',#484,(#489,#500),.PCURVE_S1.);
#484 = CIRCLE('',#485,3.);
#485 = AXIS2_PLACEMENT_3D('',#486,#487,#488);
#486 = CARTESIAN_POINT('',(73.5,-53.6,22.1));
#487 = DIRECTION('',(-0.,-0.,-1.));
#488 = DIRECTION('',(-0.,1.,-0.));
#489 = PCURVE('',#128,#490);
#490 = DEFINITIONAL_REPRESENTATION('',(#491),#499);
#491 = ( BOUNDED_CURVE() B_SPLINE_CURVE(2,(#492,#493,#494,#495,#496,#497
,#498),.UNSPECIFIED.,.T.,.F.) B_SPLINE_CURVE_WITH_KNOTS((1,2,2,2,2,1),(
    -2.094395102393,0.,2.094395102393,4.188790204786,6.28318530718,
8.377580409573),.UNSPECIFIED.) CURVE() GEOMETRIC_REPRESENTATION_ITEM() 
RATIONAL_B_SPLINE_CURVE((1.,0.5,1.,0.5,1.,0.5,1.)) REPRESENTATION_ITEM(
  '') );
#492 = CARTESIAN_POINT('',(-30.25,0.));
#493 = CARTESIAN_POINT('',(-35.4461524227,0.));
#494 = CARTESIAN_POINT('',(-32.84807621135,4.5));
#495 = CARTESIAN_POINT('',(-30.25,9.));
#496 = CARTESIAN_POINT('',(-27.65192378864,4.5));
#497 = CARTESIAN_POINT('',(-25.05384757729,4.440892098501E-15));
#498 = CARTESIAN_POINT('',(-30.25,0.));
#499 = ( GEOMETRIC_REPRESENTATION_CONTEXT(2) 
PARAMETRIC_REPRESENTATION_CONTEXT() REPRESENTATION_CONTEXT('2D SPACE',''
  ) );
#500 = PCURVE('',#154,#501);
#501 = DEFINITIONAL_REPRESENTATION('',(#502),#506);
#502 = LINE('',#503,#504);
#503 = CARTESIAN_POINT('',(1.570796326795,19.1));
#504 = VECTOR('',#505,1.);
#505 = DIRECTION('',(-1.,0.));
#506 = ( GEOMETRIC_REPRESENTATION_CONTEXT(2) 
PARAMETRIC_REPRESENTATION_CONTEXT() REPRESENTATION_CONTEXT('2D SPACE',''
  ) );
#507 = ORIENTED_EDGE('',*,*,#508,.T.);
#508 = EDGE_CURVE('',#481,#509,#511,.T.);
#509 = VERTEX_POINT('',#510);
#510 = CARTESIAN_POINT('',(55.25,-56.6,22.1));
#511 = SURFACE_CURVE('',#512,(#516,#523),.PCURVE_S1.);
#512 = LINE('',#513,#514);
#513 = CARTESIAN_POINT('',(76.5,-56.6,22.1));
#514 = VECTOR('',#515,1.);
#515 = DIRECTION('',(-1.,-0.,-0.));
#516 = PCURVE('',#128,#517);
#517 = DEFINITIONAL_REPRESENTATION('',(#518),#522);
#518 = LINE('',#519,#520);
#519 = CARTESIAN_POINT('',(-33.25,6.));
#520 = VECTOR('',#521,1.);
#521 = DIRECTION('',(1.,-0.));
#522 = ( GEOMETRIC_REPRESENTATION_CONTEXT(2) 
PARAMETRIC_REPRESENTATION_CONTEXT() REPRESENTATION_CONTEXT('2D SPACE',''
  ) );
#523 = PCURVE('',#214,#524);
#524 = DEFINITIONAL_REPRESENTATION('',(#525),#529);
#525 = LINE('',#526,#527);
#526 = CARTESIAN_POINT('',(-0.,-19.1));
#527 = VECTOR('',#528,1.);
#528 = DIRECTION('',(-1.,0.));
#529 = ( GEOMETRIC_REPRESENTATION_CONTEXT(2) 
PARAMETRIC_REPRESENTATION_CONTEXT() REPRESENTATION_CONTEXT('2D SPACE',''
  ) );
#530 = ORIENTED_EDGE('',*,*,#531,.T.);
#531 = EDGE_CURVE('',#509,#532,#534,.T.);
#532 = VERTEX_POINT('',#533);
#533 = CARTESIAN_POINT('',(55.25,-62.1,22.1));
#534 = SURFACE_CURVE('',#535,(#539,#546),.PCURVE_S1.);
#535 = LINE('',#536,#537);
#536 = CARTESIAN_POINT('',(55.25,-53.6,22.1));
#537 = VECTOR('',#538,1.);
#538 = DIRECTION('',(-0.,-1.,-0.));
#539 = PCURVE('',#128,#540);
#540 = DEFINITIONAL_REPRESENTATION('',(#541),#545);
#541 = LINE('',#542,#543);
#542 = CARTESIAN_POINT('',(-12.,3.));
#543 = VECTOR('',#544,1.);
#544 = DIRECTION('',(-0.,1.));
#545 = ( GEOMETRIC_REPRESENTATION_CONTEXT(2) 
PARAMETRIC_REPRESENTATION_CONTEXT() REPRESENTATION_CONTEXT('2D SPACE',''
  ) );
#546 = PCURVE('',#547,#552);
#547 = PLANE('',#548);
#548 = AXIS2_PLACEMENT_3D('',#549,#550,#551);
#549 = CARTESIAN_POINT('',(55.25,-53.6,3.4));
#550 = DIRECTION('',(-1.,-0.,-0.));
#551 = DIRECTION('',(0.,1.,0.));
#552 = DEFINITIONAL_REPRESENTATION('',(#553),#557);
#553 = LINE('',#554,#555);
#554 = CARTESIAN_POINT('',(-0.,-18.7));
#555 = VECTOR('',#556,1.);
#556 = DIRECTION('',(-1.,0.));
#557 = ( GEOMETRIC_REPRESENTATION_CONTEXT(2) 
PARAMETRIC_REPRESENTATION_CONTEXT() REPRESENTATION_CONTEXT('2D SPACE',''
  ) );
#558 = ORIENTED_EDGE('',*,*,#559,.T.);
#559 = EDGE_CURVE('',#532,#560,#562,.T.);
#560 = VERTEX_POINT('',#561);
#561 = CARTESIAN_POINT('',(51.75,-65.6,22.1));
#562 = SURFACE_CURVE('',#563,(#568,#579),.PCURVE_S1.);
#563 = CIRCLE('',#564,3.5);
#564 = AXIS2_PLACEMENT_3D('',#565,#566,#567);
#565 = CARTESIAN_POINT('',(51.75,-62.1,22.1));
#566 = DIRECTION('',(-0.,-0.,-1.));
#567 = DIRECTION('',(-0.,1.,-0.));
#568 = PCURVE('',#128,#569);
#569 = DEFINITIONAL_REPRESENTATION('',(#570),#578);
#570 = ( BOUNDED_CURVE() B_SPLINE_CURVE(2,(#571,#572,#573,#574,#575,#576
,#577),.UNSPECIFIED.,.T.,.F.) B_SPLINE_CURVE_WITH_KNOTS((1,2,2,2,2,1),(
    -2.094395102393,0.,2.094395102393,4.188790204786,6.28318530718,
8.377580409573),.UNSPECIFIED.) CURVE() GEOMETRIC_REPRESENTATION_ITEM() 
RATIONAL_B_SPLINE_CURVE((1.,0.5,1.,0.5,1.,0.5,1.)) REPRESENTATION_ITEM(
  '') );
#571 = CARTESIAN_POINT('',(-8.5,8.));
#572 = CARTESIAN_POINT('',(-14.56217782649,8.));
#573 = CARTESIAN_POINT('',(-11.53108891324,13.25));
#574 = CARTESIAN_POINT('',(-8.5,18.5));
#575 = CARTESIAN_POINT('',(-5.468911086754,13.25));
#576 = CARTESIAN_POINT('',(-2.437822173509,8.));
#577 = CARTESIAN_POINT('',(-8.5,8.));
#578 = ( GEOMETRIC_REPRESENTATION_CONTEXT(2) 
PARAMETRIC_REPRESENTATION_CONTEXT() REPRESENTATION_CONTEXT('2D SPACE',''
  ) );
#579 = PCURVE('',#580,#585);
#580 = CYLINDRICAL_SURFACE('',#581,3.5);
#581 = AXIS2_PLACEMENT_3D('',#582,#583,#584);
#582 = CARTESIAN_POINT('',(51.75,-62.1,3.4));
#583 = DIRECTION('',(-0.,-0.,1.));
#584 = DIRECTION('',(1.,-0.,-0.));
#585 = DEFINITIONAL_REPRESENTATION('',(#586),#590);
#586 = LINE('',#587,#588);
#587 = CARTESIAN_POINT('',(1.570796326795,18.7));
#588 = VECTOR('',#589,1.);
#589 = DIRECTION('',(-1.,0.));
#590 = ( GEOMETRIC_REPRESENTATION_CONTEXT(2) 
PARAMETRIC_REPRESENTATION_CONTEXT() REPRESENTATION_CONTEXT('2D SPACE',''
  ) );
#591 = ORIENTED_EDGE('',*,*,#592,.T.);
#592 = EDGE_CURVE('',#560,#593,#595,.T.);
#593 = VERTEX_POINT('',#594);
#594 = CARTESIAN_POINT('',(34.75,-65.6,22.1));
#595 = SURFACE_CURVE('',#596,(#600,#607),.PCURVE_S1.);
#596 = LINE('',#597,#598);
#597 = CARTESIAN_POINT('',(55.25,-65.6,22.1));
#598 = VECTOR('',#599,1.);
#599 = DIRECTION('',(-1.,-0.,-0.));
#600 = PCURVE('',#128,#601);
#601 = DEFINITIONAL_REPRESENTATION('',(#602),#606);
#602 = LINE('',#603,#604);
#603 = CARTESIAN_POINT('',(-12.,15.));
#604 = VECTOR('',#605,1.);
#605 = DIRECTION('',(1.,-0.));
#606 = ( GEOMETRIC_REPRESENTATION_CONTEXT(2) 
PARAMETRIC_REPRESENTATION_CONTEXT() REPRESENTATION_CONTEXT('2D SPACE',''
  ) );
#607 = PCURVE('',#608,#613);
#608 = PLANE('',#609);
#609 = AXIS2_PLACEMENT_3D('',#610,#611,#612);
#610 = CARTESIAN_POINT('',(55.25,-65.6,3.4));
#611 = DIRECTION('',(-0.,1.,-0.));
#612 = DIRECTION('',(1.,0.,0.));
#613 = DEFINITIONAL_REPRESENTATION('',(#614),#618);
#614 = LINE('',#615,#616);
#615 = CARTESIAN_POINT('',(-0.,-18.7));
#616 = VECTOR('',#617,1.);
#617 = DIRECTION('',(-1.,0.));
#618 = ( GEOMETRIC_REPRESENTATION_CONTEXT(2) 
PARAMETRIC_REPRESENTATION_CONTEXT() REPRESENTATION_CONTEXT('2D SPACE',''
  ) );
#619 = ORIENTED_EDGE('',*,*,#620,.T.);
#620 = EDGE_CURVE('',#593,#621,#623,.T.);
#621 = VERTEX_POINT('',#622);
#622 = CARTESIAN_POINT('',(31.25,-62.1,22.1));
#623 = SURFACE_CURVE('',#624,(#629,#640),.PCURVE_S1.);
#624 = CIRCLE('',#625,3.5);
#625 = AXIS2_PLACEMENT_3D('',#626,#627,#628);
#626 = CARTESIAN_POINT('',(34.75,-62.1,22.1));
#627 = DIRECTION('',(-0.,-0.,-1.));
#628 = DIRECTION('',(-0.,1.,-0.));
#629 = PCURVE('',#128,#630);
#630 = DEFINITIONAL_REPRESENTATION('',(#631),#639);
#631 = ( BOUNDED_CURVE() B_SPLINE_CURVE(2,(#632,#633,#634,#635,#636,#637
,#638),.UNSPECIFIED.,.T.,.F.) B_SPLINE_CURVE_WITH_KNOTS((1,2,2,2,2,1),(
    -2.094395102393,0.,2.094395102393,4.188790204786,6.28318530718,
8.377580409573),.UNSPECIFIED.) CURVE() GEOMETRIC_REPRESENTATION_ITEM() 
RATIONAL_B_SPLINE_CURVE((1.,0.5,1.,0.5,1.,0.5,1.)) REPRESENTATION_ITEM(
  '') );
#632 = CARTESIAN_POINT('',(8.5,8.));
#633 = CARTESIAN_POINT('',(2.437822173509,8.));
#634 = CARTESIAN_POINT('',(5.468911086754,13.25));
#635 = CARTESIAN_POINT('',(8.5,18.5));
#636 = CARTESIAN_POINT('',(11.531088913246,13.25));
#637 = CARTESIAN_POINT('',(14.562177826491,8.));
#638 = CARTESIAN_POINT('',(8.5,8.));
#639 = ( GEOMETRIC_REPRESENTATION_CONTEXT(2) 
PARAMETRIC_REPRESENTATION_CONTEXT() REPRESENTATION_CONTEXT('2D SPACE',''
  ) );
#640 = PCURVE('',#641,#646);
#641 = CYLINDRICAL_SURFACE('',#642,3.5);
#642 = AXIS2_PLACEMENT_3D('',#643,#644,#645);
#643 = CARTESIAN_POINT('',(34.75,-62.1,3.4));
#644 = DIRECTION('',(-0.,-0.,1.));
#645 = DIRECTION('',(-0.,-1.,-0.));
#646 = DEFINITIONAL_REPRESENTATION('',(#647),#651);
#647 = LINE('',#648,#649);
#648 = CARTESIAN_POINT('',(3.14159265359,18.7));
#649 = VECTOR('',#650,1.);
#650 = DIRECTION('',(-1.,0.));
#651 = ( GEOMETRIC_REPRESENTATION_CONTEXT(2) 
PARAMETRIC_REPRESENTATION_CONTEXT() REPRESENTATION_CONTEXT('2D SPACE',''
  ) );
#652 = ORIENTED_EDGE('',*,*,#653,.T.);
#653 = EDGE_CURVE('',#621,#654,#656,.T.);
#654 = VERTEX_POINT('',#655);
#655 = CARTESIAN_POINT('',(31.25,-56.6,22.1));
#656 = SURFACE_CURVE('',#657,(#661,#668),.PCURVE_S1.);
#657 = LINE('',#658,#659);
#658 = CARTESIAN_POINT('',(31.25,-65.6,22.1));
#659 = VECTOR('',#660,1.);
#660 = DIRECTION('',(-0.,1.,-0.));
#661 = PCURVE('',#128,#662);
#662 = DEFINITIONAL_REPRESENTATION('',(#663),#667);
#663 = LINE('',#664,#665);
#664 = CARTESIAN_POINT('',(12.,15.));
#665 = VECTOR('',#666,1.);
#666 = DIRECTION('',(-0.,-1.));
#667 = ( GEOMETRIC_REPRESENTATION_CONTEXT(2) 
PARAMETRIC_REPRESENTATION_CONTEXT() REPRESENTATION_CONTEXT('2D SPACE',''
  ) );
#668 = PCURVE('',#669,#674);
#669 = PLANE('',#670);
#670 = AXIS2_PLACEMENT_3D('',#671,#672,#673);
#671 = CARTESIAN_POINT('',(31.25,-65.6,3.4));
#672 = DIRECTION('',(1.,-0.,-0.));
#673 = DIRECTION('',(0.,-1.,0.));
#674 = DEFINITIONAL_REPRESENTATION('',(#675),#679);
#675 = LINE('',#676,#677);
#676 = CARTESIAN_POINT('',(-0.,-18.7));
#677 = VECTOR('',#678,1.);
#678 = DIRECTION('',(-1.,-0.));
#679 = ( GEOMETRIC_REPRESENTATION_CONTEXT(2) 
PARAMETRIC_REPRESENTATION_CONTEXT() REPRESENTATION_CONTEXT('2D SPACE',''
  ) );
#680 = ORIENTED_EDGE('',*,*,#681,.T.);
#681 = EDGE_CURVE('',#654,#682,#684,.T.);
#682 = VERTEX_POINT('',#683);
#683 = CARTESIAN_POINT('',(13.,-56.6,22.1));
#684 = SURFACE_CURVE('',#685,(#689,#696),.PCURVE_S1.);
#685 = LINE('',#686,#687);
#686 = CARTESIAN_POINT('',(76.5,-56.6,22.1));
#687 = VECTOR('',#688,1.);
#688 = DIRECTION('',(-1.,-0.,-0.));
#689 = PCURVE('',#128,#690);
#690 = DEFINITIONAL_REPRESENTATION('',(#691),#695);
#691 = LINE('',#692,#693);
#692 = CARTESIAN_POINT('',(-33.25,6.));
#693 = VECTOR('',#694,1.);
#694 = DIRECTION('',(1.,-0.));
#695 = ( GEOMETRIC_REPRESENTATION_CONTEXT(2) 
PARAMETRIC_REPRESENTATION_CONTEXT() REPRESENTATION_CONTEXT('2D SPACE',''
  ) );
#696 = PCURVE('',#214,#697);
#697 = DEFINITIONAL_REPRESENTATION('',(#698),#702);
#698 = LINE('',#699,#700);
#699 = CARTESIAN_POINT('',(-0.,-19.1));
#700 = VECTOR('',#701,1.);
#701 = DIRECTION('',(-1.,0.));
#702 = ( GEOMETRIC_REPRESENTATION_CONTEXT(2) 
PARAMETRIC_REPRESENTATION_CONTEXT() REPRESENTATION_CONTEXT('2D SPACE',''
  ) );
#703 = ORIENTED_EDGE('',*,*,#704,.T.);
#704 = EDGE_CURVE('',#682,#705,#707,.T.);
#705 = VERTEX_POINT('',#706);
#706 = CARTESIAN_POINT('',(10.,-53.6,22.1));
#707 = SURFACE_CURVE('',#708,(#713,#724),.PCURVE_S1.);
#708 = CIRCLE('',#709,3.);
#709 = AXIS2_PLACEMENT_3D('',#710,#711,#712);
#710 = CARTESIAN_POINT('',(13.,-53.6,22.1));
#711 = DIRECTION('',(-0.,-0.,-1.));
#712 = DIRECTION('',(-0.,1.,-0.));
#713 = PCURVE('',#128,#714);
#714 = DEFINITIONAL_REPRESENTATION('',(#715),#723);
#715 = ( BOUNDED_CURVE() B_SPLINE_CURVE(2,(#716,#717,#718,#719,#720,#721
,#722),.UNSPECIFIED.,.T.,.F.) B_SPLINE_CURVE_WITH_KNOTS((1,2,2,2,2,1),(
    -2.094395102393,0.,2.094395102393,4.188790204786,6.28318530718,
8.377580409573),.UNSPECIFIED.) CURVE() GEOMETRIC_REPRESENTATION_ITEM() 
RATIONAL_B_SPLINE_CURVE((1.,0.5,1.,0.5,1.,0.5,1.)) REPRESENTATION_ITEM(
  '') );
#716 = CARTESIAN_POINT('',(30.25,0.));
#717 = CARTESIAN_POINT('',(25.053847577293,0.));
#718 = CARTESIAN_POINT('',(27.651923788647,4.5));
#719 = CARTESIAN_POINT('',(30.25,9.));
#720 = CARTESIAN_POINT('',(32.848076211353,4.5));
#721 = CARTESIAN_POINT('',(35.446152422707,4.440892098501E-15));
#722 = CARTESIAN_POINT('',(30.25,0.));
#723 = ( GEOMETRIC_REPRESENTATION_CONTEXT(2) 
PARAMETRIC_REPRESENTATION_CONTEXT() REPRESENTATION_CONTEXT('2D SPACE',''
  ) );
#724 = PCURVE('',#247,#725);
#725 = DEFINITIONAL_REPRESENTATION('',(#726),#730);
#726 = LINE('',#727,#728);
#727 = CARTESIAN_POINT('',(3.14159265359,19.1));
#728 = VECTOR('',#729,1.);
#729 = DIRECTION('',(-1.,0.));
#730 = ( GEOMETRIC_REPRESENTATION_CONTEXT(2) 
PARAMETRIC_REPRESENTATION_CONTEXT() REPRESENTATION_CONTEXT('2D SPACE',''
  ) );
#731 = ORIENTED_EDGE('',*,*,#732,.T.);
#732 = EDGE_CURVE('',#705,#431,#733,.T.);
#733 = SURFACE_CURVE('',#734,(#738,#745),.PCURVE_S1.);
#734 = LINE('',#735,#736);
#735 = CARTESIAN_POINT('',(10.,-53.6,22.1));
#736 = VECTOR('',#737,1.);
#737 = DIRECTION('',(-0.,1.,-0.));
#738 = PCURVE('',#128,#739);
#739 = DEFINITIONAL_REPRESENTATION('',(#740),#744);
#740 = LINE('',#741,#742);
#741 = CARTESIAN_POINT('',(33.25,3.));
#742 = VECTOR('',#743,1.);
#743 = DIRECTION('',(-0.,-1.));
#744 = ( GEOMETRIC_REPRESENTATION_CONTEXT(2) 
PARAMETRIC_REPRESENTATION_CONTEXT() REPRESENTATION_CONTEXT('2D SPACE',''
  ) );
#745 = PCURVE('',#275,#746);
#746 = DEFINITIONAL_REPRESENTATION('',(#747),#751);
#747 = LINE('',#748,#749);
#748 = CARTESIAN_POINT('',(-3.,-19.1));
#749 = VECTOR('',#750,1.);
#750 = DIRECTION('',(-1.,-0.));
#751 = ( GEOMETRIC_REPRESENTATION_CONTEXT(2) 
PARAMETRIC_REPRESENTATION_CONTEXT() REPRESENTATION_CONTEXT('2D SPACE',''
  ) );
#752 = ORIENTED_EDGE('',*,*,#430,.T.);
#753 = ADVANCED_FACE('',(#754),#154,.T.);
#754 = FACE_BOUND('',#755,.F.);
#755 = EDGE_LOOP('',(#756,#757,#778,#779));
#756 = ORIENTED_EDGE('',*,*,#170,.T.);
#757 = ORIENTED_EDGE('',*,*,#758,.T.);
#758 = EDGE_CURVE('',#171,#481,#759,.T.);
#759 = SURFACE_CURVE('',#760,(#764,#771),.PCURVE_S1.);
#760 = LINE('',#761,#762);
#761 = CARTESIAN_POINT('',(73.5,-56.6,3.));
#762 = VECTOR('',#763,1.);
#763 = DIRECTION('',(-0.,-0.,1.));
#764 = PCURVE('',#154,#765);
#765 = DEFINITIONAL_REPRESENTATION('',(#766),#770);
#766 = LINE('',#767,#768);
#767 = CARTESIAN_POINT('',(-1.570796326795,0.));
#768 = VECTOR('',#769,1.);
#769 = DIRECTION('',(-0.,1.));
#770 = ( GEOMETRIC_REPRESENTATION_CONTEXT(2) 
PARAMETRIC_REPRESENTATION_CONTEXT() REPRESENTATION_CONTEXT('2D SPACE',''
  ) );
#771 = PCURVE('',#214,#772);
#772 = DEFINITIONAL_REPRESENTATION('',(#773),#777);
#773 = LINE('',#774,#775);
#774 = CARTESIAN_POINT('',(-3.,0.));
#775 = VECTOR('',#776,1.);
#776 = DIRECTION('',(-0.,-1.));
#777 = ( GEOMETRIC_REPRESENTATION_CONTEXT(2) 
PARAMETRIC_REPRESENTATION_CONTEXT() REPRESENTATION_CONTEXT('2D SPACE',''
  ) );
#778 = ORIENTED_EDGE('',*,*,#480,.F.);
#779 = ORIENTED_EDGE('',*,*,#140,.F.);
#780 = ADVANCED_FACE('',(#781,#880),#214,.F.);
#781 = FACE_BOUND('',#782,.T.);
#782 = EDGE_LOOP('',(#783,#784,#785,#786,#809,#837,#858,#859));
#783 = ORIENTED_EDGE('',*,*,#198,.F.);
#784 = ORIENTED_EDGE('',*,*,#758,.T.);
#785 = ORIENTED_EDGE('',*,*,#508,.T.);
#786 = ORIENTED_EDGE('',*,*,#787,.T.);
#787 = EDGE_CURVE('',#509,#788,#790,.T.);
#788 = VERTEX_POINT('',#789);
#789 = CARTESIAN_POINT('',(55.25,-56.6,3.4));
#790 = SURFACE_CURVE('',#791,(#795,#802),.PCURVE_S1.);
#791 = LINE('',#792,#793);
#792 = CARTESIAN_POINT('',(55.25,-56.6,3.2));
#793 = VECTOR('',#794,1.);
#794 = DIRECTION('',(-0.,0.,-1.));
#795 = PCURVE('',#214,#796);
#796 = DEFINITIONAL_REPRESENTATION('',(#797),#801);
#797 = LINE('',#798,#799);
#798 = CARTESIAN_POINT('',(-21.25,-0.2));
#799 = VECTOR('',#800,1.);
#800 = DIRECTION('',(-0.,1.));
#801 = ( GEOMETRIC_REPRESENTATION_CONTEXT(2) 
PARAMETRIC_REPRESENTATION_CONTEXT() REPRESENTATION_CONTEXT('2D SPACE',''
  ) );
#802 = PCURVE('',#547,#803);
#803 = DEFINITIONAL_REPRESENTATION('',(#804),#808);
#804 = LINE('',#805,#806);
#805 = CARTESIAN_POINT('',(-3.,0.2));
#806 = VECTOR('',#807,1.);
#807 = DIRECTION('',(-0.,1.));
#808 = ( GEOMETRIC_REPRESENTATION_CONTEXT(2) 
PARAMETRIC_REPRESENTATION_CONTEXT() REPRESENTATION_CONTEXT('2D SPACE',''
  ) );
#809 = ORIENTED_EDGE('',*,*,#810,.T.);
#810 = EDGE_CURVE('',#788,#811,#813,.T.);
#811 = VERTEX_POINT('',#812);
#812 = CARTESIAN_POINT('',(31.25,-56.6,3.4));
#813 = SURFACE_CURVE('',#814,(#818,#825),.PCURVE_S1.);
#814 = LINE('',#815,#816);
#815 = CARTESIAN_POINT('',(59.875,-56.6,3.4));
#816 = VECTOR('',#817,1.);
#817 = DIRECTION('',(-1.,-0.,-0.));
#818 = PCURVE('',#214,#819);
#819 = DEFINITIONAL_REPRESENTATION('',(#820),#824);
#820 = LINE('',#821,#822);
#821 = CARTESIAN_POINT('',(-16.625,-0.4));
#822 = VECTOR('',#823,1.);
#823 = DIRECTION('',(-1.,0.));
#824 = ( GEOMETRIC_REPRESENTATION_CONTEXT(2) 
PARAMETRIC_REPRESENTATION_CONTEXT() REPRESENTATION_CONTEXT('2D SPACE',''
  ) );
#825 = PCURVE('',#826,#831);
#826 = PLANE('',#827);
#827 = AXIS2_PLACEMENT_3D('',#828,#829,#830);
#828 = CARTESIAN_POINT('',(43.25,-59.6,3.4));
#829 = DIRECTION('',(-0.,-0.,1.));
#830 = DIRECTION('',(-1.,0.,0.));
#831 = DEFINITIONAL_REPRESENTATION('',(#832),#836);
#832 = LINE('',#833,#834);
#833 = CARTESIAN_POINT('',(-16.625,-3.));
#834 = VECTOR('',#835,1.);
#835 = DIRECTION('',(1.,-0.));
#836 = ( GEOMETRIC_REPRESENTATION_CONTEXT(2) 
PARAMETRIC_REPRESENTATION_CONTEXT() REPRESENTATION_CONTEXT('2D SPACE',''
  ) );
#837 = ORIENTED_EDGE('',*,*,#838,.T.);
#838 = EDGE_CURVE('',#811,#654,#839,.T.);
#839 = SURFACE_CURVE('',#840,(#844,#851),.PCURVE_S1.);
#840 = LINE('',#841,#842);
#841 = CARTESIAN_POINT('',(31.25,-56.6,3.2));
#842 = VECTOR('',#843,1.);
#843 = DIRECTION('',(-0.,-0.,1.));
#844 = PCURVE('',#214,#845);
#845 = DEFINITIONAL_REPRESENTATION('',(#846),#850);
#846 = LINE('',#847,#848);
#847 = CARTESIAN_POINT('',(-45.25,-0.2));
#848 = VECTOR('',#849,1.);
#849 = DIRECTION('',(-0.,-1.));
#850 = ( GEOMETRIC_REPRESENTATION_CONTEXT(2) 
PARAMETRIC_REPRESENTATION_CONTEXT() REPRESENTATION_CONTEXT('2D SPACE',''
  ) );
#851 = PCURVE('',#669,#852);
#852 = DEFINITIONAL_REPRESENTATION('',(#853),#857);
#853 = LINE('',#854,#855);
#854 = CARTESIAN_POINT('',(-9.,0.2));
#855 = VECTOR('',#856,1.);
#856 = DIRECTION('',(-0.,-1.));
#857 = ( GEOMETRIC_REPRESENTATION_CONTEXT(2) 
PARAMETRIC_REPRESENTATION_CONTEXT() REPRESENTATION_CONTEXT('2D SPACE',''
  ) );
#858 = ORIENTED_EDGE('',*,*,#681,.T.);
#859 = ORIENTED_EDGE('',*,*,#860,.F.);
#860 = EDGE_CURVE('',#199,#682,#861,.T.);
#861 = SURFACE_CURVE('',#862,(#866,#873),.PCURVE_S1.);
#862 = LINE('',#863,#864);
#863 = CARTESIAN_POINT('',(13.,-56.6,3.));
#864 = VECTOR('',#865,1.);
#865 = DIRECTION('',(-0.,-0.,1.));
#866 = PCURVE('',#214,#867);
#867 = DEFINITIONAL_REPRESENTATION('',(#868),#872);
#868 = LINE('',#869,#870);
#869 = CARTESIAN_POINT('',(-63.5,0.));
#870 = VECTOR('',#871,1.);
#871 = DIRECTION('',(-0.,-1.));
#872 = ( GEOMETRIC_REPRESENTATION_CONTEXT(2) 
PARAMETRIC_REPRESENTATION_CONTEXT() REPRESENTATION_CONTEXT('2D SPACE',''
  ) );
#873 = PCURVE('',#247,#874);
#874 = DEFINITIONAL_REPRESENTATION('',(#875),#879);
#875 = LINE('',#876,#877);
#876 = CARTESIAN_POINT('',(-0.,0.));
#877 = VECTOR('',#878,1.);
#878 = DIRECTION('',(-0.,1.));
#879 = ( GEOMETRIC_REPRESENTATION_CONTEXT(2) 
PARAMETRIC_REPRESENTATION_CONTEXT() REPRESENTATION_CONTEXT('2D SPACE',''
  ) );
#880 = FACE_BOUND('',#881,.T.);
#881 = EDGE_LOOP('',(#882,#912,#940,#968));
#882 = ORIENTED_EDGE('',*,*,#883,.F.);
#883 = EDGE_CURVE('',#884,#886,#888,.T.);
#884 = VERTEX_POINT('',#885);
#885 = CARTESIAN_POINT('',(68.6,-56.6,12.3));
#886 = VERTEX_POINT('',#887);
#887 = CARTESIAN_POINT('',(61.4,-56.6,12.3));
#888 = SURFACE_CURVE('',#889,(#893,#900),.PCURVE_S1.);
#889 = LINE('',#890,#891);
#890 = CARTESIAN_POINT('',(70.75,-56.6,12.3));
#891 = VECTOR('',#892,1.);
#892 = DIRECTION('',(-1.,-0.,-0.));
#893 = PCURVE('',#214,#894);
#894 = DEFINITIONAL_REPRESENTATION('',(#895),#899);
#895 = LINE('',#896,#897);
#896 = CARTESIAN_POINT('',(-5.75,-9.3));
#897 = VECTOR('',#898,1.);
#898 = DIRECTION('',(-1.,0.));
#899 = ( GEOMETRIC_REPRESENTATION_CONTEXT(2) 
PARAMETRIC_REPRESENTATION_CONTEXT() REPRESENTATION_CONTEXT('2D SPACE',''
  ) );
#900 = PCURVE('',#901,#906);
#901 = PLANE('',#902);
#902 = AXIS2_PLACEMENT_3D('',#903,#904,#905);
#903 = CARTESIAN_POINT('',(65.,-56.75,12.3));
#904 = DIRECTION('',(-0.,-0.,1.));
#905 = DIRECTION('',(-1.,0.,0.));
#906 = DEFINITIONAL_REPRESENTATION('',(#907),#911);
#907 = LINE('',#908,#909);
#908 = CARTESIAN_POINT('',(-5.75,-0.15));
#909 = VECTOR('',#910,1.);
#910 = DIRECTION('',(1.,-0.));
#911 = ( GEOMETRIC_REPRESENTATION_CONTEXT(2) 
PARAMETRIC_REPRESENTATION_CONTEXT() REPRESENTATION_CONTEXT('2D SPACE',''
  ) );
#912 = ORIENTED_EDGE('',*,*,#913,.T.);
#913 = EDGE_CURVE('',#884,#914,#916,.T.);
#914 = VERTEX_POINT('',#915);
#915 = CARTESIAN_POINT('',(68.6,-56.6,7.));
#916 = SURFACE_CURVE('',#917,(#921,#928),.PCURVE_S1.);
#917 = LINE('',#918,#919);
#918 = CARTESIAN_POINT('',(68.6,-56.6,5.));
#919 = VECTOR('',#920,1.);
#920 = DIRECTION('',(-0.,0.,-1.));
#921 = PCURVE('',#214,#922);
#922 = DEFINITIONAL_REPRESENTATION('',(#923),#927);
#923 = LINE('',#924,#925);
#924 = CARTESIAN_POINT('',(-7.9,-2.));
#925 = VECTOR('',#926,1.);
#926 = DIRECTION('',(-0.,1.));
#927 = ( GEOMETRIC_REPRESENTATION_CONTEXT(2) 
PARAMETRIC_REPRESENTATION_CONTEXT() REPRESENTATION_CONTEXT('2D SPACE',''
  ) );
#928 = PCURVE('',#929,#934);
#929 = PLANE('',#930);
#930 = AXIS2_PLACEMENT_3D('',#931,#932,#933);
#931 = CARTESIAN_POINT('',(68.6,-46.9,7.));
#932 = DIRECTION('',(-1.,-0.,-0.));
#933 = DIRECTION('',(0.,1.,0.));
#934 = DEFINITIONAL_REPRESENTATION('',(#935),#939);
#935 = LINE('',#936,#937);
#936 = CARTESIAN_POINT('',(-9.7,2.));
#937 = VECTOR('',#938,1.);
#938 = DIRECTION('',(-0.,1.));
#939 = ( GEOMETRIC_REPRESENTATION_CONTEXT(2) 
PARAMETRIC_REPRESENTATION_CONTEXT() REPRESENTATION_CONTEXT('2D SPACE',''
  ) );
#940 = ORIENTED_EDGE('',*,*,#941,.T.);
#941 = EDGE_CURVE('',#914,#942,#944,.T.);
#942 = VERTEX_POINT('',#943);
#943 = CARTESIAN_POINT('',(61.4,-56.6,7.));
#944 = SURFACE_CURVE('',#945,(#949,#956),.PCURVE_S1.);
#945 = LINE('',#946,#947);
#946 = CARTESIAN_POINT('',(70.75,-56.6,7.));
#947 = VECTOR('',#948,1.);
#948 = DIRECTION('',(-1.,-0.,-0.));
#949 = PCURVE('',#214,#950);
#950 = DEFINITIONAL_REPRESENTATION('',(#951),#955);
#951 = LINE('',#952,#953);
#952 = CARTESIAN_POINT('',(-5.75,-4.));
#953 = VECTOR('',#954,1.);
#954 = DIRECTION('',(-1.,0.));
#955 = ( GEOMETRIC_REPRESENTATION_CONTEXT(2) 
PARAMETRIC_REPRESENTATION_CONTEXT() REPRESENTATION_CONTEXT('2D SPACE',''
  ) );
#956 = PCURVE('',#957,#962);
#957 = PLANE('',#958);
#958 = AXIS2_PLACEMENT_3D('',#959,#960,#961);
#959 = CARTESIAN_POINT('',(65.,-56.75,7.));
#960 = DIRECTION('',(-0.,-0.,1.));
#961 = DIRECTION('',(-1.,0.,0.));
#962 = DEFINITIONAL_REPRESENTATION('',(#963),#967);
#963 = LINE('',#964,#965);
#964 = CARTESIAN_POINT('',(-5.75,-0.15));
#965 = VECTOR('',#966,1.);
#966 = DIRECTION('',(1.,-0.));
#967 = ( GEOMETRIC_REPRESENTATION_CONTEXT(2) 
PARAMETRIC_REPRESENTATION_CONTEXT() REPRESENTATION_CONTEXT('2D SPACE',''
  ) );
#968 = ORIENTED_EDGE('',*,*,#969,.T.);
#969 = EDGE_CURVE('',#942,#886,#970,.T.);
#970 = SURFACE_CURVE('',#971,(#975,#982),.PCURVE_S1.);
#971 = LINE('',#972,#973);
#972 = CARTESIAN_POINT('',(61.4,-56.6,5.));
#973 = VECTOR('',#974,1.);
#974 = DIRECTION('',(-0.,-0.,1.));
#975 = PCURVE('',#214,#976);
#976 = DEFINITIONAL_REPRESENTATION('',(#977),#981);
#977 = LINE('',#978,#979);
#978 = CARTESIAN_POINT('',(-15.1,-2.));
#979 = VECTOR('',#980,1.);
#980 = DIRECTION('',(-0.,-1.));
#981 = ( GEOMETRIC_REPRESENTATION_CONTEXT(2) 
PARAMETRIC_REPRESENTATION_CONTEXT() REPRESENTATION_CONTEXT('2D SPACE',''
  ) );
#982 = PCURVE('',#983,#988);
#983 = PLANE('',#984);
#984 = AXIS2_PLACEMENT_3D('',#985,#986,#987);
#985 = CARTESIAN_POINT('',(61.4,-66.6,7.));
#986 = DIRECTION('',(1.,-0.,-0.));
#987 = DIRECTION('',(0.,-1.,0.));
#988 = DEFINITIONAL_REPRESENTATION('',(#989),#993);
#989 = LINE('',#990,#991);
#990 = CARTESIAN_POINT('',(-10.,2.));
#991 = VECTOR('',#992,1.);
#992 = DIRECTION('',(-0.,-1.));
#993 = ( GEOMETRIC_REPRESENTATION_CONTEXT(2) 
PARAMETRIC_REPRESENTATION_CONTEXT() REPRESENTATION_CONTEXT('2D SPACE',''
  ) );
#994 = ADVANCED_FACE('',(#995),#275,.F.);
#995 = FACE_BOUND('',#996,.T.);
#996 = EDGE_LOOP('',(#997,#998,#1019,#1020,#1021));
#997 = ORIENTED_EDGE('',*,*,#259,.F.);
#998 = ORIENTED_EDGE('',*,*,#999,.T.);
#999 = EDGE_CURVE('',#227,#705,#1000,.T.);
#1000 = SURFACE_CURVE('',#1001,(#1005,#1012),.PCURVE_S1.);
#1001 = LINE('',#1002,#1003);
#1002 = CARTESIAN_POINT('',(10.,-53.6,3.));
#1003 = VECTOR('',#1004,1.);
#1004 = DIRECTION('',(-0.,-0.,1.));
#1005 = PCURVE('',#275,#1006);
#1006 = DEFINITIONAL_REPRESENTATION('',(#1007),#1011);
#1007 = LINE('',#1008,#1009);
#1008 = CARTESIAN_POINT('',(-3.,0.));
#1009 = VECTOR('',#1010,1.);
#1010 = DIRECTION('',(-0.,-1.));
#1011 = ( GEOMETRIC_REPRESENTATION_CONTEXT(2) 
PARAMETRIC_REPRESENTATION_CONTEXT() REPRESENTATION_CONTEXT('2D SPACE',''
  ) );
#1012 = PCURVE('',#247,#1013);
#1013 = DEFINITIONAL_REPRESENTATION('',(#1014),#1018);
#1014 = LINE('',#1015,#1016);
#1015 = CARTESIAN_POINT('',(-1.570796326795,0.));
#1016 = VECTOR('',#1017,1.);
#1017 = DIRECTION('',(-0.,1.));
#1018 = ( GEOMETRIC_REPRESENTATION_CONTEXT(2) 
PARAMETRIC_REPRESENTATION_CONTEXT() REPRESENTATION_CONTEXT('2D SPACE',''
  ) );
#1019 = ORIENTED_EDGE('',*,*,#732,.T.);
#1020 = ORIENTED_EDGE('',*,*,#455,.T.);
#1021 = ORIENTED_EDGE('',*,*,#382,.F.);
#1022 = ADVANCED_FACE('',(#1023),#247,.T.);
#1023 = FACE_BOUND('',#1024,.F.);
#1024 = EDGE_LOOP('',(#1025,#1026,#1027,#1028));
#1025 = ORIENTED_EDGE('',*,*,#226,.T.);
#1026 = ORIENTED_EDGE('',*,*,#999,.T.);
#1027 = ORIENTED_EDGE('',*,*,#704,.F.);
#1028 = ORIENTED_EDGE('',*,*,#860,.F.);
#1029 = ADVANCED_FACE('',(#1030),#331,.F.);
#1030 = FACE_BOUND('',#1031,.T.);
#1031 = EDGE_LOOP('',(#1032,#1033,#1056,#1087));
#1032 = ORIENTED_EDGE('',*,*,#310,.T.);
#1033 = ORIENTED_EDGE('',*,*,#1034,.T.);
#1034 = EDGE_CURVE('',#311,#1035,#1037,.T.);
#1035 = VERTEX_POINT('',#1036);
#1036 = CARTESIAN_POINT('',(37.2,-50.6,7.));
#1037 = SEAM_CURVE('',#1038,(#1042,#1049),.PCURVE_S1.);
#1038 = LINE('',#1039,#1040);
#1039 = CARTESIAN_POINT('',(37.2,-50.6,2.));
#1040 = VECTOR('',#1041,1.);
#1041 = DIRECTION('',(-0.,-0.,1.));
#1042 = PCURVE('',#331,#1043);
#1043 = DEFINITIONAL_REPRESENTATION('',(#1044),#1048);
#1044 = LINE('',#1045,#1046);
#1045 = CARTESIAN_POINT('',(-0.,-0.));
#1046 = VECTOR('',#1047,1.);
#1047 = DIRECTION('',(-0.,1.));
#1048 = ( GEOMETRIC_REPRESENTATION_CONTEXT(2) 
PARAMETRIC_REPRESENTATION_CONTEXT() REPRESENTATION_CONTEXT('2D SPACE',''
  ) );
#1049 = PCURVE('',#331,#1050);
#1050 = DEFINITIONAL_REPRESENTATION('',(#1051),#1055);
#1051 = LINE('',#1052,#1053);
#1052 = CARTESIAN_POINT('',(-6.28318530718,-0.));
#1053 = VECTOR('',#1054,1.);
#1054 = DIRECTION('',(-0.,1.));
#1055 = ( GEOMETRIC_REPRESENTATION_CONTEXT(2) 
PARAMETRIC_REPRESENTATION_CONTEXT() REPRESENTATION_CONTEXT('2D SPACE',''
  ) );
#1056 = ORIENTED_EDGE('',*,*,#1057,.F.);
#1057 = EDGE_CURVE('',#1035,#1035,#1058,.T.);
#1058 = SURFACE_CURVE('',#1059,(#1064,#1071),.PCURVE_S1.);
#1059 = CIRCLE('',#1060,2.2);
#1060 = AXIS2_PLACEMENT_3D('',#1061,#1062,#1063);
#1061 = CARTESIAN_POINT('',(35.,-50.6,7.));
#1062 = DIRECTION('',(0.,0.,-1.));
#1063 = DIRECTION('',(1.,-0.,-0.));
#1064 = PCURVE('',#331,#1065);
#1065 = DEFINITIONAL_REPRESENTATION('',(#1066),#1070);
#1066 = LINE('',#1067,#1068);
#1067 = CARTESIAN_POINT('',(-0.,5.));
#1068 = VECTOR('',#1069,1.);
#1069 = DIRECTION('',(-1.,0.));
#1070 = ( GEOMETRIC_REPRESENTATION_CONTEXT(2) 
PARAMETRIC_REPRESENTATION_CONTEXT() REPRESENTATION_CONTEXT('2D SPACE',''
  ) );
#1071 = PCURVE('',#1072,#1077);
#1072 = PLANE('',#1073);
#1073 = AXIS2_PLACEMENT_3D('',#1074,#1075,#1076);
#1074 = CARTESIAN_POINT('',(35.,-56.75,7.));
#1075 = DIRECTION('',(-0.,-0.,1.));
#1076 = DIRECTION('',(-1.,0.,0.));
#1077 = DEFINITIONAL_REPRESENTATION('',(#1078),#1086);
#1078 = ( BOUNDED_CURVE() B_SPLINE_CURVE(2,(#1079,#1080,#1081,#1082,
#1083,#1084,#1085),.UNSPECIFIED.,.T.,.F.) B_SPLINE_CURVE_WITH_KNOTS((1,2
    ,2,2,2,1),(-2.094395102393,0.,2.094395102393,4.188790204786,
6.28318530718,8.377580409573),.UNSPECIFIED.) CURVE() 
GEOMETRIC_REPRESENTATION_ITEM() RATIONAL_B_SPLINE_CURVE((1.,0.5,1.,0.5,
1.,0.5,1.)) REPRESENTATION_ITEM('') );
#1079 = CARTESIAN_POINT('',(-2.2,-6.15));
#1080 = CARTESIAN_POINT('',(-2.2,-2.339488223348));
#1081 = CARTESIAN_POINT('',(1.1,-4.244744111674));
#1082 = CARTESIAN_POINT('',(4.4,-6.15));
#1083 = CARTESIAN_POINT('',(1.1,-8.055255888326));
#1084 = CARTESIAN_POINT('',(-2.2,-9.960511776652));
#1085 = CARTESIAN_POINT('',(-2.2,-6.15));
#1086 = ( GEOMETRIC_REPRESENTATION_CONTEXT(2) 
PARAMETRIC_REPRESENTATION_CONTEXT() REPRESENTATION_CONTEXT('2D SPACE',''
  ) );
#1087 = ORIENTED_EDGE('',*,*,#1034,.F.);
#1088 = ADVANCED_FACE('',(#1089),#366,.F.);
#1089 = FACE_BOUND('',#1090,.T.);
#1090 = EDGE_LOOP('',(#1091,#1092,#1115,#1141));
#1091 = ORIENTED_EDGE('',*,*,#345,.T.);
#1092 = ORIENTED_EDGE('',*,*,#1093,.T.);
#1093 = EDGE_CURVE('',#346,#1094,#1096,.T.);
#1094 = VERTEX_POINT('',#1095);
#1095 = CARTESIAN_POINT('',(67.2,-50.6,7.));
#1096 = SEAM_CURVE('',#1097,(#1101,#1108),.PCURVE_S1.);
#1097 = LINE('',#1098,#1099);
#1098 = CARTESIAN_POINT('',(67.2,-50.6,2.));
#1099 = VECTOR('',#1100,1.);
#1100 = DIRECTION('',(-0.,-0.,1.));
#1101 = PCURVE('',#366,#1102);
#1102 = DEFINITIONAL_REPRESENTATION('',(#1103),#1107);
#1103 = LINE('',#1104,#1105);
#1104 = CARTESIAN_POINT('',(-0.,-0.));
#1105 = VECTOR('',#1106,1.);
#1106 = DIRECTION('',(-0.,1.));
#1107 = ( GEOMETRIC_REPRESENTATION_CONTEXT(2) 
PARAMETRIC_REPRESENTATION_CONTEXT() REPRESENTATION_CONTEXT('2D SPACE',''
  ) );
#1108 = PCURVE('',#366,#1109);
#1109 = DEFINITIONAL_REPRESENTATION('',(#1110),#1114);
#1110 = LINE('',#1111,#1112);
#1111 = CARTESIAN_POINT('',(-6.28318530718,-0.));
#1112 = VECTOR('',#1113,1.);
#1113 = DIRECTION('',(-0.,1.));
#1114 = ( GEOMETRIC_REPRESENTATION_CONTEXT(2) 
PARAMETRIC_REPRESENTATION_CONTEXT() REPRESENTATION_CONTEXT('2D SPACE',''
  ) );
#1115 = ORIENTED_EDGE('',*,*,#1116,.F.);
#1116 = EDGE_CURVE('',#1094,#1094,#1117,.T.);
#1117 = SURFACE_CURVE('',#1118,(#1123,#1130),.PCURVE_S1.);
#1118 = CIRCLE('',#1119,2.2);
#1119 = AXIS2_PLACEMENT_3D('',#1120,#1121,#1122);
#1120 = CARTESIAN_POINT('',(65.,-50.6,7.));
#1121 = DIRECTION('',(0.,0.,-1.));
#1122 = DIRECTION('',(1.,-0.,-0.));
#1123 = PCURVE('',#366,#1124);
#1124 = DEFINITIONAL_REPRESENTATION('',(#1125),#1129);
#1125 = LINE('',#1126,#1127);
#1126 = CARTESIAN_POINT('',(-0.,5.));
#1127 = VECTOR('',#1128,1.);
#1128 = DIRECTION('',(-1.,0.));
#1129 = ( GEOMETRIC_REPRESENTATION_CONTEXT(2) 
PARAMETRIC_REPRESENTATION_CONTEXT() REPRESENTATION_CONTEXT('2D SPACE',''
  ) );
#1130 = PCURVE('',#957,#1131);
#1131 = DEFINITIONAL_REPRESENTATION('',(#1132),#1140);
#1132 = ( BOUNDED_CURVE() B_SPLINE_CURVE(2,(#1133,#1134,#1135,#1136,
#1137,#1138,#1139),.UNSPECIFIED.,.T.,.F.) B_SPLINE_CURVE_WITH_KNOTS((1,2
    ,2,2,2,1),(-2.094395102393,0.,2.094395102393,4.188790204786,
6.28318530718,8.377580409573),.UNSPECIFIED.) CURVE() 
GEOMETRIC_REPRESENTATION_ITEM() RATIONAL_B_SPLINE_CURVE((1.,0.5,1.,0.5,
1.,0.5,1.)) REPRESENTATION_ITEM('') );
#1133 = CARTESIAN_POINT('',(-2.2,-6.15));
#1134 = CARTESIAN_POINT('',(-2.2,-2.339488223348));
#1135 = CARTESIAN_POINT('',(1.1,-4.244744111674));
#1136 = CARTESIAN_POINT('',(4.4,-6.15));
#1137 = CARTESIAN_POINT('',(1.1,-8.055255888326));
#1138 = CARTESIAN_POINT('',(-2.2,-9.960511776652));
#1139 = CARTESIAN_POINT('',(-2.2,-6.15));
#1140 = ( GEOMETRIC_REPRESENTATION_CONTEXT(2) 
PARAMETRIC_REPRESENTATION_CONTEXT() REPRESENTATION_CONTEXT('2D SPACE',''
  ) );
#1141 = ORIENTED_EDGE('',*,*,#1093,.F.);
#1142 = ADVANCED_FACE('',(#1143),#547,.F.);
#1143 = FACE_BOUND('',#1144,.T.);
#1144 = EDGE_LOOP('',(#1145,#1168,#1169,#1170));
#1145 = ORIENTED_EDGE('',*,*,#1146,.F.);
#1146 = EDGE_CURVE('',#788,#1147,#1149,.T.);
#1147 = VERTEX_POINT('',#1148);
#1148 = CARTESIAN_POINT('',(55.25,-62.1,3.4));
#1149 = SURFACE_CURVE('',#1150,(#1154,#1161),.PCURVE_S1.);
#1150 = LINE('',#1151,#1152);
#1151 = CARTESIAN_POINT('',(55.25,-53.6,3.4));
#1152 = VECTOR('',#1153,1.);
#1153 = DIRECTION('',(-0.,-1.,-0.));
#1154 = PCURVE('',#547,#1155);
#1155 = DEFINITIONAL_REPRESENTATION('',(#1156),#1160);
#1156 = LINE('',#1157,#1158);
#1157 = CARTESIAN_POINT('',(-0.,-0.));
#1158 = VECTOR('',#1159,1.);
#1159 = DIRECTION('',(-1.,0.));
#1160 = ( GEOMETRIC_REPRESENTATION_CONTEXT(2) 
PARAMETRIC_REPRESENTATION_CONTEXT() REPRESENTATION_CONTEXT('2D SPACE',''
  ) );
#1161 = PCURVE('',#826,#1162);
#1162 = DEFINITIONAL_REPRESENTATION('',(#1163),#1167);
#1163 = LINE('',#1164,#1165);
#1164 = CARTESIAN_POINT('',(-12.,-6.));
#1165 = VECTOR('',#1166,1.);
#1166 = DIRECTION('',(-0.,1.));
#1167 = ( GEOMETRIC_REPRESENTATION_CONTEXT(2) 
PARAMETRIC_REPRESENTATION_CONTEXT() REPRESENTATION_CONTEXT('2D SPACE',''
  ) );
#1168 = ORIENTED_EDGE('',*,*,#787,.F.);
#1169 = ORIENTED_EDGE('',*,*,#531,.T.);
#1170 = ORIENTED_EDGE('',*,*,#1171,.F.);
#1171 = EDGE_CURVE('',#1147,#532,#1172,.T.);
#1172 = SURFACE_CURVE('',#1173,(#1177,#1184),.PCURVE_S1.);
#1173 = LINE('',#1174,#1175);
#1174 = CARTESIAN_POINT('',(55.25,-62.1,3.4));
#1175 = VECTOR('',#1176,1.);
#1176 = DIRECTION('',(-0.,-0.,1.));
#1177 = PCURVE('',#547,#1178);
#1178 = DEFINITIONAL_REPRESENTATION('',(#1179),#1183);
#1179 = LINE('',#1180,#1181);
#1180 = CARTESIAN_POINT('',(-8.5,0.));
#1181 = VECTOR('',#1182,1.);
#1182 = DIRECTION('',(-0.,-1.));
#1183 = ( GEOMETRIC_REPRESENTATION_CONTEXT(2) 
PARAMETRIC_REPRESENTATION_CONTEXT() REPRESENTATION_CONTEXT('2D SPACE',''
  ) );
#1184 = PCURVE('',#580,#1185);
#1185 = DEFINITIONAL_REPRESENTATION('',(#1186),#1190);
#1186 = LINE('',#1187,#1188);
#1187 = CARTESIAN_POINT('',(-0.,0.));
#1188 = VECTOR('',#1189,1.);
#1189 = DIRECTION('',(-0.,1.));
#1190 = ( GEOMETRIC_REPRESENTATION_CONTEXT(2) 
PARAMETRIC_REPRESENTATION_CONTEXT() REPRESENTATION_CONTEXT('2D SPACE',''
  ) );
#1191 = ADVANCED_FACE('',(#1192),#580,.T.);
#1192 = FACE_BOUND('',#1193,.F.);
#1193 = EDGE_LOOP('',(#1194,#1222,#1243,#1244));
#1194 = ORIENTED_EDGE('',*,*,#1195,.T.);
#1195 = EDGE_CURVE('',#1147,#1196,#1198,.T.);
#1196 = VERTEX_POINT('',#1197);
#1197 = CARTESIAN_POINT('',(51.75,-65.6,3.4));
#1198 = SURFACE_CURVE('',#1199,(#1204,#1211),.PCURVE_S1.);
#1199 = CIRCLE('',#1200,3.5);
#1200 = AXIS2_PLACEMENT_3D('',#1201,#1202,#1203);
#1201 = CARTESIAN_POINT('',(51.75,-62.1,3.4));
#1202 = DIRECTION('',(-0.,-0.,-1.));
#1203 = DIRECTION('',(-0.,1.,-0.));
#1204 = PCURVE('',#580,#1205);
#1205 = DEFINITIONAL_REPRESENTATION('',(#1206),#1210);
#1206 = LINE('',#1207,#1208);
#1207 = CARTESIAN_POINT('',(1.570796326795,4.440892098501E-16));
#1208 = VECTOR('',#1209,1.);
#1209 = DIRECTION('',(-1.,0.));
#1210 = ( GEOMETRIC_REPRESENTATION_CONTEXT(2) 
PARAMETRIC_REPRESENTATION_CONTEXT() REPRESENTATION_CONTEXT('2D SPACE',''
  ) );
#1211 = PCURVE('',#826,#1212);
#1212 = DEFINITIONAL_REPRESENTATION('',(#1213),#1221);
#1213 = ( BOUNDED_CURVE() B_SPLINE_CURVE(2,(#1214,#1215,#1216,#1217,
#1218,#1219,#1220),.UNSPECIFIED.,.T.,.F.) B_SPLINE_CURVE_WITH_KNOTS((1,2
    ,2,2,2,1),(-2.094395102393,0.,2.094395102393,4.188790204786,
6.28318530718,8.377580409573),.UNSPECIFIED.) CURVE() 
GEOMETRIC_REPRESENTATION_ITEM() RATIONAL_B_SPLINE_CURVE((1.,0.5,1.,0.5,
1.,0.5,1.)) REPRESENTATION_ITEM('') );
#1214 = CARTESIAN_POINT('',(-8.5,-1.));
#1215 = CARTESIAN_POINT('',(-14.56217782649,-1.));
#1216 = CARTESIAN_POINT('',(-11.53108891324,4.25));
#1217 = CARTESIAN_POINT('',(-8.5,9.5));
#1218 = CARTESIAN_POINT('',(-5.468911086754,4.25));
#1219 = CARTESIAN_POINT('',(-2.437822173509,-1.));
#1220 = CARTESIAN_POINT('',(-8.5,-1.));
#1221 = ( GEOMETRIC_REPRESENTATION_CONTEXT(2) 
PARAMETRIC_REPRESENTATION_CONTEXT() REPRESENTATION_CONTEXT('2D SPACE',''
  ) );
#1222 = ORIENTED_EDGE('',*,*,#1223,.T.);
#1223 = EDGE_CURVE('',#1196,#560,#1224,.T.);
#1224 = SURFACE_CURVE('',#1225,(#1229,#1236),.PCURVE_S1.);
#1225 = LINE('',#1226,#1227);
#1226 = CARTESIAN_POINT('',(51.75,-65.6,3.4));
#1227 = VECTOR('',#1228,1.);
#1228 = DIRECTION('',(-0.,-0.,1.));
#1229 = PCURVE('',#580,#1230);
#1230 = DEFINITIONAL_REPRESENTATION('',(#1231),#1235);
#1231 = LINE('',#1232,#1233);
#1232 = CARTESIAN_POINT('',(-1.570796326795,0.));
#1233 = VECTOR('',#1234,1.);
#1234 = DIRECTION('',(-0.,1.));
#1235 = ( GEOMETRIC_REPRESENTATION_CONTEXT(2) 
PARAMETRIC_REPRESENTATION_CONTEXT() REPRESENTATION_CONTEXT('2D SPACE',''
  ) );
#1236 = PCURVE('',#608,#1237);
#1237 = DEFINITIONAL_REPRESENTATION('',(#1238),#1242);
#1238 = LINE('',#1239,#1240);
#1239 = CARTESIAN_POINT('',(-3.5,0.));
#1240 = VECTOR('',#1241,1.);
#1241 = DIRECTION('',(-0.,-1.));
#1242 = ( GEOMETRIC_REPRESENTATION_CONTEXT(2) 
PARAMETRIC_REPRESENTATION_CONTEXT() REPRESENTATION_CONTEXT('2D SPACE',''
  ) );
#1243 = ORIENTED_EDGE('',*,*,#559,.F.);
#1244 = ORIENTED_EDGE('',*,*,#1171,.F.);
#1245 = ADVANCED_FACE('',(#1246),#608,.F.);
#1246 = FACE_BOUND('',#1247,.T.);
#1247 = EDGE_LOOP('',(#1248,#1271,#1272,#1273,#1296,#1324,#1352,#1375));
#1248 = ORIENTED_EDGE('',*,*,#1249,.F.);
#1249 = EDGE_CURVE('',#1196,#1250,#1252,.T.);
#1250 = VERTEX_POINT('',#1251);
#1251 = CARTESIAN_POINT('',(34.75,-65.6,3.4));
#1252 = SURFACE_CURVE('',#1253,(#1257,#1264),.PCURVE_S1.);
#1253 = LINE('',#1254,#1255);
#1254 = CARTESIAN_POINT('',(55.25,-65.6,3.4));
#1255 = VECTOR('',#1256,1.);
#1256 = DIRECTION('',(-1.,-0.,-0.));
#1257 = PCURVE('',#608,#1258);
#1258 = DEFINITIONAL_REPRESENTATION('',(#1259),#1263);
#1259 = LINE('',#1260,#1261);
#1260 = CARTESIAN_POINT('',(0.,-0.));
#1261 = VECTOR('',#1262,1.);
#1262 = DIRECTION('',(-1.,0.));
#1263 = ( GEOMETRIC_REPRESENTATION_CONTEXT(2) 
PARAMETRIC_REPRESENTATION_CONTEXT() REPRESENTATION_CONTEXT('2D SPACE',''
  ) );
#1264 = PCURVE('',#826,#1265);
#1265 = DEFINITIONAL_REPRESENTATION('',(#1266),#1270);
#1266 = LINE('',#1267,#1268);
#1267 = CARTESIAN_POINT('',(-12.,6.));
#1268 = VECTOR('',#1269,1.);
#1269 = DIRECTION('',(1.,-0.));
#1270 = ( GEOMETRIC_REPRESENTATION_CONTEXT(2) 
PARAMETRIC_REPRESENTATION_CONTEXT() REPRESENTATION_CONTEXT('2D SPACE',''
  ) );
#1271 = ORIENTED_EDGE('',*,*,#1223,.T.);
#1272 = ORIENTED_EDGE('',*,*,#592,.T.);
#1273 = ORIENTED_EDGE('',*,*,#1274,.F.);
#1274 = EDGE_CURVE('',#1275,#593,#1277,.T.);
#1275 = VERTEX_POINT('',#1276);
#1276 = CARTESIAN_POINT('',(34.75,-65.6,12.3));
#1277 = SURFACE_CURVE('',#1278,(#1282,#1289),.PCURVE_S1.);
#1278 = LINE('',#1279,#1280);
#1279 = CARTESIAN_POINT('',(34.75,-65.6,3.4));
#1280 = VECTOR('',#1281,1.);
#1281 = DIRECTION('',(-0.,-0.,1.));
#1282 = PCURVE('',#608,#1283);
#1283 = DEFINITIONAL_REPRESENTATION('',(#1284),#1288);
#1284 = LINE('',#1285,#1286);
#1285 = CARTESIAN_POINT('',(-20.5,0.));
#1286 = VECTOR('',#1287,1.);
#1287 = DIRECTION('',(-0.,-1.));
#1288 = ( GEOMETRIC_REPRESENTATION_CONTEXT(2) 
PARAMETRIC_REPRESENTATION_CONTEXT() REPRESENTATION_CONTEXT('2D SPACE',''
  ) );
#1289 = PCURVE('',#641,#1290);
#1290 = DEFINITIONAL_REPRESENTATION('',(#1291),#1295);
#1291 = LINE('',#1292,#1293);
#1292 = CARTESIAN_POINT('',(-0.,0.));
#1293 = VECTOR('',#1294,1.);
#1294 = DIRECTION('',(-0.,1.));
#1295 = ( GEOMETRIC_REPRESENTATION_CONTEXT(2) 
PARAMETRIC_REPRESENTATION_CONTEXT() REPRESENTATION_CONTEXT('2D SPACE',''
  ) );
#1296 = ORIENTED_EDGE('',*,*,#1297,.F.);
#1297 = EDGE_CURVE('',#1298,#1275,#1300,.T.);
#1298 = VERTEX_POINT('',#1299);
#1299 = CARTESIAN_POINT('',(38.6,-65.6,12.3));
#1300 = SURFACE_CURVE('',#1301,(#1305,#1312),.PCURVE_S1.);
#1301 = LINE('',#1302,#1303);
#1302 = CARTESIAN_POINT('',(45.125,-65.6,12.3));
#1303 = VECTOR('',#1304,1.);
#1304 = DIRECTION('',(-1.,-0.,-0.));
#1305 = PCURVE('',#608,#1306);
#1306 = DEFINITIONAL_REPRESENTATION('',(#1307),#1311);
#1307 = LINE('',#1308,#1309);
#1308 = CARTESIAN_POINT('',(-10.125,-8.9));
#1309 = VECTOR('',#1310,1.);
#1310 = DIRECTION('',(-1.,0.));
#1311 = ( GEOMETRIC_REPRESENTATION_CONTEXT(2) 
PARAMETRIC_REPRESENTATION_CONTEXT() REPRESENTATION_CONTEXT('2D SPACE',''
  ) );
#1312 = PCURVE('',#1313,#1318);
#1313 = PLANE('',#1314);
#1314 = AXIS2_PLACEMENT_3D('',#1315,#1316,#1317);
#1315 = CARTESIAN_POINT('',(35.,-56.75,12.3));
#1316 = DIRECTION('',(-0.,-0.,1.));
#1317 = DIRECTION('',(-1.,0.,0.));
#1318 = DEFINITIONAL_REPRESENTATION('',(#1319),#1323);
#1319 = LINE('',#1320,#1321);
#1320 = CARTESIAN_POINT('',(-10.125,8.85));
#1321 = VECTOR('',#1322,1.);
#1322 = DIRECTION('',(1.,-0.));
#1323 = ( GEOMETRIC_REPRESENTATION_CONTEXT(2) 
PARAMETRIC_REPRESENTATION_CONTEXT() REPRESENTATION_CONTEXT('2D SPACE',''
  ) );
#1324 = ORIENTED_EDGE('',*,*,#1325,.T.);
#1325 = EDGE_CURVE('',#1298,#1326,#1328,.T.);
#1326 = VERTEX_POINT('',#1327);
#1327 = CARTESIAN_POINT('',(38.6,-65.6,7.));
#1328 = SURFACE_CURVE('',#1329,(#1333,#1340),.PCURVE_S1.);
#1329 = LINE('',#1330,#1331);
#1330 = CARTESIAN_POINT('',(38.6,-65.6,5.2));
#1331 = VECTOR('',#1332,1.);
#1332 = DIRECTION('',(-0.,0.,-1.));
#1333 = PCURVE('',#608,#1334);
#1334 = DEFINITIONAL_REPRESENTATION('',(#1335),#1339);
#1335 = LINE('',#1336,#1337);
#1336 = CARTESIAN_POINT('',(-16.65,-1.8));
#1337 = VECTOR('',#1338,1.);
#1338 = DIRECTION('',(-0.,1.));
#1339 = ( GEOMETRIC_REPRESENTATION_CONTEXT(2) 
PARAMETRIC_REPRESENTATION_CONTEXT() REPRESENTATION_CONTEXT('2D SPACE',''
  ) );
#1340 = PCURVE('',#1341,#1346);
#1341 = PLANE('',#1342);
#1342 = AXIS2_PLACEMENT_3D('',#1343,#1344,#1345);
#1343 = CARTESIAN_POINT('',(38.6,-46.9,7.));
#1344 = DIRECTION('',(-1.,-0.,-0.));
#1345 = DIRECTION('',(0.,1.,0.));
#1346 = DEFINITIONAL_REPRESENTATION('',(#1347),#1351);
#1347 = LINE('',#1348,#1349);
#1348 = CARTESIAN_POINT('',(-18.7,1.8));
#1349 = VECTOR('',#1350,1.);
#1350 = DIRECTION('',(-0.,1.));
#1351 = ( GEOMETRIC_REPRESENTATION_CONTEXT(2) 
PARAMETRIC_REPRESENTATION_CONTEXT() REPRESENTATION_CONTEXT('2D SPACE',''
  ) );
#1352 = ORIENTED_EDGE('',*,*,#1353,.T.);
#1353 = EDGE_CURVE('',#1326,#1354,#1356,.T.);
#1354 = VERTEX_POINT('',#1355);
#1355 = CARTESIAN_POINT('',(34.75,-65.6,7.));
#1356 = SURFACE_CURVE('',#1357,(#1361,#1368),.PCURVE_S1.);
#1357 = LINE('',#1358,#1359);
#1358 = CARTESIAN_POINT('',(45.125,-65.6,7.));
#1359 = VECTOR('',#1360,1.);
#1360 = DIRECTION('',(-1.,-0.,-0.));
#1361 = PCURVE('',#608,#1362);
#1362 = DEFINITIONAL_REPRESENTATION('',(#1363),#1367);
#1363 = LINE('',#1364,#1365);
#1364 = CARTESIAN_POINT('',(-10.125,-3.6));
#1365 = VECTOR('',#1366,1.);
#1366 = DIRECTION('',(-1.,0.));
#1367 = ( GEOMETRIC_REPRESENTATION_CONTEXT(2) 
PARAMETRIC_REPRESENTATION_CONTEXT() REPRESENTATION_CONTEXT('2D SPACE',''
  ) );
#1368 = PCURVE('',#1072,#1369);
#1369 = DEFINITIONAL_REPRESENTATION('',(#1370),#1374);
#1370 = LINE('',#1371,#1372);
#1371 = CARTESIAN_POINT('',(-10.125,8.85));
#1372 = VECTOR('',#1373,1.);
#1373 = DIRECTION('',(1.,-0.));
#1374 = ( GEOMETRIC_REPRESENTATION_CONTEXT(2) 
PARAMETRIC_REPRESENTATION_CONTEXT() REPRESENTATION_CONTEXT('2D SPACE',''
  ) );
#1375 = ORIENTED_EDGE('',*,*,#1376,.F.);
#1376 = EDGE_CURVE('',#1250,#1354,#1377,.T.);
#1377 = SURFACE_CURVE('',#1378,(#1382,#1389),.PCURVE_S1.);
#1378 = LINE('',#1379,#1380);
#1379 = CARTESIAN_POINT('',(34.75,-65.6,3.4));
#1380 = VECTOR('',#1381,1.);
#1381 = DIRECTION('',(-0.,-0.,1.));
#1382 = PCURVE('',#608,#1383);
#1383 = DEFINITIONAL_REPRESENTATION('',(#1384),#1388);
#1384 = LINE('',#1385,#1386);
#1385 = CARTESIAN_POINT('',(-20.5,0.));
#1386 = VECTOR('',#1387,1.);
#1387 = DIRECTION('',(-0.,-1.));
#1388 = ( GEOMETRIC_REPRESENTATION_CONTEXT(2) 
PARAMETRIC_REPRESENTATION_CONTEXT() REPRESENTATION_CONTEXT('2D SPACE',''
  ) );
#1389 = PCURVE('',#641,#1390);
#1390 = DEFINITIONAL_REPRESENTATION('',(#1391),#1395);
#1391 = LINE('',#1392,#1393);
#1392 = CARTESIAN_POINT('',(-0.,0.));
#1393 = VECTOR('',#1394,1.);
#1394 = DIRECTION('',(-0.,1.));
#1395 = ( GEOMETRIC_REPRESENTATION_CONTEXT(2) 
PARAMETRIC_REPRESENTATION_CONTEXT() REPRESENTATION_CONTEXT('2D SPACE',''
  ) );
#1396 = ADVANCED_FACE('',(#1397),#641,.T.);
#1397 = FACE_BOUND('',#1398,.F.);
#1398 = EDGE_LOOP('',(#1399,#1400,#1428,#1449,#1450,#1451,#1479,#1507));
#1399 = ORIENTED_EDGE('',*,*,#1376,.F.);
#1400 = ORIENTED_EDGE('',*,*,#1401,.T.);
#1401 = EDGE_CURVE('',#1250,#1402,#1404,.T.);
#1402 = VERTEX_POINT('',#1403);
#1403 = CARTESIAN_POINT('',(31.25,-62.1,3.4));
#1404 = SURFACE_CURVE('',#1405,(#1410,#1417),.PCURVE_S1.);
#1405 = CIRCLE('',#1406,3.5);
#1406 = AXIS2_PLACEMENT_3D('',#1407,#1408,#1409);
#1407 = CARTESIAN_POINT('',(34.75,-62.1,3.4));
#1408 = DIRECTION('',(-0.,-0.,-1.));
#1409 = DIRECTION('',(-0.,1.,-0.));
#1410 = PCURVE('',#641,#1411);
#1411 = DEFINITIONAL_REPRESENTATION('',(#1412),#1416);
#1412 = LINE('',#1413,#1414);
#1413 = CARTESIAN_POINT('',(3.14159265359,4.440892098501E-16));
#1414 = VECTOR('',#1415,1.);
#1415 = DIRECTION('',(-1.,0.));
#1416 = ( GEOMETRIC_REPRESENTATION_CONTEXT(2) 
PARAMETRIC_REPRESENTATION_CONTEXT() REPRESENTATION_CONTEXT('2D SPACE',''
  ) );
#1417 = PCURVE('',#826,#1418);
#1418 = DEFINITIONAL_REPRESENTATION('',(#1419),#1427);
#1419 = ( BOUNDED_CURVE() B_SPLINE_CURVE(2,(#1420,#1421,#1422,#1423,
#1424,#1425,#1426),.UNSPECIFIED.,.T.,.F.) B_SPLINE_CURVE_WITH_KNOTS((1,2
    ,2,2,2,1),(-2.094395102393,0.,2.094395102393,4.188790204786,
6.28318530718,8.377580409573),.UNSPECIFIED.) CURVE() 
GEOMETRIC_REPRESENTATION_ITEM() RATIONAL_B_SPLINE_CURVE((1.,0.5,1.,0.5,
1.,0.5,1.)) REPRESENTATION_ITEM('') );
#1420 = CARTESIAN_POINT('',(8.5,-1.));
#1421 = CARTESIAN_POINT('',(2.437822173509,-1.));
#1422 = CARTESIAN_POINT('',(5.468911086754,4.25));
#1423 = CARTESIAN_POINT('',(8.5,9.5));
#1424 = CARTESIAN_POINT('',(11.531088913246,4.25));
#1425 = CARTESIAN_POINT('',(14.562177826491,-1.));
#1426 = CARTESIAN_POINT('',(8.5,-1.));
#1427 = ( GEOMETRIC_REPRESENTATION_CONTEXT(2) 
PARAMETRIC_REPRESENTATION_CONTEXT() REPRESENTATION_CONTEXT('2D SPACE',''
  ) );
#1428 = ORIENTED_EDGE('',*,*,#1429,.T.);
#1429 = EDGE_CURVE('',#1402,#621,#1430,.T.);
#1430 = SURFACE_CURVE('',#1431,(#1435,#1442),.PCURVE_S1.);
#1431 = LINE('',#1432,#1433);
#1432 = CARTESIAN_POINT('',(31.25,-62.1,3.4));
#1433 = VECTOR('',#1434,1.);
#1434 = DIRECTION('',(-0.,-0.,1.));
#1435 = PCURVE('',#641,#1436);
#1436 = DEFINITIONAL_REPRESENTATION('',(#1437),#1441);
#1437 = LINE('',#1438,#1439);
#1438 = CARTESIAN_POINT('',(-1.570796326795,0.));
#1439 = VECTOR('',#1440,1.);
#1440 = DIRECTION('',(-0.,1.));
#1441 = ( GEOMETRIC_REPRESENTATION_CONTEXT(2) 
PARAMETRIC_REPRESENTATION_CONTEXT() REPRESENTATION_CONTEXT('2D SPACE',''
  ) );
#1442 = PCURVE('',#669,#1443);
#1443 = DEFINITIONAL_REPRESENTATION('',(#1444),#1448);
#1444 = LINE('',#1445,#1446);
#1445 = CARTESIAN_POINT('',(-3.5,0.));
#1446 = VECTOR('',#1447,1.);
#1447 = DIRECTION('',(-0.,-1.));
#1448 = ( GEOMETRIC_REPRESENTATION_CONTEXT(2) 
PARAMETRIC_REPRESENTATION_CONTEXT() REPRESENTATION_CONTEXT('2D SPACE',''
  ) );
#1449 = ORIENTED_EDGE('',*,*,#620,.F.);
#1450 = ORIENTED_EDGE('',*,*,#1274,.F.);
#1451 = ORIENTED_EDGE('',*,*,#1452,.T.);
#1452 = EDGE_CURVE('',#1275,#1453,#1455,.T.);
#1453 = VERTEX_POINT('',#1454);
#1454 = CARTESIAN_POINT('',(31.4,-63.11365674663,12.3));
#1455 = SURFACE_CURVE('',#1456,(#1461,#1468),.PCURVE_S1.);
#1456 = CIRCLE('',#1457,3.5);
#1457 = AXIS2_PLACEMENT_3D('',#1458,#1459,#1460);
#1458 = CARTESIAN_POINT('',(34.75,-62.1,12.3));
#1459 = DIRECTION('',(-0.,0.,-1.));
#1460 = DIRECTION('',(-0.,-1.,-0.));
#1461 = PCURVE('',#641,#1462);
#1462 = DEFINITIONAL_REPRESENTATION('',(#1463),#1467);
#1463 = LINE('',#1464,#1465);
#1464 = CARTESIAN_POINT('',(-0.,8.9));
#1465 = VECTOR('',#1466,1.);
#1466 = DIRECTION('',(-1.,0.));
#1467 = ( GEOMETRIC_REPRESENTATION_CONTEXT(2) 
PARAMETRIC_REPRESENTATION_CONTEXT() REPRESENTATION_CONTEXT('2D SPACE',''
  ) );
#1468 = PCURVE('',#1313,#1469);
#1469 = DEFINITIONAL_REPRESENTATION('',(#1470),#1478);
#1470 = ( BOUNDED_CURVE() B_SPLINE_CURVE(2,(#1471,#1472,#1473,#1474,
#1475,#1476,#1477),.UNSPECIFIED.,.T.,.F.) B_SPLINE_CURVE_WITH_KNOTS((1,2
    ,2,2,2,1),(-2.094395102393,0.,2.094395102393,4.188790204786,
6.28318530718,8.377580409573),.UNSPECIFIED.) CURVE() 
GEOMETRIC_REPRESENTATION_ITEM() RATIONAL_B_SPLINE_CURVE((1.,0.5,1.,0.5,
1.,0.5,1.)) REPRESENTATION_ITEM('') );
#1471 = CARTESIAN_POINT('',(0.25,8.85));
#1472 = CARTESIAN_POINT('',(6.312177826491,8.85));
#1473 = CARTESIAN_POINT('',(3.281088913246,3.6));
#1474 = CARTESIAN_POINT('',(0.25,-1.65));
#1475 = CARTESIAN_POINT('',(-2.781088913246,3.6));
#1476 = CARTESIAN_POINT('',(-5.812177826491,8.85));
#1477 = CARTESIAN_POINT('',(0.25,8.85));
#1478 = ( GEOMETRIC_REPRESENTATION_CONTEXT(2) 
PARAMETRIC_REPRESENTATION_CONTEXT() REPRESENTATION_CONTEXT('2D SPACE',''
  ) );
#1479 = ORIENTED_EDGE('',*,*,#1480,.F.);
#1480 = EDGE_CURVE('',#1481,#1453,#1483,.T.);
#1481 = VERTEX_POINT('',#1482);
#1482 = CARTESIAN_POINT('',(31.4,-63.11365674663,7.));
#1483 = SURFACE_CURVE('',#1484,(#1488,#1495),.PCURVE_S1.);
#1484 = LINE('',#1485,#1486);
#1485 = CARTESIAN_POINT('',(31.4,-63.11365674663,3.4));
#1486 = VECTOR('',#1487,1.);
#1487 = DIRECTION('',(-0.,-0.,1.));
#1488 = PCURVE('',#641,#1489);
#1489 = DEFINITIONAL_REPRESENTATION('',(#1490),#1494);
#1490 = LINE('',#1491,#1492);
#1491 = CARTESIAN_POINT('',(-1.276970484538,0.));
#1492 = VECTOR('',#1493,1.);
#1493 = DIRECTION('',(-0.,1.));
#1494 = ( GEOMETRIC_REPRESENTATION_CONTEXT(2) 
PARAMETRIC_REPRESENTATION_CONTEXT() REPRESENTATION_CONTEXT('2D SPACE',''
  ) );
#1495 = PCURVE('',#1496,#1501);
#1496 = PLANE('',#1497);
#1497 = AXIS2_PLACEMENT_3D('',#1498,#1499,#1500);
#1498 = CARTESIAN_POINT('',(31.4,-66.6,7.));
#1499 = DIRECTION('',(1.,-0.,-0.));
#1500 = DIRECTION('',(0.,-1.,0.));
#1501 = DEFINITIONAL_REPRESENTATION('',(#1502),#1506);
#1502 = LINE('',#1503,#1504);
#1503 = CARTESIAN_POINT('',(-3.486343253364,3.6));
#1504 = VECTOR('',#1505,1.);
#1505 = DIRECTION('',(-0.,-1.));
#1506 = ( GEOMETRIC_REPRESENTATION_CONTEXT(2) 
PARAMETRIC_REPRESENTATION_CONTEXT() REPRESENTATION_CONTEXT('2D SPACE',''
  ) );
#1507 = ORIENTED_EDGE('',*,*,#1508,.F.);
#1508 = EDGE_CURVE('',#1354,#1481,#1509,.T.);
#1509 = SURFACE_CURVE('',#1510,(#1515,#1522),.PCURVE_S1.);
#1510 = CIRCLE('',#1511,3.5);
#1511 = AXIS2_PLACEMENT_3D('',#1512,#1513,#1514);
#1512 = CARTESIAN_POINT('',(34.75,-62.1,7.));
#1513 = DIRECTION('',(-0.,0.,-1.));
#1514 = DIRECTION('',(-0.,-1.,-0.));
#1515 = PCURVE('',#641,#1516);
#1516 = DEFINITIONAL_REPRESENTATION('',(#1517),#1521);
#1517 = LINE('',#1518,#1519);
#1518 = CARTESIAN_POINT('',(-0.,3.6));
#1519 = VECTOR('',#1520,1.);
#1520 = DIRECTION('',(-1.,0.));
#1521 = ( GEOMETRIC_REPRESENTATION_CONTEXT(2) 
PARAMETRIC_REPRESENTATION_CONTEXT() REPRESENTATION_CONTEXT('2D SPACE',''
  ) );
#1522 = PCURVE('',#1072,#1523);
#1523 = DEFINITIONAL_REPRESENTATION('',(#1524),#1532);
#1524 = ( BOUNDED_CURVE() B_SPLINE_CURVE(2,(#1525,#1526,#1527,#1528,
#1529,#1530,#1531),.UNSPECIFIED.,.T.,.F.) B_SPLINE_CURVE_WITH_KNOTS((1,2
    ,2,2,2,1),(-2.094395102393,0.,2.094395102393,4.188790204786,
6.28318530718,8.377580409573),.UNSPECIFIED.) CURVE() 
GEOMETRIC_REPRESENTATION_ITEM() RATIONAL_B_SPLINE_CURVE((1.,0.5,1.,0.5,
1.,0.5,1.)) REPRESENTATION_ITEM('') );
#1525 = CARTESIAN_POINT('',(0.25,8.85));
#1526 = CARTESIAN_POINT('',(6.312177826491,8.85));
#1527 = CARTESIAN_POINT('',(3.281088913246,3.6));
#1528 = CARTESIAN_POINT('',(0.25,-1.65));
#1529 = CARTESIAN_POINT('',(-2.781088913246,3.6));
#1530 = CARTESIAN_POINT('',(-5.812177826491,8.85));
#1531 = CARTESIAN_POINT('',(0.25,8.85));
#1532 = ( GEOMETRIC_REPRESENTATION_CONTEXT(2) 
PARAMETRIC_REPRESENTATION_CONTEXT() REPRESENTATION_CONTEXT('2D SPACE',''
  ) );
#1533 = ADVANCED_FACE('',(#1534),#669,.F.);
#1534 = FACE_BOUND('',#1535,.T.);
#1535 = EDGE_LOOP('',(#1536,#1557,#1558,#1559));
#1536 = ORIENTED_EDGE('',*,*,#1537,.F.);
#1537 = EDGE_CURVE('',#1402,#811,#1538,.T.);
#1538 = SURFACE_CURVE('',#1539,(#1543,#1550),.PCURVE_S1.);
#1539 = LINE('',#1540,#1541);
#1540 = CARTESIAN_POINT('',(31.25,-65.6,3.4));
#1541 = VECTOR('',#1542,1.);
#1542 = DIRECTION('',(-0.,1.,-0.));
#1543 = PCURVE('',#669,#1544);
#1544 = DEFINITIONAL_REPRESENTATION('',(#1545),#1549);
#1545 = LINE('',#1546,#1547);
#1546 = CARTESIAN_POINT('',(-0.,0.));
#1547 = VECTOR('',#1548,1.);
#1548 = DIRECTION('',(-1.,-0.));
#1549 = ( GEOMETRIC_REPRESENTATION_CONTEXT(2) 
PARAMETRIC_REPRESENTATION_CONTEXT() REPRESENTATION_CONTEXT('2D SPACE',''
  ) );
#1550 = PCURVE('',#826,#1551);
#1551 = DEFINITIONAL_REPRESENTATION('',(#1552),#1556);
#1552 = LINE('',#1553,#1554);
#1553 = CARTESIAN_POINT('',(12.,6.));
#1554 = VECTOR('',#1555,1.);
#1555 = DIRECTION('',(-0.,-1.));
#1556 = ( GEOMETRIC_REPRESENTATION_CONTEXT(2) 
PARAMETRIC_REPRESENTATION_CONTEXT() REPRESENTATION_CONTEXT('2D SPACE',''
  ) );
#1557 = ORIENTED_EDGE('',*,*,#1429,.T.);
#1558 = ORIENTED_EDGE('',*,*,#653,.T.);
#1559 = ORIENTED_EDGE('',*,*,#838,.F.);
#1560 = ADVANCED_FACE('',(#1561),#826,.F.);
#1561 = FACE_BOUND('',#1562,.T.);
#1562 = EDGE_LOOP('',(#1563,#1564,#1565,#1566,#1567,#1568));
#1563 = ORIENTED_EDGE('',*,*,#810,.F.);
#1564 = ORIENTED_EDGE('',*,*,#1146,.T.);
#1565 = ORIENTED_EDGE('',*,*,#1195,.T.);
#1566 = ORIENTED_EDGE('',*,*,#1249,.T.);
#1567 = ORIENTED_EDGE('',*,*,#1401,.T.);
#1568 = ORIENTED_EDGE('',*,*,#1537,.T.);
#1569 = ADVANCED_FACE('',(#1570,#1645),#901,.F.);
#1570 = FACE_BOUND('',#1571,.T.);
#1571 = EDGE_LOOP('',(#1572,#1595,#1623,#1644));
#1572 = ORIENTED_EDGE('',*,*,#1573,.T.);
#1573 = EDGE_CURVE('',#886,#1574,#1576,.T.);
#1574 = VERTEX_POINT('',#1575);
#1575 = CARTESIAN_POINT('',(61.4,-46.9,12.3));
#1576 = SURFACE_CURVE('',#1577,(#1581,#1588),.PCURVE_S1.);
#1577 = LINE('',#1578,#1579);
#1578 = CARTESIAN_POINT('',(61.4,-66.6,12.3));
#1579 = VECTOR('',#1580,1.);
#1580 = DIRECTION('',(-0.,1.,-0.));
#1581 = PCURVE('',#901,#1582);
#1582 = DEFINITIONAL_REPRESENTATION('',(#1583),#1587);
#1583 = LINE('',#1584,#1585);
#1584 = CARTESIAN_POINT('',(3.6,9.85));
#1585 = VECTOR('',#1586,1.);
#1586 = DIRECTION('',(-0.,-1.));
#1587 = ( GEOMETRIC_REPRESENTATION_CONTEXT(2) 
PARAMETRIC_REPRESENTATION_CONTEXT() REPRESENTATION_CONTEXT('2D SPACE',''
  ) );
#1588 = PCURVE('',#983,#1589);
#1589 = DEFINITIONAL_REPRESENTATION('',(#1590),#1594);
#1590 = LINE('',#1591,#1592);
#1591 = CARTESIAN_POINT('',(-0.,-5.3));
#1592 = VECTOR('',#1593,1.);
#1593 = DIRECTION('',(-1.,-0.));
#1594 = ( GEOMETRIC_REPRESENTATION_CONTEXT(2) 
PARAMETRIC_REPRESENTATION_CONTEXT() REPRESENTATION_CONTEXT('2D SPACE',''
  ) );
#1595 = ORIENTED_EDGE('',*,*,#1596,.T.);
#1596 = EDGE_CURVE('',#1574,#1597,#1599,.T.);
#1597 = VERTEX_POINT('',#1598);
#1598 = CARTESIAN_POINT('',(68.6,-46.9,12.3));
#1599 = SURFACE_CURVE('',#1600,(#1604,#1611),.PCURVE_S1.);
#1600 = LINE('',#1601,#1602);
#1601 = CARTESIAN_POINT('',(61.4,-46.9,12.3));
#1602 = VECTOR('',#1603,1.);
#1603 = DIRECTION('',(1.,-0.,-0.));
#1604 = PCURVE('',#901,#1605);
#1605 = DEFINITIONAL_REPRESENTATION('',(#1606),#1610);
#1606 = LINE('',#1607,#1608);
#1607 = CARTESIAN_POINT('',(3.6,-9.85));
#1608 = VECTOR('',#1609,1.);
#1609 = DIRECTION('',(-1.,0.));
#1610 = ( GEOMETRIC_REPRESENTATION_CONTEXT(2) 
PARAMETRIC_REPRESENTATION_CONTEXT() REPRESENTATION_CONTEXT('2D SPACE',''
  ) );
#1611 = PCURVE('',#1612,#1617);
#1612 = PLANE('',#1613);
#1613 = AXIS2_PLACEMENT_3D('',#1614,#1615,#1616);
#1614 = CARTESIAN_POINT('',(61.4,-46.9,7.));
#1615 = DIRECTION('',(-0.,-1.,-0.));
#1616 = DIRECTION('',(-1.,0.,0.));
#1617 = DEFINITIONAL_REPRESENTATION('',(#1618),#1622);
#1618 = LINE('',#1619,#1620);
#1619 = CARTESIAN_POINT('',(-0.,-5.3));
#1620 = VECTOR('',#1621,1.);
#1621 = DIRECTION('',(-1.,-0.));
#1622 = ( GEOMETRIC_REPRESENTATION_CONTEXT(2) 
PARAMETRIC_REPRESENTATION_CONTEXT() REPRESENTATION_CONTEXT('2D SPACE',''
  ) );
#1623 = ORIENTED_EDGE('',*,*,#1624,.T.);
#1624 = EDGE_CURVE('',#1597,#884,#1625,.T.);
#1625 = SURFACE_CURVE('',#1626,(#1630,#1637),.PCURVE_S1.);
#1626 = LINE('',#1627,#1628);
#1627 = CARTESIAN_POINT('',(68.6,-46.9,12.3));
#1628 = VECTOR('',#1629,1.);
#1629 = DIRECTION('',(-0.,-1.,-0.));
#1630 = PCURVE('',#901,#1631);
#1631 = DEFINITIONAL_REPRESENTATION('',(#1632),#1636);
#1632 = LINE('',#1633,#1634);
#1633 = CARTESIAN_POINT('',(-3.6,-9.85));
#1634 = VECTOR('',#1635,1.);
#1635 = DIRECTION('',(-0.,1.));
#1636 = ( GEOMETRIC_REPRESENTATION_CONTEXT(2) 
PARAMETRIC_REPRESENTATION_CONTEXT() REPRESENTATION_CONTEXT('2D SPACE',''
  ) );
#1637 = PCURVE('',#929,#1638);
#1638 = DEFINITIONAL_REPRESENTATION('',(#1639),#1643);
#1639 = LINE('',#1640,#1641);
#1640 = CARTESIAN_POINT('',(-0.,-5.3));
#1641 = VECTOR('',#1642,1.);
#1642 = DIRECTION('',(-1.,0.));
#1643 = ( GEOMETRIC_REPRESENTATION_CONTEXT(2) 
PARAMETRIC_REPRESENTATION_CONTEXT() REPRESENTATION_CONTEXT('2D SPACE',''
  ) );
#1644 = ORIENTED_EDGE('',*,*,#883,.T.);
#1645 = FACE_BOUND('',#1646,.T.);
#1646 = EDGE_LOOP('',(#1647));
#1647 = ORIENTED_EDGE('',*,*,#1648,.F.);
#1648 = EDGE_CURVE('',#1649,#1649,#1651,.T.);
#1649 = VERTEX_POINT('',#1650);
#1650 = CARTESIAN_POINT('',(67.2,-50.6,12.3));
#1651 = SURFACE_CURVE('',#1652,(#1657,#1668),.PCURVE_S1.);
#1652 = CIRCLE('',#1653,2.2);
#1653 = AXIS2_PLACEMENT_3D('',#1654,#1655,#1656);
#1654 = CARTESIAN_POINT('',(65.,-50.6,12.3));
#1655 = DIRECTION('',(0.,0.,-1.));
#1656 = DIRECTION('',(1.,-0.,-0.));
#1657 = PCURVE('',#901,#1658);
#1658 = DEFINITIONAL_REPRESENTATION('',(#1659),#1667);
#1659 = ( BOUNDED_CURVE() B_SPLINE_CURVE(2,(#1660,#1661,#1662,#1663,
#1664,#1665,#1666),.UNSPECIFIED.,.T.,.F.) B_SPLINE_CURVE_WITH_KNOTS((1,2
    ,2,2,2,1),(-2.094395102393,0.,2.094395102393,4.188790204786,
6.28318530718,8.377580409573),.UNSPECIFIED.) CURVE() 
GEOMETRIC_REPRESENTATION_ITEM() RATIONAL_B_SPLINE_CURVE((1.,0.5,1.,0.5,
1.,0.5,1.)) REPRESENTATION_ITEM('') );
#1660 = CARTESIAN_POINT('',(-2.2,-6.15));
#1661 = CARTESIAN_POINT('',(-2.2,-2.339488223348));
#1662 = CARTESIAN_POINT('',(1.1,-4.244744111674));
#1663 = CARTESIAN_POINT('',(4.4,-6.15));
#1664 = CARTESIAN_POINT('',(1.1,-8.055255888326));
#1665 = CARTESIAN_POINT('',(-2.2,-9.960511776652));
#1666 = CARTESIAN_POINT('',(-2.2,-6.15));
#1667 = ( GEOMETRIC_REPRESENTATION_CONTEXT(2) 
PARAMETRIC_REPRESENTATION_CONTEXT() REPRESENTATION_CONTEXT('2D SPACE',''
  ) );
#1668 = PCURVE('',#1669,#1674);
#1669 = CYLINDRICAL_SURFACE('',#1670,2.2);
#1670 = AXIS2_PLACEMENT_3D('',#1671,#1672,#1673);
#1671 = CARTESIAN_POINT('',(65.,-50.6,2.));
#1672 = DIRECTION('',(-0.,-0.,1.));
#1673 = DIRECTION('',(1.,-0.,-0.));
#1674 = DEFINITIONAL_REPRESENTATION('',(#1675),#1679);
#1675 = LINE('',#1676,#1677);
#1676 = CARTESIAN_POINT('',(-0.,10.3));
#1677 = VECTOR('',#1678,1.);
#1678 = DIRECTION('',(-1.,0.));
#1679 = ( GEOMETRIC_REPRESENTATION_CONTEXT(2) 
PARAMETRIC_REPRESENTATION_CONTEXT() REPRESENTATION_CONTEXT('2D SPACE',''
  ) );
#1680 = ADVANCED_FACE('',(#1681),#983,.T.);
#1681 = FACE_BOUND('',#1682,.F.);
#1682 = EDGE_LOOP('',(#1683,#1706,#1707,#1708));
#1683 = ORIENTED_EDGE('',*,*,#1684,.F.);
#1684 = EDGE_CURVE('',#942,#1685,#1687,.T.);
#1685 = VERTEX_POINT('',#1686);
#1686 = CARTESIAN_POINT('',(61.4,-46.9,7.));
#1687 = SURFACE_CURVE('',#1688,(#1692,#1699),.PCURVE_S1.);
#1688 = LINE('',#1689,#1690);
#1689 = CARTESIAN_POINT('',(61.4,-66.6,7.));
#1690 = VECTOR('',#1691,1.);
#1691 = DIRECTION('',(-0.,1.,-0.));
#1692 = PCURVE('',#983,#1693);
#1693 = DEFINITIONAL_REPRESENTATION('',(#1694),#1698);
#1694 = LINE('',#1695,#1696);
#1695 = CARTESIAN_POINT('',(-0.,0.));
#1696 = VECTOR('',#1697,1.);
#1697 = DIRECTION('',(-1.,-0.));
#1698 = ( GEOMETRIC_REPRESENTATION_CONTEXT(2) 
PARAMETRIC_REPRESENTATION_CONTEXT() REPRESENTATION_CONTEXT('2D SPACE',''
  ) );
#1699 = PCURVE('',#957,#1700);
#1700 = DEFINITIONAL_REPRESENTATION('',(#1701),#1705);
#1701 = LINE('',#1702,#1703);
#1702 = CARTESIAN_POINT('',(3.6,9.85));
#1703 = VECTOR('',#1704,1.);
#1704 = DIRECTION('',(-0.,-1.));
#1705 = ( GEOMETRIC_REPRESENTATION_CONTEXT(2) 
PARAMETRIC_REPRESENTATION_CONTEXT() REPRESENTATION_CONTEXT('2D SPACE',''
  ) );
#1706 = ORIENTED_EDGE('',*,*,#969,.T.);
#1707 = ORIENTED_EDGE('',*,*,#1573,.T.);
#1708 = ORIENTED_EDGE('',*,*,#1709,.F.);
#1709 = EDGE_CURVE('',#1685,#1574,#1710,.T.);
#1710 = SURFACE_CURVE('',#1711,(#1715,#1722),.PCURVE_S1.);
#1711 = LINE('',#1712,#1713);
#1712 = CARTESIAN_POINT('',(61.4,-46.9,7.));
#1713 = VECTOR('',#1714,1.);
#1714 = DIRECTION('',(-0.,-0.,1.));
#1715 = PCURVE('',#983,#1716);
#1716 = DEFINITIONAL_REPRESENTATION('',(#1717),#1721);
#1717 = LINE('',#1718,#1719);
#1718 = CARTESIAN_POINT('',(-19.7,0.));
#1719 = VECTOR('',#1720,1.);
#1720 = DIRECTION('',(-0.,-1.));
#1721 = ( GEOMETRIC_REPRESENTATION_CONTEXT(2) 
PARAMETRIC_REPRESENTATION_CONTEXT() REPRESENTATION_CONTEXT('2D SPACE',''
  ) );
#1722 = PCURVE('',#1612,#1723);
#1723 = DEFINITIONAL_REPRESENTATION('',(#1724),#1728);
#1724 = LINE('',#1725,#1726);
#1725 = CARTESIAN_POINT('',(-0.,-0.));
#1726 = VECTOR('',#1727,1.);
#1727 = DIRECTION('',(-0.,-1.));
#1728 = ( GEOMETRIC_REPRESENTATION_CONTEXT(2) 
PARAMETRIC_REPRESENTATION_CONTEXT() REPRESENTATION_CONTEXT('2D SPACE',''
  ) );
#1729 = ADVANCED_FACE('',(#1730,#1778),#957,.T.);
#1730 = FACE_BOUND('',#1731,.F.);
#1731 = EDGE_LOOP('',(#1732,#1733,#1756,#1777));
#1732 = ORIENTED_EDGE('',*,*,#1684,.T.);
#1733 = ORIENTED_EDGE('',*,*,#1734,.T.);
#1734 = EDGE_CURVE('',#1685,#1735,#1737,.T.);
#1735 = VERTEX_POINT('',#1736);
#1736 = CARTESIAN_POINT('',(68.6,-46.9,7.));
#1737 = SURFACE_CURVE('',#1738,(#1742,#1749),.PCURVE_S1.);
#1738 = LINE('',#1739,#1740);
#1739 = CARTESIAN_POINT('',(61.4,-46.9,7.));
#1740 = VECTOR('',#1741,1.);
#1741 = DIRECTION('',(1.,-0.,-0.));
#1742 = PCURVE('',#957,#1743);
#1743 = DEFINITIONAL_REPRESENTATION('',(#1744),#1748);
#1744 = LINE('',#1745,#1746);
#1745 = CARTESIAN_POINT('',(3.6,-9.85));
#1746 = VECTOR('',#1747,1.);
#1747 = DIRECTION('',(-1.,0.));
#1748 = ( GEOMETRIC_REPRESENTATION_CONTEXT(2) 
PARAMETRIC_REPRESENTATION_CONTEXT() REPRESENTATION_CONTEXT('2D SPACE',''
  ) );
#1749 = PCURVE('',#1612,#1750);
#1750 = DEFINITIONAL_REPRESENTATION('',(#1751),#1755);
#1751 = LINE('',#1752,#1753);
#1752 = CARTESIAN_POINT('',(-0.,-0.));
#1753 = VECTOR('',#1754,1.);
#1754 = DIRECTION('',(-1.,-0.));
#1755 = ( GEOMETRIC_REPRESENTATION_CONTEXT(2) 
PARAMETRIC_REPRESENTATION_CONTEXT() REPRESENTATION_CONTEXT('2D SPACE',''
  ) );
#1756 = ORIENTED_EDGE('',*,*,#1757,.T.);
#1757 = EDGE_CURVE('',#1735,#914,#1758,.T.);
#1758 = SURFACE_CURVE('',#1759,(#1763,#1770),.PCURVE_S1.);
#1759 = LINE('',#1760,#1761);
#1760 = CARTESIAN_POINT('',(68.6,-46.9,7.));
#1761 = VECTOR('',#1762,1.);
#1762 = DIRECTION('',(-0.,-1.,-0.));
#1763 = PCURVE('',#957,#1764);
#1764 = DEFINITIONAL_REPRESENTATION('',(#1765),#1769);
#1765 = LINE('',#1766,#1767);
#1766 = CARTESIAN_POINT('',(-3.6,-9.85));
#1767 = VECTOR('',#1768,1.);
#1768 = DIRECTION('',(-0.,1.));
#1769 = ( GEOMETRIC_REPRESENTATION_CONTEXT(2) 
PARAMETRIC_REPRESENTATION_CONTEXT() REPRESENTATION_CONTEXT('2D SPACE',''
  ) );
#1770 = PCURVE('',#929,#1771);
#1771 = DEFINITIONAL_REPRESENTATION('',(#1772),#1776);
#1772 = LINE('',#1773,#1774);
#1773 = CARTESIAN_POINT('',(-0.,-0.));
#1774 = VECTOR('',#1775,1.);
#1775 = DIRECTION('',(-1.,0.));
#1776 = ( GEOMETRIC_REPRESENTATION_CONTEXT(2) 
PARAMETRIC_REPRESENTATION_CONTEXT() REPRESENTATION_CONTEXT('2D SPACE',''
  ) );
#1777 = ORIENTED_EDGE('',*,*,#941,.T.);
#1778 = FACE_BOUND('',#1779,.F.);
#1779 = EDGE_LOOP('',(#1780));
#1780 = ORIENTED_EDGE('',*,*,#1116,.F.);
#1781 = ADVANCED_FACE('',(#1782),#929,.T.);
#1782 = FACE_BOUND('',#1783,.F.);
#1783 = EDGE_LOOP('',(#1784,#1785,#1806,#1807));
#1784 = ORIENTED_EDGE('',*,*,#1757,.F.);
#1785 = ORIENTED_EDGE('',*,*,#1786,.T.);
#1786 = EDGE_CURVE('',#1735,#1597,#1787,.T.);
#1787 = SURFACE_CURVE('',#1788,(#1792,#1799),.PCURVE_S1.);
#1788 = LINE('',#1789,#1790);
#1789 = CARTESIAN_POINT('',(68.6,-46.9,7.));
#1790 = VECTOR('',#1791,1.);
#1791 = DIRECTION('',(-0.,-0.,1.));
#1792 = PCURVE('',#929,#1793);
#1793 = DEFINITIONAL_REPRESENTATION('',(#1794),#1798);
#1794 = LINE('',#1795,#1796);
#1795 = CARTESIAN_POINT('',(-0.,-0.));
#1796 = VECTOR('',#1797,1.);
#1797 = DIRECTION('',(-0.,-1.));
#1798 = ( GEOMETRIC_REPRESENTATION_CONTEXT(2) 
PARAMETRIC_REPRESENTATION_CONTEXT() REPRESENTATION_CONTEXT('2D SPACE',''
  ) );
#1799 = PCURVE('',#1612,#1800);
#1800 = DEFINITIONAL_REPRESENTATION('',(#1801),#1805);
#1801 = LINE('',#1802,#1803);
#1802 = CARTESIAN_POINT('',(-7.2,-0.));
#1803 = VECTOR('',#1804,1.);
#1804 = DIRECTION('',(-0.,-1.));
#1805 = ( GEOMETRIC_REPRESENTATION_CONTEXT(2) 
PARAMETRIC_REPRESENTATION_CONTEXT() REPRESENTATION_CONTEXT('2D SPACE',''
  ) );
#1806 = ORIENTED_EDGE('',*,*,#1624,.T.);
#1807 = ORIENTED_EDGE('',*,*,#913,.T.);
#1808 = ADVANCED_FACE('',(#1809,#1885),#1072,.T.);
#1809 = FACE_BOUND('',#1810,.F.);
#1810 = EDGE_LOOP('',(#1811,#1834,#1862,#1883,#1884));
#1811 = ORIENTED_EDGE('',*,*,#1812,.T.);
#1812 = EDGE_CURVE('',#1481,#1813,#1815,.T.);
#1813 = VERTEX_POINT('',#1814);
#1814 = CARTESIAN_POINT('',(31.4,-46.9,7.));
#1815 = SURFACE_CURVE('',#1816,(#1820,#1827),.PCURVE_S1.);
#1816 = LINE('',#1817,#1818);
#1817 = CARTESIAN_POINT('',(31.4,-66.6,7.));
#1818 = VECTOR('',#1819,1.);
#1819 = DIRECTION('',(-0.,1.,-0.));
#1820 = PCURVE('',#1072,#1821);
#1821 = DEFINITIONAL_REPRESENTATION('',(#1822),#1826);
#1822 = LINE('',#1823,#1824);
#1823 = CARTESIAN_POINT('',(3.6,9.85));
#1824 = VECTOR('',#1825,1.);
#1825 = DIRECTION('',(-0.,-1.));
#1826 = ( GEOMETRIC_REPRESENTATION_CONTEXT(2) 
PARAMETRIC_REPRESENTATION_CONTEXT() REPRESENTATION_CONTEXT('2D SPACE',''
  ) );
#1827 = PCURVE('',#1496,#1828);
#1828 = DEFINITIONAL_REPRESENTATION('',(#1829),#1833);
#1829 = LINE('',#1830,#1831);
#1830 = CARTESIAN_POINT('',(-0.,0.));
#1831 = VECTOR('',#1832,1.);
#1832 = DIRECTION('',(-1.,-0.));
#1833 = ( GEOMETRIC_REPRESENTATION_CONTEXT(2) 
PARAMETRIC_REPRESENTATION_CONTEXT() REPRESENTATION_CONTEXT('2D SPACE',''
  ) );
#1834 = ORIENTED_EDGE('',*,*,#1835,.T.);
#1835 = EDGE_CURVE('',#1813,#1836,#1838,.T.);
#1836 = VERTEX_POINT('',#1837);
#1837 = CARTESIAN_POINT('',(38.6,-46.9,7.));
#1838 = SURFACE_CURVE('',#1839,(#1843,#1850),.PCURVE_S1.);
#1839 = LINE('',#1840,#1841);
#1840 = CARTESIAN_POINT('',(31.4,-46.9,7.));
#1841 = VECTOR('',#1842,1.);
#1842 = DIRECTION('',(1.,-0.,-0.));
#1843 = PCURVE('',#1072,#1844);
#1844 = DEFINITIONAL_REPRESENTATION('',(#1845),#1849);
#1845 = LINE('',#1846,#1847);
#1846 = CARTESIAN_POINT('',(3.6,-9.85));
#1847 = VECTOR('',#1848,1.);
#1848 = DIRECTION('',(-1.,0.));
#1849 = ( GEOMETRIC_REPRESENTATION_CONTEXT(2) 
PARAMETRIC_REPRESENTATION_CONTEXT() REPRESENTATION_CONTEXT('2D SPACE',''
  ) );
#1850 = PCURVE('',#1851,#1856);
#1851 = PLANE('',#1852);
#1852 = AXIS2_PLACEMENT_3D('',#1853,#1854,#1855);
#1853 = CARTESIAN_POINT('',(31.4,-46.9,7.));
#1854 = DIRECTION('',(-0.,-1.,-0.));
#1855 = DIRECTION('',(-1.,0.,0.));
#1856 = DEFINITIONAL_REPRESENTATION('',(#1857),#1861);
#1857 = LINE('',#1858,#1859);
#1858 = CARTESIAN_POINT('',(-0.,-0.));
#1859 = VECTOR('',#1860,1.);
#1860 = DIRECTION('',(-1.,-0.));
#1861 = ( GEOMETRIC_REPRESENTATION_CONTEXT(2) 
PARAMETRIC_REPRESENTATION_CONTEXT() REPRESENTATION_CONTEXT('2D SPACE',''
  ) );
#1862 = ORIENTED_EDGE('',*,*,#1863,.T.);
#1863 = EDGE_CURVE('',#1836,#1326,#1864,.T.);
#1864 = SURFACE_CURVE('',#1865,(#1869,#1876),.PCURVE_S1.);
#1865 = LINE('',#1866,#1867);
#1866 = CARTESIAN_POINT('',(38.6,-46.9,7.));
#1867 = VECTOR('',#1868,1.);
#1868 = DIRECTION('',(-0.,-1.,-0.));
#1869 = PCURVE('',#1072,#1870);
#1870 = DEFINITIONAL_REPRESENTATION('',(#1871),#1875);
#1871 = LINE('',#1872,#1873);
#1872 = CARTESIAN_POINT('',(-3.6,-9.85));
#1873 = VECTOR('',#1874,1.);
#1874 = DIRECTION('',(-0.,1.));
#1875 = ( GEOMETRIC_REPRESENTATION_CONTEXT(2) 
PARAMETRIC_REPRESENTATION_CONTEXT() REPRESENTATION_CONTEXT('2D SPACE',''
  ) );
#1876 = PCURVE('',#1341,#1877);
#1877 = DEFINITIONAL_REPRESENTATION('',(#1878),#1882);
#1878 = LINE('',#1879,#1880);
#1879 = CARTESIAN_POINT('',(-0.,-0.));
#1880 = VECTOR('',#1881,1.);
#1881 = DIRECTION('',(-1.,0.));
#1882 = ( GEOMETRIC_REPRESENTATION_CONTEXT(2) 
PARAMETRIC_REPRESENTATION_CONTEXT() REPRESENTATION_CONTEXT('2D SPACE',''
  ) );
#1883 = ORIENTED_EDGE('',*,*,#1353,.T.);
#1884 = ORIENTED_EDGE('',*,*,#1508,.T.);
#1885 = FACE_BOUND('',#1886,.F.);
#1886 = EDGE_LOOP('',(#1887));
#1887 = ORIENTED_EDGE('',*,*,#1057,.F.);
#1888 = ADVANCED_FACE('',(#1889),#1341,.T.);
#1889 = FACE_BOUND('',#1890,.F.);
#1890 = EDGE_LOOP('',(#1891,#1892,#1915,#1936));
#1891 = ORIENTED_EDGE('',*,*,#1863,.F.);
#1892 = ORIENTED_EDGE('',*,*,#1893,.T.);
#1893 = EDGE_CURVE('',#1836,#1894,#1896,.T.);
#1894 = VERTEX_POINT('',#1895);
#1895 = CARTESIAN_POINT('',(38.6,-46.9,12.3));
#1896 = SURFACE_CURVE('',#1897,(#1901,#1908),.PCURVE_S1.);
#1897 = LINE('',#1898,#1899);
#1898 = CARTESIAN_POINT('',(38.6,-46.9,7.));
#1899 = VECTOR('',#1900,1.);
#1900 = DIRECTION('',(-0.,-0.,1.));
#1901 = PCURVE('',#1341,#1902);
#1902 = DEFINITIONAL_REPRESENTATION('',(#1903),#1907);
#1903 = LINE('',#1904,#1905);
#1904 = CARTESIAN_POINT('',(-0.,-0.));
#1905 = VECTOR('',#1906,1.);
#1906 = DIRECTION('',(-0.,-1.));
#1907 = ( GEOMETRIC_REPRESENTATION_CONTEXT(2) 
PARAMETRIC_REPRESENTATION_CONTEXT() REPRESENTATION_CONTEXT('2D SPACE',''
  ) );
#1908 = PCURVE('',#1851,#1909);
#1909 = DEFINITIONAL_REPRESENTATION('',(#1910),#1914);
#1910 = LINE('',#1911,#1912);
#1911 = CARTESIAN_POINT('',(-7.2,-0.));
#1912 = VECTOR('',#1913,1.);
#1913 = DIRECTION('',(-0.,-1.));
#1914 = ( GEOMETRIC_REPRESENTATION_CONTEXT(2) 
PARAMETRIC_REPRESENTATION_CONTEXT() REPRESENTATION_CONTEXT('2D SPACE',''
  ) );
#1915 = ORIENTED_EDGE('',*,*,#1916,.T.);
#1916 = EDGE_CURVE('',#1894,#1298,#1917,.T.);
#1917 = SURFACE_CURVE('',#1918,(#1922,#1929),.PCURVE_S1.);
#1918 = LINE('',#1919,#1920);
#1919 = CARTESIAN_POINT('',(38.6,-46.9,12.3));
#1920 = VECTOR('',#1921,1.);
#1921 = DIRECTION('',(-0.,-1.,-0.));
#1922 = PCURVE('',#1341,#1923);
#1923 = DEFINITIONAL_REPRESENTATION('',(#1924),#1928);
#1924 = LINE('',#1925,#1926);
#1925 = CARTESIAN_POINT('',(-0.,-5.3));
#1926 = VECTOR('',#1927,1.);
#1927 = DIRECTION('',(-1.,0.));
#1928 = ( GEOMETRIC_REPRESENTATION_CONTEXT(2) 
PARAMETRIC_REPRESENTATION_CONTEXT() REPRESENTATION_CONTEXT('2D SPACE',''
  ) );
#1929 = PCURVE('',#1313,#1930);
#1930 = DEFINITIONAL_REPRESENTATION('',(#1931),#1935);
#1931 = LINE('',#1932,#1933);
#1932 = CARTESIAN_POINT('',(-3.6,-9.85));
#1933 = VECTOR('',#1934,1.);
#1934 = DIRECTION('',(-0.,1.));
#1935 = ( GEOMETRIC_REPRESENTATION_CONTEXT(2) 
PARAMETRIC_REPRESENTATION_CONTEXT() REPRESENTATION_CONTEXT('2D SPACE',''
  ) );
#1936 = ORIENTED_EDGE('',*,*,#1325,.T.);
#1937 = ADVANCED_FACE('',(#1938,#1987),#1313,.F.);
#1938 = FACE_BOUND('',#1939,.T.);
#1939 = EDGE_LOOP('',(#1940,#1963,#1984,#1985,#1986));
#1940 = ORIENTED_EDGE('',*,*,#1941,.T.);
#1941 = EDGE_CURVE('',#1453,#1942,#1944,.T.);
#1942 = VERTEX_POINT('',#1943);
#1943 = CARTESIAN_POINT('',(31.4,-46.9,12.3));
#1944 = SURFACE_CURVE('',#1945,(#1949,#1956),.PCURVE_S1.);
#1945 = LINE('',#1946,#1947);
#1946 = CARTESIAN_POINT('',(31.4,-66.6,12.3));
#1947 = VECTOR('',#1948,1.);
#1948 = DIRECTION('',(-0.,1.,-0.));
#1949 = PCURVE('',#1313,#1950);
#1950 = DEFINITIONAL_REPRESENTATION('',(#1951),#1955);
#1951 = LINE('',#1952,#1953);
#1952 = CARTESIAN_POINT('',(3.6,9.85));
#1953 = VECTOR('',#1954,1.);
#1954 = DIRECTION('',(-0.,-1.));
#1955 = ( GEOMETRIC_REPRESENTATION_CONTEXT(2) 
PARAMETRIC_REPRESENTATION_CONTEXT() REPRESENTATION_CONTEXT('2D SPACE',''
  ) );
#1956 = PCURVE('',#1496,#1957);
#1957 = DEFINITIONAL_REPRESENTATION('',(#1958),#1962);
#1958 = LINE('',#1959,#1960);
#1959 = CARTESIAN_POINT('',(-0.,-5.3));
#1960 = VECTOR('',#1961,1.);
#1961 = DIRECTION('',(-1.,-0.));
#1962 = ( GEOMETRIC_REPRESENTATION_CONTEXT(2) 
PARAMETRIC_REPRESENTATION_CONTEXT() REPRESENTATION_CONTEXT('2D SPACE',''
  ) );
#1963 = ORIENTED_EDGE('',*,*,#1964,.T.);
#1964 = EDGE_CURVE('',#1942,#1894,#1965,.T.);
#1965 = SURFACE_CURVE('',#1966,(#1970,#1977),.PCURVE_S1.);
#1966 = LINE('',#1967,#1968);
#1967 = CARTESIAN_POINT('',(31.4,-46.9,12.3));
#1968 = VECTOR('',#1969,1.);
#1969 = DIRECTION('',(1.,-0.,-0.));
#1970 = PCURVE('',#1313,#1971);
#1971 = DEFINITIONAL_REPRESENTATION('',(#1972),#1976);
#1972 = LINE('',#1973,#1974);
#1973 = CARTESIAN_POINT('',(3.6,-9.85));
#1974 = VECTOR('',#1975,1.);
#1975 = DIRECTION('',(-1.,0.));
#1976 = ( GEOMETRIC_REPRESENTATION_CONTEXT(2) 
PARAMETRIC_REPRESENTATION_CONTEXT() REPRESENTATION_CONTEXT('2D SPACE',''
  ) );
#1977 = PCURVE('',#1851,#1978);
#1978 = DEFINITIONAL_REPRESENTATION('',(#1979),#1983);
#1979 = LINE('',#1980,#1981);
#1980 = CARTESIAN_POINT('',(-0.,-5.3));
#1981 = VECTOR('',#1982,1.);
#1982 = DIRECTION('',(-1.,-0.));
#1983 = ( GEOMETRIC_REPRESENTATION_CONTEXT(2) 
PARAMETRIC_REPRESENTATION_CONTEXT() REPRESENTATION_CONTEXT('2D SPACE',''
  ) );
#1984 = ORIENTED_EDGE('',*,*,#1916,.T.);
#1985 = ORIENTED_EDGE('',*,*,#1297,.T.);
#1986 = ORIENTED_EDGE('',*,*,#1452,.T.);
#1987 = FACE_BOUND('',#1988,.T.);
#1988 = EDGE_LOOP('',(#1989));
#1989 = ORIENTED_EDGE('',*,*,#1990,.F.);
#1990 = EDGE_CURVE('',#1991,#1991,#1993,.T.);
#1991 = VERTEX_POINT('',#1992);
#1992 = CARTESIAN_POINT('',(37.2,-50.6,12.3));
#1993 = SURFACE_CURVE('',#1994,(#1999,#2010),.PCURVE_S1.);
#1994 = CIRCLE('',#1995,2.2);
#1995 = AXIS2_PLACEMENT_3D('',#1996,#1997,#1998);
#1996 = CARTESIAN_POINT('',(35.,-50.6,12.3));
#1997 = DIRECTION('',(0.,0.,-1.));
#1998 = DIRECTION('',(1.,-0.,-0.));
#1999 = PCURVE('',#1313,#2000);
#2000 = DEFINITIONAL_REPRESENTATION('',(#2001),#2009);
#2001 = ( BOUNDED_CURVE() B_SPLINE_CURVE(2,(#2002,#2003,#2004,#2005,
#2006,#2007,#2008),.UNSPECIFIED.,.T.,.F.) B_SPLINE_CURVE_WITH_KNOTS((1,2
    ,2,2,2,1),(-2.094395102393,0.,2.094395102393,4.188790204786,
6.28318530718,8.377580409573),.UNSPECIFIED.) CURVE() 
GEOMETRIC_REPRESENTATION_ITEM() RATIONAL_B_SPLINE_CURVE((1.,0.5,1.,0.5,
1.,0.5,1.)) REPRESENTATION_ITEM('') );
#2002 = CARTESIAN_POINT('',(-2.2,-6.15));
#2003 = CARTESIAN_POINT('',(-2.2,-2.339488223348));
#2004 = CARTESIAN_POINT('',(1.1,-4.244744111674));
#2005 = CARTESIAN_POINT('',(4.4,-6.15));
#2006 = CARTESIAN_POINT('',(1.1,-8.055255888326));
#2007 = CARTESIAN_POINT('',(-2.2,-9.960511776652));
#2008 = CARTESIAN_POINT('',(-2.2,-6.15));
#2009 = ( GEOMETRIC_REPRESENTATION_CONTEXT(2) 
PARAMETRIC_REPRESENTATION_CONTEXT() REPRESENTATION_CONTEXT('2D SPACE',''
  ) );
#2010 = PCURVE('',#2011,#2016);
#2011 = CYLINDRICAL_SURFACE('',#2012,2.2);
#2012 = AXIS2_PLACEMENT_3D('',#2013,#2014,#2015);
#2013 = CARTESIAN_POINT('',(35.,-50.6,2.));
#2014 = DIRECTION('',(-0.,-0.,1.));
#2015 = DIRECTION('',(1.,-0.,-0.));
#2016 = DEFINITIONAL_REPRESENTATION('',(#2017),#2021);
#2017 = LINE('',#2018,#2019);
#2018 = CARTESIAN_POINT('',(-0.,10.3));
#2019 = VECTOR('',#2020,1.);
#2020 = DIRECTION('',(-1.,0.));
#2021 = ( GEOMETRIC_REPRESENTATION_CONTEXT(2) 
PARAMETRIC_REPRESENTATION_CONTEXT() REPRESENTATION_CONTEXT('2D SPACE',''
  ) );
#2022 = ADVANCED_FACE('',(#2023),#1496,.T.);
#2023 = FACE_BOUND('',#2024,.F.);
#2024 = EDGE_LOOP('',(#2025,#2026,#2027,#2028));
#2025 = ORIENTED_EDGE('',*,*,#1812,.F.);
#2026 = ORIENTED_EDGE('',*,*,#1480,.T.);
#2027 = ORIENTED_EDGE('',*,*,#1941,.T.);
#2028 = ORIENTED_EDGE('',*,*,#2029,.F.);
#2029 = EDGE_CURVE('',#1813,#1942,#2030,.T.);
#2030 = SURFACE_CURVE('',#2031,(#2035,#2042),.PCURVE_S1.);
#2031 = LINE('',#2032,#2033);
#2032 = CARTESIAN_POINT('',(31.4,-46.9,7.));
#2033 = VECTOR('',#2034,1.);
#2034 = DIRECTION('',(-0.,-0.,1.));
#2035 = PCURVE('',#1496,#2036);
#2036 = DEFINITIONAL_REPRESENTATION('',(#2037),#2041);
#2037 = LINE('',#2038,#2039);
#2038 = CARTESIAN_POINT('',(-19.7,0.));
#2039 = VECTOR('',#2040,1.);
#2040 = DIRECTION('',(-0.,-1.));
#2041 = ( GEOMETRIC_REPRESENTATION_CONTEXT(2) 
PARAMETRIC_REPRESENTATION_CONTEXT() REPRESENTATION_CONTEXT('2D SPACE',''
  ) );
#2042 = PCURVE('',#1851,#2043);
#2043 = DEFINITIONAL_REPRESENTATION('',(#2044),#2048);
#2044 = LINE('',#2045,#2046);
#2045 = CARTESIAN_POINT('',(-0.,-0.));
#2046 = VECTOR('',#2047,1.);
#2047 = DIRECTION('',(-0.,-1.));
#2048 = ( GEOMETRIC_REPRESENTATION_CONTEXT(2) 
PARAMETRIC_REPRESENTATION_CONTEXT() REPRESENTATION_CONTEXT('2D SPACE',''
  ) );
#2049 = ADVANCED_FACE('',(#2050),#1612,.T.);
#2050 = FACE_BOUND('',#2051,.F.);
#2051 = EDGE_LOOP('',(#2052,#2053,#2054,#2055));
#2052 = ORIENTED_EDGE('',*,*,#1709,.T.);
#2053 = ORIENTED_EDGE('',*,*,#1596,.T.);
#2054 = ORIENTED_EDGE('',*,*,#1786,.F.);
#2055 = ORIENTED_EDGE('',*,*,#1734,.F.);
#2056 = ADVANCED_FACE('',(#2057),#1669,.F.);
#2057 = FACE_BOUND('',#2058,.T.);
#2058 = EDGE_LOOP('',(#2059,#2060,#2083,#2114));
#2059 = ORIENTED_EDGE('',*,*,#1648,.T.);
#2060 = ORIENTED_EDGE('',*,*,#2061,.T.);
#2061 = EDGE_CURVE('',#1649,#2062,#2064,.T.);
#2062 = VERTEX_POINT('',#2063);
#2063 = CARTESIAN_POINT('',(67.2,-50.6,15.));
#2064 = SEAM_CURVE('',#2065,(#2069,#2076),.PCURVE_S1.);
#2065 = LINE('',#2066,#2067);
#2066 = CARTESIAN_POINT('',(67.2,-50.6,2.));
#2067 = VECTOR('',#2068,1.);
#2068 = DIRECTION('',(-0.,-0.,1.));
#2069 = PCURVE('',#1669,#2070);
#2070 = DEFINITIONAL_REPRESENTATION('',(#2071),#2075);
#2071 = LINE('',#2072,#2073);
#2072 = CARTESIAN_POINT('',(-0.,-0.));
#2073 = VECTOR('',#2074,1.);
#2074 = DIRECTION('',(-0.,1.));
#2075 = ( GEOMETRIC_REPRESENTATION_CONTEXT(2) 
PARAMETRIC_REPRESENTATION_CONTEXT() REPRESENTATION_CONTEXT('2D SPACE',''
  ) );
#2076 = PCURVE('',#1669,#2077);
#2077 = DEFINITIONAL_REPRESENTATION('',(#2078),#2082);
#2078 = LINE('',#2079,#2080);
#2079 = CARTESIAN_POINT('',(-6.28318530718,-0.));
#2080 = VECTOR('',#2081,1.);
#2081 = DIRECTION('',(-0.,1.));
#2082 = ( GEOMETRIC_REPRESENTATION_CONTEXT(2) 
PARAMETRIC_REPRESENTATION_CONTEXT() REPRESENTATION_CONTEXT('2D SPACE',''
  ) );
#2083 = ORIENTED_EDGE('',*,*,#2084,.F.);
#2084 = EDGE_CURVE('',#2062,#2062,#2085,.T.);
#2085 = SURFACE_CURVE('',#2086,(#2091,#2098),.PCURVE_S1.);
#2086 = CIRCLE('',#2087,2.2);
#2087 = AXIS2_PLACEMENT_3D('',#2088,#2089,#2090);
#2088 = CARTESIAN_POINT('',(65.,-50.6,15.));
#2089 = DIRECTION('',(0.,0.,-1.));
#2090 = DIRECTION('',(1.,-0.,-0.));
#2091 = PCURVE('',#1669,#2092);
#2092 = DEFINITIONAL_REPRESENTATION('',(#2093),#2097);
#2093 = LINE('',#2094,#2095);
#2094 = CARTESIAN_POINT('',(-0.,13.));
#2095 = VECTOR('',#2096,1.);
#2096 = DIRECTION('',(-1.,0.));
#2097 = ( GEOMETRIC_REPRESENTATION_CONTEXT(2) 
PARAMETRIC_REPRESENTATION_CONTEXT() REPRESENTATION_CONTEXT('2D SPACE',''
  ) );
#2098 = PCURVE('',#2099,#2104);
#2099 = PLANE('',#2100);
#2100 = AXIS2_PLACEMENT_3D('',#2101,#2102,#2103);
#2101 = CARTESIAN_POINT('',(65.,-50.6,15.));
#2102 = DIRECTION('',(-0.,-0.,1.));
#2103 = DIRECTION('',(-1.,0.,0.));
#2104 = DEFINITIONAL_REPRESENTATION('',(#2105),#2113);
#2105 = ( BOUNDED_CURVE() B_SPLINE_CURVE(2,(#2106,#2107,#2108,#2109,
#2110,#2111,#2112),.UNSPECIFIED.,.T.,.F.) B_SPLINE_CURVE_WITH_KNOTS((1,2
    ,2,2,2,1),(-2.094395102393,0.,2.094395102393,4.188790204786,
6.28318530718,8.377580409573),.UNSPECIFIED.) CURVE() 
GEOMETRIC_REPRESENTATION_ITEM() RATIONAL_B_SPLINE_CURVE((1.,0.5,1.,0.5,
1.,0.5,1.)) REPRESENTATION_ITEM('') );
#2106 = CARTESIAN_POINT('',(-2.2,0.));
#2107 = CARTESIAN_POINT('',(-2.2,3.810511776652));
#2108 = CARTESIAN_POINT('',(1.1,1.905255888326));
#2109 = CARTESIAN_POINT('',(4.4,5.388445916248E-16));
#2110 = CARTESIAN_POINT('',(1.1,-1.905255888326));
#2111 = CARTESIAN_POINT('',(-2.2,-3.810511776652));
#2112 = CARTESIAN_POINT('',(-2.2,0.));
#2113 = ( GEOMETRIC_REPRESENTATION_CONTEXT(2) 
PARAMETRIC_REPRESENTATION_CONTEXT() REPRESENTATION_CONTEXT('2D SPACE',''
  ) );
#2114 = ORIENTED_EDGE('',*,*,#2061,.F.);
#2115 = ADVANCED_FACE('',(#2116),#1851,.T.);
#2116 = FACE_BOUND('',#2117,.F.);
#2117 = EDGE_LOOP('',(#2118,#2119,#2120,#2121));
#2118 = ORIENTED_EDGE('',*,*,#2029,.T.);
#2119 = ORIENTED_EDGE('',*,*,#1964,.T.);
#2120 = ORIENTED_EDGE('',*,*,#1893,.F.);
#2121 = ORIENTED_EDGE('',*,*,#1835,.F.);
#2122 = ADVANCED_FACE('',(#2123),#2011,.F.);
#2123 = FACE_BOUND('',#2124,.T.);
#2124 = EDGE_LOOP('',(#2125,#2126,#2149,#2180));
#2125 = ORIENTED_EDGE('',*,*,#1990,.T.);
#2126 = ORIENTED_EDGE('',*,*,#2127,.T.);
#2127 = EDGE_CURVE('',#1991,#2128,#2130,.T.);
#2128 = VERTEX_POINT('',#2129);
#2129 = CARTESIAN_POINT('',(37.2,-50.6,15.));
#2130 = SEAM_CURVE('',#2131,(#2135,#2142),.PCURVE_S1.);
#2131 = LINE('',#2132,#2133);
#2132 = CARTESIAN_POINT('',(37.2,-50.6,2.));
#2133 = VECTOR('',#2134,1.);
#2134 = DIRECTION('',(-0.,-0.,1.));
#2135 = PCURVE('',#2011,#2136);
#2136 = DEFINITIONAL_REPRESENTATION('',(#2137),#2141);
#2137 = LINE('',#2138,#2139);
#2138 = CARTESIAN_POINT('',(-0.,-0.));
#2139 = VECTOR('',#2140,1.);
#2140 = DIRECTION('',(-0.,1.));
#2141 = ( GEOMETRIC_REPRESENTATION_CONTEXT(2) 
PARAMETRIC_REPRESENTATION_CONTEXT() REPRESENTATION_CONTEXT('2D SPACE',''
  ) );
#2142 = PCURVE('',#2011,#2143);
#2143 = DEFINITIONAL_REPRESENTATION('',(#2144),#2148);
#2144 = LINE('',#2145,#2146);
#2145 = CARTESIAN_POINT('',(-6.28318530718,-0.));
#2146 = VECTOR('',#2147,1.);
#2147 = DIRECTION('',(-0.,1.));
#2148 = ( GEOMETRIC_REPRESENTATION_CONTEXT(2) 
PARAMETRIC_REPRESENTATION_CONTEXT() REPRESENTATION_CONTEXT('2D SPACE',''
  ) );
#2149 = ORIENTED_EDGE('',*,*,#2150,.F.);
#2150 = EDGE_CURVE('',#2128,#2128,#2151,.T.);
#2151 = SURFACE_CURVE('',#2152,(#2157,#2164),.PCURVE_S1.);
#2152 = CIRCLE('',#2153,2.2);
#2153 = AXIS2_PLACEMENT_3D('',#2154,#2155,#2156);
#2154 = CARTESIAN_POINT('',(35.,-50.6,15.));
#2155 = DIRECTION('',(0.,0.,-1.));
#2156 = DIRECTION('',(1.,-0.,-0.));
#2157 = PCURVE('',#2011,#2158);
#2158 = DEFINITIONAL_REPRESENTATION('',(#2159),#2163);
#2159 = LINE('',#2160,#2161);
#2160 = CARTESIAN_POINT('',(-0.,13.));
#2161 = VECTOR('',#2162,1.);
#2162 = DIRECTION('',(-1.,0.));
#2163 = ( GEOMETRIC_REPRESENTATION_CONTEXT(2) 
PARAMETRIC_REPRESENTATION_CONTEXT() REPRESENTATION_CONTEXT('2D SPACE',''
  ) );
#2164 = PCURVE('',#2165,#2170);
#2165 = PLANE('',#2166);
#2166 = AXIS2_PLACEMENT_3D('',#2167,#2168,#2169);
#2167 = CARTESIAN_POINT('',(35.,-50.6,15.));
#2168 = DIRECTION('',(-0.,-0.,1.));
#2169 = DIRECTION('',(-1.,0.,0.));
#2170 = DEFINITIONAL_REPRESENTATION('',(#2171),#2179);
#2171 = ( BOUNDED_CURVE() B_SPLINE_CURVE(2,(#2172,#2173,#2174,#2175,
#2176,#2177,#2178),.UNSPECIFIED.,.T.,.F.) B_SPLINE_CURVE_WITH_KNOTS((1,2
    ,2,2,2,1),(-2.094395102393,0.,2.094395102393,4.188790204786,
6.28318530718,8.377580409573),.UNSPECIFIED.) CURVE() 
GEOMETRIC_REPRESENTATION_ITEM() RATIONAL_B_SPLINE_CURVE((1.,0.5,1.,0.5,
1.,0.5,1.)) REPRESENTATION_ITEM('') );
#2172 = CARTESIAN_POINT('',(-2.2,0.));
#2173 = CARTESIAN_POINT('',(-2.2,3.810511776652));
#2174 = CARTESIAN_POINT('',(1.1,1.905255888326));
#2175 = CARTESIAN_POINT('',(4.4,5.388445916248E-16));
#2176 = CARTESIAN_POINT('',(1.1,-1.905255888326));
#2177 = CARTESIAN_POINT('',(-2.2,-3.810511776652));
#2178 = CARTESIAN_POINT('',(-2.2,0.));
#2179 = ( GEOMETRIC_REPRESENTATION_CONTEXT(2) 
PARAMETRIC_REPRESENTATION_CONTEXT() REPRESENTATION_CONTEXT('2D SPACE',''
  ) );
#2180 = ORIENTED_EDGE('',*,*,#2127,.F.);
#2181 = ADVANCED_FACE('',(#2182),#2099,.F.);
#2182 = FACE_BOUND('',#2183,.T.);
#2183 = EDGE_LOOP('',(#2184));
#2184 = ORIENTED_EDGE('',*,*,#2084,.T.);
#2185 = ADVANCED_FACE('',(#2186),#2165,.F.);
#2186 = FACE_BOUND('',#2187,.T.);
#2187 = EDGE_LOOP('',(#2188));
#2188 = ORIENTED_EDGE('',*,*,#2150,.T.);
#2189 = ( GEOMETRIC_REPRESENTATION_CONTEXT(3) 
GLOBAL_UNCERTAINTY_ASSIGNED_CONTEXT((#2193)) 
GLOBAL_UNIT_ASSIGNED_CONTEXT((#2190,#2191,#2192)) REPRESENTATION_CONTEXT
('Context #1','3D Context with UNIT and UNCERTAINTY') );
#2190 = ( LENGTH_UNIT() NAMED_UNIT(*) SI_UNIT(.MILLI.,.METRE.) );
#2191 = ( NAMED_UNIT(*) PLANE_ANGLE_UNIT() SI_UNIT($,.RADIAN.) );
#2192 = ( NAMED_UNIT(*) SI_UNIT($,.STERADIAN.) SOLID_ANGLE_UNIT() );
#2193 = UNCERTAINTY_MEASURE_WITH_UNIT(LENGTH_MEASURE(1.E-07),#2190,
  'distance_accuracy_value','confusion accuracy');
#2194 = PRODUCT_RELATED_PRODUCT_CATEGORY('part',$,(#7));
ENDSEC;
END-ISO-10303-21;
