ISO-10303-21;
HEADER;
FILE_DESCRIPTION(('Open CASCADE Model'),'2;1');
FILE_NAME('Open CASCADE Shape Model','2026-09-19T10:51:10',('Author'),(
    'Open CASCADE'),'Open CASCADE STEP processor 7.9','Open CASCADE 7.9'
  ,'Unknown');
FILE_SCHEMA(('AUTOMOTIVE_DESIGN { 1 0 10303 214 1 1 1 1 }'));
ENDSEC;
DATA;
#1 = APPLICATION_PROTOCOL_DEFINITION('international standard',
  'automotive_design',2000,#2);
#2 = APPLICATION_CONTEXT(
  'core data for automotive mechanical design processes');
#3 = SHAPE_DEFINITION_REPRESENTATION(#4,#10);
#4 = PRODUCT_DEFINITION_SHAPE('','',#5);
#5 = PRODUCT_DEFINITION('design','',#6,#9);
#6 = PRODUCT_DEFINITION_FORMATION('','',#7);
#7 = PRODUCT('Open CASCADE STEP translator 7.9 16',
  'Open CASCADE STEP translator 7.9 16','',(#8));
#8 = PRODUCT_CONTEXT('',#2,'mechanical');
#9 = PRODUCT_DEFINITION_CONTEXT('part definition',#2,'design');
#10 = ADVANCED_BREP_SHAPE_REPRESENTATION('',(#11,#15),#3827);
#11 = AXIS2_PLACEMENT_3D('',#12,#13,#14);
#12 = CARTESIAN_POINT('',(0.,0.,0.));
#13 = DIRECTION('',(0.,0.,1.));
#14 = DIRECTION('',(1.,0.,-0.));
#15 = MANIFOLD_SOLID_BREP('',#16);
#16 = CLOSED_SHELL('',(#17,#349,#602,#656,#706,#878,#954,#1034,#1083,
    #1145,#1221,#1301,#1385,#1412,#1545,#1572,#1811,#1838,#1925,#1950,
    #2009,#2016,#2043,#2098,#2105,#2132,#2187,#2263,#2418,#2583,#2696,
    #2772,#2847,#2896,#2958,#3034,#3118,#3193,#3220,#3247,#3274,#3278,
    #3282,#3419,#3466,#3493,#3580,#3587,#3614,#3641,#3648,#3703,#3710,
    #3765,#3792,#3819,#3823));
#17 = ADVANCED_FACE('',(#18,#137,#243),#32,.F.);
#18 = FACE_BOUND('',#19,.F.);
#19 = EDGE_LOOP('',(#20,#55,#83,#111));
#20 = ORIENTED_EDGE('',*,*,#21,.F.);
#21 = EDGE_CURVE('',#22,#24,#26,.T.);
#22 = VERTEX_POINT('',#23);
#23 = CARTESIAN_POINT('',(4.,-27.35,-20.));
#24 = VERTEX_POINT('',#25);
#25 = CARTESIAN_POINT('',(20.35,-27.35,-20.));
#26 = SURFACE_CURVE('',#27,(#31,#43),.PCURVE_S1.);
#27 = LINE('',#28,#29);
#28 = CARTESIAN_POINT('',(1.,-27.35,-20.));
#29 = VECTOR('',#30,1.);
#30 = DIRECTION('',(1.,0.,0.));
#31 = PCURVE('',#32,#37);
#32 = PLANE('',#33);
#33 = AXIS2_PLACEMENT_3D('',#34,#35,#36);
#34 = CARTESIAN_POINT('',(1.,-27.35,-20.));
#35 = DIRECTION('',(0.,1.,0.));
#36 = DIRECTION('',(1.,0.,0.));
#37 = DEFINITIONAL_REPRESENTATION('',(#38),#42);
#38 = LINE('',#39,#40);
#39 = CARTESIAN_POINT('',(0.,0.));
#40 = VECTOR('',#41,1.);
#41 = DIRECTION('',(1.,0.));
#42 = ( GEOMETRIC_REPRESENTATION_CONTEXT(2) 
PARAMETRIC_REPRESENTATION_CONTEXT() REPRESENTATION_CONTEXT('2D SPACE',''
  ) );
#43 = PCURVE('',#44,#49);
#44 = PLANE('',#45);
#45 = AXIS2_PLACEMENT_3D('',#46,#47,#48);
#46 = CARTESIAN_POINT('',(12.175,0.,-20.));
#47 = DIRECTION('',(0.,0.,1.));
#48 = DIRECTION('',(1.,0.,-0.));
#49 = DEFINITIONAL_REPRESENTATION('',(#50),#54);
#50 = LINE('',#51,#52);
#51 = CARTESIAN_POINT('',(-11.175,-27.35));
#52 = VECTOR('',#53,1.);
#53 = DIRECTION('',(1.,0.));
#54 = ( GEOMETRIC_REPRESENTATION_CONTEXT(2) 
PARAMETRIC_REPRESENTATION_CONTEXT() REPRESENTATION_CONTEXT('2D SPACE',''
  ) );
#55 = ORIENTED_EDGE('',*,*,#56,.T.);
#56 = EDGE_CURVE('',#22,#57,#59,.T.);
#57 = VERTEX_POINT('',#58);
#58 = CARTESIAN_POINT('',(4.,-27.35,20.));
#59 = SURFACE_CURVE('',#60,(#64,#71),.PCURVE_S1.);
#60 = LINE('',#61,#62);
#61 = CARTESIAN_POINT('',(4.,-27.35,-20.));
#62 = VECTOR('',#63,1.);
#63 = DIRECTION('',(0.,0.,1.));
#64 = PCURVE('',#32,#65);
#65 = DEFINITIONAL_REPRESENTATION('',(#66),#70);
#66 = LINE('',#67,#68);
#67 = CARTESIAN_POINT('',(3.,0.));
#68 = VECTOR('',#69,1.);
#69 = DIRECTION('',(0.,-1.));
#70 = ( GEOMETRIC_REPRESENTATION_CONTEXT(2) 
PARAMETRIC_REPRESENTATION_CONTEXT() REPRESENTATION_CONTEXT('2D SPACE',''
  ) );
#71 = PCURVE('',#72,#77);
#72 = CYLINDRICAL_SURFACE('',#73,3.);
#73 = AXIS2_PLACEMENT_3D('',#74,#75,#76);
#74 = CARTESIAN_POINT('',(4.,-24.35,-20.));
#75 = DIRECTION('',(0.,0.,1.));
#76 = DIRECTION('',(0.,-1.,0.));
#77 = DEFINITIONAL_REPRESENTATION('',(#78),#82);
#78 = LINE('',#79,#80);
#79 = CARTESIAN_POINT('',(-0.,0.));
#80 = VECTOR('',#81,1.);
#81 = DIRECTION('',(-0.,1.));
#82 = ( GEOMETRIC_REPRESENTATION_CONTEXT(2) 
PARAMETRIC_REPRESENTATION_CONTEXT() REPRESENTATION_CONTEXT('2D SPACE',''
  ) );
#83 = ORIENTED_EDGE('',*,*,#84,.T.);
#84 = EDGE_CURVE('',#57,#85,#87,.T.);
#85 = VERTEX_POINT('',#86);
#86 = CARTESIAN_POINT('',(20.35,-27.35,20.));
#87 = SURFACE_CURVE('',#88,(#92,#99),.PCURVE_S1.);
#88 = LINE('',#89,#90);
#89 = CARTESIAN_POINT('',(1.,-27.35,20.));
#90 = VECTOR('',#91,1.);
#91 = DIRECTION('',(1.,0.,0.));
#92 = PCURVE('',#32,#93);
#93 = DEFINITIONAL_REPRESENTATION('',(#94),#98);
#94 = LINE('',#95,#96);
#95 = CARTESIAN_POINT('',(0.,-40.));
#96 = VECTOR('',#97,1.);
#97 = DIRECTION('',(1.,0.));
#98 = ( GEOMETRIC_REPRESENTATION_CONTEXT(2) 
PARAMETRIC_REPRESENTATION_CONTEXT() REPRESENTATION_CONTEXT('2D SPACE',''
  ) );
#99 = PCURVE('',#100,#105);
#100 = PLANE('',#101);
#101 = AXIS2_PLACEMENT_3D('',#102,#103,#104);
#102 = CARTESIAN_POINT('',(12.175,0.,20.));
#103 = DIRECTION('',(0.,0.,1.));
#104 = DIRECTION('',(1.,0.,-0.));
#105 = DEFINITIONAL_REPRESENTATION('',(#106),#110);
#106 = LINE('',#107,#108);
#107 = CARTESIAN_POINT('',(-11.175,-27.35));
#108 = VECTOR('',#109,1.);
#109 = DIRECTION('',(1.,0.));
#110 = ( GEOMETRIC_REPRESENTATION_CONTEXT(2) 
PARAMETRIC_REPRESENTATION_CONTEXT() REPRESENTATION_CONTEXT('2D SPACE',''
  ) );
#111 = ORIENTED_EDGE('',*,*,#112,.F.);
#112 = EDGE_CURVE('',#24,#85,#113,.T.);
#113 = SURFACE_CURVE('',#114,(#118,#125),.PCURVE_S1.);
#114 = LINE('',#115,#116);
#115 = CARTESIAN_POINT('',(20.35,-27.35,-20.));
#116 = VECTOR('',#117,1.);
#117 = DIRECTION('',(0.,0.,1.));
#118 = PCURVE('',#32,#119);
#119 = DEFINITIONAL_REPRESENTATION('',(#120),#124);
#120 = LINE('',#121,#122);
#121 = CARTESIAN_POINT('',(19.35,0.));
#122 = VECTOR('',#123,1.);
#123 = DIRECTION('',(0.,-1.));
#124 = ( GEOMETRIC_REPRESENTATION_CONTEXT(2) 
PARAMETRIC_REPRESENTATION_CONTEXT() REPRESENTATION_CONTEXT('2D SPACE',''
  ) );
#125 = PCURVE('',#126,#131);
#126 = CYLINDRICAL_SURFACE('',#127,3.);
#127 = AXIS2_PLACEMENT_3D('',#128,#129,#130);
#128 = CARTESIAN_POINT('',(20.35,-24.35,-20.));
#129 = DIRECTION('',(0.,0.,1.));
#130 = DIRECTION('',(0.,-1.,0.));
#131 = DEFINITIONAL_REPRESENTATION('',(#132),#136);
#132 = LINE('',#133,#134);
#133 = CARTESIAN_POINT('',(0.,0.));
#134 = VECTOR('',#135,1.);
#135 = DIRECTION('',(0.,1.));
#136 = ( GEOMETRIC_REPRESENTATION_CONTEXT(2) 
PARAMETRIC_REPRESENTATION_CONTEXT() REPRESENTATION_CONTEXT('2D SPACE',''
  ) );
#137 = FACE_BOUND('',#138,.F.);
#138 = EDGE_LOOP('',(#139,#167,#193,#219));
#139 = ORIENTED_EDGE('',*,*,#140,.T.);
#140 = EDGE_CURVE('',#141,#143,#145,.T.);
#141 = VERTEX_POINT('',#142);
#142 = CARTESIAN_POINT('',(9.,-27.35,8.4));
#143 = VERTEX_POINT('',#144);
#144 = CARTESIAN_POINT('',(12.4,-27.35,8.4));
#145 = SURFACE_CURVE('',#146,(#150,#156),.PCURVE_S1.);
#146 = LINE('',#147,#148);
#147 = CARTESIAN_POINT('',(5.85,-27.35,8.4));
#148 = VECTOR('',#149,1.);
#149 = DIRECTION('',(1.,0.,0.));
#150 = PCURVE('',#32,#151);
#151 = DEFINITIONAL_REPRESENTATION('',(#152),#155);
#152 = B_SPLINE_CURVE_WITH_KNOTS('',1,(#153,#154),.UNSPECIFIED.,.F.,.F.,
  (2,2),(3.15,6.55),.PIECEWISE_BEZIER_KNOTS.);
#153 = CARTESIAN_POINT('',(8.,-28.4));
#154 = CARTESIAN_POINT('',(11.4,-28.4));
#155 = ( GEOMETRIC_REPRESENTATION_CONTEXT(2) 
PARAMETRIC_REPRESENTATION_CONTEXT() REPRESENTATION_CONTEXT('2D SPACE',''
  ) );
#156 = PCURVE('',#157,#162);
#157 = PLANE('',#158);
#158 = AXIS2_PLACEMENT_3D('',#159,#160,#161);
#159 = CARTESIAN_POINT('',(10.7,-23.25,8.4));
#160 = DIRECTION('',(0.,0.,1.));
#161 = DIRECTION('',(1.,0.,-0.));
#162 = DEFINITIONAL_REPRESENTATION('',(#163),#166);
#163 = B_SPLINE_CURVE_WITH_KNOTS('',1,(#164,#165),.UNSPECIFIED.,.F.,.F.,
  (2,2),(3.15,6.55),.PIECEWISE_BEZIER_KNOTS.);
#164 = CARTESIAN_POINT('',(-1.7,-4.1));
#165 = CARTESIAN_POINT('',(1.7,-4.1));
#166 = ( GEOMETRIC_REPRESENTATION_CONTEXT(2) 
PARAMETRIC_REPRESENTATION_CONTEXT() REPRESENTATION_CONTEXT('2D SPACE',''
  ) );
#167 = ORIENTED_EDGE('',*,*,#168,.T.);
#168 = EDGE_CURVE('',#143,#169,#171,.T.);
#169 = VERTEX_POINT('',#170);
#170 = CARTESIAN_POINT('',(12.4,-27.35,15.6));
#171 = SURFACE_CURVE('',#172,(#176,#182),.PCURVE_S1.);
#172 = LINE('',#173,#174);
#173 = CARTESIAN_POINT('',(12.4,-27.35,-5.8));
#174 = VECTOR('',#175,1.);
#175 = DIRECTION('',(0.,-0.,1.));
#176 = PCURVE('',#32,#177);
#177 = DEFINITIONAL_REPRESENTATION('',(#178),#181);
#178 = B_SPLINE_CURVE_WITH_KNOTS('',1,(#179,#180),.UNSPECIFIED.,.F.,.F.,
  (2,2),(14.2,21.4),.PIECEWISE_BEZIER_KNOTS.);
#179 = CARTESIAN_POINT('',(11.4,-28.4));
#180 = CARTESIAN_POINT('',(11.4,-35.6));
#181 = ( GEOMETRIC_REPRESENTATION_CONTEXT(2) 
PARAMETRIC_REPRESENTATION_CONTEXT() REPRESENTATION_CONTEXT('2D SPACE',''
  ) );
#182 = PCURVE('',#183,#188);
#183 = PLANE('',#184);
#184 = AXIS2_PLACEMENT_3D('',#185,#186,#187);
#185 = CARTESIAN_POINT('',(12.4,-28.35,8.4));
#186 = DIRECTION('',(-1.,0.,0.));
#187 = DIRECTION('',(0.,1.,0.));
#188 = DEFINITIONAL_REPRESENTATION('',(#189),#192);
#189 = B_SPLINE_CURVE_WITH_KNOTS('',1,(#190,#191),.UNSPECIFIED.,.F.,.F.,
  (2,2),(14.2,21.4),.PIECEWISE_BEZIER_KNOTS.);
#190 = CARTESIAN_POINT('',(1.,0.));
#191 = CARTESIAN_POINT('',(1.,-7.2));
#192 = ( GEOMETRIC_REPRESENTATION_CONTEXT(2) 
PARAMETRIC_REPRESENTATION_CONTEXT() REPRESENTATION_CONTEXT('2D SPACE',''
  ) );
#193 = ORIENTED_EDGE('',*,*,#194,.F.);
#194 = EDGE_CURVE('',#195,#169,#197,.T.);
#195 = VERTEX_POINT('',#196);
#196 = CARTESIAN_POINT('',(9.,-27.35,15.6));
#197 = SURFACE_CURVE('',#198,(#202,#208),.PCURVE_S1.);
#198 = LINE('',#199,#200);
#199 = CARTESIAN_POINT('',(5.85,-27.35,15.6));
#200 = VECTOR('',#201,1.);
#201 = DIRECTION('',(1.,0.,0.));
#202 = PCURVE('',#32,#203);
#203 = DEFINITIONAL_REPRESENTATION('',(#204),#207);
#204 = B_SPLINE_CURVE_WITH_KNOTS('',1,(#205,#206),.UNSPECIFIED.,.F.,.F.,
  (2,2),(3.15,6.55),.PIECEWISE_BEZIER_KNOTS.);
#205 = CARTESIAN_POINT('',(8.,-35.6));
#206 = CARTESIAN_POINT('',(11.4,-35.6));
#207 = ( GEOMETRIC_REPRESENTATION_CONTEXT(2) 
PARAMETRIC_REPRESENTATION_CONTEXT() REPRESENTATION_CONTEXT('2D SPACE',''
  ) );
#208 = PCURVE('',#209,#214);
#209 = PLANE('',#210);
#210 = AXIS2_PLACEMENT_3D('',#211,#212,#213);
#211 = CARTESIAN_POINT('',(10.7,-23.25,15.6));
#212 = DIRECTION('',(0.,0.,1.));
#213 = DIRECTION('',(1.,0.,-0.));
#214 = DEFINITIONAL_REPRESENTATION('',(#215),#218);
#215 = B_SPLINE_CURVE_WITH_KNOTS('',1,(#216,#217),.UNSPECIFIED.,.F.,.F.,
  (2,2),(3.15,6.55),.PIECEWISE_BEZIER_KNOTS.);
#216 = CARTESIAN_POINT('',(-1.7,-4.1));
#217 = CARTESIAN_POINT('',(1.7,-4.1));
#218 = ( GEOMETRIC_REPRESENTATION_CONTEXT(2) 
PARAMETRIC_REPRESENTATION_CONTEXT() REPRESENTATION_CONTEXT('2D SPACE',''
  ) );
#219 = ORIENTED_EDGE('',*,*,#220,.T.);
#220 = EDGE_CURVE('',#195,#141,#221,.T.);
#221 = SURFACE_CURVE('',#222,(#226,#232),.PCURVE_S1.);
#222 = LINE('',#223,#224);
#223 = CARTESIAN_POINT('',(9.,-27.35,-5.8));
#224 = VECTOR('',#225,1.);
#225 = DIRECTION('',(-0.,0.,-1.));
#226 = PCURVE('',#32,#227);
#227 = DEFINITIONAL_REPRESENTATION('',(#228),#231);
#228 = B_SPLINE_CURVE_WITH_KNOTS('',1,(#229,#230),.UNSPECIFIED.,.F.,.F.,
  (2,2),(-21.4,-14.2),.PIECEWISE_BEZIER_KNOTS.);
#229 = CARTESIAN_POINT('',(8.,-35.6));
#230 = CARTESIAN_POINT('',(8.,-28.4));
#231 = ( GEOMETRIC_REPRESENTATION_CONTEXT(2) 
PARAMETRIC_REPRESENTATION_CONTEXT() REPRESENTATION_CONTEXT('2D SPACE',''
  ) );
#232 = PCURVE('',#233,#238);
#233 = PLANE('',#234);
#234 = AXIS2_PLACEMENT_3D('',#235,#236,#237);
#235 = CARTESIAN_POINT('',(9.,-18.15,8.4));
#236 = DIRECTION('',(1.,0.,-0.));
#237 = DIRECTION('',(0.,-1.,0.));
#238 = DEFINITIONAL_REPRESENTATION('',(#239),#242);
#239 = B_SPLINE_CURVE_WITH_KNOTS('',1,(#240,#241),.UNSPECIFIED.,.F.,.F.,
  (2,2),(-21.4,-14.2),.PIECEWISE_BEZIER_KNOTS.);
#240 = CARTESIAN_POINT('',(9.2,-7.2));
#241 = CARTESIAN_POINT('',(9.2,0.));
#242 = ( GEOMETRIC_REPRESENTATION_CONTEXT(2) 
PARAMETRIC_REPRESENTATION_CONTEXT() REPRESENTATION_CONTEXT('2D SPACE',''
  ) );
#243 = FACE_BOUND('',#244,.F.);
#244 = EDGE_LOOP('',(#245,#273,#299,#325));
#245 = ORIENTED_EDGE('',*,*,#246,.T.);
#246 = EDGE_CURVE('',#247,#249,#251,.T.);
#247 = VERTEX_POINT('',#248);
#248 = CARTESIAN_POINT('',(9.,-27.35,-15.6));
#249 = VERTEX_POINT('',#250);
#250 = CARTESIAN_POINT('',(12.4,-27.35,-15.6));
#251 = SURFACE_CURVE('',#252,(#256,#262),.PCURVE_S1.);
#252 = LINE('',#253,#254);
#253 = CARTESIAN_POINT('',(5.85,-27.35,-15.6));
#254 = VECTOR('',#255,1.);
#255 = DIRECTION('',(1.,0.,0.));
#256 = PCURVE('',#32,#257);
#257 = DEFINITIONAL_REPRESENTATION('',(#258),#261);
#258 = B_SPLINE_CURVE_WITH_KNOTS('',1,(#259,#260),.UNSPECIFIED.,.F.,.F.,
  (2,2),(3.15,6.55),.PIECEWISE_BEZIER_KNOTS.);
#259 = CARTESIAN_POINT('',(8.,-4.4));
#260 = CARTESIAN_POINT('',(11.4,-4.4));
#261 = ( GEOMETRIC_REPRESENTATION_CONTEXT(2) 
PARAMETRIC_REPRESENTATION_CONTEXT() REPRESENTATION_CONTEXT('2D SPACE',''
  ) );
#262 = PCURVE('',#263,#268);
#263 = PLANE('',#264);
#264 = AXIS2_PLACEMENT_3D('',#265,#266,#267);
#265 = CARTESIAN_POINT('',(10.7,-23.25,-15.6));
#266 = DIRECTION('',(0.,0.,1.));
#267 = DIRECTION('',(1.,0.,-0.));
#268 = DEFINITIONAL_REPRESENTATION('',(#269),#272);
#269 = B_SPLINE_CURVE_WITH_KNOTS('',1,(#270,#271),.UNSPECIFIED.,.F.,.F.,
  (2,2),(3.15,6.55),.PIECEWISE_BEZIER_KNOTS.);
#270 = CARTESIAN_POINT('',(-1.7,-4.1));
#271 = CARTESIAN_POINT('',(1.7,-4.1));
#272 = ( GEOMETRIC_REPRESENTATION_CONTEXT(2) 
PARAMETRIC_REPRESENTATION_CONTEXT() REPRESENTATION_CONTEXT('2D SPACE',''
  ) );
#273 = ORIENTED_EDGE('',*,*,#274,.T.);
#274 = EDGE_CURVE('',#249,#275,#277,.T.);
#275 = VERTEX_POINT('',#276);
#276 = CARTESIAN_POINT('',(12.4,-27.35,-8.4));
#277 = SURFACE_CURVE('',#278,(#282,#288),.PCURVE_S1.);
#278 = LINE('',#279,#280);
#279 = CARTESIAN_POINT('',(12.4,-27.35,-17.8));
#280 = VECTOR('',#281,1.);
#281 = DIRECTION('',(0.,-0.,1.));
#282 = PCURVE('',#32,#283);
#283 = DEFINITIONAL_REPRESENTATION('',(#284),#287);
#284 = B_SPLINE_CURVE_WITH_KNOTS('',1,(#285,#286),.UNSPECIFIED.,.F.,.F.,
  (2,2),(2.2,9.4),.PIECEWISE_BEZIER_KNOTS.);
#285 = CARTESIAN_POINT('',(11.4,-4.4));
#286 = CARTESIAN_POINT('',(11.4,-11.6));
#287 = ( GEOMETRIC_REPRESENTATION_CONTEXT(2) 
PARAMETRIC_REPRESENTATION_CONTEXT() REPRESENTATION_CONTEXT('2D SPACE',''
  ) );
#288 = PCURVE('',#289,#294);
#289 = PLANE('',#290);
#290 = AXIS2_PLACEMENT_3D('',#291,#292,#293);
#291 = CARTESIAN_POINT('',(12.4,-28.35,-15.6));
#292 = DIRECTION('',(-1.,0.,0.));
#293 = DIRECTION('',(0.,1.,0.));
#294 = DEFINITIONAL_REPRESENTATION('',(#295),#298);
#295 = B_SPLINE_CURVE_WITH_KNOTS('',1,(#296,#297),.UNSPECIFIED.,.F.,.F.,
  (2,2),(2.2,9.4),.PIECEWISE_BEZIER_KNOTS.);
#296 = CARTESIAN_POINT('',(1.,0.));
#297 = CARTESIAN_POINT('',(1.,-7.2));
#298 = ( GEOMETRIC_REPRESENTATION_CONTEXT(2) 
PARAMETRIC_REPRESENTATION_CONTEXT() REPRESENTATION_CONTEXT('2D SPACE',''
  ) );
#299 = ORIENTED_EDGE('',*,*,#300,.F.);
#300 = EDGE_CURVE('',#301,#275,#303,.T.);
#301 = VERTEX_POINT('',#302);
#302 = CARTESIAN_POINT('',(9.,-27.35,-8.4));
#303 = SURFACE_CURVE('',#304,(#308,#314),.PCURVE_S1.);
#304 = LINE('',#305,#306);
#305 = CARTESIAN_POINT('',(5.85,-27.35,-8.4));
#306 = VECTOR('',#307,1.);
#307 = DIRECTION('',(1.,0.,0.));
#308 = PCURVE('',#32,#309);
#309 = DEFINITIONAL_REPRESENTATION('',(#310),#313);
#310 = B_SPLINE_CURVE_WITH_KNOTS('',1,(#311,#312),.UNSPECIFIED.,.F.,.F.,
  (2,2),(3.15,6.55),.PIECEWISE_BEZIER_KNOTS.);
#311 = CARTESIAN_POINT('',(8.,-11.6));
#312 = CARTESIAN_POINT('',(11.4,-11.6));
#313 = ( GEOMETRIC_REPRESENTATION_CONTEXT(2) 
PARAMETRIC_REPRESENTATION_CONTEXT() REPRESENTATION_CONTEXT('2D SPACE',''
  ) );
#314 = PCURVE('',#315,#320);
#315 = PLANE('',#316);
#316 = AXIS2_PLACEMENT_3D('',#317,#318,#319);
#317 = CARTESIAN_POINT('',(10.7,-23.25,-8.4));
#318 = DIRECTION('',(0.,0.,1.));
#319 = DIRECTION('',(1.,0.,-0.));
#320 = DEFINITIONAL_REPRESENTATION('',(#321),#324);
#321 = B_SPLINE_CURVE_WITH_KNOTS('',1,(#322,#323),.UNSPECIFIED.,.F.,.F.,
  (2,2),(3.15,6.55),.PIECEWISE_BEZIER_KNOTS.);
#322 = CARTESIAN_POINT('',(-1.7,-4.1));
#323 = CARTESIAN_POINT('',(1.7,-4.1));
#324 = ( GEOMETRIC_REPRESENTATION_CONTEXT(2) 
PARAMETRIC_REPRESENTATION_CONTEXT() REPRESENTATION_CONTEXT('2D SPACE',''
  ) );
#325 = ORIENTED_EDGE('',*,*,#326,.T.);
#326 = EDGE_CURVE('',#301,#247,#327,.T.);
#327 = SURFACE_CURVE('',#328,(#332,#338),.PCURVE_S1.);
#328 = LINE('',#329,#330);
#329 = CARTESIAN_POINT('',(9.,-27.35,-17.8));
#330 = VECTOR('',#331,1.);
#331 = DIRECTION('',(-0.,0.,-1.));
#332 = PCURVE('',#32,#333);
#333 = DEFINITIONAL_REPRESENTATION('',(#334),#337);
#334 = B_SPLINE_CURVE_WITH_KNOTS('',1,(#335,#336),.UNSPECIFIED.,.F.,.F.,
  (2,2),(-9.4,-2.2),.PIECEWISE_BEZIER_KNOTS.);
#335 = CARTESIAN_POINT('',(8.,-11.6));
#336 = CARTESIAN_POINT('',(8.,-4.4));
#337 = ( GEOMETRIC_REPRESENTATION_CONTEXT(2) 
PARAMETRIC_REPRESENTATION_CONTEXT() REPRESENTATION_CONTEXT('2D SPACE',''
  ) );
#338 = PCURVE('',#339,#344);
#339 = PLANE('',#340);
#340 = AXIS2_PLACEMENT_3D('',#341,#342,#343);
#341 = CARTESIAN_POINT('',(9.,-18.15,-15.6));
#342 = DIRECTION('',(1.,0.,-0.));
#343 = DIRECTION('',(0.,-1.,0.));
#344 = DEFINITIONAL_REPRESENTATION('',(#345),#348);
#345 = B_SPLINE_CURVE_WITH_KNOTS('',1,(#346,#347),.UNSPECIFIED.,.F.,.F.,
  (2,2),(-9.4,-2.2),.PIECEWISE_BEZIER_KNOTS.);
#346 = CARTESIAN_POINT('',(9.2,-7.2));
#347 = CARTESIAN_POINT('',(9.2,0.));
#348 = ( GEOMETRIC_REPRESENTATION_CONTEXT(2) 
PARAMETRIC_REPRESENTATION_CONTEXT() REPRESENTATION_CONTEXT('2D SPACE',''
  ) );
#349 = ADVANCED_FACE('',(#350),#44,.F.);
#350 = FACE_BOUND('',#351,.F.);
#351 = EDGE_LOOP('',(#352,#380,#381,#405,#433,#462,#490,#519,#547,#576)
  );
#352 = ORIENTED_EDGE('',*,*,#353,.F.);
#353 = EDGE_CURVE('',#22,#354,#356,.T.);
#354 = VERTEX_POINT('',#355);
#355 = CARTESIAN_POINT('',(1.,-24.35,-20.));
#356 = SURFACE_CURVE('',#357,(#362,#373),.PCURVE_S1.);
#357 = CIRCLE('',#358,3.);
#358 = AXIS2_PLACEMENT_3D('',#359,#360,#361);
#359 = CARTESIAN_POINT('',(4.,-24.35,-20.));
#360 = DIRECTION('',(-0.,-0.,-1.));
#361 = DIRECTION('',(0.,-1.,0.));
#362 = PCURVE('',#44,#363);
#363 = DEFINITIONAL_REPRESENTATION('',(#364),#372);
#364 = ( BOUNDED_CURVE() B_SPLINE_CURVE(2,(#365,#366,#367,#368,#369,#370
,#371),.UNSPECIFIED.,.T.,.F.) B_SPLINE_CURVE_WITH_KNOTS((1,2,2,2,2,1),(
    -2.094395102393,0.,2.094395102393,4.188790204786,6.28318530718,
8.377580409573),.UNSPECIFIED.) CURVE() GEOMETRIC_REPRESENTATION_ITEM() 
RATIONAL_B_SPLINE_CURVE((1.,0.5,1.,0.5,1.,0.5,1.)) REPRESENTATION_ITEM(
  '') );
#365 = CARTESIAN_POINT('',(-8.175,-27.35));
#366 = CARTESIAN_POINT('',(-13.3711524227,-27.35));
#367 = CARTESIAN_POINT('',(-10.77307621135,-22.85));
#368 = CARTESIAN_POINT('',(-8.175,-18.35));
#369 = CARTESIAN_POINT('',(-5.576923788647,-22.85));
#370 = CARTESIAN_POINT('',(-2.978847577293,-27.35));
#371 = CARTESIAN_POINT('',(-8.175,-27.35));
#372 = ( GEOMETRIC_REPRESENTATION_CONTEXT(2) 
PARAMETRIC_REPRESENTATION_CONTEXT() REPRESENTATION_CONTEXT('2D SPACE',''
  ) );
#373 = PCURVE('',#72,#374);
#374 = DEFINITIONAL_REPRESENTATION('',(#375),#379);
#375 = LINE('',#376,#377);
#376 = CARTESIAN_POINT('',(-0.,0.));
#377 = VECTOR('',#378,1.);
#378 = DIRECTION('',(-1.,0.));
#379 = ( GEOMETRIC_REPRESENTATION_CONTEXT(2) 
PARAMETRIC_REPRESENTATION_CONTEXT() REPRESENTATION_CONTEXT('2D SPACE',''
  ) );
#380 = ORIENTED_EDGE('',*,*,#21,.T.);
#381 = ORIENTED_EDGE('',*,*,#382,.T.);
#382 = EDGE_CURVE('',#24,#383,#385,.T.);
#383 = VERTEX_POINT('',#384);
#384 = CARTESIAN_POINT('',(23.35,-24.35,-20.));
#385 = SURFACE_CURVE('',#386,(#391,#398),.PCURVE_S1.);
#386 = CIRCLE('',#387,3.);
#387 = AXIS2_PLACEMENT_3D('',#388,#389,#390);
#388 = CARTESIAN_POINT('',(20.35,-24.35,-20.));
#389 = DIRECTION('',(0.,0.,1.));
#390 = DIRECTION('',(0.,-1.,0.));
#391 = PCURVE('',#44,#392);
#392 = DEFINITIONAL_REPRESENTATION('',(#393),#397);
#393 = CIRCLE('',#394,3.);
#394 = AXIS2_PLACEMENT_2D('',#395,#396);
#395 = CARTESIAN_POINT('',(8.175,-24.35));
#396 = DIRECTION('',(0.,-1.));
#397 = ( GEOMETRIC_REPRESENTATION_CONTEXT(2) 
PARAMETRIC_REPRESENTATION_CONTEXT() REPRESENTATION_CONTEXT('2D SPACE',''
  ) );
#398 = PCURVE('',#126,#399);
#399 = DEFINITIONAL_REPRESENTATION('',(#400),#404);
#400 = LINE('',#401,#402);
#401 = CARTESIAN_POINT('',(0.,0.));
#402 = VECTOR('',#403,1.);
#403 = DIRECTION('',(1.,0.));
#404 = ( GEOMETRIC_REPRESENTATION_CONTEXT(2) 
PARAMETRIC_REPRESENTATION_CONTEXT() REPRESENTATION_CONTEXT('2D SPACE',''
  ) );
#405 = ORIENTED_EDGE('',*,*,#406,.T.);
#406 = EDGE_CURVE('',#383,#407,#409,.T.);
#407 = VERTEX_POINT('',#408);
#408 = CARTESIAN_POINT('',(23.35,24.35,-20.));
#409 = SURFACE_CURVE('',#410,(#414,#421),.PCURVE_S1.);
#410 = LINE('',#411,#412);
#411 = CARTESIAN_POINT('',(23.35,-27.35,-20.));
#412 = VECTOR('',#413,1.);
#413 = DIRECTION('',(0.,1.,0.));
#414 = PCURVE('',#44,#415);
#415 = DEFINITIONAL_REPRESENTATION('',(#416),#420);
#416 = LINE('',#417,#418);
#417 = CARTESIAN_POINT('',(11.175,-27.35));
#418 = VECTOR('',#419,1.);
#419 = DIRECTION('',(0.,1.));
#420 = ( GEOMETRIC_REPRESENTATION_CONTEXT(2) 
PARAMETRIC_REPRESENTATION_CONTEXT() REPRESENTATION_CONTEXT('2D SPACE',''
  ) );
#421 = PCURVE('',#422,#427);
#422 = PLANE('',#423);
#423 = AXIS2_PLACEMENT_3D('',#424,#425,#426);
#424 = CARTESIAN_POINT('',(23.35,-27.35,-20.));
#425 = DIRECTION('',(-1.,0.,0.));
#426 = DIRECTION('',(0.,1.,0.));
#427 = DEFINITIONAL_REPRESENTATION('',(#428),#432);
#428 = LINE('',#429,#430);
#429 = CARTESIAN_POINT('',(0.,0.));
#430 = VECTOR('',#431,1.);
#431 = DIRECTION('',(1.,0.));
#432 = ( GEOMETRIC_REPRESENTATION_CONTEXT(2) 
PARAMETRIC_REPRESENTATION_CONTEXT() REPRESENTATION_CONTEXT('2D SPACE',''
  ) );
#433 = ORIENTED_EDGE('',*,*,#434,.T.);
#434 = EDGE_CURVE('',#407,#435,#437,.T.);
#435 = VERTEX_POINT('',#436);
#436 = CARTESIAN_POINT('',(20.35,27.35,-20.));
#437 = SURFACE_CURVE('',#438,(#443,#450),.PCURVE_S1.);
#438 = CIRCLE('',#439,3.);
#439 = AXIS2_PLACEMENT_3D('',#440,#441,#442);
#440 = CARTESIAN_POINT('',(20.35,24.35,-20.));
#441 = DIRECTION('',(0.,0.,1.));
#442 = DIRECTION('',(0.,-1.,0.));
#443 = PCURVE('',#44,#444);
#444 = DEFINITIONAL_REPRESENTATION('',(#445),#449);
#445 = CIRCLE('',#446,3.);
#446 = AXIS2_PLACEMENT_2D('',#447,#448);
#447 = CARTESIAN_POINT('',(8.175,24.35));
#448 = DIRECTION('',(0.,-1.));
#449 = ( GEOMETRIC_REPRESENTATION_CONTEXT(2) 
PARAMETRIC_REPRESENTATION_CONTEXT() REPRESENTATION_CONTEXT('2D SPACE',''
  ) );
#450 = PCURVE('',#451,#456);
#451 = CYLINDRICAL_SURFACE('',#452,3.);
#452 = AXIS2_PLACEMENT_3D('',#453,#454,#455);
#453 = CARTESIAN_POINT('',(20.35,24.35,-20.));
#454 = DIRECTION('',(0.,0.,1.));
#455 = DIRECTION('',(1.,0.,-0.));
#456 = DEFINITIONAL_REPRESENTATION('',(#457),#461);
#457 = LINE('',#458,#459);
#458 = CARTESIAN_POINT('',(-1.570796326795,0.));
#459 = VECTOR('',#460,1.);
#460 = DIRECTION('',(1.,0.));
#461 = ( GEOMETRIC_REPRESENTATION_CONTEXT(2) 
PARAMETRIC_REPRESENTATION_CONTEXT() REPRESENTATION_CONTEXT('2D SPACE',''
  ) );
#462 = ORIENTED_EDGE('',*,*,#463,.T.);
#463 = EDGE_CURVE('',#435,#464,#466,.T.);
#464 = VERTEX_POINT('',#465);
#465 = CARTESIAN_POINT('',(4.,27.35,-20.));
#466 = SURFACE_CURVE('',#467,(#471,#478),.PCURVE_S1.);
#467 = LINE('',#468,#469);
#468 = CARTESIAN_POINT('',(23.35,27.35,-20.));
#469 = VECTOR('',#470,1.);
#470 = DIRECTION('',(-1.,0.,0.));
#471 = PCURVE('',#44,#472);
#472 = DEFINITIONAL_REPRESENTATION('',(#473),#477);
#473 = LINE('',#474,#475);
#474 = CARTESIAN_POINT('',(11.175,27.35));
#475 = VECTOR('',#476,1.);
#476 = DIRECTION('',(-1.,0.));
#477 = ( GEOMETRIC_REPRESENTATION_CONTEXT(2) 
PARAMETRIC_REPRESENTATION_CONTEXT() REPRESENTATION_CONTEXT('2D SPACE',''
  ) );
#478 = PCURVE('',#479,#484);
#479 = PLANE('',#480);
#480 = AXIS2_PLACEMENT_3D('',#481,#482,#483);
#481 = CARTESIAN_POINT('',(23.35,27.35,-20.));
#482 = DIRECTION('',(0.,-1.,0.));
#483 = DIRECTION('',(-1.,0.,0.));
#484 = DEFINITIONAL_REPRESENTATION('',(#485),#489);
#485 = LINE('',#486,#487);
#486 = CARTESIAN_POINT('',(0.,-0.));
#487 = VECTOR('',#488,1.);
#488 = DIRECTION('',(1.,0.));
#489 = ( GEOMETRIC_REPRESENTATION_CONTEXT(2) 
PARAMETRIC_REPRESENTATION_CONTEXT() REPRESENTATION_CONTEXT('2D SPACE',''
  ) );
#490 = ORIENTED_EDGE('',*,*,#491,.T.);
#491 = EDGE_CURVE('',#464,#492,#494,.T.);
#492 = VERTEX_POINT('',#493);
#493 = CARTESIAN_POINT('',(1.,24.35,-20.));
#494 = SURFACE_CURVE('',#495,(#500,#507),.PCURVE_S1.);
#495 = CIRCLE('',#496,3.);
#496 = AXIS2_PLACEMENT_3D('',#497,#498,#499);
#497 = CARTESIAN_POINT('',(4.,24.35,-20.));
#498 = DIRECTION('',(0.,0.,1.));
#499 = DIRECTION('',(0.,-1.,0.));
#500 = PCURVE('',#44,#501);
#501 = DEFINITIONAL_REPRESENTATION('',(#502),#506);
#502 = CIRCLE('',#503,3.);
#503 = AXIS2_PLACEMENT_2D('',#504,#505);
#504 = CARTESIAN_POINT('',(-8.175,24.35));
#505 = DIRECTION('',(0.,-1.));
#506 = ( GEOMETRIC_REPRESENTATION_CONTEXT(2) 
PARAMETRIC_REPRESENTATION_CONTEXT() REPRESENTATION_CONTEXT('2D SPACE',''
  ) );
#507 = PCURVE('',#508,#513);
#508 = CYLINDRICAL_SURFACE('',#509,3.);
#509 = AXIS2_PLACEMENT_3D('',#510,#511,#512);
#510 = CARTESIAN_POINT('',(4.,24.35,-20.));
#511 = DIRECTION('',(0.,0.,1.));
#512 = DIRECTION('',(-0.,1.,0.));
#513 = DEFINITIONAL_REPRESENTATION('',(#514),#518);
#514 = LINE('',#515,#516);
#515 = CARTESIAN_POINT('',(-3.14159265359,0.));
#516 = VECTOR('',#517,1.);
#517 = DIRECTION('',(1.,0.));
#518 = ( GEOMETRIC_REPRESENTATION_CONTEXT(2) 
PARAMETRIC_REPRESENTATION_CONTEXT() REPRESENTATION_CONTEXT('2D SPACE',''
  ) );
#519 = ORIENTED_EDGE('',*,*,#520,.T.);
#520 = EDGE_CURVE('',#492,#521,#523,.T.);
#521 = VERTEX_POINT('',#522);
#522 = CARTESIAN_POINT('',(1.,13.513049248782,-20.));
#523 = SURFACE_CURVE('',#524,(#528,#535),.PCURVE_S1.);
#524 = LINE('',#525,#526);
#525 = CARTESIAN_POINT('',(1.,27.35,-20.));
#526 = VECTOR('',#527,1.);
#527 = DIRECTION('',(0.,-1.,0.));
#528 = PCURVE('',#44,#529);
#529 = DEFINITIONAL_REPRESENTATION('',(#530),#534);
#530 = LINE('',#531,#532);
#531 = CARTESIAN_POINT('',(-11.175,27.35));
#532 = VECTOR('',#533,1.);
#533 = DIRECTION('',(0.,-1.));
#534 = ( GEOMETRIC_REPRESENTATION_CONTEXT(2) 
PARAMETRIC_REPRESENTATION_CONTEXT() REPRESENTATION_CONTEXT('2D SPACE',''
  ) );
#535 = PCURVE('',#536,#541);
#536 = PLANE('',#537);
#537 = AXIS2_PLACEMENT_3D('',#538,#539,#540);
#538 = CARTESIAN_POINT('',(1.,27.35,-20.));
#539 = DIRECTION('',(1.,0.,-0.));
#540 = DIRECTION('',(0.,-1.,0.));
#541 = DEFINITIONAL_REPRESENTATION('',(#542),#546);
#542 = LINE('',#543,#544);
#543 = CARTESIAN_POINT('',(0.,0.));
#544 = VECTOR('',#545,1.);
#545 = DIRECTION('',(1.,0.));
#546 = ( GEOMETRIC_REPRESENTATION_CONTEXT(2) 
PARAMETRIC_REPRESENTATION_CONTEXT() REPRESENTATION_CONTEXT('2D SPACE',''
  ) );
#547 = ORIENTED_EDGE('',*,*,#548,.F.);
#548 = EDGE_CURVE('',#549,#521,#551,.T.);
#549 = VERTEX_POINT('',#550);
#550 = CARTESIAN_POINT('',(1.,-13.51304924878,-20.));
#551 = SURFACE_CURVE('',#552,(#557,#564),.PCURVE_S1.);
#552 = CIRCLE('',#553,13.55);
#553 = AXIS2_PLACEMENT_3D('',#554,#555,#556);
#554 = CARTESIAN_POINT('',(0.,0.,-20.));
#555 = DIRECTION('',(0.,0.,1.));
#556 = DIRECTION('',(7.380073800738E-02,-0.99727300729,0.));
#557 = PCURVE('',#44,#558);
#558 = DEFINITIONAL_REPRESENTATION('',(#559),#563);
#559 = CIRCLE('',#560,13.55);
#560 = AXIS2_PLACEMENT_2D('',#561,#562);
#561 = CARTESIAN_POINT('',(-12.175,0.));
#562 = DIRECTION('',(7.380073800738E-02,-0.99727300729));
#563 = ( GEOMETRIC_REPRESENTATION_CONTEXT(2) 
PARAMETRIC_REPRESENTATION_CONTEXT() REPRESENTATION_CONTEXT('2D SPACE',''
  ) );
#564 = PCURVE('',#565,#570);
#565 = CYLINDRICAL_SURFACE('',#566,13.55);
#566 = AXIS2_PLACEMENT_3D('',#567,#568,#569);
#567 = CARTESIAN_POINT('',(0.,0.,-21.));
#568 = DIRECTION('',(0.,0.,1.));
#569 = DIRECTION('',(1.,0.,-0.));
#570 = DEFINITIONAL_REPRESENTATION('',(#571),#575);
#571 = LINE('',#572,#573);
#572 = CARTESIAN_POINT('',(4.786256876345,1.));
#573 = VECTOR('',#574,1.);
#574 = DIRECTION('',(1.,0.));
#575 = ( GEOMETRIC_REPRESENTATION_CONTEXT(2) 
PARAMETRIC_REPRESENTATION_CONTEXT() REPRESENTATION_CONTEXT('2D SPACE',''
  ) );
#576 = ORIENTED_EDGE('',*,*,#577,.T.);
#577 = EDGE_CURVE('',#549,#354,#578,.T.);
#578 = SURFACE_CURVE('',#579,(#583,#590),.PCURVE_S1.);
#579 = LINE('',#580,#581);
#580 = CARTESIAN_POINT('',(1.,27.35,-20.));
#581 = VECTOR('',#582,1.);
#582 = DIRECTION('',(0.,-1.,0.));
#583 = PCURVE('',#44,#584);
#584 = DEFINITIONAL_REPRESENTATION('',(#585),#589);
#585 = LINE('',#586,#587);
#586 = CARTESIAN_POINT('',(-11.175,27.35));
#587 = VECTOR('',#588,1.);
#588 = DIRECTION('',(0.,-1.));
#589 = ( GEOMETRIC_REPRESENTATION_CONTEXT(2) 
PARAMETRIC_REPRESENTATION_CONTEXT() REPRESENTATION_CONTEXT('2D SPACE',''
  ) );
#590 = PCURVE('',#591,#596);
#591 = PLANE('',#592);
#592 = AXIS2_PLACEMENT_3D('',#593,#594,#595);
#593 = CARTESIAN_POINT('',(1.,27.35,-20.));
#594 = DIRECTION('',(1.,0.,-0.));
#595 = DIRECTION('',(0.,-1.,0.));
#596 = DEFINITIONAL_REPRESENTATION('',(#597),#601);
#597 = LINE('',#598,#599);
#598 = CARTESIAN_POINT('',(0.,0.));
#599 = VECTOR('',#600,1.);
#600 = DIRECTION('',(1.,0.));
#601 = ( GEOMETRIC_REPRESENTATION_CONTEXT(2) 
PARAMETRIC_REPRESENTATION_CONTEXT() REPRESENTATION_CONTEXT('2D SPACE',''
  ) );
#602 = ADVANCED_FACE('',(#603),#72,.T.);
#603 = FACE_BOUND('',#604,.F.);
#604 = EDGE_LOOP('',(#605,#606,#629,#655));
#605 = ORIENTED_EDGE('',*,*,#353,.T.);
#606 = ORIENTED_EDGE('',*,*,#607,.T.);
#607 = EDGE_CURVE('',#354,#608,#610,.T.);
#608 = VERTEX_POINT('',#609);
#609 = CARTESIAN_POINT('',(1.,-24.35,20.));
#610 = SURFACE_CURVE('',#611,(#615,#622),.PCURVE_S1.);
#611 = LINE('',#612,#613);
#612 = CARTESIAN_POINT('',(1.,-24.35,-20.));
#613 = VECTOR('',#614,1.);
#614 = DIRECTION('',(0.,0.,1.));
#615 = PCURVE('',#72,#616);
#616 = DEFINITIONAL_REPRESENTATION('',(#617),#621);
#617 = LINE('',#618,#619);
#618 = CARTESIAN_POINT('',(-1.570796326795,0.));
#619 = VECTOR('',#620,1.);
#620 = DIRECTION('',(-0.,1.));
#621 = ( GEOMETRIC_REPRESENTATION_CONTEXT(2) 
PARAMETRIC_REPRESENTATION_CONTEXT() REPRESENTATION_CONTEXT('2D SPACE',''
  ) );
#622 = PCURVE('',#591,#623);
#623 = DEFINITIONAL_REPRESENTATION('',(#624),#628);
#624 = LINE('',#625,#626);
#625 = CARTESIAN_POINT('',(51.7,0.));
#626 = VECTOR('',#627,1.);
#627 = DIRECTION('',(0.,-1.));
#628 = ( GEOMETRIC_REPRESENTATION_CONTEXT(2) 
PARAMETRIC_REPRESENTATION_CONTEXT() REPRESENTATION_CONTEXT('2D SPACE',''
  ) );
#629 = ORIENTED_EDGE('',*,*,#630,.F.);
#630 = EDGE_CURVE('',#57,#608,#631,.T.);
#631 = SURFACE_CURVE('',#632,(#637,#644),.PCURVE_S1.);
#632 = CIRCLE('',#633,3.);
#633 = AXIS2_PLACEMENT_3D('',#634,#635,#636);
#634 = CARTESIAN_POINT('',(4.,-24.35,20.));
#635 = DIRECTION('',(-0.,-0.,-1.));
#636 = DIRECTION('',(0.,-1.,0.));
#637 = PCURVE('',#72,#638);
#638 = DEFINITIONAL_REPRESENTATION('',(#639),#643);
#639 = LINE('',#640,#641);
#640 = CARTESIAN_POINT('',(-0.,40.));
#641 = VECTOR('',#642,1.);
#642 = DIRECTION('',(-1.,0.));
#643 = ( GEOMETRIC_REPRESENTATION_CONTEXT(2) 
PARAMETRIC_REPRESENTATION_CONTEXT() REPRESENTATION_CONTEXT('2D SPACE',''
  ) );
#644 = PCURVE('',#100,#645);
#645 = DEFINITIONAL_REPRESENTATION('',(#646),#654);
#646 = ( BOUNDED_CURVE() B_SPLINE_CURVE(2,(#647,#648,#649,#650,#651,#652
,#653),.UNSPECIFIED.,.T.,.F.) B_SPLINE_CURVE_WITH_KNOTS((1,2,2,2,2,1),(
    -2.094395102393,0.,2.094395102393,4.188790204786,6.28318530718,
8.377580409573),.UNSPECIFIED.) CURVE() GEOMETRIC_REPRESENTATION_ITEM() 
RATIONAL_B_SPLINE_CURVE((1.,0.5,1.,0.5,1.,0.5,1.)) REPRESENTATION_ITEM(
  '') );
#647 = CARTESIAN_POINT('',(-8.175,-27.35));
#648 = CARTESIAN_POINT('',(-13.3711524227,-27.35));
#649 = CARTESIAN_POINT('',(-10.77307621135,-22.85));
#650 = CARTESIAN_POINT('',(-8.175,-18.35));
#651 = CARTESIAN_POINT('',(-5.576923788647,-22.85));
#652 = CARTESIAN_POINT('',(-2.978847577293,-27.35));
#653 = CARTESIAN_POINT('',(-8.175,-27.35));
#654 = ( GEOMETRIC_REPRESENTATION_CONTEXT(2) 
PARAMETRIC_REPRESENTATION_CONTEXT() REPRESENTATION_CONTEXT('2D SPACE',''
  ) );
#655 = ORIENTED_EDGE('',*,*,#56,.F.);
#656 = ADVANCED_FACE('',(#657),#126,.T.);
#657 = FACE_BOUND('',#658,.T.);
#658 = EDGE_LOOP('',(#659,#660,#683,#705));
#659 = ORIENTED_EDGE('',*,*,#382,.T.);
#660 = ORIENTED_EDGE('',*,*,#661,.T.);
#661 = EDGE_CURVE('',#383,#662,#664,.T.);
#662 = VERTEX_POINT('',#663);
#663 = CARTESIAN_POINT('',(23.35,-24.35,20.));
#664 = SURFACE_CURVE('',#665,(#669,#676),.PCURVE_S1.);
#665 = LINE('',#666,#667);
#666 = CARTESIAN_POINT('',(23.35,-24.35,-20.));
#667 = VECTOR('',#668,1.);
#668 = DIRECTION('',(0.,0.,1.));
#669 = PCURVE('',#126,#670);
#670 = DEFINITIONAL_REPRESENTATION('',(#671),#675);
#671 = LINE('',#672,#673);
#672 = CARTESIAN_POINT('',(1.570796326795,0.));
#673 = VECTOR('',#674,1.);
#674 = DIRECTION('',(0.,1.));
#675 = ( GEOMETRIC_REPRESENTATION_CONTEXT(2) 
PARAMETRIC_REPRESENTATION_CONTEXT() REPRESENTATION_CONTEXT('2D SPACE',''
  ) );
#676 = PCURVE('',#422,#677);
#677 = DEFINITIONAL_REPRESENTATION('',(#678),#682);
#678 = LINE('',#679,#680);
#679 = CARTESIAN_POINT('',(3.,0.));
#680 = VECTOR('',#681,1.);
#681 = DIRECTION('',(0.,-1.));
#682 = ( GEOMETRIC_REPRESENTATION_CONTEXT(2) 
PARAMETRIC_REPRESENTATION_CONTEXT() REPRESENTATION_CONTEXT('2D SPACE',''
  ) );
#683 = ORIENTED_EDGE('',*,*,#684,.F.);
#684 = EDGE_CURVE('',#85,#662,#685,.T.);
#685 = SURFACE_CURVE('',#686,(#691,#698),.PCURVE_S1.);
#686 = CIRCLE('',#687,3.);
#687 = AXIS2_PLACEMENT_3D('',#688,#689,#690);
#688 = CARTESIAN_POINT('',(20.35,-24.35,20.));
#689 = DIRECTION('',(0.,0.,1.));
#690 = DIRECTION('',(0.,-1.,0.));
#691 = PCURVE('',#126,#692);
#692 = DEFINITIONAL_REPRESENTATION('',(#693),#697);
#693 = LINE('',#694,#695);
#694 = CARTESIAN_POINT('',(0.,40.));
#695 = VECTOR('',#696,1.);
#696 = DIRECTION('',(1.,0.));
#697 = ( GEOMETRIC_REPRESENTATION_CONTEXT(2) 
PARAMETRIC_REPRESENTATION_CONTEXT() REPRESENTATION_CONTEXT('2D SPACE',''
  ) );
#698 = PCURVE('',#100,#699);
#699 = DEFINITIONAL_REPRESENTATION('',(#700),#704);
#700 = CIRCLE('',#701,3.);
#701 = AXIS2_PLACEMENT_2D('',#702,#703);
#702 = CARTESIAN_POINT('',(8.175,-24.35));
#703 = DIRECTION('',(0.,-1.));
#704 = ( GEOMETRIC_REPRESENTATION_CONTEXT(2) 
PARAMETRIC_REPRESENTATION_CONTEXT() REPRESENTATION_CONTEXT('2D SPACE',''
  ) );
#705 = ORIENTED_EDGE('',*,*,#112,.F.);
#706 = ADVANCED_FACE('',(#707),#100,.T.);
#707 = FACE_BOUND('',#708,.T.);
#708 = EDGE_LOOP('',(#709,#710,#711,#712,#735,#759,#782,#806,#829,#857)
  );
#709 = ORIENTED_EDGE('',*,*,#630,.F.);
#710 = ORIENTED_EDGE('',*,*,#84,.T.);
#711 = ORIENTED_EDGE('',*,*,#684,.T.);
#712 = ORIENTED_EDGE('',*,*,#713,.T.);
#713 = EDGE_CURVE('',#662,#714,#716,.T.);
#714 = VERTEX_POINT('',#715);
#715 = CARTESIAN_POINT('',(23.35,24.35,20.));
#716 = SURFACE_CURVE('',#717,(#721,#728),.PCURVE_S1.);
#717 = LINE('',#718,#719);
#718 = CARTESIAN_POINT('',(23.35,-27.35,20.));
#719 = VECTOR('',#720,1.);
#720 = DIRECTION('',(0.,1.,0.));
#721 = PCURVE('',#100,#722);
#722 = DEFINITIONAL_REPRESENTATION('',(#723),#727);
#723 = LINE('',#724,#725);
#724 = CARTESIAN_POINT('',(11.175,-27.35));
#725 = VECTOR('',#726,1.);
#726 = DIRECTION('',(0.,1.));
#727 = ( GEOMETRIC_REPRESENTATION_CONTEXT(2) 
PARAMETRIC_REPRESENTATION_CONTEXT() REPRESENTATION_CONTEXT('2D SPACE',''
  ) );
#728 = PCURVE('',#422,#729);
#729 = DEFINITIONAL_REPRESENTATION('',(#730),#734);
#730 = LINE('',#731,#732);
#731 = CARTESIAN_POINT('',(0.,-40.));
#732 = VECTOR('',#733,1.);
#733 = DIRECTION('',(1.,0.));
#734 = ( GEOMETRIC_REPRESENTATION_CONTEXT(2) 
PARAMETRIC_REPRESENTATION_CONTEXT() REPRESENTATION_CONTEXT('2D SPACE',''
  ) );
#735 = ORIENTED_EDGE('',*,*,#736,.T.);
#736 = EDGE_CURVE('',#714,#737,#739,.T.);
#737 = VERTEX_POINT('',#738);
#738 = CARTESIAN_POINT('',(20.35,27.35,20.));
#739 = SURFACE_CURVE('',#740,(#745,#752),.PCURVE_S1.);
#740 = CIRCLE('',#741,3.);
#741 = AXIS2_PLACEMENT_3D('',#742,#743,#744);
#742 = CARTESIAN_POINT('',(20.35,24.35,20.));
#743 = DIRECTION('',(0.,0.,1.));
#744 = DIRECTION('',(0.,-1.,0.));
#745 = PCURVE('',#100,#746);
#746 = DEFINITIONAL_REPRESENTATION('',(#747),#751);
#747 = CIRCLE('',#748,3.);
#748 = AXIS2_PLACEMENT_2D('',#749,#750);
#749 = CARTESIAN_POINT('',(8.175,24.35));
#750 = DIRECTION('',(0.,-1.));
#751 = ( GEOMETRIC_REPRESENTATION_CONTEXT(2) 
PARAMETRIC_REPRESENTATION_CONTEXT() REPRESENTATION_CONTEXT('2D SPACE',''
  ) );
#752 = PCURVE('',#451,#753);
#753 = DEFINITIONAL_REPRESENTATION('',(#754),#758);
#754 = LINE('',#755,#756);
#755 = CARTESIAN_POINT('',(-1.570796326795,40.));
#756 = VECTOR('',#757,1.);
#757 = DIRECTION('',(1.,0.));
#758 = ( GEOMETRIC_REPRESENTATION_CONTEXT(2) 
PARAMETRIC_REPRESENTATION_CONTEXT() REPRESENTATION_CONTEXT('2D SPACE',''
  ) );
#759 = ORIENTED_EDGE('',*,*,#760,.T.);
#760 = EDGE_CURVE('',#737,#761,#763,.T.);
#761 = VERTEX_POINT('',#762);
#762 = CARTESIAN_POINT('',(4.,27.35,20.));
#763 = SURFACE_CURVE('',#764,(#768,#775),.PCURVE_S1.);
#764 = LINE('',#765,#766);
#765 = CARTESIAN_POINT('',(23.35,27.35,20.));
#766 = VECTOR('',#767,1.);
#767 = DIRECTION('',(-1.,0.,0.));
#768 = PCURVE('',#100,#769);
#769 = DEFINITIONAL_REPRESENTATION('',(#770),#774);
#770 = LINE('',#771,#772);
#771 = CARTESIAN_POINT('',(11.175,27.35));
#772 = VECTOR('',#773,1.);
#773 = DIRECTION('',(-1.,0.));
#774 = ( GEOMETRIC_REPRESENTATION_CONTEXT(2) 
PARAMETRIC_REPRESENTATION_CONTEXT() REPRESENTATION_CONTEXT('2D SPACE',''
  ) );
#775 = PCURVE('',#479,#776);
#776 = DEFINITIONAL_REPRESENTATION('',(#777),#781);
#777 = LINE('',#778,#779);
#778 = CARTESIAN_POINT('',(0.,-40.));
#779 = VECTOR('',#780,1.);
#780 = DIRECTION('',(1.,0.));
#781 = ( GEOMETRIC_REPRESENTATION_CONTEXT(2) 
PARAMETRIC_REPRESENTATION_CONTEXT() REPRESENTATION_CONTEXT('2D SPACE',''
  ) );
#782 = ORIENTED_EDGE('',*,*,#783,.T.);
#783 = EDGE_CURVE('',#761,#784,#786,.T.);
#784 = VERTEX_POINT('',#785);
#785 = CARTESIAN_POINT('',(1.,24.35,20.));
#786 = SURFACE_CURVE('',#787,(#792,#799),.PCURVE_S1.);
#787 = CIRCLE('',#788,3.);
#788 = AXIS2_PLACEMENT_3D('',#789,#790,#791);
#789 = CARTESIAN_POINT('',(4.,24.35,20.));
#790 = DIRECTION('',(0.,0.,1.));
#791 = DIRECTION('',(0.,-1.,0.));
#792 = PCURVE('',#100,#793);
#793 = DEFINITIONAL_REPRESENTATION('',(#794),#798);
#794 = CIRCLE('',#795,3.);
#795 = AXIS2_PLACEMENT_2D('',#796,#797);
#796 = CARTESIAN_POINT('',(-8.175,24.35));
#797 = DIRECTION('',(0.,-1.));
#798 = ( GEOMETRIC_REPRESENTATION_CONTEXT(2) 
PARAMETRIC_REPRESENTATION_CONTEXT() REPRESENTATION_CONTEXT('2D SPACE',''
  ) );
#799 = PCURVE('',#508,#800);
#800 = DEFINITIONAL_REPRESENTATION('',(#801),#805);
#801 = LINE('',#802,#803);
#802 = CARTESIAN_POINT('',(-3.14159265359,40.));
#803 = VECTOR('',#804,1.);
#804 = DIRECTION('',(1.,0.));
#805 = ( GEOMETRIC_REPRESENTATION_CONTEXT(2) 
PARAMETRIC_REPRESENTATION_CONTEXT() REPRESENTATION_CONTEXT('2D SPACE',''
  ) );
#806 = ORIENTED_EDGE('',*,*,#807,.T.);
#807 = EDGE_CURVE('',#784,#808,#810,.T.);
#808 = VERTEX_POINT('',#809);
#809 = CARTESIAN_POINT('',(1.,13.513049248782,20.));
#810 = SURFACE_CURVE('',#811,(#815,#822),.PCURVE_S1.);
#811 = LINE('',#812,#813);
#812 = CARTESIAN_POINT('',(1.,27.35,20.));
#813 = VECTOR('',#814,1.);
#814 = DIRECTION('',(0.,-1.,0.));
#815 = PCURVE('',#100,#816);
#816 = DEFINITIONAL_REPRESENTATION('',(#817),#821);
#817 = LINE('',#818,#819);
#818 = CARTESIAN_POINT('',(-11.175,27.35));
#819 = VECTOR('',#820,1.);
#820 = DIRECTION('',(0.,-1.));
#821 = ( GEOMETRIC_REPRESENTATION_CONTEXT(2) 
PARAMETRIC_REPRESENTATION_CONTEXT() REPRESENTATION_CONTEXT('2D SPACE',''
  ) );
#822 = PCURVE('',#536,#823);
#823 = DEFINITIONAL_REPRESENTATION('',(#824),#828);
#824 = LINE('',#825,#826);
#825 = CARTESIAN_POINT('',(0.,-40.));
#826 = VECTOR('',#827,1.);
#827 = DIRECTION('',(1.,0.));
#828 = ( GEOMETRIC_REPRESENTATION_CONTEXT(2) 
PARAMETRIC_REPRESENTATION_CONTEXT() REPRESENTATION_CONTEXT('2D SPACE',''
  ) );
#829 = ORIENTED_EDGE('',*,*,#830,.T.);
#830 = EDGE_CURVE('',#808,#831,#833,.T.);
#831 = VERTEX_POINT('',#832);
#832 = CARTESIAN_POINT('',(1.,-13.51304924878,20.));
#833 = SURFACE_CURVE('',#834,(#839,#850),.PCURVE_S1.);
#834 = CIRCLE('',#835,13.55);
#835 = AXIS2_PLACEMENT_3D('',#836,#837,#838);
#836 = CARTESIAN_POINT('',(0.,0.,20.));
#837 = DIRECTION('',(0.,0.,-1.));
#838 = DIRECTION('',(7.380073800738E-02,0.99727300729,0.));
#839 = PCURVE('',#100,#840);
#840 = DEFINITIONAL_REPRESENTATION('',(#841),#849);
#841 = ( BOUNDED_CURVE() B_SPLINE_CURVE(2,(#842,#843,#844,#845,#846,#847
,#848),.UNSPECIFIED.,.T.,.F.) B_SPLINE_CURVE_WITH_KNOTS((1,2,2,2,2,1),(
    -2.094395102393,0.,2.094395102393,4.188790204786,6.28318530718,
8.377580409573),.UNSPECIFIED.) CURVE() GEOMETRIC_REPRESENTATION_ITEM() 
RATIONAL_B_SPLINE_CURVE((1.,0.5,1.,0.5,1.,0.5,1.)) REPRESENTATION_ITEM(
  '') );
#842 = CARTESIAN_POINT('',(-11.175,13.513049248782));
#843 = CARTESIAN_POINT('',(12.23028786407,11.780998441213));
#844 = CARTESIAN_POINT('',(-0.972356067965,-7.622550028175));
#845 = CARTESIAN_POINT('',(-14.175,-27.02609849756));
#846 = CARTESIAN_POINT('',(-24.37764393203,-5.890499220606));
#847 = CARTESIAN_POINT('',(-34.58028786407,15.245100056351));
#848 = CARTESIAN_POINT('',(-11.175,13.513049248782));
#849 = ( GEOMETRIC_REPRESENTATION_CONTEXT(2) 
PARAMETRIC_REPRESENTATION_CONTEXT() REPRESENTATION_CONTEXT('2D SPACE',''
  ) );
#850 = PCURVE('',#565,#851);
#851 = DEFINITIONAL_REPRESENTATION('',(#852),#856);
#852 = LINE('',#853,#854);
#853 = CARTESIAN_POINT('',(7.780113738014,41.));
#854 = VECTOR('',#855,1.);
#855 = DIRECTION('',(-1.,-0.));
#856 = ( GEOMETRIC_REPRESENTATION_CONTEXT(2) 
PARAMETRIC_REPRESENTATION_CONTEXT() REPRESENTATION_CONTEXT('2D SPACE',''
  ) );
#857 = ORIENTED_EDGE('',*,*,#858,.T.);
#858 = EDGE_CURVE('',#831,#608,#859,.T.);
#859 = SURFACE_CURVE('',#860,(#864,#871),.PCURVE_S1.);
#860 = LINE('',#861,#862);
#861 = CARTESIAN_POINT('',(1.,27.35,20.));
#862 = VECTOR('',#863,1.);
#863 = DIRECTION('',(0.,-1.,0.));
#864 = PCURVE('',#100,#865);
#865 = DEFINITIONAL_REPRESENTATION('',(#866),#870);
#866 = LINE('',#867,#868);
#867 = CARTESIAN_POINT('',(-11.175,27.35));
#868 = VECTOR('',#869,1.);
#869 = DIRECTION('',(0.,-1.));
#870 = ( GEOMETRIC_REPRESENTATION_CONTEXT(2) 
PARAMETRIC_REPRESENTATION_CONTEXT() REPRESENTATION_CONTEXT('2D SPACE',''
  ) );
#871 = PCURVE('',#591,#872);
#872 = DEFINITIONAL_REPRESENTATION('',(#873),#877);
#873 = LINE('',#874,#875);
#874 = CARTESIAN_POINT('',(0.,-40.));
#875 = VECTOR('',#876,1.);
#876 = DIRECTION('',(1.,0.));
#877 = ( GEOMETRIC_REPRESENTATION_CONTEXT(2) 
PARAMETRIC_REPRESENTATION_CONTEXT() REPRESENTATION_CONTEXT('2D SPACE',''
  ) );
#878 = ADVANCED_FACE('',(#879),#157,.T.);
#879 = FACE_BOUND('',#880,.T.);
#880 = EDGE_LOOP('',(#881,#904,#905,#928));
#881 = ORIENTED_EDGE('',*,*,#882,.T.);
#882 = EDGE_CURVE('',#883,#141,#885,.T.);
#883 = VERTEX_POINT('',#884);
#884 = CARTESIAN_POINT('',(9.,-18.15,8.4));
#885 = SURFACE_CURVE('',#886,(#890,#897),.PCURVE_S1.);
#886 = LINE('',#887,#888);
#887 = CARTESIAN_POINT('',(9.,-18.15,8.4));
#888 = VECTOR('',#889,1.);
#889 = DIRECTION('',(0.,-1.,0.));
#890 = PCURVE('',#157,#891);
#891 = DEFINITIONAL_REPRESENTATION('',(#892),#896);
#892 = LINE('',#893,#894);
#893 = CARTESIAN_POINT('',(-1.7,5.1));
#894 = VECTOR('',#895,1.);
#895 = DIRECTION('',(0.,-1.));
#896 = ( GEOMETRIC_REPRESENTATION_CONTEXT(2) 
PARAMETRIC_REPRESENTATION_CONTEXT() REPRESENTATION_CONTEXT('2D SPACE',''
  ) );
#897 = PCURVE('',#233,#898);
#898 = DEFINITIONAL_REPRESENTATION('',(#899),#903);
#899 = LINE('',#900,#901);
#900 = CARTESIAN_POINT('',(0.,0.));
#901 = VECTOR('',#902,1.);
#902 = DIRECTION('',(1.,0.));
#903 = ( GEOMETRIC_REPRESENTATION_CONTEXT(2) 
PARAMETRIC_REPRESENTATION_CONTEXT() REPRESENTATION_CONTEXT('2D SPACE',''
  ) );
#904 = ORIENTED_EDGE('',*,*,#140,.T.);
#905 = ORIENTED_EDGE('',*,*,#906,.T.);
#906 = EDGE_CURVE('',#143,#907,#909,.T.);
#907 = VERTEX_POINT('',#908);
#908 = CARTESIAN_POINT('',(12.4,-18.15,8.4));
#909 = SURFACE_CURVE('',#910,(#914,#921),.PCURVE_S1.);
#910 = LINE('',#911,#912);
#911 = CARTESIAN_POINT('',(12.4,-28.35,8.4));
#912 = VECTOR('',#913,1.);
#913 = DIRECTION('',(0.,1.,0.));
#914 = PCURVE('',#157,#915);
#915 = DEFINITIONAL_REPRESENTATION('',(#916),#920);
#916 = LINE('',#917,#918);
#917 = CARTESIAN_POINT('',(1.7,-5.1));
#918 = VECTOR('',#919,1.);
#919 = DIRECTION('',(0.,1.));
#920 = ( GEOMETRIC_REPRESENTATION_CONTEXT(2) 
PARAMETRIC_REPRESENTATION_CONTEXT() REPRESENTATION_CONTEXT('2D SPACE',''
  ) );
#921 = PCURVE('',#183,#922);
#922 = DEFINITIONAL_REPRESENTATION('',(#923),#927);
#923 = LINE('',#924,#925);
#924 = CARTESIAN_POINT('',(0.,0.));
#925 = VECTOR('',#926,1.);
#926 = DIRECTION('',(1.,0.));
#927 = ( GEOMETRIC_REPRESENTATION_CONTEXT(2) 
PARAMETRIC_REPRESENTATION_CONTEXT() REPRESENTATION_CONTEXT('2D SPACE',''
  ) );
#928 = ORIENTED_EDGE('',*,*,#929,.T.);
#929 = EDGE_CURVE('',#907,#883,#930,.T.);
#930 = SURFACE_CURVE('',#931,(#935,#942),.PCURVE_S1.);
#931 = LINE('',#932,#933);
#932 = CARTESIAN_POINT('',(12.4,-18.15,8.4));
#933 = VECTOR('',#934,1.);
#934 = DIRECTION('',(-1.,0.,0.));
#935 = PCURVE('',#157,#936);
#936 = DEFINITIONAL_REPRESENTATION('',(#937),#941);
#937 = LINE('',#938,#939);
#938 = CARTESIAN_POINT('',(1.7,5.1));
#939 = VECTOR('',#940,1.);
#940 = DIRECTION('',(-1.,0.));
#941 = ( GEOMETRIC_REPRESENTATION_CONTEXT(2) 
PARAMETRIC_REPRESENTATION_CONTEXT() REPRESENTATION_CONTEXT('2D SPACE',''
  ) );
#942 = PCURVE('',#943,#948);
#943 = PLANE('',#944);
#944 = AXIS2_PLACEMENT_3D('',#945,#946,#947);
#945 = CARTESIAN_POINT('',(12.4,-18.15,8.4));
#946 = DIRECTION('',(0.,-1.,0.));
#947 = DIRECTION('',(-1.,0.,0.));
#948 = DEFINITIONAL_REPRESENTATION('',(#949),#953);
#949 = LINE('',#950,#951);
#950 = CARTESIAN_POINT('',(0.,-0.));
#951 = VECTOR('',#952,1.);
#952 = DIRECTION('',(1.,0.));
#953 = ( GEOMETRIC_REPRESENTATION_CONTEXT(2) 
PARAMETRIC_REPRESENTATION_CONTEXT() REPRESENTATION_CONTEXT('2D SPACE',''
  ) );
#954 = ADVANCED_FACE('',(#955,#1003),#233,.T.);
#955 = FACE_BOUND('',#956,.T.);
#956 = EDGE_LOOP('',(#957,#958,#981,#1002));
#957 = ORIENTED_EDGE('',*,*,#882,.F.);
#958 = ORIENTED_EDGE('',*,*,#959,.T.);
#959 = EDGE_CURVE('',#883,#960,#962,.T.);
#960 = VERTEX_POINT('',#961);
#961 = CARTESIAN_POINT('',(9.,-18.15,15.6));
#962 = SURFACE_CURVE('',#963,(#967,#974),.PCURVE_S1.);
#963 = LINE('',#964,#965);
#964 = CARTESIAN_POINT('',(9.,-18.15,8.4));
#965 = VECTOR('',#966,1.);
#966 = DIRECTION('',(0.,0.,1.));
#967 = PCURVE('',#233,#968);
#968 = DEFINITIONAL_REPRESENTATION('',(#969),#973);
#969 = LINE('',#970,#971);
#970 = CARTESIAN_POINT('',(0.,0.));
#971 = VECTOR('',#972,1.);
#972 = DIRECTION('',(0.,-1.));
#973 = ( GEOMETRIC_REPRESENTATION_CONTEXT(2) 
PARAMETRIC_REPRESENTATION_CONTEXT() REPRESENTATION_CONTEXT('2D SPACE',''
  ) );
#974 = PCURVE('',#943,#975);
#975 = DEFINITIONAL_REPRESENTATION('',(#976),#980);
#976 = LINE('',#977,#978);
#977 = CARTESIAN_POINT('',(3.4,0.));
#978 = VECTOR('',#979,1.);
#979 = DIRECTION('',(0.,-1.));
#980 = ( GEOMETRIC_REPRESENTATION_CONTEXT(2) 
PARAMETRIC_REPRESENTATION_CONTEXT() REPRESENTATION_CONTEXT('2D SPACE',''
  ) );
#981 = ORIENTED_EDGE('',*,*,#982,.T.);
#982 = EDGE_CURVE('',#960,#195,#983,.T.);
#983 = SURFACE_CURVE('',#984,(#988,#995),.PCURVE_S1.);
#984 = LINE('',#985,#986);
#985 = CARTESIAN_POINT('',(9.,-18.15,15.6));
#986 = VECTOR('',#987,1.);
#987 = DIRECTION('',(0.,-1.,0.));
#988 = PCURVE('',#233,#989);
#989 = DEFINITIONAL_REPRESENTATION('',(#990),#994);
#990 = LINE('',#991,#992);
#991 = CARTESIAN_POINT('',(0.,-7.2));
#992 = VECTOR('',#993,1.);
#993 = DIRECTION('',(1.,0.));
#994 = ( GEOMETRIC_REPRESENTATION_CONTEXT(2) 
PARAMETRIC_REPRESENTATION_CONTEXT() REPRESENTATION_CONTEXT('2D SPACE',''
  ) );
#995 = PCURVE('',#209,#996);
#996 = DEFINITIONAL_REPRESENTATION('',(#997),#1001);
#997 = LINE('',#998,#999);
#998 = CARTESIAN_POINT('',(-1.7,5.1));
#999 = VECTOR('',#1000,1.);
#1000 = DIRECTION('',(0.,-1.));
#1001 = ( GEOMETRIC_REPRESENTATION_CONTEXT(2) 
PARAMETRIC_REPRESENTATION_CONTEXT() REPRESENTATION_CONTEXT('2D SPACE',''
  ) );
#1002 = ORIENTED_EDGE('',*,*,#220,.T.);
#1003 = FACE_BOUND('',#1004,.T.);
#1004 = EDGE_LOOP('',(#1005));
#1005 = ORIENTED_EDGE('',*,*,#1006,.F.);
#1006 = EDGE_CURVE('',#1007,#1007,#1009,.T.);
#1007 = VERTEX_POINT('',#1008);
#1008 = CARTESIAN_POINT('',(9.,-21.85,14.2));
#1009 = SURFACE_CURVE('',#1010,(#1015,#1022),.PCURVE_S1.);
#1010 = CIRCLE('',#1011,2.2);
#1011 = AXIS2_PLACEMENT_3D('',#1012,#1013,#1014);
#1012 = CARTESIAN_POINT('',(9.,-21.85,12.));
#1013 = DIRECTION('',(1.,0.,0.));
#1014 = DIRECTION('',(-0.,0.,1.));
#1015 = PCURVE('',#233,#1016);
#1016 = DEFINITIONAL_REPRESENTATION('',(#1017),#1021);
#1017 = CIRCLE('',#1018,2.2);
#1018 = AXIS2_PLACEMENT_2D('',#1019,#1020);
#1019 = CARTESIAN_POINT('',(3.7,-3.6));
#1020 = DIRECTION('',(0.,-1.));
#1021 = ( GEOMETRIC_REPRESENTATION_CONTEXT(2) 
PARAMETRIC_REPRESENTATION_CONTEXT() REPRESENTATION_CONTEXT('2D SPACE',''
  ) );
#1022 = PCURVE('',#1023,#1028);
#1023 = CYLINDRICAL_SURFACE('',#1024,2.2);
#1024 = AXIS2_PLACEMENT_3D('',#1025,#1026,#1027);
#1025 = CARTESIAN_POINT('',(0.,-21.85,12.));
#1026 = DIRECTION('',(1.,0.,0.));
#1027 = DIRECTION('',(-0.,0.,1.));
#1028 = DEFINITIONAL_REPRESENTATION('',(#1029),#1033);
#1029 = LINE('',#1030,#1031);
#1030 = CARTESIAN_POINT('',(0.,9.));
#1031 = VECTOR('',#1032,1.);
#1032 = DIRECTION('',(1.,0.));
#1033 = ( GEOMETRIC_REPRESENTATION_CONTEXT(2) 
PARAMETRIC_REPRESENTATION_CONTEXT() REPRESENTATION_CONTEXT('2D SPACE',''
  ) );
#1034 = ADVANCED_FACE('',(#1035),#209,.F.);
#1035 = FACE_BOUND('',#1036,.F.);
#1036 = EDGE_LOOP('',(#1037,#1038,#1039,#1062));
#1037 = ORIENTED_EDGE('',*,*,#982,.T.);
#1038 = ORIENTED_EDGE('',*,*,#194,.T.);
#1039 = ORIENTED_EDGE('',*,*,#1040,.T.);
#1040 = EDGE_CURVE('',#169,#1041,#1043,.T.);
#1041 = VERTEX_POINT('',#1042);
#1042 = CARTESIAN_POINT('',(12.4,-18.15,15.6));
#1043 = SURFACE_CURVE('',#1044,(#1048,#1055),.PCURVE_S1.);
#1044 = LINE('',#1045,#1046);
#1045 = CARTESIAN_POINT('',(12.4,-28.35,15.6));
#1046 = VECTOR('',#1047,1.);
#1047 = DIRECTION('',(0.,1.,0.));
#1048 = PCURVE('',#209,#1049);
#1049 = DEFINITIONAL_REPRESENTATION('',(#1050),#1054);
#1050 = LINE('',#1051,#1052);
#1051 = CARTESIAN_POINT('',(1.7,-5.1));
#1052 = VECTOR('',#1053,1.);
#1053 = DIRECTION('',(0.,1.));
#1054 = ( GEOMETRIC_REPRESENTATION_CONTEXT(2) 
PARAMETRIC_REPRESENTATION_CONTEXT() REPRESENTATION_CONTEXT('2D SPACE',''
  ) );
#1055 = PCURVE('',#183,#1056);
#1056 = DEFINITIONAL_REPRESENTATION('',(#1057),#1061);
#1057 = LINE('',#1058,#1059);
#1058 = CARTESIAN_POINT('',(0.,-7.2));
#1059 = VECTOR('',#1060,1.);
#1060 = DIRECTION('',(1.,0.));
#1061 = ( GEOMETRIC_REPRESENTATION_CONTEXT(2) 
PARAMETRIC_REPRESENTATION_CONTEXT() REPRESENTATION_CONTEXT('2D SPACE',''
  ) );
#1062 = ORIENTED_EDGE('',*,*,#1063,.T.);
#1063 = EDGE_CURVE('',#1041,#960,#1064,.T.);
#1064 = SURFACE_CURVE('',#1065,(#1069,#1076),.PCURVE_S1.);
#1065 = LINE('',#1066,#1067);
#1066 = CARTESIAN_POINT('',(12.4,-18.15,15.6));
#1067 = VECTOR('',#1068,1.);
#1068 = DIRECTION('',(-1.,0.,0.));
#1069 = PCURVE('',#209,#1070);
#1070 = DEFINITIONAL_REPRESENTATION('',(#1071),#1075);
#1071 = LINE('',#1072,#1073);
#1072 = CARTESIAN_POINT('',(1.7,5.1));
#1073 = VECTOR('',#1074,1.);
#1074 = DIRECTION('',(-1.,0.));
#1075 = ( GEOMETRIC_REPRESENTATION_CONTEXT(2) 
PARAMETRIC_REPRESENTATION_CONTEXT() REPRESENTATION_CONTEXT('2D SPACE',''
  ) );
#1076 = PCURVE('',#943,#1077);
#1077 = DEFINITIONAL_REPRESENTATION('',(#1078),#1082);
#1078 = LINE('',#1079,#1080);
#1079 = CARTESIAN_POINT('',(0.,-7.2));
#1080 = VECTOR('',#1081,1.);
#1081 = DIRECTION('',(1.,0.));
#1082 = ( GEOMETRIC_REPRESENTATION_CONTEXT(2) 
PARAMETRIC_REPRESENTATION_CONTEXT() REPRESENTATION_CONTEXT('2D SPACE',''
  ) );
#1083 = ADVANCED_FACE('',(#1084,#1110),#183,.T.);
#1084 = FACE_BOUND('',#1085,.T.);
#1085 = EDGE_LOOP('',(#1086,#1087,#1088,#1089));
#1086 = ORIENTED_EDGE('',*,*,#906,.F.);
#1087 = ORIENTED_EDGE('',*,*,#168,.T.);
#1088 = ORIENTED_EDGE('',*,*,#1040,.T.);
#1089 = ORIENTED_EDGE('',*,*,#1090,.F.);
#1090 = EDGE_CURVE('',#907,#1041,#1091,.T.);
#1091 = SURFACE_CURVE('',#1092,(#1096,#1103),.PCURVE_S1.);
#1092 = LINE('',#1093,#1094);
#1093 = CARTESIAN_POINT('',(12.4,-18.15,8.4));
#1094 = VECTOR('',#1095,1.);
#1095 = DIRECTION('',(0.,0.,1.));
#1096 = PCURVE('',#183,#1097);
#1097 = DEFINITIONAL_REPRESENTATION('',(#1098),#1102);
#1098 = LINE('',#1099,#1100);
#1099 = CARTESIAN_POINT('',(10.2,0.));
#1100 = VECTOR('',#1101,1.);
#1101 = DIRECTION('',(0.,-1.));
#1102 = ( GEOMETRIC_REPRESENTATION_CONTEXT(2) 
PARAMETRIC_REPRESENTATION_CONTEXT() REPRESENTATION_CONTEXT('2D SPACE',''
  ) );
#1103 = PCURVE('',#943,#1104);
#1104 = DEFINITIONAL_REPRESENTATION('',(#1105),#1109);
#1105 = LINE('',#1106,#1107);
#1106 = CARTESIAN_POINT('',(0.,-0.));
#1107 = VECTOR('',#1108,1.);
#1108 = DIRECTION('',(0.,-1.));
#1109 = ( GEOMETRIC_REPRESENTATION_CONTEXT(2) 
PARAMETRIC_REPRESENTATION_CONTEXT() REPRESENTATION_CONTEXT('2D SPACE',''
  ) );
#1110 = FACE_BOUND('',#1111,.T.);
#1111 = EDGE_LOOP('',(#1112));
#1112 = ORIENTED_EDGE('',*,*,#1113,.T.);
#1113 = EDGE_CURVE('',#1114,#1114,#1116,.T.);
#1114 = VERTEX_POINT('',#1115);
#1115 = CARTESIAN_POINT('',(12.4,-21.85,14.2));
#1116 = SURFACE_CURVE('',#1117,(#1122,#1133),.PCURVE_S1.);
#1117 = CIRCLE('',#1118,2.2);
#1118 = AXIS2_PLACEMENT_3D('',#1119,#1120,#1121);
#1119 = CARTESIAN_POINT('',(12.4,-21.85,12.));
#1120 = DIRECTION('',(1.,0.,0.));
#1121 = DIRECTION('',(-0.,0.,1.));
#1122 = PCURVE('',#183,#1123);
#1123 = DEFINITIONAL_REPRESENTATION('',(#1124),#1132);
#1124 = ( BOUNDED_CURVE() B_SPLINE_CURVE(2,(#1125,#1126,#1127,#1128,
#1129,#1130,#1131),.UNSPECIFIED.,.T.,.F.) B_SPLINE_CURVE_WITH_KNOTS((1,2
    ,2,2,2,1),(-2.094395102393,0.,2.094395102393,4.188790204786,
6.28318530718,8.377580409573),.UNSPECIFIED.) CURVE() 
GEOMETRIC_REPRESENTATION_ITEM() RATIONAL_B_SPLINE_CURVE((1.,0.5,1.,0.5,
1.,0.5,1.)) REPRESENTATION_ITEM('') );
#1125 = CARTESIAN_POINT('',(6.5,-5.8));
#1126 = CARTESIAN_POINT('',(2.689488223348,-5.8));
#1127 = CARTESIAN_POINT('',(4.594744111674,-2.5));
#1128 = CARTESIAN_POINT('',(6.5,0.8));
#1129 = CARTESIAN_POINT('',(8.405255888326,-2.5));
#1130 = CARTESIAN_POINT('',(10.310511776652,-5.8));
#1131 = CARTESIAN_POINT('',(6.5,-5.8));
#1132 = ( GEOMETRIC_REPRESENTATION_CONTEXT(2) 
PARAMETRIC_REPRESENTATION_CONTEXT() REPRESENTATION_CONTEXT('2D SPACE',''
  ) );
#1133 = PCURVE('',#1134,#1139);
#1134 = CYLINDRICAL_SURFACE('',#1135,2.2);
#1135 = AXIS2_PLACEMENT_3D('',#1136,#1137,#1138);
#1136 = CARTESIAN_POINT('',(0.,-21.85,12.));
#1137 = DIRECTION('',(1.,0.,0.));
#1138 = DIRECTION('',(-0.,0.,1.));
#1139 = DEFINITIONAL_REPRESENTATION('',(#1140),#1144);
#1140 = LINE('',#1141,#1142);
#1141 = CARTESIAN_POINT('',(0.,12.4));
#1142 = VECTOR('',#1143,1.);
#1143 = DIRECTION('',(1.,0.));
#1144 = ( GEOMETRIC_REPRESENTATION_CONTEXT(2) 
PARAMETRIC_REPRESENTATION_CONTEXT() REPRESENTATION_CONTEXT('2D SPACE',''
  ) );
#1145 = ADVANCED_FACE('',(#1146),#263,.T.);
#1146 = FACE_BOUND('',#1147,.T.);
#1147 = EDGE_LOOP('',(#1148,#1171,#1172,#1195));
#1148 = ORIENTED_EDGE('',*,*,#1149,.T.);
#1149 = EDGE_CURVE('',#1150,#247,#1152,.T.);
#1150 = VERTEX_POINT('',#1151);
#1151 = CARTESIAN_POINT('',(9.,-18.15,-15.6));
#1152 = SURFACE_CURVE('',#1153,(#1157,#1164),.PCURVE_S1.);
#1153 = LINE('',#1154,#1155);
#1154 = CARTESIAN_POINT('',(9.,-18.15,-15.6));
#1155 = VECTOR('',#1156,1.);
#1156 = DIRECTION('',(0.,-1.,0.));
#1157 = PCURVE('',#263,#1158);
#1158 = DEFINITIONAL_REPRESENTATION('',(#1159),#1163);
#1159 = LINE('',#1160,#1161);
#1160 = CARTESIAN_POINT('',(-1.7,5.1));
#1161 = VECTOR('',#1162,1.);
#1162 = DIRECTION('',(0.,-1.));
#1163 = ( GEOMETRIC_REPRESENTATION_CONTEXT(2) 
PARAMETRIC_REPRESENTATION_CONTEXT() REPRESENTATION_CONTEXT('2D SPACE',''
  ) );
#1164 = PCURVE('',#339,#1165);
#1165 = DEFINITIONAL_REPRESENTATION('',(#1166),#1170);
#1166 = LINE('',#1167,#1168);
#1167 = CARTESIAN_POINT('',(0.,0.));
#1168 = VECTOR('',#1169,1.);
#1169 = DIRECTION('',(1.,0.));
#1170 = ( GEOMETRIC_REPRESENTATION_CONTEXT(2) 
PARAMETRIC_REPRESENTATION_CONTEXT() REPRESENTATION_CONTEXT('2D SPACE',''
  ) );
#1171 = ORIENTED_EDGE('',*,*,#246,.T.);
#1172 = ORIENTED_EDGE('',*,*,#1173,.T.);
#1173 = EDGE_CURVE('',#249,#1174,#1176,.T.);
#1174 = VERTEX_POINT('',#1175);
#1175 = CARTESIAN_POINT('',(12.4,-18.15,-15.6));
#1176 = SURFACE_CURVE('',#1177,(#1181,#1188),.PCURVE_S1.);
#1177 = LINE('',#1178,#1179);
#1178 = CARTESIAN_POINT('',(12.4,-28.35,-15.6));
#1179 = VECTOR('',#1180,1.);
#1180 = DIRECTION('',(0.,1.,0.));
#1181 = PCURVE('',#263,#1182);
#1182 = DEFINITIONAL_REPRESENTATION('',(#1183),#1187);
#1183 = LINE('',#1184,#1185);
#1184 = CARTESIAN_POINT('',(1.7,-5.1));
#1185 = VECTOR('',#1186,1.);
#1186 = DIRECTION('',(0.,1.));
#1187 = ( GEOMETRIC_REPRESENTATION_CONTEXT(2) 
PARAMETRIC_REPRESENTATION_CONTEXT() REPRESENTATION_CONTEXT('2D SPACE',''
  ) );
#1188 = PCURVE('',#289,#1189);
#1189 = DEFINITIONAL_REPRESENTATION('',(#1190),#1194);
#1190 = LINE('',#1191,#1192);
#1191 = CARTESIAN_POINT('',(0.,0.));
#1192 = VECTOR('',#1193,1.);
#1193 = DIRECTION('',(1.,0.));
#1194 = ( GEOMETRIC_REPRESENTATION_CONTEXT(2) 
PARAMETRIC_REPRESENTATION_CONTEXT() REPRESENTATION_CONTEXT('2D SPACE',''
  ) );
#1195 = ORIENTED_EDGE('',*,*,#1196,.T.);
#1196 = EDGE_CURVE('',#1174,#1150,#1197,.T.);
#1197 = SURFACE_CURVE('',#1198,(#1202,#1209),.PCURVE_S1.);
#1198 = LINE('',#1199,#1200);
#1199 = CARTESIAN_POINT('',(12.4,-18.15,-15.6));
#1200 = VECTOR('',#1201,1.);
#1201 = DIRECTION('',(-1.,0.,0.));
#1202 = PCURVE('',#263,#1203);
#1203 = DEFINITIONAL_REPRESENTATION('',(#1204),#1208);
#1204 = LINE('',#1205,#1206);
#1205 = CARTESIAN_POINT('',(1.7,5.1));
#1206 = VECTOR('',#1207,1.);
#1207 = DIRECTION('',(-1.,0.));
#1208 = ( GEOMETRIC_REPRESENTATION_CONTEXT(2) 
PARAMETRIC_REPRESENTATION_CONTEXT() REPRESENTATION_CONTEXT('2D SPACE',''
  ) );
#1209 = PCURVE('',#1210,#1215);
#1210 = PLANE('',#1211);
#1211 = AXIS2_PLACEMENT_3D('',#1212,#1213,#1214);
#1212 = CARTESIAN_POINT('',(12.4,-18.15,-15.6));
#1213 = DIRECTION('',(0.,-1.,0.));
#1214 = DIRECTION('',(-1.,0.,0.));
#1215 = DEFINITIONAL_REPRESENTATION('',(#1216),#1220);
#1216 = LINE('',#1217,#1218);
#1217 = CARTESIAN_POINT('',(0.,-0.));
#1218 = VECTOR('',#1219,1.);
#1219 = DIRECTION('',(1.,0.));
#1220 = ( GEOMETRIC_REPRESENTATION_CONTEXT(2) 
PARAMETRIC_REPRESENTATION_CONTEXT() REPRESENTATION_CONTEXT('2D SPACE',''
  ) );
#1221 = ADVANCED_FACE('',(#1222,#1270),#339,.T.);
#1222 = FACE_BOUND('',#1223,.T.);
#1223 = EDGE_LOOP('',(#1224,#1225,#1248,#1269));
#1224 = ORIENTED_EDGE('',*,*,#1149,.F.);
#1225 = ORIENTED_EDGE('',*,*,#1226,.T.);
#1226 = EDGE_CURVE('',#1150,#1227,#1229,.T.);
#1227 = VERTEX_POINT('',#1228);
#1228 = CARTESIAN_POINT('',(9.,-18.15,-8.4));
#1229 = SURFACE_CURVE('',#1230,(#1234,#1241),.PCURVE_S1.);
#1230 = LINE('',#1231,#1232);
#1231 = CARTESIAN_POINT('',(9.,-18.15,-15.6));
#1232 = VECTOR('',#1233,1.);
#1233 = DIRECTION('',(0.,0.,1.));
#1234 = PCURVE('',#339,#1235);
#1235 = DEFINITIONAL_REPRESENTATION('',(#1236),#1240);
#1236 = LINE('',#1237,#1238);
#1237 = CARTESIAN_POINT('',(0.,0.));
#1238 = VECTOR('',#1239,1.);
#1239 = DIRECTION('',(0.,-1.));
#1240 = ( GEOMETRIC_REPRESENTATION_CONTEXT(2) 
PARAMETRIC_REPRESENTATION_CONTEXT() REPRESENTATION_CONTEXT('2D SPACE',''
  ) );
#1241 = PCURVE('',#1210,#1242);
#1242 = DEFINITIONAL_REPRESENTATION('',(#1243),#1247);
#1243 = LINE('',#1244,#1245);
#1244 = CARTESIAN_POINT('',(3.4,0.));
#1245 = VECTOR('',#1246,1.);
#1246 = DIRECTION('',(0.,-1.));
#1247 = ( GEOMETRIC_REPRESENTATION_CONTEXT(2) 
PARAMETRIC_REPRESENTATION_CONTEXT() REPRESENTATION_CONTEXT('2D SPACE',''
  ) );
#1248 = ORIENTED_EDGE('',*,*,#1249,.T.);
#1249 = EDGE_CURVE('',#1227,#301,#1250,.T.);
#1250 = SURFACE_CURVE('',#1251,(#1255,#1262),.PCURVE_S1.);
#1251 = LINE('',#1252,#1253);
#1252 = CARTESIAN_POINT('',(9.,-18.15,-8.4));
#1253 = VECTOR('',#1254,1.);
#1254 = DIRECTION('',(0.,-1.,0.));
#1255 = PCURVE('',#339,#1256);
#1256 = DEFINITIONAL_REPRESENTATION('',(#1257),#1261);
#1257 = LINE('',#1258,#1259);
#1258 = CARTESIAN_POINT('',(0.,-7.2));
#1259 = VECTOR('',#1260,1.);
#1260 = DIRECTION('',(1.,0.));
#1261 = ( GEOMETRIC_REPRESENTATION_CONTEXT(2) 
PARAMETRIC_REPRESENTATION_CONTEXT() REPRESENTATION_CONTEXT('2D SPACE',''
  ) );
#1262 = PCURVE('',#315,#1263);
#1263 = DEFINITIONAL_REPRESENTATION('',(#1264),#1268);
#1264 = LINE('',#1265,#1266);
#1265 = CARTESIAN_POINT('',(-1.7,5.1));
#1266 = VECTOR('',#1267,1.);
#1267 = DIRECTION('',(0.,-1.));
#1268 = ( GEOMETRIC_REPRESENTATION_CONTEXT(2) 
PARAMETRIC_REPRESENTATION_CONTEXT() REPRESENTATION_CONTEXT('2D SPACE',''
  ) );
#1269 = ORIENTED_EDGE('',*,*,#326,.T.);
#1270 = FACE_BOUND('',#1271,.T.);
#1271 = EDGE_LOOP('',(#1272));
#1272 = ORIENTED_EDGE('',*,*,#1273,.F.);
#1273 = EDGE_CURVE('',#1274,#1274,#1276,.T.);
#1274 = VERTEX_POINT('',#1275);
#1275 = CARTESIAN_POINT('',(9.,-21.85,-9.8));
#1276 = SURFACE_CURVE('',#1277,(#1282,#1289),.PCURVE_S1.);
#1277 = CIRCLE('',#1278,2.2);
#1278 = AXIS2_PLACEMENT_3D('',#1279,#1280,#1281);
#1279 = CARTESIAN_POINT('',(9.,-21.85,-12.));
#1280 = DIRECTION('',(1.,0.,0.));
#1281 = DIRECTION('',(-0.,0.,1.));
#1282 = PCURVE('',#339,#1283);
#1283 = DEFINITIONAL_REPRESENTATION('',(#1284),#1288);
#1284 = CIRCLE('',#1285,2.2);
#1285 = AXIS2_PLACEMENT_2D('',#1286,#1287);
#1286 = CARTESIAN_POINT('',(3.7,-3.6));
#1287 = DIRECTION('',(0.,-1.));
#1288 = ( GEOMETRIC_REPRESENTATION_CONTEXT(2) 
PARAMETRIC_REPRESENTATION_CONTEXT() REPRESENTATION_CONTEXT('2D SPACE',''
  ) );
#1289 = PCURVE('',#1290,#1295);
#1290 = CYLINDRICAL_SURFACE('',#1291,2.2);
#1291 = AXIS2_PLACEMENT_3D('',#1292,#1293,#1294);
#1292 = CARTESIAN_POINT('',(0.,-21.85,-12.));
#1293 = DIRECTION('',(1.,0.,0.));
#1294 = DIRECTION('',(-0.,0.,1.));
#1295 = DEFINITIONAL_REPRESENTATION('',(#1296),#1300);
#1296 = LINE('',#1297,#1298);
#1297 = CARTESIAN_POINT('',(0.,9.));
#1298 = VECTOR('',#1299,1.);
#1299 = DIRECTION('',(1.,0.));
#1300 = ( GEOMETRIC_REPRESENTATION_CONTEXT(2) 
PARAMETRIC_REPRESENTATION_CONTEXT() REPRESENTATION_CONTEXT('2D SPACE',''
  ) );
#1301 = ADVANCED_FACE('',(#1302,#1350),#289,.T.);
#1302 = FACE_BOUND('',#1303,.T.);
#1303 = EDGE_LOOP('',(#1304,#1305,#1306,#1329));
#1304 = ORIENTED_EDGE('',*,*,#1173,.F.);
#1305 = ORIENTED_EDGE('',*,*,#274,.T.);
#1306 = ORIENTED_EDGE('',*,*,#1307,.T.);
#1307 = EDGE_CURVE('',#275,#1308,#1310,.T.);
#1308 = VERTEX_POINT('',#1309);
#1309 = CARTESIAN_POINT('',(12.4,-18.15,-8.4));
#1310 = SURFACE_CURVE('',#1311,(#1315,#1322),.PCURVE_S1.);
#1311 = LINE('',#1312,#1313);
#1312 = CARTESIAN_POINT('',(12.4,-28.35,-8.4));
#1313 = VECTOR('',#1314,1.);
#1314 = DIRECTION('',(0.,1.,0.));
#1315 = PCURVE('',#289,#1316);
#1316 = DEFINITIONAL_REPRESENTATION('',(#1317),#1321);
#1317 = LINE('',#1318,#1319);
#1318 = CARTESIAN_POINT('',(0.,-7.2));
#1319 = VECTOR('',#1320,1.);
#1320 = DIRECTION('',(1.,0.));
#1321 = ( GEOMETRIC_REPRESENTATION_CONTEXT(2) 
PARAMETRIC_REPRESENTATION_CONTEXT() REPRESENTATION_CONTEXT('2D SPACE',''
  ) );
#1322 = PCURVE('',#315,#1323);
#1323 = DEFINITIONAL_REPRESENTATION('',(#1324),#1328);
#1324 = LINE('',#1325,#1326);
#1325 = CARTESIAN_POINT('',(1.7,-5.1));
#1326 = VECTOR('',#1327,1.);
#1327 = DIRECTION('',(0.,1.));
#1328 = ( GEOMETRIC_REPRESENTATION_CONTEXT(2) 
PARAMETRIC_REPRESENTATION_CONTEXT() REPRESENTATION_CONTEXT('2D SPACE',''
  ) );
#1329 = ORIENTED_EDGE('',*,*,#1330,.F.);
#1330 = EDGE_CURVE('',#1174,#1308,#1331,.T.);
#1331 = SURFACE_CURVE('',#1332,(#1336,#1343),.PCURVE_S1.);
#1332 = LINE('',#1333,#1334);
#1333 = CARTESIAN_POINT('',(12.4,-18.15,-15.6));
#1334 = VECTOR('',#1335,1.);
#1335 = DIRECTION('',(0.,0.,1.));
#1336 = PCURVE('',#289,#1337);
#1337 = DEFINITIONAL_REPRESENTATION('',(#1338),#1342);
#1338 = LINE('',#1339,#1340);
#1339 = CARTESIAN_POINT('',(10.2,0.));
#1340 = VECTOR('',#1341,1.);
#1341 = DIRECTION('',(0.,-1.));
#1342 = ( GEOMETRIC_REPRESENTATION_CONTEXT(2) 
PARAMETRIC_REPRESENTATION_CONTEXT() REPRESENTATION_CONTEXT('2D SPACE',''
  ) );
#1343 = PCURVE('',#1210,#1344);
#1344 = DEFINITIONAL_REPRESENTATION('',(#1345),#1349);
#1345 = LINE('',#1346,#1347);
#1346 = CARTESIAN_POINT('',(0.,-0.));
#1347 = VECTOR('',#1348,1.);
#1348 = DIRECTION('',(0.,-1.));
#1349 = ( GEOMETRIC_REPRESENTATION_CONTEXT(2) 
PARAMETRIC_REPRESENTATION_CONTEXT() REPRESENTATION_CONTEXT('2D SPACE',''
  ) );
#1350 = FACE_BOUND('',#1351,.T.);
#1351 = EDGE_LOOP('',(#1352));
#1352 = ORIENTED_EDGE('',*,*,#1353,.T.);
#1353 = EDGE_CURVE('',#1354,#1354,#1356,.T.);
#1354 = VERTEX_POINT('',#1355);
#1355 = CARTESIAN_POINT('',(12.4,-21.85,-9.8));
#1356 = SURFACE_CURVE('',#1357,(#1362,#1373),.PCURVE_S1.);
#1357 = CIRCLE('',#1358,2.2);
#1358 = AXIS2_PLACEMENT_3D('',#1359,#1360,#1361);
#1359 = CARTESIAN_POINT('',(12.4,-21.85,-12.));
#1360 = DIRECTION('',(1.,0.,0.));
#1361 = DIRECTION('',(-0.,0.,1.));
#1362 = PCURVE('',#289,#1363);
#1363 = DEFINITIONAL_REPRESENTATION('',(#1364),#1372);
#1364 = ( BOUNDED_CURVE() B_SPLINE_CURVE(2,(#1365,#1366,#1367,#1368,
#1369,#1370,#1371),.UNSPECIFIED.,.T.,.F.) B_SPLINE_CURVE_WITH_KNOTS((1,2
    ,2,2,2,1),(-2.094395102393,0.,2.094395102393,4.188790204786,
6.28318530718,8.377580409573),.UNSPECIFIED.) CURVE() 
GEOMETRIC_REPRESENTATION_ITEM() RATIONAL_B_SPLINE_CURVE((1.,0.5,1.,0.5,
1.,0.5,1.)) REPRESENTATION_ITEM('') );
#1365 = CARTESIAN_POINT('',(6.5,-5.8));
#1366 = CARTESIAN_POINT('',(2.689488223348,-5.8));
#1367 = CARTESIAN_POINT('',(4.594744111674,-2.5));
#1368 = CARTESIAN_POINT('',(6.5,0.8));
#1369 = CARTESIAN_POINT('',(8.405255888326,-2.5));
#1370 = CARTESIAN_POINT('',(10.310511776652,-5.8));
#1371 = CARTESIAN_POINT('',(6.5,-5.8));
#1372 = ( GEOMETRIC_REPRESENTATION_CONTEXT(2) 
PARAMETRIC_REPRESENTATION_CONTEXT() REPRESENTATION_CONTEXT('2D SPACE',''
  ) );
#1373 = PCURVE('',#1374,#1379);
#1374 = CYLINDRICAL_SURFACE('',#1375,2.2);
#1375 = AXIS2_PLACEMENT_3D('',#1376,#1377,#1378);
#1376 = CARTESIAN_POINT('',(0.,-21.85,-12.));
#1377 = DIRECTION('',(1.,0.,0.));
#1378 = DIRECTION('',(-0.,0.,1.));
#1379 = DEFINITIONAL_REPRESENTATION('',(#1380),#1384);
#1380 = LINE('',#1381,#1382);
#1381 = CARTESIAN_POINT('',(0.,12.4));
#1382 = VECTOR('',#1383,1.);
#1383 = DIRECTION('',(1.,0.));
#1384 = ( GEOMETRIC_REPRESENTATION_CONTEXT(2) 
PARAMETRIC_REPRESENTATION_CONTEXT() REPRESENTATION_CONTEXT('2D SPACE',''
  ) );
#1385 = ADVANCED_FACE('',(#1386),#315,.F.);
#1386 = FACE_BOUND('',#1387,.F.);
#1387 = EDGE_LOOP('',(#1388,#1389,#1390,#1391));
#1388 = ORIENTED_EDGE('',*,*,#1249,.T.);
#1389 = ORIENTED_EDGE('',*,*,#300,.T.);
#1390 = ORIENTED_EDGE('',*,*,#1307,.T.);
#1391 = ORIENTED_EDGE('',*,*,#1392,.T.);
#1392 = EDGE_CURVE('',#1308,#1227,#1393,.T.);
#1393 = SURFACE_CURVE('',#1394,(#1398,#1405),.PCURVE_S1.);
#1394 = LINE('',#1395,#1396);
#1395 = CARTESIAN_POINT('',(12.4,-18.15,-8.4));
#1396 = VECTOR('',#1397,1.);
#1397 = DIRECTION('',(-1.,0.,0.));
#1398 = PCURVE('',#315,#1399);
#1399 = DEFINITIONAL_REPRESENTATION('',(#1400),#1404);
#1400 = LINE('',#1401,#1402);
#1401 = CARTESIAN_POINT('',(1.7,5.1));
#1402 = VECTOR('',#1403,1.);
#1403 = DIRECTION('',(-1.,0.));
#1404 = ( GEOMETRIC_REPRESENTATION_CONTEXT(2) 
PARAMETRIC_REPRESENTATION_CONTEXT() REPRESENTATION_CONTEXT('2D SPACE',''
  ) );
#1405 = PCURVE('',#1210,#1406);
#1406 = DEFINITIONAL_REPRESENTATION('',(#1407),#1411);
#1407 = LINE('',#1408,#1409);
#1408 = CARTESIAN_POINT('',(0.,-7.2));
#1409 = VECTOR('',#1410,1.);
#1410 = DIRECTION('',(1.,0.));
#1411 = ( GEOMETRIC_REPRESENTATION_CONTEXT(2) 
PARAMETRIC_REPRESENTATION_CONTEXT() REPRESENTATION_CONTEXT('2D SPACE',''
  ) );
#1412 = ADVANCED_FACE('',(#1413,#1439),#422,.F.);
#1413 = FACE_BOUND('',#1414,.F.);
#1414 = EDGE_LOOP('',(#1415,#1416,#1417,#1418));
#1415 = ORIENTED_EDGE('',*,*,#406,.F.);
#1416 = ORIENTED_EDGE('',*,*,#661,.T.);
#1417 = ORIENTED_EDGE('',*,*,#713,.T.);
#1418 = ORIENTED_EDGE('',*,*,#1419,.F.);
#1419 = EDGE_CURVE('',#407,#714,#1420,.T.);
#1420 = SURFACE_CURVE('',#1421,(#1425,#1432),.PCURVE_S1.);
#1421 = LINE('',#1422,#1423);
#1422 = CARTESIAN_POINT('',(23.35,24.35,-20.));
#1423 = VECTOR('',#1424,1.);
#1424 = DIRECTION('',(0.,0.,1.));
#1425 = PCURVE('',#422,#1426);
#1426 = DEFINITIONAL_REPRESENTATION('',(#1427),#1431);
#1427 = LINE('',#1428,#1429);
#1428 = CARTESIAN_POINT('',(51.7,0.));
#1429 = VECTOR('',#1430,1.);
#1430 = DIRECTION('',(0.,-1.));
#1431 = ( GEOMETRIC_REPRESENTATION_CONTEXT(2) 
PARAMETRIC_REPRESENTATION_CONTEXT() REPRESENTATION_CONTEXT('2D SPACE',''
  ) );
#1432 = PCURVE('',#451,#1433);
#1433 = DEFINITIONAL_REPRESENTATION('',(#1434),#1438);
#1434 = LINE('',#1435,#1436);
#1435 = CARTESIAN_POINT('',(0.,0.));
#1436 = VECTOR('',#1437,1.);
#1437 = DIRECTION('',(0.,1.));
#1438 = ( GEOMETRIC_REPRESENTATION_CONTEXT(2) 
PARAMETRIC_REPRESENTATION_CONTEXT() REPRESENTATION_CONTEXT('2D SPACE',''
  ) );
#1439 = FACE_BOUND('',#1440,.F.);
#1440 = EDGE_LOOP('',(#1441,#1469,#1495,#1521));
#1441 = ORIENTED_EDGE('',*,*,#1442,.F.);
#1442 = EDGE_CURVE('',#1443,#1445,#1447,.T.);
#1443 = VERTEX_POINT('',#1444);
#1444 = CARTESIAN_POINT('',(23.35,-22.,19.894306592855));
#1445 = VERTEX_POINT('',#1446);
#1446 = CARTESIAN_POINT('',(23.35,22.,19.894306592855));
#1447 = SURFACE_CURVE('',#1448,(#1452,#1458),.PCURVE_S1.);
#1448 = LINE('',#1449,#1450);
#1449 = CARTESIAN_POINT('',(23.35,-13.675,19.894306592855));
#1450 = VECTOR('',#1451,1.);
#1451 = DIRECTION('',(0.,1.,-0.));
#1452 = PCURVE('',#422,#1453);
#1453 = DEFINITIONAL_REPRESENTATION('',(#1454),#1457);
#1454 = B_SPLINE_CURVE_WITH_KNOTS('',1,(#1455,#1456),.UNSPECIFIED.,.F.,
  .F.,(2,2),(-8.325,35.675),.PIECEWISE_BEZIER_KNOTS.);
#1455 = CARTESIAN_POINT('',(5.35,-39.89430659285));
#1456 = CARTESIAN_POINT('',(49.35,-39.89430659285));
#1457 = ( GEOMETRIC_REPRESENTATION_CONTEXT(2) 
PARAMETRIC_REPRESENTATION_CONTEXT() REPRESENTATION_CONTEXT('2D SPACE',''
  ) );
#1458 = PCURVE('',#1459,#1464);
#1459 = PLANE('',#1460);
#1460 = AXIS2_PLACEMENT_3D('',#1461,#1462,#1463);
#1461 = CARTESIAN_POINT('',(22.35,0.,20.));
#1462 = DIRECTION('',(0.10510795212,0.,0.994460817932));
#1463 = DIRECTION('',(0.994460817932,0.,-0.10510795212));
#1464 = DEFINITIONAL_REPRESENTATION('',(#1465),#1468);
#1465 = B_SPLINE_CURVE_WITH_KNOTS('',1,(#1466,#1467),.UNSPECIFIED.,.F.,
  .F.,(2,2),(-8.325,35.675),.PIECEWISE_BEZIER_KNOTS.);
#1466 = CARTESIAN_POINT('',(1.005570035509,-22.));
#1467 = CARTESIAN_POINT('',(1.005570035509,22.));
#1468 = ( GEOMETRIC_REPRESENTATION_CONTEXT(2) 
PARAMETRIC_REPRESENTATION_CONTEXT() REPRESENTATION_CONTEXT('2D SPACE',''
  ) );
#1469 = ORIENTED_EDGE('',*,*,#1470,.T.);
#1470 = EDGE_CURVE('',#1443,#1471,#1473,.T.);
#1471 = VERTEX_POINT('',#1472);
#1472 = CARTESIAN_POINT('',(23.35,-22.,-19.95949023413));
#1473 = SURFACE_CURVE('',#1474,(#1478,#1484),.PCURVE_S1.);
#1474 = LINE('',#1475,#1476);
#1475 = CARTESIAN_POINT('',(23.35,-22.,-11.96092490208));
#1476 = VECTOR('',#1477,1.);
#1477 = DIRECTION('',(0.,0.,-1.));
#1478 = PCURVE('',#422,#1479);
#1479 = DEFINITIONAL_REPRESENTATION('',(#1480),#1483);
#1480 = B_SPLINE_CURVE_WITH_KNOTS('',1,(#1481,#1482),.UNSPECIFIED.,.F.,
  .F.,(2,2),(-31.96092490208,8.039075097912),.PIECEWISE_BEZIER_KNOTS.);
#1481 = CARTESIAN_POINT('',(5.35,-40.));
#1482 = CARTESIAN_POINT('',(5.35,0.));
#1483 = ( GEOMETRIC_REPRESENTATION_CONTEXT(2) 
PARAMETRIC_REPRESENTATION_CONTEXT() REPRESENTATION_CONTEXT('2D SPACE',''
  ) );
#1484 = PCURVE('',#1485,#1490);
#1485 = PLANE('',#1486);
#1486 = AXIS2_PLACEMENT_3D('',#1487,#1488,#1489);
#1487 = CARTESIAN_POINT('',(45.184887461184,-22.,-3.921849804177));
#1488 = DIRECTION('',(0.,1.,0.));
#1489 = DIRECTION('',(0.,-0.,1.));
#1490 = DEFINITIONAL_REPRESENTATION('',(#1491),#1494);
#1491 = B_SPLINE_CURVE_WITH_KNOTS('',1,(#1492,#1493),.UNSPECIFIED.,.F.,
  .F.,(2,2),(-31.96092490208,8.039075097912),.PIECEWISE_BEZIER_KNOTS.);
#1492 = CARTESIAN_POINT('',(23.921849804177,-21.83488746118));
#1493 = CARTESIAN_POINT('',(-16.07815019582,-21.83488746118));
#1494 = ( GEOMETRIC_REPRESENTATION_CONTEXT(2) 
PARAMETRIC_REPRESENTATION_CONTEXT() REPRESENTATION_CONTEXT('2D SPACE',''
  ) );
#1495 = ORIENTED_EDGE('',*,*,#1496,.F.);
#1496 = EDGE_CURVE('',#1497,#1471,#1499,.T.);
#1497 = VERTEX_POINT('',#1498);
#1498 = CARTESIAN_POINT('',(23.35,22.,-19.95949023413));
#1499 = SURFACE_CURVE('',#1500,(#1504,#1510),.PCURVE_S1.);
#1500 = LINE('',#1501,#1502);
#1501 = CARTESIAN_POINT('',(23.35,-13.675,-19.95949023413));
#1502 = VECTOR('',#1503,1.);
#1503 = DIRECTION('',(-0.,-1.,-0.));
#1504 = PCURVE('',#422,#1505);
#1505 = DEFINITIONAL_REPRESENTATION('',(#1506),#1509);
#1506 = B_SPLINE_CURVE_WITH_KNOTS('',1,(#1507,#1508),.UNSPECIFIED.,.F.,
  .F.,(2,2),(-35.675,8.325),.PIECEWISE_BEZIER_KNOTS.);
#1507 = CARTESIAN_POINT('',(49.35,-4.050976586681E-02));
#1508 = CARTESIAN_POINT('',(5.35,-4.050976586681E-02));
#1509 = ( GEOMETRIC_REPRESENTATION_CONTEXT(2) 
PARAMETRIC_REPRESENTATION_CONTEXT() REPRESENTATION_CONTEXT('2D SPACE',''
  ) );
#1510 = PCURVE('',#1511,#1516);
#1511 = PLANE('',#1512);
#1512 = AXIS2_PLACEMENT_3D('',#1513,#1514,#1515);
#1513 = CARTESIAN_POINT('',(79.677669529664,0.,-17.67766952966));
#1514 = DIRECTION('',(4.047656762499E-02,0.,-0.999180487937));
#1515 = DIRECTION('',(-0.999180487937,0.,-4.047656762499E-02));
#1516 = DEFINITIONAL_REPRESENTATION('',(#1517),#1520);
#1517 = B_SPLINE_CURVE_WITH_KNOTS('',1,(#1518,#1519),.UNSPECIFIED.,.F.,
  .F.,(2,2),(-35.675,8.325),.PIECEWISE_BEZIER_KNOTS.);
#1518 = CARTESIAN_POINT('',(56.373868595036,22.));
#1519 = CARTESIAN_POINT('',(56.373868595036,-22.));
#1520 = ( GEOMETRIC_REPRESENTATION_CONTEXT(2) 
PARAMETRIC_REPRESENTATION_CONTEXT() REPRESENTATION_CONTEXT('2D SPACE',''
  ) );
#1521 = ORIENTED_EDGE('',*,*,#1522,.F.);
#1522 = EDGE_CURVE('',#1445,#1497,#1523,.T.);
#1523 = SURFACE_CURVE('',#1524,(#1528,#1534),.PCURVE_S1.);
#1524 = LINE('',#1525,#1526);
#1525 = CARTESIAN_POINT('',(23.35,22.,-11.96092490208));
#1526 = VECTOR('',#1527,1.);
#1527 = DIRECTION('',(0.,0.,-1.));
#1528 = PCURVE('',#422,#1529);
#1529 = DEFINITIONAL_REPRESENTATION('',(#1530),#1533);
#1530 = B_SPLINE_CURVE_WITH_KNOTS('',1,(#1531,#1532),.UNSPECIFIED.,.F.,
  .F.,(2,2),(-31.96092490208,8.039075097912),.PIECEWISE_BEZIER_KNOTS.);
#1531 = CARTESIAN_POINT('',(49.35,-40.));
#1532 = CARTESIAN_POINT('',(49.35,0.));
#1533 = ( GEOMETRIC_REPRESENTATION_CONTEXT(2) 
PARAMETRIC_REPRESENTATION_CONTEXT() REPRESENTATION_CONTEXT('2D SPACE',''
  ) );
#1534 = PCURVE('',#1535,#1540);
#1535 = PLANE('',#1536);
#1536 = AXIS2_PLACEMENT_3D('',#1537,#1538,#1539);
#1537 = CARTESIAN_POINT('',(45.184887461184,22.,-3.921849804177));
#1538 = DIRECTION('',(0.,1.,0.));
#1539 = DIRECTION('',(0.,-0.,1.));
#1540 = DEFINITIONAL_REPRESENTATION('',(#1541),#1544);
#1541 = B_SPLINE_CURVE_WITH_KNOTS('',1,(#1542,#1543),.UNSPECIFIED.,.F.,
  .F.,(2,2),(-31.96092490208,8.039075097912),.PIECEWISE_BEZIER_KNOTS.);
#1542 = CARTESIAN_POINT('',(23.921849804177,-21.83488746118));
#1543 = CARTESIAN_POINT('',(-16.07815019582,-21.83488746118));
#1544 = ( GEOMETRIC_REPRESENTATION_CONTEXT(2) 
PARAMETRIC_REPRESENTATION_CONTEXT() REPRESENTATION_CONTEXT('2D SPACE',''
  ) );
#1545 = ADVANCED_FACE('',(#1546),#451,.T.);
#1546 = FACE_BOUND('',#1547,.T.);
#1547 = EDGE_LOOP('',(#1548,#1549,#1570,#1571));
#1548 = ORIENTED_EDGE('',*,*,#434,.T.);
#1549 = ORIENTED_EDGE('',*,*,#1550,.T.);
#1550 = EDGE_CURVE('',#435,#737,#1551,.T.);
#1551 = SURFACE_CURVE('',#1552,(#1556,#1563),.PCURVE_S1.);
#1552 = LINE('',#1553,#1554);
#1553 = CARTESIAN_POINT('',(20.35,27.35,-20.));
#1554 = VECTOR('',#1555,1.);
#1555 = DIRECTION('',(0.,0.,1.));
#1556 = PCURVE('',#451,#1557);
#1557 = DEFINITIONAL_REPRESENTATION('',(#1558),#1562);
#1558 = LINE('',#1559,#1560);
#1559 = CARTESIAN_POINT('',(1.570796326795,0.));
#1560 = VECTOR('',#1561,1.);
#1561 = DIRECTION('',(0.,1.));
#1562 = ( GEOMETRIC_REPRESENTATION_CONTEXT(2) 
PARAMETRIC_REPRESENTATION_CONTEXT() REPRESENTATION_CONTEXT('2D SPACE',''
  ) );
#1563 = PCURVE('',#479,#1564);
#1564 = DEFINITIONAL_REPRESENTATION('',(#1565),#1569);
#1565 = LINE('',#1566,#1567);
#1566 = CARTESIAN_POINT('',(3.,0.));
#1567 = VECTOR('',#1568,1.);
#1568 = DIRECTION('',(0.,-1.));
#1569 = ( GEOMETRIC_REPRESENTATION_CONTEXT(2) 
PARAMETRIC_REPRESENTATION_CONTEXT() REPRESENTATION_CONTEXT('2D SPACE',''
  ) );
#1570 = ORIENTED_EDGE('',*,*,#736,.F.);
#1571 = ORIENTED_EDGE('',*,*,#1419,.F.);
#1572 = ADVANCED_FACE('',(#1573,#1599,#1705),#479,.F.);
#1573 = FACE_BOUND('',#1574,.F.);
#1574 = EDGE_LOOP('',(#1575,#1576,#1577,#1578));
#1575 = ORIENTED_EDGE('',*,*,#463,.F.);
#1576 = ORIENTED_EDGE('',*,*,#1550,.T.);
#1577 = ORIENTED_EDGE('',*,*,#760,.T.);
#1578 = ORIENTED_EDGE('',*,*,#1579,.F.);
#1579 = EDGE_CURVE('',#464,#761,#1580,.T.);
#1580 = SURFACE_CURVE('',#1581,(#1585,#1592),.PCURVE_S1.);
#1581 = LINE('',#1582,#1583);
#1582 = CARTESIAN_POINT('',(4.,27.35,-20.));
#1583 = VECTOR('',#1584,1.);
#1584 = DIRECTION('',(0.,0.,1.));
#1585 = PCURVE('',#479,#1586);
#1586 = DEFINITIONAL_REPRESENTATION('',(#1587),#1591);
#1587 = LINE('',#1588,#1589);
#1588 = CARTESIAN_POINT('',(19.35,0.));
#1589 = VECTOR('',#1590,1.);
#1590 = DIRECTION('',(0.,-1.));
#1591 = ( GEOMETRIC_REPRESENTATION_CONTEXT(2) 
PARAMETRIC_REPRESENTATION_CONTEXT() REPRESENTATION_CONTEXT('2D SPACE',''
  ) );
#1592 = PCURVE('',#508,#1593);
#1593 = DEFINITIONAL_REPRESENTATION('',(#1594),#1598);
#1594 = LINE('',#1595,#1596);
#1595 = CARTESIAN_POINT('',(0.,0.));
#1596 = VECTOR('',#1597,1.);
#1597 = DIRECTION('',(0.,1.));
#1598 = ( GEOMETRIC_REPRESENTATION_CONTEXT(2) 
PARAMETRIC_REPRESENTATION_CONTEXT() REPRESENTATION_CONTEXT('2D SPACE',''
  ) );
#1599 = FACE_BOUND('',#1600,.F.);
#1600 = EDGE_LOOP('',(#1601,#1629,#1655,#1681));
#1601 = ORIENTED_EDGE('',*,*,#1602,.F.);
#1602 = EDGE_CURVE('',#1603,#1605,#1607,.T.);
#1603 = VERTEX_POINT('',#1604);
#1604 = CARTESIAN_POINT('',(12.4,27.35,15.6));
#1605 = VERTEX_POINT('',#1606);
#1606 = CARTESIAN_POINT('',(9.,27.35,15.6));
#1607 = SURFACE_CURVE('',#1608,(#1612,#1618),.PCURVE_S1.);
#1608 = LINE('',#1609,#1610);
#1609 = CARTESIAN_POINT('',(17.025,27.35,15.6));
#1610 = VECTOR('',#1611,1.);
#1611 = DIRECTION('',(-1.,0.,0.));
#1612 = PCURVE('',#479,#1613);
#1613 = DEFINITIONAL_REPRESENTATION('',(#1614),#1617);
#1614 = B_SPLINE_CURVE_WITH_KNOTS('',1,(#1615,#1616),.UNSPECIFIED.,.F.,
  .F.,(2,2),(4.625,8.025),.PIECEWISE_BEZIER_KNOTS.);
#1615 = CARTESIAN_POINT('',(10.95,-35.6));
#1616 = CARTESIAN_POINT('',(14.35,-35.6));
#1617 = ( GEOMETRIC_REPRESENTATION_CONTEXT(2) 
PARAMETRIC_REPRESENTATION_CONTEXT() REPRESENTATION_CONTEXT('2D SPACE',''
  ) );
#1618 = PCURVE('',#1619,#1624);
#1619 = PLANE('',#1620);
#1620 = AXIS2_PLACEMENT_3D('',#1621,#1622,#1623);
#1621 = CARTESIAN_POINT('',(10.7,23.25,15.6));
#1622 = DIRECTION('',(0.,0.,1.));
#1623 = DIRECTION('',(1.,0.,-0.));
#1624 = DEFINITIONAL_REPRESENTATION('',(#1625),#1628);
#1625 = B_SPLINE_CURVE_WITH_KNOTS('',1,(#1626,#1627),.UNSPECIFIED.,.F.,
  .F.,(2,2),(4.625,8.025),.PIECEWISE_BEZIER_KNOTS.);
#1626 = CARTESIAN_POINT('',(1.7,4.1));
#1627 = CARTESIAN_POINT('',(-1.7,4.1));
#1628 = ( GEOMETRIC_REPRESENTATION_CONTEXT(2) 
PARAMETRIC_REPRESENTATION_CONTEXT() REPRESENTATION_CONTEXT('2D SPACE',''
  ) );
#1629 = ORIENTED_EDGE('',*,*,#1630,.T.);
#1630 = EDGE_CURVE('',#1603,#1631,#1633,.T.);
#1631 = VERTEX_POINT('',#1632);
#1632 = CARTESIAN_POINT('',(12.4,27.35,8.4));
#1633 = SURFACE_CURVE('',#1634,(#1638,#1644),.PCURVE_S1.);
#1634 = LINE('',#1635,#1636);
#1635 = CARTESIAN_POINT('',(12.4,27.35,-5.8));
#1636 = VECTOR('',#1637,1.);
#1637 = DIRECTION('',(-0.,-0.,-1.));
#1638 = PCURVE('',#479,#1639);
#1639 = DEFINITIONAL_REPRESENTATION('',(#1640),#1643);
#1640 = B_SPLINE_CURVE_WITH_KNOTS('',1,(#1641,#1642),.UNSPECIFIED.,.F.,
  .F.,(2,2),(-21.4,-14.2),.PIECEWISE_BEZIER_KNOTS.);
#1641 = CARTESIAN_POINT('',(10.95,-35.6));
#1642 = CARTESIAN_POINT('',(10.95,-28.4));
#1643 = ( GEOMETRIC_REPRESENTATION_CONTEXT(2) 
PARAMETRIC_REPRESENTATION_CONTEXT() REPRESENTATION_CONTEXT('2D SPACE',''
  ) );
#1644 = PCURVE('',#1645,#1650);
#1645 = PLANE('',#1646);
#1646 = AXIS2_PLACEMENT_3D('',#1647,#1648,#1649);
#1647 = CARTESIAN_POINT('',(12.4,18.15,8.4));
#1648 = DIRECTION('',(-1.,0.,0.));
#1649 = DIRECTION('',(0.,1.,0.));
#1650 = DEFINITIONAL_REPRESENTATION('',(#1651),#1654);
#1651 = B_SPLINE_CURVE_WITH_KNOTS('',1,(#1652,#1653),.UNSPECIFIED.,.F.,
  .F.,(2,2),(-21.4,-14.2),.PIECEWISE_BEZIER_KNOTS.);
#1652 = CARTESIAN_POINT('',(9.2,-7.2));
#1653 = CARTESIAN_POINT('',(9.2,0.));
#1654 = ( GEOMETRIC_REPRESENTATION_CONTEXT(2) 
PARAMETRIC_REPRESENTATION_CONTEXT() REPRESENTATION_CONTEXT('2D SPACE',''
  ) );
#1655 = ORIENTED_EDGE('',*,*,#1656,.T.);
#1656 = EDGE_CURVE('',#1631,#1657,#1659,.T.);
#1657 = VERTEX_POINT('',#1658);
#1658 = CARTESIAN_POINT('',(9.,27.35,8.4));
#1659 = SURFACE_CURVE('',#1660,(#1664,#1670),.PCURVE_S1.);
#1660 = LINE('',#1661,#1662);
#1661 = CARTESIAN_POINT('',(17.025,27.35,8.4));
#1662 = VECTOR('',#1663,1.);
#1663 = DIRECTION('',(-1.,0.,0.));
#1664 = PCURVE('',#479,#1665);
#1665 = DEFINITIONAL_REPRESENTATION('',(#1666),#1669);
#1666 = B_SPLINE_CURVE_WITH_KNOTS('',1,(#1667,#1668),.UNSPECIFIED.,.F.,
  .F.,(2,2),(4.625,8.025),.PIECEWISE_BEZIER_KNOTS.);
#1667 = CARTESIAN_POINT('',(10.95,-28.4));
#1668 = CARTESIAN_POINT('',(14.35,-28.4));
#1669 = ( GEOMETRIC_REPRESENTATION_CONTEXT(2) 
PARAMETRIC_REPRESENTATION_CONTEXT() REPRESENTATION_CONTEXT('2D SPACE',''
  ) );
#1670 = PCURVE('',#1671,#1676);
#1671 = PLANE('',#1672);
#1672 = AXIS2_PLACEMENT_3D('',#1673,#1674,#1675);
#1673 = CARTESIAN_POINT('',(10.7,23.25,8.4));
#1674 = DIRECTION('',(0.,0.,1.));
#1675 = DIRECTION('',(1.,0.,-0.));
#1676 = DEFINITIONAL_REPRESENTATION('',(#1677),#1680);
#1677 = B_SPLINE_CURVE_WITH_KNOTS('',1,(#1678,#1679),.UNSPECIFIED.,.F.,
  .F.,(2,2),(4.625,8.025),.PIECEWISE_BEZIER_KNOTS.);
#1678 = CARTESIAN_POINT('',(1.7,4.1));
#1679 = CARTESIAN_POINT('',(-1.7,4.1));
#1680 = ( GEOMETRIC_REPRESENTATION_CONTEXT(2) 
PARAMETRIC_REPRESENTATION_CONTEXT() REPRESENTATION_CONTEXT('2D SPACE',''
  ) );
#1681 = ORIENTED_EDGE('',*,*,#1682,.T.);
#1682 = EDGE_CURVE('',#1657,#1605,#1683,.T.);
#1683 = SURFACE_CURVE('',#1684,(#1688,#1694),.PCURVE_S1.);
#1684 = LINE('',#1685,#1686);
#1685 = CARTESIAN_POINT('',(9.,27.35,-5.8));
#1686 = VECTOR('',#1687,1.);
#1687 = DIRECTION('',(0.,0.,1.));
#1688 = PCURVE('',#479,#1689);
#1689 = DEFINITIONAL_REPRESENTATION('',(#1690),#1693);
#1690 = B_SPLINE_CURVE_WITH_KNOTS('',1,(#1691,#1692),.UNSPECIFIED.,.F.,
  .F.,(2,2),(14.2,21.4),.PIECEWISE_BEZIER_KNOTS.);
#1691 = CARTESIAN_POINT('',(14.35,-28.4));
#1692 = CARTESIAN_POINT('',(14.35,-35.6));
#1693 = ( GEOMETRIC_REPRESENTATION_CONTEXT(2) 
PARAMETRIC_REPRESENTATION_CONTEXT() REPRESENTATION_CONTEXT('2D SPACE',''
  ) );
#1694 = PCURVE('',#1695,#1700);
#1695 = PLANE('',#1696);
#1696 = AXIS2_PLACEMENT_3D('',#1697,#1698,#1699);
#1697 = CARTESIAN_POINT('',(9.,28.35,8.4));
#1698 = DIRECTION('',(1.,0.,-0.));
#1699 = DIRECTION('',(0.,-1.,0.));
#1700 = DEFINITIONAL_REPRESENTATION('',(#1701),#1704);
#1701 = B_SPLINE_CURVE_WITH_KNOTS('',1,(#1702,#1703),.UNSPECIFIED.,.F.,
  .F.,(2,2),(14.2,21.4),.PIECEWISE_BEZIER_KNOTS.);
#1702 = CARTESIAN_POINT('',(1.,0.));
#1703 = CARTESIAN_POINT('',(1.,-7.2));
#1704 = ( GEOMETRIC_REPRESENTATION_CONTEXT(2) 
PARAMETRIC_REPRESENTATION_CONTEXT() REPRESENTATION_CONTEXT('2D SPACE',''
  ) );
#1705 = FACE_BOUND('',#1706,.F.);
#1706 = EDGE_LOOP('',(#1707,#1735,#1761,#1787));
#1707 = ORIENTED_EDGE('',*,*,#1708,.F.);
#1708 = EDGE_CURVE('',#1709,#1711,#1713,.T.);
#1709 = VERTEX_POINT('',#1710);
#1710 = CARTESIAN_POINT('',(12.4,27.35,-8.4));
#1711 = VERTEX_POINT('',#1712);
#1712 = CARTESIAN_POINT('',(9.,27.35,-8.4));
#1713 = SURFACE_CURVE('',#1714,(#1718,#1724),.PCURVE_S1.);
#1714 = LINE('',#1715,#1716);
#1715 = CARTESIAN_POINT('',(17.025,27.35,-8.4));
#1716 = VECTOR('',#1717,1.);
#1717 = DIRECTION('',(-1.,0.,0.));
#1718 = PCURVE('',#479,#1719);
#1719 = DEFINITIONAL_REPRESENTATION('',(#1720),#1723);
#1720 = B_SPLINE_CURVE_WITH_KNOTS('',1,(#1721,#1722),.UNSPECIFIED.,.F.,
  .F.,(2,2),(4.625,8.025),.PIECEWISE_BEZIER_KNOTS.);
#1721 = CARTESIAN_POINT('',(10.95,-11.6));
#1722 = CARTESIAN_POINT('',(14.35,-11.6));
#1723 = ( GEOMETRIC_REPRESENTATION_CONTEXT(2) 
PARAMETRIC_REPRESENTATION_CONTEXT() REPRESENTATION_CONTEXT('2D SPACE',''
  ) );
#1724 = PCURVE('',#1725,#1730);
#1725 = PLANE('',#1726);
#1726 = AXIS2_PLACEMENT_3D('',#1727,#1728,#1729);
#1727 = CARTESIAN_POINT('',(10.7,23.25,-8.4));
#1728 = DIRECTION('',(0.,0.,1.));
#1729 = DIRECTION('',(1.,0.,-0.));
#1730 = DEFINITIONAL_REPRESENTATION('',(#1731),#1734);
#1731 = B_SPLINE_CURVE_WITH_KNOTS('',1,(#1732,#1733),.UNSPECIFIED.,.F.,
  .F.,(2,2),(4.625,8.025),.PIECEWISE_BEZIER_KNOTS.);
#1732 = CARTESIAN_POINT('',(1.7,4.1));
#1733 = CARTESIAN_POINT('',(-1.7,4.1));
#1734 = ( GEOMETRIC_REPRESENTATION_CONTEXT(2) 
PARAMETRIC_REPRESENTATION_CONTEXT() REPRESENTATION_CONTEXT('2D SPACE',''
  ) );
#1735 = ORIENTED_EDGE('',*,*,#1736,.T.);
#1736 = EDGE_CURVE('',#1709,#1737,#1739,.T.);
#1737 = VERTEX_POINT('',#1738);
#1738 = CARTESIAN_POINT('',(12.4,27.35,-15.6));
#1739 = SURFACE_CURVE('',#1740,(#1744,#1750),.PCURVE_S1.);
#1740 = LINE('',#1741,#1742);
#1741 = CARTESIAN_POINT('',(12.4,27.35,-17.8));
#1742 = VECTOR('',#1743,1.);
#1743 = DIRECTION('',(-0.,-0.,-1.));
#1744 = PCURVE('',#479,#1745);
#1745 = DEFINITIONAL_REPRESENTATION('',(#1746),#1749);
#1746 = B_SPLINE_CURVE_WITH_KNOTS('',1,(#1747,#1748),.UNSPECIFIED.,.F.,
  .F.,(2,2),(-9.4,-2.2),.PIECEWISE_BEZIER_KNOTS.);
#1747 = CARTESIAN_POINT('',(10.95,-11.6));
#1748 = CARTESIAN_POINT('',(10.95,-4.4));
#1749 = ( GEOMETRIC_REPRESENTATION_CONTEXT(2) 
PARAMETRIC_REPRESENTATION_CONTEXT() REPRESENTATION_CONTEXT('2D SPACE',''
  ) );
#1750 = PCURVE('',#1751,#1756);
#1751 = PLANE('',#1752);
#1752 = AXIS2_PLACEMENT_3D('',#1753,#1754,#1755);
#1753 = CARTESIAN_POINT('',(12.4,18.15,-15.6));
#1754 = DIRECTION('',(-1.,0.,0.));
#1755 = DIRECTION('',(0.,1.,0.));
#1756 = DEFINITIONAL_REPRESENTATION('',(#1757),#1760);
#1757 = B_SPLINE_CURVE_WITH_KNOTS('',1,(#1758,#1759),.UNSPECIFIED.,.F.,
  .F.,(2,2),(-9.4,-2.2),.PIECEWISE_BEZIER_KNOTS.);
#1758 = CARTESIAN_POINT('',(9.2,-7.2));
#1759 = CARTESIAN_POINT('',(9.2,0.));
#1760 = ( GEOMETRIC_REPRESENTATION_CONTEXT(2) 
PARAMETRIC_REPRESENTATION_CONTEXT() REPRESENTATION_CONTEXT('2D SPACE',''
  ) );
#1761 = ORIENTED_EDGE('',*,*,#1762,.T.);
#1762 = EDGE_CURVE('',#1737,#1763,#1765,.T.);
#1763 = VERTEX_POINT('',#1764);
#1764 = CARTESIAN_POINT('',(9.,27.35,-15.6));
#1765 = SURFACE_CURVE('',#1766,(#1770,#1776),.PCURVE_S1.);
#1766 = LINE('',#1767,#1768);
#1767 = CARTESIAN_POINT('',(17.025,27.35,-15.6));
#1768 = VECTOR('',#1769,1.);
#1769 = DIRECTION('',(-1.,0.,0.));
#1770 = PCURVE('',#479,#1771);
#1771 = DEFINITIONAL_REPRESENTATION('',(#1772),#1775);
#1772 = B_SPLINE_CURVE_WITH_KNOTS('',1,(#1773,#1774),.UNSPECIFIED.,.F.,
  .F.,(2,2),(4.625,8.025),.PIECEWISE_BEZIER_KNOTS.);
#1773 = CARTESIAN_POINT('',(10.95,-4.4));
#1774 = CARTESIAN_POINT('',(14.35,-4.4));
#1775 = ( GEOMETRIC_REPRESENTATION_CONTEXT(2) 
PARAMETRIC_REPRESENTATION_CONTEXT() REPRESENTATION_CONTEXT('2D SPACE',''
  ) );
#1776 = PCURVE('',#1777,#1782);
#1777 = PLANE('',#1778);
#1778 = AXIS2_PLACEMENT_3D('',#1779,#1780,#1781);
#1779 = CARTESIAN_POINT('',(10.7,23.25,-15.6));
#1780 = DIRECTION('',(0.,0.,1.));
#1781 = DIRECTION('',(1.,0.,-0.));
#1782 = DEFINITIONAL_REPRESENTATION('',(#1783),#1786);
#1783 = B_SPLINE_CURVE_WITH_KNOTS('',1,(#1784,#1785),.UNSPECIFIED.,.F.,
  .F.,(2,2),(4.625,8.025),.PIECEWISE_BEZIER_KNOTS.);
#1784 = CARTESIAN_POINT('',(1.7,4.1));
#1785 = CARTESIAN_POINT('',(-1.7,4.1));
#1786 = ( GEOMETRIC_REPRESENTATION_CONTEXT(2) 
PARAMETRIC_REPRESENTATION_CONTEXT() REPRESENTATION_CONTEXT('2D SPACE',''
  ) );
#1787 = ORIENTED_EDGE('',*,*,#1788,.T.);
#1788 = EDGE_CURVE('',#1763,#1711,#1789,.T.);
#1789 = SURFACE_CURVE('',#1790,(#1794,#1800),.PCURVE_S1.);
#1790 = LINE('',#1791,#1792);
#1791 = CARTESIAN_POINT('',(9.,27.35,-17.8));
#1792 = VECTOR('',#1793,1.);
#1793 = DIRECTION('',(0.,0.,1.));
#1794 = PCURVE('',#479,#1795);
#1795 = DEFINITIONAL_REPRESENTATION('',(#1796),#1799);
#1796 = B_SPLINE_CURVE_WITH_KNOTS('',1,(#1797,#1798),.UNSPECIFIED.,.F.,
  .F.,(2,2),(2.2,9.4),.PIECEWISE_BEZIER_KNOTS.);
#1797 = CARTESIAN_POINT('',(14.35,-4.4));
#1798 = CARTESIAN_POINT('',(14.35,-11.6));
#1799 = ( GEOMETRIC_REPRESENTATION_CONTEXT(2) 
PARAMETRIC_REPRESENTATION_CONTEXT() REPRESENTATION_CONTEXT('2D SPACE',''
  ) );
#1800 = PCURVE('',#1801,#1806);
#1801 = PLANE('',#1802);
#1802 = AXIS2_PLACEMENT_3D('',#1803,#1804,#1805);
#1803 = CARTESIAN_POINT('',(9.,28.35,-15.6));
#1804 = DIRECTION('',(1.,0.,-0.));
#1805 = DIRECTION('',(0.,-1.,0.));
#1806 = DEFINITIONAL_REPRESENTATION('',(#1807),#1810);
#1807 = B_SPLINE_CURVE_WITH_KNOTS('',1,(#1808,#1809),.UNSPECIFIED.,.F.,
  .F.,(2,2),(2.2,9.4),.PIECEWISE_BEZIER_KNOTS.);
#1808 = CARTESIAN_POINT('',(1.,0.));
#1809 = CARTESIAN_POINT('',(1.,-7.2));
#1810 = ( GEOMETRIC_REPRESENTATION_CONTEXT(2) 
PARAMETRIC_REPRESENTATION_CONTEXT() REPRESENTATION_CONTEXT('2D SPACE',''
  ) );
#1811 = ADVANCED_FACE('',(#1812),#508,.T.);
#1812 = FACE_BOUND('',#1813,.T.);
#1813 = EDGE_LOOP('',(#1814,#1815,#1836,#1837));
#1814 = ORIENTED_EDGE('',*,*,#491,.T.);
#1815 = ORIENTED_EDGE('',*,*,#1816,.T.);
#1816 = EDGE_CURVE('',#492,#784,#1817,.T.);
#1817 = SURFACE_CURVE('',#1818,(#1822,#1829),.PCURVE_S1.);
#1818 = LINE('',#1819,#1820);
#1819 = CARTESIAN_POINT('',(1.,24.35,-20.));
#1820 = VECTOR('',#1821,1.);
#1821 = DIRECTION('',(0.,0.,1.));
#1822 = PCURVE('',#508,#1823);
#1823 = DEFINITIONAL_REPRESENTATION('',(#1824),#1828);
#1824 = LINE('',#1825,#1826);
#1825 = CARTESIAN_POINT('',(1.570796326795,0.));
#1826 = VECTOR('',#1827,1.);
#1827 = DIRECTION('',(0.,1.));
#1828 = ( GEOMETRIC_REPRESENTATION_CONTEXT(2) 
PARAMETRIC_REPRESENTATION_CONTEXT() REPRESENTATION_CONTEXT('2D SPACE',''
  ) );
#1829 = PCURVE('',#536,#1830);
#1830 = DEFINITIONAL_REPRESENTATION('',(#1831),#1835);
#1831 = LINE('',#1832,#1833);
#1832 = CARTESIAN_POINT('',(3.,0.));
#1833 = VECTOR('',#1834,1.);
#1834 = DIRECTION('',(0.,-1.));
#1835 = ( GEOMETRIC_REPRESENTATION_CONTEXT(2) 
PARAMETRIC_REPRESENTATION_CONTEXT() REPRESENTATION_CONTEXT('2D SPACE',''
  ) );
#1836 = ORIENTED_EDGE('',*,*,#783,.F.);
#1837 = ORIENTED_EDGE('',*,*,#1579,.F.);
#1838 = ADVANCED_FACE('',(#1839,#1863,#1894),#536,.F.);
#1839 = FACE_BOUND('',#1840,.F.);
#1840 = EDGE_LOOP('',(#1841,#1842,#1843,#1844));
#1841 = ORIENTED_EDGE('',*,*,#520,.F.);
#1842 = ORIENTED_EDGE('',*,*,#1816,.T.);
#1843 = ORIENTED_EDGE('',*,*,#807,.T.);
#1844 = ORIENTED_EDGE('',*,*,#1845,.F.);
#1845 = EDGE_CURVE('',#521,#808,#1846,.T.);
#1846 = SURFACE_CURVE('',#1847,(#1851,#1857),.PCURVE_S1.);
#1847 = LINE('',#1848,#1849);
#1848 = CARTESIAN_POINT('',(1.,13.513049248782,-21.));
#1849 = VECTOR('',#1850,1.);
#1850 = DIRECTION('',(0.,0.,1.));
#1851 = PCURVE('',#536,#1852);
#1852 = DEFINITIONAL_REPRESENTATION('',(#1853),#1856);
#1853 = B_SPLINE_CURVE_WITH_KNOTS('',1,(#1854,#1855),.UNSPECIFIED.,.F.,
  .F.,(2,2),(-5.999999999062E-07,42.0000006),.PIECEWISE_BEZIER_KNOTS.);
#1854 = CARTESIAN_POINT('',(13.836950751218,1.0000006));
#1855 = CARTESIAN_POINT('',(13.836950751218,-41.0000006));
#1856 = ( GEOMETRIC_REPRESENTATION_CONTEXT(2) 
PARAMETRIC_REPRESENTATION_CONTEXT() REPRESENTATION_CONTEXT('2D SPACE',''
  ) );
#1857 = PCURVE('',#565,#1858);
#1858 = DEFINITIONAL_REPRESENTATION('',(#1859),#1862);
#1859 = B_SPLINE_CURVE_WITH_KNOTS('',1,(#1860,#1861),.UNSPECIFIED.,.F.,
  .F.,(2,2),(1.,41.),.PIECEWISE_BEZIER_KNOTS.);
#1860 = CARTESIAN_POINT('',(7.780113738014,1.));
#1861 = CARTESIAN_POINT('',(7.780113738014,41.));
#1862 = ( GEOMETRIC_REPRESENTATION_CONTEXT(2) 
PARAMETRIC_REPRESENTATION_CONTEXT() REPRESENTATION_CONTEXT('2D SPACE',''
  ) );
#1863 = FACE_BOUND('',#1864,.F.);
#1864 = EDGE_LOOP('',(#1865));
#1865 = ORIENTED_EDGE('',*,*,#1866,.F.);
#1866 = EDGE_CURVE('',#1867,#1867,#1869,.T.);
#1867 = VERTEX_POINT('',#1868);
#1868 = CARTESIAN_POINT('',(1.,21.85,14.2));
#1869 = SURFACE_CURVE('',#1870,(#1875,#1882),.PCURVE_S1.);
#1870 = CIRCLE('',#1871,2.2);
#1871 = AXIS2_PLACEMENT_3D('',#1872,#1873,#1874);
#1872 = CARTESIAN_POINT('',(1.,21.85,12.));
#1873 = DIRECTION('',(1.,0.,0.));
#1874 = DIRECTION('',(-0.,0.,1.));
#1875 = PCURVE('',#536,#1876);
#1876 = DEFINITIONAL_REPRESENTATION('',(#1877),#1881);
#1877 = CIRCLE('',#1878,2.2);
#1878 = AXIS2_PLACEMENT_2D('',#1879,#1880);
#1879 = CARTESIAN_POINT('',(5.5,-32.));
#1880 = DIRECTION('',(0.,-1.));
#1881 = ( GEOMETRIC_REPRESENTATION_CONTEXT(2) 
PARAMETRIC_REPRESENTATION_CONTEXT() REPRESENTATION_CONTEXT('2D SPACE',''
  ) );
#1882 = PCURVE('',#1883,#1888);
#1883 = CYLINDRICAL_SURFACE('',#1884,2.2);
#1884 = AXIS2_PLACEMENT_3D('',#1885,#1886,#1887);
#1885 = CARTESIAN_POINT('',(0.,21.85,12.));
#1886 = DIRECTION('',(1.,0.,0.));
#1887 = DIRECTION('',(-0.,0.,1.));
#1888 = DEFINITIONAL_REPRESENTATION('',(#1889),#1893);
#1889 = LINE('',#1890,#1891);
#1890 = CARTESIAN_POINT('',(0.,1.));
#1891 = VECTOR('',#1892,1.);
#1892 = DIRECTION('',(1.,0.));
#1893 = ( GEOMETRIC_REPRESENTATION_CONTEXT(2) 
PARAMETRIC_REPRESENTATION_CONTEXT() REPRESENTATION_CONTEXT('2D SPACE',''
  ) );
#1894 = FACE_BOUND('',#1895,.F.);
#1895 = EDGE_LOOP('',(#1896));
#1896 = ORIENTED_EDGE('',*,*,#1897,.F.);
#1897 = EDGE_CURVE('',#1898,#1898,#1900,.T.);
#1898 = VERTEX_POINT('',#1899);
#1899 = CARTESIAN_POINT('',(1.,21.85,-9.8));
#1900 = SURFACE_CURVE('',#1901,(#1906,#1913),.PCURVE_S1.);
#1901 = CIRCLE('',#1902,2.2);
#1902 = AXIS2_PLACEMENT_3D('',#1903,#1904,#1905);
#1903 = CARTESIAN_POINT('',(1.,21.85,-12.));
#1904 = DIRECTION('',(1.,0.,0.));
#1905 = DIRECTION('',(-0.,0.,1.));
#1906 = PCURVE('',#536,#1907);
#1907 = DEFINITIONAL_REPRESENTATION('',(#1908),#1912);
#1908 = CIRCLE('',#1909,2.2);
#1909 = AXIS2_PLACEMENT_2D('',#1910,#1911);
#1910 = CARTESIAN_POINT('',(5.5,-8.));
#1911 = DIRECTION('',(0.,-1.));
#1912 = ( GEOMETRIC_REPRESENTATION_CONTEXT(2) 
PARAMETRIC_REPRESENTATION_CONTEXT() REPRESENTATION_CONTEXT('2D SPACE',''
  ) );
#1913 = PCURVE('',#1914,#1919);
#1914 = CYLINDRICAL_SURFACE('',#1915,2.2);
#1915 = AXIS2_PLACEMENT_3D('',#1916,#1917,#1918);
#1916 = CARTESIAN_POINT('',(0.,21.85,-12.));
#1917 = DIRECTION('',(1.,0.,0.));
#1918 = DIRECTION('',(-0.,0.,1.));
#1919 = DEFINITIONAL_REPRESENTATION('',(#1920),#1924);
#1920 = LINE('',#1921,#1922);
#1921 = CARTESIAN_POINT('',(0.,1.));
#1922 = VECTOR('',#1923,1.);
#1923 = DIRECTION('',(1.,0.));
#1924 = ( GEOMETRIC_REPRESENTATION_CONTEXT(2) 
PARAMETRIC_REPRESENTATION_CONTEXT() REPRESENTATION_CONTEXT('2D SPACE',''
  ) );
#1925 = ADVANCED_FACE('',(#1926),#565,.F.);
#1926 = FACE_BOUND('',#1927,.F.);
#1927 = EDGE_LOOP('',(#1928,#1929,#1930,#1931));
#1928 = ORIENTED_EDGE('',*,*,#548,.T.);
#1929 = ORIENTED_EDGE('',*,*,#1845,.T.);
#1930 = ORIENTED_EDGE('',*,*,#830,.T.);
#1931 = ORIENTED_EDGE('',*,*,#1932,.F.);
#1932 = EDGE_CURVE('',#549,#831,#1933,.T.);
#1933 = SURFACE_CURVE('',#1934,(#1938,#1944),.PCURVE_S1.);
#1934 = LINE('',#1935,#1936);
#1935 = CARTESIAN_POINT('',(1.,-13.51304924878,-21.));
#1936 = VECTOR('',#1937,1.);
#1937 = DIRECTION('',(0.,0.,1.));
#1938 = PCURVE('',#565,#1939);
#1939 = DEFINITIONAL_REPRESENTATION('',(#1940),#1943);
#1940 = B_SPLINE_CURVE_WITH_KNOTS('',1,(#1941,#1942),.UNSPECIFIED.,.F.,
  .F.,(2,2),(1.,41.),.PIECEWISE_BEZIER_KNOTS.);
#1941 = CARTESIAN_POINT('',(4.786256876345,1.));
#1942 = CARTESIAN_POINT('',(4.786256876345,41.));
#1943 = ( GEOMETRIC_REPRESENTATION_CONTEXT(2) 
PARAMETRIC_REPRESENTATION_CONTEXT() REPRESENTATION_CONTEXT('2D SPACE',''
  ) );
#1944 = PCURVE('',#591,#1945);
#1945 = DEFINITIONAL_REPRESENTATION('',(#1946),#1949);
#1946 = B_SPLINE_CURVE_WITH_KNOTS('',1,(#1947,#1948),.UNSPECIFIED.,.F.,
  .F.,(2,2),(-5.999999999062E-07,42.0000006),.PIECEWISE_BEZIER_KNOTS.);
#1947 = CARTESIAN_POINT('',(40.863049248782,1.0000006));
#1948 = CARTESIAN_POINT('',(40.863049248782,-41.0000006));
#1949 = ( GEOMETRIC_REPRESENTATION_CONTEXT(2) 
PARAMETRIC_REPRESENTATION_CONTEXT() REPRESENTATION_CONTEXT('2D SPACE',''
  ) );
#1950 = ADVANCED_FACE('',(#1951,#1957,#1983),#591,.F.);
#1951 = FACE_BOUND('',#1952,.F.);
#1952 = EDGE_LOOP('',(#1953,#1954,#1955,#1956));
#1953 = ORIENTED_EDGE('',*,*,#577,.F.);
#1954 = ORIENTED_EDGE('',*,*,#1932,.T.);
#1955 = ORIENTED_EDGE('',*,*,#858,.T.);
#1956 = ORIENTED_EDGE('',*,*,#607,.F.);
#1957 = FACE_BOUND('',#1958,.F.);
#1958 = EDGE_LOOP('',(#1959));
#1959 = ORIENTED_EDGE('',*,*,#1960,.F.);
#1960 = EDGE_CURVE('',#1961,#1961,#1963,.T.);
#1961 = VERTEX_POINT('',#1962);
#1962 = CARTESIAN_POINT('',(1.,-21.85,14.2));
#1963 = SURFACE_CURVE('',#1964,(#1969,#1976),.PCURVE_S1.);
#1964 = CIRCLE('',#1965,2.2);
#1965 = AXIS2_PLACEMENT_3D('',#1966,#1967,#1968);
#1966 = CARTESIAN_POINT('',(1.,-21.85,12.));
#1967 = DIRECTION('',(1.,0.,0.));
#1968 = DIRECTION('',(-0.,0.,1.));
#1969 = PCURVE('',#591,#1970);
#1970 = DEFINITIONAL_REPRESENTATION('',(#1971),#1975);
#1971 = CIRCLE('',#1972,2.2);
#1972 = AXIS2_PLACEMENT_2D('',#1973,#1974);
#1973 = CARTESIAN_POINT('',(49.2,-32.));
#1974 = DIRECTION('',(0.,-1.));
#1975 = ( GEOMETRIC_REPRESENTATION_CONTEXT(2) 
PARAMETRIC_REPRESENTATION_CONTEXT() REPRESENTATION_CONTEXT('2D SPACE',''
  ) );
#1976 = PCURVE('',#1023,#1977);
#1977 = DEFINITIONAL_REPRESENTATION('',(#1978),#1982);
#1978 = LINE('',#1979,#1980);
#1979 = CARTESIAN_POINT('',(0.,1.));
#1980 = VECTOR('',#1981,1.);
#1981 = DIRECTION('',(1.,0.));
#1982 = ( GEOMETRIC_REPRESENTATION_CONTEXT(2) 
PARAMETRIC_REPRESENTATION_CONTEXT() REPRESENTATION_CONTEXT('2D SPACE',''
  ) );
#1983 = FACE_BOUND('',#1984,.F.);
#1984 = EDGE_LOOP('',(#1985));
#1985 = ORIENTED_EDGE('',*,*,#1986,.F.);
#1986 = EDGE_CURVE('',#1987,#1987,#1989,.T.);
#1987 = VERTEX_POINT('',#1988);
#1988 = CARTESIAN_POINT('',(1.,-21.85,-9.8));
#1989 = SURFACE_CURVE('',#1990,(#1995,#2002),.PCURVE_S1.);
#1990 = CIRCLE('',#1991,2.2);
#1991 = AXIS2_PLACEMENT_3D('',#1992,#1993,#1994);
#1992 = CARTESIAN_POINT('',(1.,-21.85,-12.));
#1993 = DIRECTION('',(1.,0.,0.));
#1994 = DIRECTION('',(-0.,0.,1.));
#1995 = PCURVE('',#591,#1996);
#1996 = DEFINITIONAL_REPRESENTATION('',(#1997),#2001);
#1997 = CIRCLE('',#1998,2.2);
#1998 = AXIS2_PLACEMENT_2D('',#1999,#2000);
#1999 = CARTESIAN_POINT('',(49.2,-8.));
#2000 = DIRECTION('',(0.,-1.));
#2001 = ( GEOMETRIC_REPRESENTATION_CONTEXT(2) 
PARAMETRIC_REPRESENTATION_CONTEXT() REPRESENTATION_CONTEXT('2D SPACE',''
  ) );
#2002 = PCURVE('',#1290,#2003);
#2003 = DEFINITIONAL_REPRESENTATION('',(#2004),#2008);
#2004 = LINE('',#2005,#2006);
#2005 = CARTESIAN_POINT('',(0.,1.));
#2006 = VECTOR('',#2007,1.);
#2007 = DIRECTION('',(1.,0.));
#2008 = ( GEOMETRIC_REPRESENTATION_CONTEXT(2) 
PARAMETRIC_REPRESENTATION_CONTEXT() REPRESENTATION_CONTEXT('2D SPACE',''
  ) );
#2009 = ADVANCED_FACE('',(#2010),#943,.T.);
#2010 = FACE_BOUND('',#2011,.T.);
#2011 = EDGE_LOOP('',(#2012,#2013,#2014,#2015));
#2012 = ORIENTED_EDGE('',*,*,#1090,.T.);
#2013 = ORIENTED_EDGE('',*,*,#1063,.T.);
#2014 = ORIENTED_EDGE('',*,*,#959,.F.);
#2015 = ORIENTED_EDGE('',*,*,#929,.F.);
#2016 = ADVANCED_FACE('',(#2017),#1023,.F.);
#2017 = FACE_BOUND('',#2018,.F.);
#2018 = EDGE_LOOP('',(#2019,#2020,#2041,#2042));
#2019 = ORIENTED_EDGE('',*,*,#1960,.T.);
#2020 = ORIENTED_EDGE('',*,*,#2021,.T.);
#2021 = EDGE_CURVE('',#1961,#1007,#2022,.T.);
#2022 = SEAM_CURVE('',#2023,(#2027,#2034),.PCURVE_S1.);
#2023 = LINE('',#2024,#2025);
#2024 = CARTESIAN_POINT('',(0.,-21.85,14.2));
#2025 = VECTOR('',#2026,1.);
#2026 = DIRECTION('',(1.,0.,0.));
#2027 = PCURVE('',#1023,#2028);
#2028 = DEFINITIONAL_REPRESENTATION('',(#2029),#2033);
#2029 = LINE('',#2030,#2031);
#2030 = CARTESIAN_POINT('',(0.,-0.));
#2031 = VECTOR('',#2032,1.);
#2032 = DIRECTION('',(0.,1.));
#2033 = ( GEOMETRIC_REPRESENTATION_CONTEXT(2) 
PARAMETRIC_REPRESENTATION_CONTEXT() REPRESENTATION_CONTEXT('2D SPACE',''
  ) );
#2034 = PCURVE('',#1023,#2035);
#2035 = DEFINITIONAL_REPRESENTATION('',(#2036),#2040);
#2036 = LINE('',#2037,#2038);
#2037 = CARTESIAN_POINT('',(6.28318530718,-0.));
#2038 = VECTOR('',#2039,1.);
#2039 = DIRECTION('',(0.,1.));
#2040 = ( GEOMETRIC_REPRESENTATION_CONTEXT(2) 
PARAMETRIC_REPRESENTATION_CONTEXT() REPRESENTATION_CONTEXT('2D SPACE',''
  ) );
#2041 = ORIENTED_EDGE('',*,*,#1006,.F.);
#2042 = ORIENTED_EDGE('',*,*,#2021,.F.);
#2043 = ADVANCED_FACE('',(#2044),#1134,.F.);
#2044 = FACE_BOUND('',#2045,.F.);
#2045 = EDGE_LOOP('',(#2046,#2047,#2070,#2097));
#2046 = ORIENTED_EDGE('',*,*,#1113,.T.);
#2047 = ORIENTED_EDGE('',*,*,#2048,.T.);
#2048 = EDGE_CURVE('',#1114,#2049,#2051,.T.);
#2049 = VERTEX_POINT('',#2050);
#2050 = CARTESIAN_POINT('',(21.85,-21.85,14.2));
#2051 = SEAM_CURVE('',#2052,(#2056,#2063),.PCURVE_S1.);
#2052 = LINE('',#2053,#2054);
#2053 = CARTESIAN_POINT('',(0.,-21.85,14.2));
#2054 = VECTOR('',#2055,1.);
#2055 = DIRECTION('',(1.,0.,0.));
#2056 = PCURVE('',#1134,#2057);
#2057 = DEFINITIONAL_REPRESENTATION('',(#2058),#2062);
#2058 = LINE('',#2059,#2060);
#2059 = CARTESIAN_POINT('',(0.,-0.));
#2060 = VECTOR('',#2061,1.);
#2061 = DIRECTION('',(0.,1.));
#2062 = ( GEOMETRIC_REPRESENTATION_CONTEXT(2) 
PARAMETRIC_REPRESENTATION_CONTEXT() REPRESENTATION_CONTEXT('2D SPACE',''
  ) );
#2063 = PCURVE('',#1134,#2064);
#2064 = DEFINITIONAL_REPRESENTATION('',(#2065),#2069);
#2065 = LINE('',#2066,#2067);
#2066 = CARTESIAN_POINT('',(6.28318530718,-0.));
#2067 = VECTOR('',#2068,1.);
#2068 = DIRECTION('',(0.,1.));
#2069 = ( GEOMETRIC_REPRESENTATION_CONTEXT(2) 
PARAMETRIC_REPRESENTATION_CONTEXT() REPRESENTATION_CONTEXT('2D SPACE',''
  ) );
#2070 = ORIENTED_EDGE('',*,*,#2071,.F.);
#2071 = EDGE_CURVE('',#2049,#2049,#2072,.T.);
#2072 = SURFACE_CURVE('',#2073,(#2078,#2085),.PCURVE_S1.);
#2073 = CIRCLE('',#2074,2.2);
#2074 = AXIS2_PLACEMENT_3D('',#2075,#2076,#2077);
#2075 = CARTESIAN_POINT('',(21.85,-21.85,12.));
#2076 = DIRECTION('',(1.,0.,0.));
#2077 = DIRECTION('',(-0.,0.,1.));
#2078 = PCURVE('',#1134,#2079);
#2079 = DEFINITIONAL_REPRESENTATION('',(#2080),#2084);
#2080 = LINE('',#2081,#2082);
#2081 = CARTESIAN_POINT('',(0.,21.85));
#2082 = VECTOR('',#2083,1.);
#2083 = DIRECTION('',(1.,0.));
#2084 = ( GEOMETRIC_REPRESENTATION_CONTEXT(2) 
PARAMETRIC_REPRESENTATION_CONTEXT() REPRESENTATION_CONTEXT('2D SPACE',''
  ) );
#2085 = PCURVE('',#2086,#2091);
#2086 = PLANE('',#2087);
#2087 = AXIS2_PLACEMENT_3D('',#2088,#2089,#2090);
#2088 = CARTESIAN_POINT('',(21.85,-21.85,12.));
#2089 = DIRECTION('',(1.,0.,0.));
#2090 = DIRECTION('',(-0.,0.,1.));
#2091 = DEFINITIONAL_REPRESENTATION('',(#2092),#2096);
#2092 = CIRCLE('',#2093,2.2);
#2093 = AXIS2_PLACEMENT_2D('',#2094,#2095);
#2094 = CARTESIAN_POINT('',(0.,0.));
#2095 = DIRECTION('',(1.,0.));
#2096 = ( GEOMETRIC_REPRESENTATION_CONTEXT(2) 
PARAMETRIC_REPRESENTATION_CONTEXT() REPRESENTATION_CONTEXT('2D SPACE',''
  ) );
#2097 = ORIENTED_EDGE('',*,*,#2048,.F.);
#2098 = ADVANCED_FACE('',(#2099),#1210,.T.);
#2099 = FACE_BOUND('',#2100,.T.);
#2100 = EDGE_LOOP('',(#2101,#2102,#2103,#2104));
#2101 = ORIENTED_EDGE('',*,*,#1330,.T.);
#2102 = ORIENTED_EDGE('',*,*,#1392,.T.);
#2103 = ORIENTED_EDGE('',*,*,#1226,.F.);
#2104 = ORIENTED_EDGE('',*,*,#1196,.F.);
#2105 = ADVANCED_FACE('',(#2106),#1290,.F.);
#2106 = FACE_BOUND('',#2107,.F.);
#2107 = EDGE_LOOP('',(#2108,#2109,#2130,#2131));
#2108 = ORIENTED_EDGE('',*,*,#1986,.T.);
#2109 = ORIENTED_EDGE('',*,*,#2110,.T.);
#2110 = EDGE_CURVE('',#1987,#1274,#2111,.T.);
#2111 = SEAM_CURVE('',#2112,(#2116,#2123),.PCURVE_S1.);
#2112 = LINE('',#2113,#2114);
#2113 = CARTESIAN_POINT('',(0.,-21.85,-9.8));
#2114 = VECTOR('',#2115,1.);
#2115 = DIRECTION('',(1.,0.,0.));
#2116 = PCURVE('',#1290,#2117);
#2117 = DEFINITIONAL_REPRESENTATION('',(#2118),#2122);
#2118 = LINE('',#2119,#2120);
#2119 = CARTESIAN_POINT('',(0.,-0.));
#2120 = VECTOR('',#2121,1.);
#2121 = DIRECTION('',(0.,1.));
#2122 = ( GEOMETRIC_REPRESENTATION_CONTEXT(2) 
PARAMETRIC_REPRESENTATION_CONTEXT() REPRESENTATION_CONTEXT('2D SPACE',''
  ) );
#2123 = PCURVE('',#1290,#2124);
#2124 = DEFINITIONAL_REPRESENTATION('',(#2125),#2129);
#2125 = LINE('',#2126,#2127);
#2126 = CARTESIAN_POINT('',(6.28318530718,-0.));
#2127 = VECTOR('',#2128,1.);
#2128 = DIRECTION('',(0.,1.));
#2129 = ( GEOMETRIC_REPRESENTATION_CONTEXT(2) 
PARAMETRIC_REPRESENTATION_CONTEXT() REPRESENTATION_CONTEXT('2D SPACE',''
  ) );
#2130 = ORIENTED_EDGE('',*,*,#1273,.F.);
#2131 = ORIENTED_EDGE('',*,*,#2110,.F.);
#2132 = ADVANCED_FACE('',(#2133),#1374,.F.);
#2133 = FACE_BOUND('',#2134,.F.);
#2134 = EDGE_LOOP('',(#2135,#2136,#2159,#2186));
#2135 = ORIENTED_EDGE('',*,*,#1353,.T.);
#2136 = ORIENTED_EDGE('',*,*,#2137,.T.);
#2137 = EDGE_CURVE('',#1354,#2138,#2140,.T.);
#2138 = VERTEX_POINT('',#2139);
#2139 = CARTESIAN_POINT('',(21.85,-21.85,-9.8));
#2140 = SEAM_CURVE('',#2141,(#2145,#2152),.PCURVE_S1.);
#2141 = LINE('',#2142,#2143);
#2142 = CARTESIAN_POINT('',(0.,-21.85,-9.8));
#2143 = VECTOR('',#2144,1.);
#2144 = DIRECTION('',(1.,0.,0.));
#2145 = PCURVE('',#1374,#2146);
#2146 = DEFINITIONAL_REPRESENTATION('',(#2147),#2151);
#2147 = LINE('',#2148,#2149);
#2148 = CARTESIAN_POINT('',(0.,-0.));
#2149 = VECTOR('',#2150,1.);
#2150 = DIRECTION('',(0.,1.));
#2151 = ( GEOMETRIC_REPRESENTATION_CONTEXT(2) 
PARAMETRIC_REPRESENTATION_CONTEXT() REPRESENTATION_CONTEXT('2D SPACE',''
  ) );
#2152 = PCURVE('',#1374,#2153);
#2153 = DEFINITIONAL_REPRESENTATION('',(#2154),#2158);
#2154 = LINE('',#2155,#2156);
#2155 = CARTESIAN_POINT('',(6.28318530718,-0.));
#2156 = VECTOR('',#2157,1.);
#2157 = DIRECTION('',(0.,1.));
#2158 = ( GEOMETRIC_REPRESENTATION_CONTEXT(2) 
PARAMETRIC_REPRESENTATION_CONTEXT() REPRESENTATION_CONTEXT('2D SPACE',''
  ) );
#2159 = ORIENTED_EDGE('',*,*,#2160,.F.);
#2160 = EDGE_CURVE('',#2138,#2138,#2161,.T.);
#2161 = SURFACE_CURVE('',#2162,(#2167,#2174),.PCURVE_S1.);
#2162 = CIRCLE('',#2163,2.2);
#2163 = AXIS2_PLACEMENT_3D('',#2164,#2165,#2166);
#2164 = CARTESIAN_POINT('',(21.85,-21.85,-12.));
#2165 = DIRECTION('',(1.,0.,0.));
#2166 = DIRECTION('',(-0.,0.,1.));
#2167 = PCURVE('',#1374,#2168);
#2168 = DEFINITIONAL_REPRESENTATION('',(#2169),#2173);
#2169 = LINE('',#2170,#2171);
#2170 = CARTESIAN_POINT('',(0.,21.85));
#2171 = VECTOR('',#2172,1.);
#2172 = DIRECTION('',(1.,0.));
#2173 = ( GEOMETRIC_REPRESENTATION_CONTEXT(2) 
PARAMETRIC_REPRESENTATION_CONTEXT() REPRESENTATION_CONTEXT('2D SPACE',''
  ) );
#2174 = PCURVE('',#2175,#2180);
#2175 = PLANE('',#2176);
#2176 = AXIS2_PLACEMENT_3D('',#2177,#2178,#2179);
#2177 = CARTESIAN_POINT('',(21.85,-21.85,-12.));
#2178 = DIRECTION('',(1.,0.,0.));
#2179 = DIRECTION('',(-0.,0.,1.));
#2180 = DEFINITIONAL_REPRESENTATION('',(#2181),#2185);
#2181 = CIRCLE('',#2182,2.2);
#2182 = AXIS2_PLACEMENT_2D('',#2183,#2184);
#2183 = CARTESIAN_POINT('',(0.,0.));
#2184 = DIRECTION('',(1.,0.));
#2185 = ( GEOMETRIC_REPRESENTATION_CONTEXT(2) 
PARAMETRIC_REPRESENTATION_CONTEXT() REPRESENTATION_CONTEXT('2D SPACE',''
  ) );
#2186 = ORIENTED_EDGE('',*,*,#2137,.F.);
#2187 = ADVANCED_FACE('',(#2188),#1459,.T.);
#2188 = FACE_BOUND('',#2189,.T.);
#2189 = EDGE_LOOP('',(#2190,#2191,#2214,#2242));
#2190 = ORIENTED_EDGE('',*,*,#1442,.F.);
#2191 = ORIENTED_EDGE('',*,*,#2192,.T.);
#2192 = EDGE_CURVE('',#1443,#2193,#2195,.T.);
#2193 = VERTEX_POINT('',#2194);
#2194 = CARTESIAN_POINT('',(44.322330470336,-22.,17.677669529664));
#2195 = SURFACE_CURVE('',#2196,(#2200,#2207),.PCURVE_S1.);
#2196 = LINE('',#2197,#2198);
#2197 = CARTESIAN_POINT('',(22.35,-22.,20.));
#2198 = VECTOR('',#2199,1.);
#2199 = DIRECTION('',(0.994460817932,0.,-0.10510795212));
#2200 = PCURVE('',#1459,#2201);
#2201 = DEFINITIONAL_REPRESENTATION('',(#2202),#2206);
#2202 = LINE('',#2203,#2204);
#2203 = CARTESIAN_POINT('',(0.,-22.));
#2204 = VECTOR('',#2205,1.);
#2205 = DIRECTION('',(1.,0.));
#2206 = ( GEOMETRIC_REPRESENTATION_CONTEXT(2) 
PARAMETRIC_REPRESENTATION_CONTEXT() REPRESENTATION_CONTEXT('2D SPACE',''
  ) );
#2207 = PCURVE('',#1485,#2208);
#2208 = DEFINITIONAL_REPRESENTATION('',(#2209),#2213);
#2209 = LINE('',#2210,#2211);
#2210 = CARTESIAN_POINT('',(23.921849804177,-22.83488746118));
#2211 = VECTOR('',#2212,1.);
#2212 = DIRECTION('',(-0.10510795212,0.994460817932));
#2213 = ( GEOMETRIC_REPRESENTATION_CONTEXT(2) 
PARAMETRIC_REPRESENTATION_CONTEXT() REPRESENTATION_CONTEXT('2D SPACE',''
  ) );
#2214 = ORIENTED_EDGE('',*,*,#2215,.T.);
#2215 = EDGE_CURVE('',#2193,#2216,#2218,.T.);
#2216 = VERTEX_POINT('',#2217);
#2217 = CARTESIAN_POINT('',(44.322330470336,22.,17.677669529664));
#2218 = SURFACE_CURVE('',#2219,(#2223,#2230),.PCURVE_S1.);
#2219 = LINE('',#2220,#2221);
#2220 = CARTESIAN_POINT('',(44.322330470336,-22.,17.677669529664));
#2221 = VECTOR('',#2222,1.);
#2222 = DIRECTION('',(0.,1.,0.));
#2223 = PCURVE('',#1459,#2224);
#2224 = DEFINITIONAL_REPRESENTATION('',(#2225),#2229);
#2225 = LINE('',#2226,#2227);
#2226 = CARTESIAN_POINT('',(22.094717131276,-22.));
#2227 = VECTOR('',#2228,1.);
#2228 = DIRECTION('',(0.,1.));
#2229 = ( GEOMETRIC_REPRESENTATION_CONTEXT(2) 
PARAMETRIC_REPRESENTATION_CONTEXT() REPRESENTATION_CONTEXT('2D SPACE',''
  ) );
#2230 = PCURVE('',#2231,#2236);
#2231 = PLANE('',#2232);
#2232 = AXIS2_PLACEMENT_3D('',#2233,#2234,#2235);
#2233 = CARTESIAN_POINT('',(44.322330470336,0.,17.677669529664));
#2234 = DIRECTION('',(0.707106781187,0.,0.707106781187));
#2235 = DIRECTION('',(0.707106781187,0.,-0.707106781187));
#2236 = DEFINITIONAL_REPRESENTATION('',(#2237),#2241);
#2237 = LINE('',#2238,#2239);
#2238 = CARTESIAN_POINT('',(0.,-22.));
#2239 = VECTOR('',#2240,1.);
#2240 = DIRECTION('',(0.,1.));
#2241 = ( GEOMETRIC_REPRESENTATION_CONTEXT(2) 
PARAMETRIC_REPRESENTATION_CONTEXT() REPRESENTATION_CONTEXT('2D SPACE',''
  ) );
#2242 = ORIENTED_EDGE('',*,*,#2243,.F.);
#2243 = EDGE_CURVE('',#1445,#2216,#2244,.T.);
#2244 = SURFACE_CURVE('',#2245,(#2249,#2256),.PCURVE_S1.);
#2245 = LINE('',#2246,#2247);
#2246 = CARTESIAN_POINT('',(22.35,22.,20.));
#2247 = VECTOR('',#2248,1.);
#2248 = DIRECTION('',(0.994460817932,0.,-0.10510795212));
#2249 = PCURVE('',#1459,#2250);
#2250 = DEFINITIONAL_REPRESENTATION('',(#2251),#2255);
#2251 = LINE('',#2252,#2253);
#2252 = CARTESIAN_POINT('',(0.,22.));
#2253 = VECTOR('',#2254,1.);
#2254 = DIRECTION('',(1.,0.));
#2255 = ( GEOMETRIC_REPRESENTATION_CONTEXT(2) 
PARAMETRIC_REPRESENTATION_CONTEXT() REPRESENTATION_CONTEXT('2D SPACE',''
  ) );
#2256 = PCURVE('',#1535,#2257);
#2257 = DEFINITIONAL_REPRESENTATION('',(#2258),#2262);
#2258 = LINE('',#2259,#2260);
#2259 = CARTESIAN_POINT('',(23.921849804177,-22.83488746118));
#2260 = VECTOR('',#2261,1.);
#2261 = DIRECTION('',(-0.10510795212,0.994460817932));
#2262 = ( GEOMETRIC_REPRESENTATION_CONTEXT(2) 
PARAMETRIC_REPRESENTATION_CONTEXT() REPRESENTATION_CONTEXT('2D SPACE',''
  ) );
#2263 = ADVANCED_FACE('',(#2264,#2312),#1535,.T.);
#2264 = FACE_BOUND('',#2265,.T.);
#2265 = EDGE_LOOP('',(#2266,#2267,#2268,#2291));
#2266 = ORIENTED_EDGE('',*,*,#1522,.F.);
#2267 = ORIENTED_EDGE('',*,*,#2243,.T.);
#2268 = ORIENTED_EDGE('',*,*,#2269,.T.);
#2269 = EDGE_CURVE('',#2216,#2270,#2272,.T.);
#2270 = VERTEX_POINT('',#2271);
#2271 = CARTESIAN_POINT('',(79.677669529664,22.,-17.67766952966));
#2272 = SURFACE_CURVE('',#2273,(#2277,#2284),.PCURVE_S1.);
#2273 = LINE('',#2274,#2275);
#2274 = CARTESIAN_POINT('',(44.322330470336,22.,17.677669529664));
#2275 = VECTOR('',#2276,1.);
#2276 = DIRECTION('',(0.707106781187,0.,-0.707106781187));
#2277 = PCURVE('',#1535,#2278);
#2278 = DEFINITIONAL_REPRESENTATION('',(#2279),#2283);
#2279 = LINE('',#2280,#2281);
#2280 = CARTESIAN_POINT('',(21.59951933384,-0.862556990848));
#2281 = VECTOR('',#2282,1.);
#2282 = DIRECTION('',(-0.707106781187,0.707106781187));
#2283 = ( GEOMETRIC_REPRESENTATION_CONTEXT(2) 
PARAMETRIC_REPRESENTATION_CONTEXT() REPRESENTATION_CONTEXT('2D SPACE',''
  ) );
#2284 = PCURVE('',#2231,#2285);
#2285 = DEFINITIONAL_REPRESENTATION('',(#2286),#2290);
#2286 = LINE('',#2287,#2288);
#2287 = CARTESIAN_POINT('',(0.,22.));
#2288 = VECTOR('',#2289,1.);
#2289 = DIRECTION('',(1.,0.));
#2290 = ( GEOMETRIC_REPRESENTATION_CONTEXT(2) 
PARAMETRIC_REPRESENTATION_CONTEXT() REPRESENTATION_CONTEXT('2D SPACE',''
  ) );
#2291 = ORIENTED_EDGE('',*,*,#2292,.T.);
#2292 = EDGE_CURVE('',#2270,#1497,#2293,.T.);
#2293 = SURFACE_CURVE('',#2294,(#2298,#2305),.PCURVE_S1.);
#2294 = LINE('',#2295,#2296);
#2295 = CARTESIAN_POINT('',(79.677669529664,22.,-17.67766952966));
#2296 = VECTOR('',#2297,1.);
#2297 = DIRECTION('',(-0.999180487937,0.,-4.047656762499E-02));
#2298 = PCURVE('',#1535,#2299);
#2299 = DEFINITIONAL_REPRESENTATION('',(#2300),#2304);
#2300 = LINE('',#2301,#2302);
#2301 = CARTESIAN_POINT('',(-13.75581972548,34.49278206848));
#2302 = VECTOR('',#2303,1.);
#2303 = DIRECTION('',(-4.047656762499E-02,-0.999180487937));
#2304 = ( GEOMETRIC_REPRESENTATION_CONTEXT(2) 
PARAMETRIC_REPRESENTATION_CONTEXT() REPRESENTATION_CONTEXT('2D SPACE',''
  ) );
#2305 = PCURVE('',#1511,#2306);
#2306 = DEFINITIONAL_REPRESENTATION('',(#2307),#2311);
#2307 = LINE('',#2308,#2309);
#2308 = CARTESIAN_POINT('',(0.,22.));
#2309 = VECTOR('',#2310,1.);
#2310 = DIRECTION('',(1.,0.));
#2311 = ( GEOMETRIC_REPRESENTATION_CONTEXT(2) 
PARAMETRIC_REPRESENTATION_CONTEXT() REPRESENTATION_CONTEXT('2D SPACE',''
  ) );
#2312 = FACE_BOUND('',#2313,.T.);
#2313 = EDGE_LOOP('',(#2314,#2342,#2368,#2394));
#2314 = ORIENTED_EDGE('',*,*,#2315,.F.);
#2315 = EDGE_CURVE('',#2316,#2318,#2320,.T.);
#2316 = VERTEX_POINT('',#2317);
#2317 = CARTESIAN_POINT('',(29.35,22.,12.221155901417));
#2318 = VERTEX_POINT('',#2319);
#2319 = CARTESIAN_POINT('',(41.123757731521,22.,10.976747331867));
#2320 = SURFACE_CURVE('',#2321,(#2325,#2331),.PCURVE_S1.);
#2321 = LINE('',#2322,#2323);
#2322 = CARTESIAN_POINT('',(38.023654142073,22.,11.30440784274));
#2323 = VECTOR('',#2324,1.);
#2324 = DIRECTION('',(0.994460817932,0.,-0.10510795212));
#2325 = PCURVE('',#1535,#2326);
#2326 = DEFINITIONAL_REPRESENTATION('',(#2327),#2330);
#2327 = B_SPLINE_CURVE_WITH_KNOTS('',1,(#2328,#2329),.UNSPECIFIED.,.F.,
  .F.,(2,2),(-8.721966703639,3.117371276524),.PIECEWISE_BEZIER_KNOTS.);
#2328 = CARTESIAN_POINT('',(16.143005705594,-15.83488746118));
#2329 = CARTESIAN_POINT('',(14.898597136044,-4.061129729663));
#2330 = ( GEOMETRIC_REPRESENTATION_CONTEXT(2) 
PARAMETRIC_REPRESENTATION_CONTEXT() REPRESENTATION_CONTEXT('2D SPACE',''
  ) );
#2331 = PCURVE('',#2332,#2337);
#2332 = PLANE('',#2333);
#2333 = AXIS2_PLACEMENT_3D('',#2334,#2335,#2336);
#2334 = CARTESIAN_POINT('',(29.35,0.,12.221155901417));
#2335 = DIRECTION('',(0.10510795212,0.,0.994460817932));
#2336 = DIRECTION('',(0.994460817932,0.,-0.10510795212));
#2337 = DEFINITIONAL_REPRESENTATION('',(#2338),#2341);
#2338 = B_SPLINE_CURVE_WITH_KNOTS('',1,(#2339,#2340),.UNSPECIFIED.,.F.,
  .F.,(2,2),(-8.721966703639,3.117371276524),.PIECEWISE_BEZIER_KNOTS.);
#2339 = CARTESIAN_POINT('',(-1.7763568394E-15,22.));
#2340 = CARTESIAN_POINT('',(11.839337980163,22.));
#2341 = ( GEOMETRIC_REPRESENTATION_CONTEXT(2) 
PARAMETRIC_REPRESENTATION_CONTEXT() REPRESENTATION_CONTEXT('2D SPACE',''
  ) );
#2342 = ORIENTED_EDGE('',*,*,#2343,.F.);
#2343 = EDGE_CURVE('',#2344,#2316,#2346,.T.);
#2344 = VERTEX_POINT('',#2345);
#2345 = CARTESIAN_POINT('',(29.35,22.,-12.71069034943));
#2346 = SURFACE_CURVE('',#2347,(#2351,#2357),.PCURVE_S1.);
#2347 = LINE('',#2348,#2349);
#2348 = CARTESIAN_POINT('',(29.35,22.,-8.316270076805));
#2349 = VECTOR('',#2350,1.);
#2350 = DIRECTION('',(0.,-0.,1.));
#2351 = PCURVE('',#1535,#2352);
#2352 = DEFINITIONAL_REPRESENTATION('',(#2353),#2356);
#2353 = B_SPLINE_CURVE_WITH_KNOTS('',1,(#2354,#2355),.UNSPECIFIED.,.F.,
  .F.,(2,2),(-4.394420272628,20.537425978222),.PIECEWISE_BEZIER_KNOTS.);
#2354 = CARTESIAN_POINT('',(-8.788840545256,-15.83488746118));
#2355 = CARTESIAN_POINT('',(16.143005705594,-15.83488746118));
#2356 = ( GEOMETRIC_REPRESENTATION_CONTEXT(2) 
PARAMETRIC_REPRESENTATION_CONTEXT() REPRESENTATION_CONTEXT('2D SPACE',''
  ) );
#2357 = PCURVE('',#2358,#2363);
#2358 = PLANE('',#2359);
#2359 = AXIS2_PLACEMENT_3D('',#2360,#2361,#2362);
#2360 = CARTESIAN_POINT('',(29.35,0.,-12.71069034943));
#2361 = DIRECTION('',(-1.,0.,0.));
#2362 = DIRECTION('',(0.,0.,1.));
#2363 = DEFINITIONAL_REPRESENTATION('',(#2364),#2367);
#2364 = B_SPLINE_CURVE_WITH_KNOTS('',1,(#2365,#2366),.UNSPECIFIED.,.F.,
  .F.,(2,2),(-4.394420272628,20.537425978222),.PIECEWISE_BEZIER_KNOTS.);
#2365 = CARTESIAN_POINT('',(-8.881784197001E-16,22.));
#2366 = CARTESIAN_POINT('',(24.93184625085,22.));
#2367 = ( GEOMETRIC_REPRESENTATION_CONTEXT(2) 
PARAMETRIC_REPRESENTATION_CONTEXT() REPRESENTATION_CONTEXT('2D SPACE',''
  ) );
#2368 = ORIENTED_EDGE('',*,*,#2369,.F.);
#2369 = EDGE_CURVE('',#2370,#2344,#2372,.T.);
#2370 = VERTEX_POINT('',#2371);
#2371 = CARTESIAN_POINT('',(63.430598352943,22.,-11.33009328955));
#2372 = SURFACE_CURVE('',#2373,(#2377,#2383),.PCURVE_S1.);
#2373 = LINE('',#2374,#2375);
#2374 = CARTESIAN_POINT('',(54.472496624989,22.,-11.69298389316));
#2375 = VECTOR('',#2376,1.);
#2376 = DIRECTION('',(-0.999180487937,0.,-4.047656762499E-02));
#2377 = PCURVE('',#1535,#2378);
#2378 = DEFINITIONAL_REPRESENTATION('',(#2379),#2382);
#2379 = B_SPLINE_CURVE_WITH_KNOTS('',1,(#2380,#2381),.UNSPECIFIED.,.F.,
  .F.,(2,2),(-8.96544902158,25.143101700143),.PIECEWISE_BEZIER_KNOTS.);
#2380 = CARTESIAN_POINT('',(-7.408243485378,18.245710891759));
#2381 = CARTESIAN_POINT('',(-8.788840545256,-15.83488746118));
#2382 = ( GEOMETRIC_REPRESENTATION_CONTEXT(2) 
PARAMETRIC_REPRESENTATION_CONTEXT() REPRESENTATION_CONTEXT('2D SPACE',''
  ) );
#2383 = PCURVE('',#2384,#2389);
#2384 = PLANE('',#2385);
#2385 = AXIS2_PLACEMENT_3D('',#2386,#2387,#2388);
#2386 = CARTESIAN_POINT('',(63.430598352943,0.,-11.33009328955));
#2387 = DIRECTION('',(4.047656762499E-02,0.,-0.999180487937));
#2388 = DIRECTION('',(-0.999180487937,0.,-4.047656762499E-02));
#2389 = DEFINITIONAL_REPRESENTATION('',(#2390),#2393);
#2390 = B_SPLINE_CURVE_WITH_KNOTS('',1,(#2391,#2392),.UNSPECIFIED.,.F.,
  .F.,(2,2),(-8.96544902158,25.143101700143),.PIECEWISE_BEZIER_KNOTS.);
#2391 = CARTESIAN_POINT('',(0.,22.));
#2392 = CARTESIAN_POINT('',(34.108550721723,22.));
#2393 = ( GEOMETRIC_REPRESENTATION_CONTEXT(2) 
PARAMETRIC_REPRESENTATION_CONTEXT() REPRESENTATION_CONTEXT('2D SPACE',''
  ) );
#2394 = ORIENTED_EDGE('',*,*,#2395,.F.);
#2395 = EDGE_CURVE('',#2318,#2370,#2396,.T.);
#2396 = SURFACE_CURVE('',#2397,(#2401,#2407),.PCURVE_S1.);
#2397 = LINE('',#2398,#2399);
#2398 = CARTESIAN_POINT('',(45.863689447948,22.,6.236815615441));
#2399 = VECTOR('',#2400,1.);
#2400 = DIRECTION('',(0.707106781187,0.,-0.707106781187));
#2401 = PCURVE('',#1535,#2402);
#2402 = DEFINITIONAL_REPRESENTATION('',(#2403),#2406);
#2403 = B_SPLINE_CURVE_WITH_KNOTS('',1,(#2404,#2405),.UNSPECIFIED.,.F.,
  .F.,(2,2),(-6.703275718093,24.843360822417),.PIECEWISE_BEZIER_KNOTS.);
#2404 = CARTESIAN_POINT('',(14.898597136044,-4.061129729663));
#2405 = CARTESIAN_POINT('',(-7.408243485378,18.245710891759));
#2406 = ( GEOMETRIC_REPRESENTATION_CONTEXT(2) 
PARAMETRIC_REPRESENTATION_CONTEXT() REPRESENTATION_CONTEXT('2D SPACE',''
  ) );
#2407 = PCURVE('',#2408,#2413);
#2408 = PLANE('',#2409);
#2409 = AXIS2_PLACEMENT_3D('',#2410,#2411,#2412);
#2410 = CARTESIAN_POINT('',(41.123757731521,0.,10.976747331867));
#2411 = DIRECTION('',(0.707106781187,0.,0.707106781187));
#2412 = DIRECTION('',(0.707106781187,0.,-0.707106781187));
#2413 = DEFINITIONAL_REPRESENTATION('',(#2414),#2417);
#2414 = B_SPLINE_CURVE_WITH_KNOTS('',1,(#2415,#2416),.UNSPECIFIED.,.F.,
  .F.,(2,2),(-6.703275718093,24.843360822417),.PIECEWISE_BEZIER_KNOTS.);
#2415 = CARTESIAN_POINT('',(0.,22.));
#2416 = CARTESIAN_POINT('',(31.54663654051,22.));
#2417 = ( GEOMETRIC_REPRESENTATION_CONTEXT(2) 
PARAMETRIC_REPRESENTATION_CONTEXT() REPRESENTATION_CONTEXT('2D SPACE',''
  ) );
#2418 = ADVANCED_FACE('',(#2419,#2467,#2525),#1511,.T.);
#2419 = FACE_BOUND('',#2420,.T.);
#2420 = EDGE_LOOP('',(#2421,#2444,#2465,#2466));
#2421 = ORIENTED_EDGE('',*,*,#2422,.F.);
#2422 = EDGE_CURVE('',#2423,#2270,#2425,.T.);
#2423 = VERTEX_POINT('',#2424);
#2424 = CARTESIAN_POINT('',(79.677669529664,-22.,-17.67766952966));
#2425 = SURFACE_CURVE('',#2426,(#2430,#2437),.PCURVE_S1.);
#2426 = LINE('',#2427,#2428);
#2427 = CARTESIAN_POINT('',(79.677669529664,-22.,-17.67766952966));
#2428 = VECTOR('',#2429,1.);
#2429 = DIRECTION('',(0.,1.,0.));
#2430 = PCURVE('',#1511,#2431);
#2431 = DEFINITIONAL_REPRESENTATION('',(#2432),#2436);
#2432 = LINE('',#2433,#2434);
#2433 = CARTESIAN_POINT('',(-0.,-22.));
#2434 = VECTOR('',#2435,1.);
#2435 = DIRECTION('',(0.,1.));
#2436 = ( GEOMETRIC_REPRESENTATION_CONTEXT(2) 
PARAMETRIC_REPRESENTATION_CONTEXT() REPRESENTATION_CONTEXT('2D SPACE',''
  ) );
#2437 = PCURVE('',#2231,#2438);
#2438 = DEFINITIONAL_REPRESENTATION('',(#2439),#2443);
#2439 = LINE('',#2440,#2441);
#2440 = CARTESIAN_POINT('',(50.,-22.));
#2441 = VECTOR('',#2442,1.);
#2442 = DIRECTION('',(0.,1.));
#2443 = ( GEOMETRIC_REPRESENTATION_CONTEXT(2) 
PARAMETRIC_REPRESENTATION_CONTEXT() REPRESENTATION_CONTEXT('2D SPACE',''
  ) );
#2444 = ORIENTED_EDGE('',*,*,#2445,.T.);
#2445 = EDGE_CURVE('',#2423,#1471,#2446,.T.);
#2446 = SURFACE_CURVE('',#2447,(#2451,#2458),.PCURVE_S1.);
#2447 = LINE('',#2448,#2449);
#2448 = CARTESIAN_POINT('',(79.677669529664,-22.,-17.67766952966));
#2449 = VECTOR('',#2450,1.);
#2450 = DIRECTION('',(-0.999180487937,0.,-4.047656762499E-02));
#2451 = PCURVE('',#1511,#2452);
#2452 = DEFINITIONAL_REPRESENTATION('',(#2453),#2457);
#2453 = LINE('',#2454,#2455);
#2454 = CARTESIAN_POINT('',(-0.,-22.));
#2455 = VECTOR('',#2456,1.);
#2456 = DIRECTION('',(1.,0.));
#2457 = ( GEOMETRIC_REPRESENTATION_CONTEXT(2) 
PARAMETRIC_REPRESENTATION_CONTEXT() REPRESENTATION_CONTEXT('2D SPACE',''
  ) );
#2458 = PCURVE('',#1485,#2459);
#2459 = DEFINITIONAL_REPRESENTATION('',(#2460),#2464);
#2460 = LINE('',#2461,#2462);
#2461 = CARTESIAN_POINT('',(-13.75581972548,34.49278206848));
#2462 = VECTOR('',#2463,1.);
#2463 = DIRECTION('',(-4.047656762499E-02,-0.999180487937));
#2464 = ( GEOMETRIC_REPRESENTATION_CONTEXT(2) 
PARAMETRIC_REPRESENTATION_CONTEXT() REPRESENTATION_CONTEXT('2D SPACE',''
  ) );
#2465 = ORIENTED_EDGE('',*,*,#1496,.F.);
#2466 = ORIENTED_EDGE('',*,*,#2292,.F.);
#2467 = FACE_BOUND('',#2468,.T.);
#2468 = EDGE_LOOP('',(#2469));
#2469 = ORIENTED_EDGE('',*,*,#2470,.F.);
#2470 = EDGE_CURVE('',#2471,#2471,#2473,.T.);
#2471 = VERTEX_POINT('',#2472);
#2472 = CARTESIAN_POINT('',(67.517814770831,-14.,-18.17026239891));
#2473 = SURFACE_CURVE('',#2474,(#2479,#2486),.PCURVE_S1.);
#2474 = ELLIPSE('',#2475,1.843913345417,1.25);
#2475 = AXIS2_PLACEMENT_3D('',#2476,#2477,#2478);
#2476 = CARTESIAN_POINT('',(69.360217007018,-14.,-18.09562711569));
#2477 = DIRECTION('',(4.047656762499E-02,0.,-0.999180487937));
#2478 = DIRECTION('',(-0.999180487937,0.,-4.047656762499E-02));
#2479 = PCURVE('',#1511,#2480);
#2480 = DEFINITIONAL_REPRESENTATION('',(#2481),#2485);
#2481 = ELLIPSE('',#2482,1.843913345417,1.25);
#2482 = AXIS2_PLACEMENT_2D('',#2483,#2484);
#2483 = CARTESIAN_POINT('',(10.325914734336,-14.));
#2484 = DIRECTION('',(1.,0.));
#2485 = ( GEOMETRIC_REPRESENTATION_CONTEXT(2) 
PARAMETRIC_REPRESENTATION_CONTEXT() REPRESENTATION_CONTEXT('2D SPACE',''
  ) );
#2486 = PCURVE('',#2487,#2492);
#2487 = CYLINDRICAL_SURFACE('',#2488,1.25);
#2488 = AXIS2_PLACEMENT_3D('',#2489,#2490,#2491);
#2489 = CARTESIAN_POINT('',(75.081475451951,-14.,-12.37436867076));
#2490 = DIRECTION('',(-0.707106781187,0.,-0.707106781187));
#2491 = DIRECTION('',(-0.707106781187,0.,0.707106781187));
#2492 = DEFINITIONAL_REPRESENTATION('',(#2493),#2524);
#2493 = B_SPLINE_CURVE_WITH_KNOTS('',8,(#2494,#2495,#2496,#2497,#2498,
    #2499,#2500,#2501,#2502,#2503,#2504,#2505,#2506,#2507,#2508,#2509,
    #2510,#2511,#2512,#2513,#2514,#2515,#2516,#2517,#2518,#2519,#2520,
    #2521,#2522,#2523),.UNSPECIFIED.,.F.,.F.,(9,7,7,7,9),(0.,
    1.570796326795,3.926990816987,5.105088062083,6.28318530718),
  .UNSPECIFIED.);
#2494 = CARTESIAN_POINT('',(0.,9.446631516428));
#2495 = CARTESIAN_POINT('',(0.196349540849,9.446631516428));
#2496 = CARTESIAN_POINT('',(0.392699081699,9.386903933937));
#2497 = CARTESIAN_POINT('',(0.589048622548,9.26745598934));
#2498 = CARTESIAN_POINT('',(0.785398163398,9.093178117929));
#2499 = CARTESIAN_POINT('',(0.981747704247,8.87393327498));
#2500 = CARTESIAN_POINT('',(1.178097245096,8.623403690714));
#2501 = CARTESIAN_POINT('',(1.374446785946,8.357242951878));
#2502 = CARTESIAN_POINT('',(1.865320638069,7.691838788848));
#2503 = CARTESIAN_POINT('',(2.159844949338,7.29259484429));
#2504 = CARTESIAN_POINT('',(2.454369260617,6.946135891056));
#2505 = CARTESIAN_POINT('',(2.748893571877,6.705171720176));
#2506 = CARTESIAN_POINT('',(3.043417883166,6.608024929767));
#2507 = CARTESIAN_POINT('',(3.337942194434,6.662973702784));
#2508 = CARTESIAN_POINT('',(3.632466505713,6.850255449418));
#2509 = CARTESIAN_POINT('',(4.074252972624,7.273716065735));
#2510 = CARTESIAN_POINT('',(4.221515128261,7.438625723237));
#2511 = CARTESIAN_POINT('',(4.368777283898,7.622626759775));
#2512 = CARTESIAN_POINT('',(4.516039439535,7.819956425567));
#2513 = CARTESIAN_POINT('',(4.663301595173,8.024074233368));
#2514 = CARTESIAN_POINT('',(4.810563750809,8.228119249819));
#2515 = CARTESIAN_POINT('',(4.957825906446,8.425401915214));
#2516 = CARTESIAN_POINT('',(5.25235021772,8.794253887456));
#2517 = CARTESIAN_POINT('',(5.399612373358,8.965823059313));
#2518 = CARTESIAN_POINT('',(5.546874528995,9.118441722124));
#2519 = CARTESIAN_POINT('',(5.694136684631,9.246608023268));
#2520 = CARTESIAN_POINT('',(5.841398840268,9.345843448989));
#2521 = CARTESIAN_POINT('',(5.988660995906,9.413035218076));
#2522 = CARTESIAN_POINT('',(6.135923151543,9.446631516428));
#2523 = CARTESIAN_POINT('',(6.28318530718,9.446631516428));
#2524 = ( GEOMETRIC_REPRESENTATION_CONTEXT(2) 
PARAMETRIC_REPRESENTATION_CONTEXT() REPRESENTATION_CONTEXT('2D SPACE',''
  ) );
#2525 = FACE_BOUND('',#2526,.T.);
#2526 = EDGE_LOOP('',(#2527));
#2527 = ORIENTED_EDGE('',*,*,#2528,.F.);
#2528 = EDGE_CURVE('',#2529,#2529,#2531,.T.);
#2529 = VERTEX_POINT('',#2530);
#2530 = CARTESIAN_POINT('',(67.517814770831,14.,-18.17026239891));
#2531 = SURFACE_CURVE('',#2532,(#2537,#2544),.PCURVE_S1.);
#2532 = ELLIPSE('',#2533,1.843913345417,1.25);
#2533 = AXIS2_PLACEMENT_3D('',#2534,#2535,#2536);
#2534 = CARTESIAN_POINT('',(69.360217007018,14.,-18.09562711569));
#2535 = DIRECTION('',(4.047656762499E-02,0.,-0.999180487937));
#2536 = DIRECTION('',(-0.999180487937,0.,-4.047656762499E-02));
#2537 = PCURVE('',#1511,#2538);
#2538 = DEFINITIONAL_REPRESENTATION('',(#2539),#2543);
#2539 = ELLIPSE('',#2540,1.843913345417,1.25);
#2540 = AXIS2_PLACEMENT_2D('',#2541,#2542);
#2541 = CARTESIAN_POINT('',(10.325914734336,14.));
#2542 = DIRECTION('',(1.,0.));
#2543 = ( GEOMETRIC_REPRESENTATION_CONTEXT(2) 
PARAMETRIC_REPRESENTATION_CONTEXT() REPRESENTATION_CONTEXT('2D SPACE',''
  ) );
#2544 = PCURVE('',#2545,#2550);
#2545 = CYLINDRICAL_SURFACE('',#2546,1.25);
#2546 = AXIS2_PLACEMENT_3D('',#2547,#2548,#2549);
#2547 = CARTESIAN_POINT('',(75.081475451951,14.,-12.37436867076));
#2548 = DIRECTION('',(-0.707106781187,0.,-0.707106781187));
#2549 = DIRECTION('',(-0.707106781187,0.,0.707106781187));
#2550 = DEFINITIONAL_REPRESENTATION('',(#2551),#2582);
#2551 = B_SPLINE_CURVE_WITH_KNOTS('',8,(#2552,#2553,#2554,#2555,#2556,
    #2557,#2558,#2559,#2560,#2561,#2562,#2563,#2564,#2565,#2566,#2567,
    #2568,#2569,#2570,#2571,#2572,#2573,#2574,#2575,#2576,#2577,#2578,
    #2579,#2580,#2581),.UNSPECIFIED.,.F.,.F.,(9,7,7,7,9),(0.,
    1.570796326795,3.926990816987,5.105088062083,6.28318530718),
  .UNSPECIFIED.);
#2552 = CARTESIAN_POINT('',(0.,9.446631516428));
#2553 = CARTESIAN_POINT('',(0.196349540849,9.446631516428));
#2554 = CARTESIAN_POINT('',(0.392699081699,9.386903933937));
#2555 = CARTESIAN_POINT('',(0.589048622548,9.26745598934));
#2556 = CARTESIAN_POINT('',(0.785398163398,9.093178117929));
#2557 = CARTESIAN_POINT('',(0.981747704247,8.87393327498));
#2558 = CARTESIAN_POINT('',(1.178097245096,8.623403690714));
#2559 = CARTESIAN_POINT('',(1.374446785946,8.357242951878));
#2560 = CARTESIAN_POINT('',(1.865320638069,7.691838788848));
#2561 = CARTESIAN_POINT('',(2.159844949338,7.29259484429));
#2562 = CARTESIAN_POINT('',(2.454369260617,6.946135891056));
#2563 = CARTESIAN_POINT('',(2.748893571877,6.705171720176));
#2564 = CARTESIAN_POINT('',(3.043417883166,6.608024929767));
#2565 = CARTESIAN_POINT('',(3.337942194434,6.662973702784));
#2566 = CARTESIAN_POINT('',(3.632466505713,6.850255449418));
#2567 = CARTESIAN_POINT('',(4.074252972624,7.273716065735));
#2568 = CARTESIAN_POINT('',(4.221515128261,7.438625723237));
#2569 = CARTESIAN_POINT('',(4.368777283898,7.622626759775));
#2570 = CARTESIAN_POINT('',(4.516039439535,7.819956425567));
#2571 = CARTESIAN_POINT('',(4.663301595173,8.024074233368));
#2572 = CARTESIAN_POINT('',(4.810563750809,8.228119249819));
#2573 = CARTESIAN_POINT('',(4.957825906446,8.425401915214));
#2574 = CARTESIAN_POINT('',(5.25235021772,8.794253887456));
#2575 = CARTESIAN_POINT('',(5.399612373358,8.965823059313));
#2576 = CARTESIAN_POINT('',(5.546874528995,9.118441722124));
#2577 = CARTESIAN_POINT('',(5.694136684631,9.246608023268));
#2578 = CARTESIAN_POINT('',(5.841398840268,9.345843448989));
#2579 = CARTESIAN_POINT('',(5.988660995906,9.413035218076));
#2580 = CARTESIAN_POINT('',(6.135923151543,9.446631516428));
#2581 = CARTESIAN_POINT('',(6.28318530718,9.446631516428));
#2582 = ( GEOMETRIC_REPRESENTATION_CONTEXT(2) 
PARAMETRIC_REPRESENTATION_CONTEXT() REPRESENTATION_CONTEXT('2D SPACE',''
  ) );
#2583 = ADVANCED_FACE('',(#2584,#2610),#1485,.F.);
#2584 = FACE_BOUND('',#2585,.F.);
#2585 = EDGE_LOOP('',(#2586,#2587,#2588,#2609));
#2586 = ORIENTED_EDGE('',*,*,#1470,.F.);
#2587 = ORIENTED_EDGE('',*,*,#2192,.T.);
#2588 = ORIENTED_EDGE('',*,*,#2589,.T.);
#2589 = EDGE_CURVE('',#2193,#2423,#2590,.T.);
#2590 = SURFACE_CURVE('',#2591,(#2595,#2602),.PCURVE_S1.);
#2591 = LINE('',#2592,#2593);
#2592 = CARTESIAN_POINT('',(44.322330470336,-22.,17.677669529664));
#2593 = VECTOR('',#2594,1.);
#2594 = DIRECTION('',(0.707106781187,0.,-0.707106781187));
#2595 = PCURVE('',#1485,#2596);
#2596 = DEFINITIONAL_REPRESENTATION('',(#2597),#2601);
#2597 = LINE('',#2598,#2599);
#2598 = CARTESIAN_POINT('',(21.59951933384,-0.862556990848));
#2599 = VECTOR('',#2600,1.);
#2600 = DIRECTION('',(-0.707106781187,0.707106781187));
#2601 = ( GEOMETRIC_REPRESENTATION_CONTEXT(2) 
PARAMETRIC_REPRESENTATION_CONTEXT() REPRESENTATION_CONTEXT('2D SPACE',''
  ) );
#2602 = PCURVE('',#2231,#2603);
#2603 = DEFINITIONAL_REPRESENTATION('',(#2604),#2608);
#2604 = LINE('',#2605,#2606);
#2605 = CARTESIAN_POINT('',(0.,-22.));
#2606 = VECTOR('',#2607,1.);
#2607 = DIRECTION('',(1.,0.));
#2608 = ( GEOMETRIC_REPRESENTATION_CONTEXT(2) 
PARAMETRIC_REPRESENTATION_CONTEXT() REPRESENTATION_CONTEXT('2D SPACE',''
  ) );
#2609 = ORIENTED_EDGE('',*,*,#2445,.T.);
#2610 = FACE_BOUND('',#2611,.F.);
#2611 = EDGE_LOOP('',(#2612,#2635,#2656,#2677));
#2612 = ORIENTED_EDGE('',*,*,#2613,.F.);
#2613 = EDGE_CURVE('',#2614,#2616,#2618,.T.);
#2614 = VERTEX_POINT('',#2615);
#2615 = CARTESIAN_POINT('',(29.35,-22.,12.221155901417));
#2616 = VERTEX_POINT('',#2617);
#2617 = CARTESIAN_POINT('',(41.123757731521,-22.,10.976747331867));
#2618 = SURFACE_CURVE('',#2619,(#2623,#2629),.PCURVE_S1.);
#2619 = LINE('',#2620,#2621);
#2620 = CARTESIAN_POINT('',(38.023654142073,-22.,11.30440784274));
#2621 = VECTOR('',#2622,1.);
#2622 = DIRECTION('',(0.994460817932,0.,-0.10510795212));
#2623 = PCURVE('',#1485,#2624);
#2624 = DEFINITIONAL_REPRESENTATION('',(#2625),#2628);
#2625 = B_SPLINE_CURVE_WITH_KNOTS('',1,(#2626,#2627),.UNSPECIFIED.,.F.,
  .F.,(2,2),(-8.721966703639,3.117371276524),.PIECEWISE_BEZIER_KNOTS.);
#2626 = CARTESIAN_POINT('',(16.143005705594,-15.83488746118));
#2627 = CARTESIAN_POINT('',(14.898597136044,-4.061129729663));
#2628 = ( GEOMETRIC_REPRESENTATION_CONTEXT(2) 
PARAMETRIC_REPRESENTATION_CONTEXT() REPRESENTATION_CONTEXT('2D SPACE',''
  ) );
#2629 = PCURVE('',#2332,#2630);
#2630 = DEFINITIONAL_REPRESENTATION('',(#2631),#2634);
#2631 = B_SPLINE_CURVE_WITH_KNOTS('',1,(#2632,#2633),.UNSPECIFIED.,.F.,
  .F.,(2,2),(-8.721966703639,3.117371276524),.PIECEWISE_BEZIER_KNOTS.);
#2632 = CARTESIAN_POINT('',(-1.7763568394E-15,-22.));
#2633 = CARTESIAN_POINT('',(11.839337980163,-22.));
#2634 = ( GEOMETRIC_REPRESENTATION_CONTEXT(2) 
PARAMETRIC_REPRESENTATION_CONTEXT() REPRESENTATION_CONTEXT('2D SPACE',''
  ) );
#2635 = ORIENTED_EDGE('',*,*,#2636,.F.);
#2636 = EDGE_CURVE('',#2637,#2614,#2639,.T.);
#2637 = VERTEX_POINT('',#2638);
#2638 = CARTESIAN_POINT('',(29.35,-22.,-12.71069034943));
#2639 = SURFACE_CURVE('',#2640,(#2644,#2650),.PCURVE_S1.);
#2640 = LINE('',#2641,#2642);
#2641 = CARTESIAN_POINT('',(29.35,-22.,-8.316270076805));
#2642 = VECTOR('',#2643,1.);
#2643 = DIRECTION('',(0.,-0.,1.));
#2644 = PCURVE('',#1485,#2645);
#2645 = DEFINITIONAL_REPRESENTATION('',(#2646),#2649);
#2646 = B_SPLINE_CURVE_WITH_KNOTS('',1,(#2647,#2648),.UNSPECIFIED.,.F.,
  .F.,(2,2),(-4.394420272628,20.537425978222),.PIECEWISE_BEZIER_KNOTS.);
#2647 = CARTESIAN_POINT('',(-8.788840545256,-15.83488746118));
#2648 = CARTESIAN_POINT('',(16.143005705594,-15.83488746118));
#2649 = ( GEOMETRIC_REPRESENTATION_CONTEXT(2) 
PARAMETRIC_REPRESENTATION_CONTEXT() REPRESENTATION_CONTEXT('2D SPACE',''
  ) );
#2650 = PCURVE('',#2358,#2651);
#2651 = DEFINITIONAL_REPRESENTATION('',(#2652),#2655);
#2652 = B_SPLINE_CURVE_WITH_KNOTS('',1,(#2653,#2654),.UNSPECIFIED.,.F.,
  .F.,(2,2),(-4.394420272628,20.537425978222),.PIECEWISE_BEZIER_KNOTS.);
#2653 = CARTESIAN_POINT('',(-8.881784197001E-16,-22.));
#2654 = CARTESIAN_POINT('',(24.93184625085,-22.));
#2655 = ( GEOMETRIC_REPRESENTATION_CONTEXT(2) 
PARAMETRIC_REPRESENTATION_CONTEXT() REPRESENTATION_CONTEXT('2D SPACE',''
  ) );
#2656 = ORIENTED_EDGE('',*,*,#2657,.F.);
#2657 = EDGE_CURVE('',#2658,#2637,#2660,.T.);
#2658 = VERTEX_POINT('',#2659);
#2659 = CARTESIAN_POINT('',(63.430598352943,-22.,-11.33009328955));
#2660 = SURFACE_CURVE('',#2661,(#2665,#2671),.PCURVE_S1.);
#2661 = LINE('',#2662,#2663);
#2662 = CARTESIAN_POINT('',(54.472496624989,-22.,-11.69298389316));
#2663 = VECTOR('',#2664,1.);
#2664 = DIRECTION('',(-0.999180487937,0.,-4.047656762499E-02));
#2665 = PCURVE('',#1485,#2666);
#2666 = DEFINITIONAL_REPRESENTATION('',(#2667),#2670);
#2667 = B_SPLINE_CURVE_WITH_KNOTS('',1,(#2668,#2669),.UNSPECIFIED.,.F.,
  .F.,(2,2),(-8.96544902158,25.143101700143),.PIECEWISE_BEZIER_KNOTS.);
#2668 = CARTESIAN_POINT('',(-7.408243485378,18.245710891759));
#2669 = CARTESIAN_POINT('',(-8.788840545256,-15.83488746118));
#2670 = ( GEOMETRIC_REPRESENTATION_CONTEXT(2) 
PARAMETRIC_REPRESENTATION_CONTEXT() REPRESENTATION_CONTEXT('2D SPACE',''
  ) );
#2671 = PCURVE('',#2384,#2672);
#2672 = DEFINITIONAL_REPRESENTATION('',(#2673),#2676);
#2673 = B_SPLINE_CURVE_WITH_KNOTS('',1,(#2674,#2675),.UNSPECIFIED.,.F.,
  .F.,(2,2),(-8.96544902158,25.143101700143),.PIECEWISE_BEZIER_KNOTS.);
#2674 = CARTESIAN_POINT('',(0.,-22.));
#2675 = CARTESIAN_POINT('',(34.108550721723,-22.));
#2676 = ( GEOMETRIC_REPRESENTATION_CONTEXT(2) 
PARAMETRIC_REPRESENTATION_CONTEXT() REPRESENTATION_CONTEXT('2D SPACE',''
  ) );
#2677 = ORIENTED_EDGE('',*,*,#2678,.F.);
#2678 = EDGE_CURVE('',#2616,#2658,#2679,.T.);
#2679 = SURFACE_CURVE('',#2680,(#2684,#2690),.PCURVE_S1.);
#2680 = LINE('',#2681,#2682);
#2681 = CARTESIAN_POINT('',(45.863689447948,-22.,6.236815615441));
#2682 = VECTOR('',#2683,1.);
#2683 = DIRECTION('',(0.707106781187,0.,-0.707106781187));
#2684 = PCURVE('',#1485,#2685);
#2685 = DEFINITIONAL_REPRESENTATION('',(#2686),#2689);
#2686 = B_SPLINE_CURVE_WITH_KNOTS('',1,(#2687,#2688),.UNSPECIFIED.,.F.,
  .F.,(2,2),(-6.703275718093,24.843360822417),.PIECEWISE_BEZIER_KNOTS.);
#2687 = CARTESIAN_POINT('',(14.898597136044,-4.061129729663));
#2688 = CARTESIAN_POINT('',(-7.408243485378,18.245710891759));
#2689 = ( GEOMETRIC_REPRESENTATION_CONTEXT(2) 
PARAMETRIC_REPRESENTATION_CONTEXT() REPRESENTATION_CONTEXT('2D SPACE',''
  ) );
#2690 = PCURVE('',#2408,#2691);
#2691 = DEFINITIONAL_REPRESENTATION('',(#2692),#2695);
#2692 = B_SPLINE_CURVE_WITH_KNOTS('',1,(#2693,#2694),.UNSPECIFIED.,.F.,
  .F.,(2,2),(-6.703275718093,24.843360822417),.PIECEWISE_BEZIER_KNOTS.);
#2693 = CARTESIAN_POINT('',(0.,-22.));
#2694 = CARTESIAN_POINT('',(31.54663654051,-22.));
#2695 = ( GEOMETRIC_REPRESENTATION_CONTEXT(2) 
PARAMETRIC_REPRESENTATION_CONTEXT() REPRESENTATION_CONTEXT('2D SPACE',''
  ) );
#2696 = ADVANCED_FACE('',(#2697),#1619,.F.);
#2697 = FACE_BOUND('',#2698,.F.);
#2698 = EDGE_LOOP('',(#2699,#2722,#2750,#2771));
#2699 = ORIENTED_EDGE('',*,*,#2700,.T.);
#2700 = EDGE_CURVE('',#1605,#2701,#2703,.T.);
#2701 = VERTEX_POINT('',#2702);
#2702 = CARTESIAN_POINT('',(9.,18.15,15.6));
#2703 = SURFACE_CURVE('',#2704,(#2708,#2715),.PCURVE_S1.);
#2704 = LINE('',#2705,#2706);
#2705 = CARTESIAN_POINT('',(9.,28.35,15.6));
#2706 = VECTOR('',#2707,1.);
#2707 = DIRECTION('',(0.,-1.,0.));
#2708 = PCURVE('',#1619,#2709);
#2709 = DEFINITIONAL_REPRESENTATION('',(#2710),#2714);
#2710 = LINE('',#2711,#2712);
#2711 = CARTESIAN_POINT('',(-1.7,5.1));
#2712 = VECTOR('',#2713,1.);
#2713 = DIRECTION('',(0.,-1.));
#2714 = ( GEOMETRIC_REPRESENTATION_CONTEXT(2) 
PARAMETRIC_REPRESENTATION_CONTEXT() REPRESENTATION_CONTEXT('2D SPACE',''
  ) );
#2715 = PCURVE('',#1695,#2716);
#2716 = DEFINITIONAL_REPRESENTATION('',(#2717),#2721);
#2717 = LINE('',#2718,#2719);
#2718 = CARTESIAN_POINT('',(0.,-7.2));
#2719 = VECTOR('',#2720,1.);
#2720 = DIRECTION('',(1.,0.));
#2721 = ( GEOMETRIC_REPRESENTATION_CONTEXT(2) 
PARAMETRIC_REPRESENTATION_CONTEXT() REPRESENTATION_CONTEXT('2D SPACE',''
  ) );
#2722 = ORIENTED_EDGE('',*,*,#2723,.T.);
#2723 = EDGE_CURVE('',#2701,#2724,#2726,.T.);
#2724 = VERTEX_POINT('',#2725);
#2725 = CARTESIAN_POINT('',(12.4,18.15,15.6));
#2726 = SURFACE_CURVE('',#2727,(#2731,#2738),.PCURVE_S1.);
#2727 = LINE('',#2728,#2729);
#2728 = CARTESIAN_POINT('',(9.,18.15,15.6));
#2729 = VECTOR('',#2730,1.);
#2730 = DIRECTION('',(1.,0.,0.));
#2731 = PCURVE('',#1619,#2732);
#2732 = DEFINITIONAL_REPRESENTATION('',(#2733),#2737);
#2733 = LINE('',#2734,#2735);
#2734 = CARTESIAN_POINT('',(-1.7,-5.1));
#2735 = VECTOR('',#2736,1.);
#2736 = DIRECTION('',(1.,0.));
#2737 = ( GEOMETRIC_REPRESENTATION_CONTEXT(2) 
PARAMETRIC_REPRESENTATION_CONTEXT() REPRESENTATION_CONTEXT('2D SPACE',''
  ) );
#2738 = PCURVE('',#2739,#2744);
#2739 = PLANE('',#2740);
#2740 = AXIS2_PLACEMENT_3D('',#2741,#2742,#2743);
#2741 = CARTESIAN_POINT('',(9.,18.15,8.4));
#2742 = DIRECTION('',(0.,1.,0.));
#2743 = DIRECTION('',(1.,0.,0.));
#2744 = DEFINITIONAL_REPRESENTATION('',(#2745),#2749);
#2745 = LINE('',#2746,#2747);
#2746 = CARTESIAN_POINT('',(0.,-7.2));
#2747 = VECTOR('',#2748,1.);
#2748 = DIRECTION('',(1.,0.));
#2749 = ( GEOMETRIC_REPRESENTATION_CONTEXT(2) 
PARAMETRIC_REPRESENTATION_CONTEXT() REPRESENTATION_CONTEXT('2D SPACE',''
  ) );
#2750 = ORIENTED_EDGE('',*,*,#2751,.T.);
#2751 = EDGE_CURVE('',#2724,#1603,#2752,.T.);
#2752 = SURFACE_CURVE('',#2753,(#2757,#2764),.PCURVE_S1.);
#2753 = LINE('',#2754,#2755);
#2754 = CARTESIAN_POINT('',(12.4,18.15,15.6));
#2755 = VECTOR('',#2756,1.);
#2756 = DIRECTION('',(0.,1.,0.));
#2757 = PCURVE('',#1619,#2758);
#2758 = DEFINITIONAL_REPRESENTATION('',(#2759),#2763);
#2759 = LINE('',#2760,#2761);
#2760 = CARTESIAN_POINT('',(1.7,-5.1));
#2761 = VECTOR('',#2762,1.);
#2762 = DIRECTION('',(0.,1.));
#2763 = ( GEOMETRIC_REPRESENTATION_CONTEXT(2) 
PARAMETRIC_REPRESENTATION_CONTEXT() REPRESENTATION_CONTEXT('2D SPACE',''
  ) );
#2764 = PCURVE('',#1645,#2765);
#2765 = DEFINITIONAL_REPRESENTATION('',(#2766),#2770);
#2766 = LINE('',#2767,#2768);
#2767 = CARTESIAN_POINT('',(0.,-7.2));
#2768 = VECTOR('',#2769,1.);
#2769 = DIRECTION('',(1.,0.));
#2770 = ( GEOMETRIC_REPRESENTATION_CONTEXT(2) 
PARAMETRIC_REPRESENTATION_CONTEXT() REPRESENTATION_CONTEXT('2D SPACE',''
  ) );
#2771 = ORIENTED_EDGE('',*,*,#1602,.T.);
#2772 = ADVANCED_FACE('',(#2773,#2821),#1695,.T.);
#2773 = FACE_BOUND('',#2774,.T.);
#2774 = EDGE_LOOP('',(#2775,#2798,#2799,#2800));
#2775 = ORIENTED_EDGE('',*,*,#2776,.F.);
#2776 = EDGE_CURVE('',#1657,#2777,#2779,.T.);
#2777 = VERTEX_POINT('',#2778);
#2778 = CARTESIAN_POINT('',(9.,18.15,8.4));
#2779 = SURFACE_CURVE('',#2780,(#2784,#2791),.PCURVE_S1.);
#2780 = LINE('',#2781,#2782);
#2781 = CARTESIAN_POINT('',(9.,28.35,8.4));
#2782 = VECTOR('',#2783,1.);
#2783 = DIRECTION('',(0.,-1.,0.));
#2784 = PCURVE('',#1695,#2785);
#2785 = DEFINITIONAL_REPRESENTATION('',(#2786),#2790);
#2786 = LINE('',#2787,#2788);
#2787 = CARTESIAN_POINT('',(0.,0.));
#2788 = VECTOR('',#2789,1.);
#2789 = DIRECTION('',(1.,0.));
#2790 = ( GEOMETRIC_REPRESENTATION_CONTEXT(2) 
PARAMETRIC_REPRESENTATION_CONTEXT() REPRESENTATION_CONTEXT('2D SPACE',''
  ) );
#2791 = PCURVE('',#1671,#2792);
#2792 = DEFINITIONAL_REPRESENTATION('',(#2793),#2797);
#2793 = LINE('',#2794,#2795);
#2794 = CARTESIAN_POINT('',(-1.7,5.1));
#2795 = VECTOR('',#2796,1.);
#2796 = DIRECTION('',(0.,-1.));
#2797 = ( GEOMETRIC_REPRESENTATION_CONTEXT(2) 
PARAMETRIC_REPRESENTATION_CONTEXT() REPRESENTATION_CONTEXT('2D SPACE',''
  ) );
#2798 = ORIENTED_EDGE('',*,*,#1682,.T.);
#2799 = ORIENTED_EDGE('',*,*,#2700,.T.);
#2800 = ORIENTED_EDGE('',*,*,#2801,.F.);
#2801 = EDGE_CURVE('',#2777,#2701,#2802,.T.);
#2802 = SURFACE_CURVE('',#2803,(#2807,#2814),.PCURVE_S1.);
#2803 = LINE('',#2804,#2805);
#2804 = CARTESIAN_POINT('',(9.,18.15,8.4));
#2805 = VECTOR('',#2806,1.);
#2806 = DIRECTION('',(0.,0.,1.));
#2807 = PCURVE('',#1695,#2808);
#2808 = DEFINITIONAL_REPRESENTATION('',(#2809),#2813);
#2809 = LINE('',#2810,#2811);
#2810 = CARTESIAN_POINT('',(10.2,0.));
#2811 = VECTOR('',#2812,1.);
#2812 = DIRECTION('',(0.,-1.));
#2813 = ( GEOMETRIC_REPRESENTATION_CONTEXT(2) 
PARAMETRIC_REPRESENTATION_CONTEXT() REPRESENTATION_CONTEXT('2D SPACE',''
  ) );
#2814 = PCURVE('',#2739,#2815);
#2815 = DEFINITIONAL_REPRESENTATION('',(#2816),#2820);
#2816 = LINE('',#2817,#2818);
#2817 = CARTESIAN_POINT('',(0.,0.));
#2818 = VECTOR('',#2819,1.);
#2819 = DIRECTION('',(0.,-1.));
#2820 = ( GEOMETRIC_REPRESENTATION_CONTEXT(2) 
PARAMETRIC_REPRESENTATION_CONTEXT() REPRESENTATION_CONTEXT('2D SPACE',''
  ) );
#2821 = FACE_BOUND('',#2822,.T.);
#2822 = EDGE_LOOP('',(#2823));
#2823 = ORIENTED_EDGE('',*,*,#2824,.F.);
#2824 = EDGE_CURVE('',#2825,#2825,#2827,.T.);
#2825 = VERTEX_POINT('',#2826);
#2826 = CARTESIAN_POINT('',(9.,21.85,14.2));
#2827 = SURFACE_CURVE('',#2828,(#2833,#2840),.PCURVE_S1.);
#2828 = CIRCLE('',#2829,2.2);
#2829 = AXIS2_PLACEMENT_3D('',#2830,#2831,#2832);
#2830 = CARTESIAN_POINT('',(9.,21.85,12.));
#2831 = DIRECTION('',(1.,0.,0.));
#2832 = DIRECTION('',(-0.,0.,1.));
#2833 = PCURVE('',#1695,#2834);
#2834 = DEFINITIONAL_REPRESENTATION('',(#2835),#2839);
#2835 = CIRCLE('',#2836,2.2);
#2836 = AXIS2_PLACEMENT_2D('',#2837,#2838);
#2837 = CARTESIAN_POINT('',(6.5,-3.6));
#2838 = DIRECTION('',(0.,-1.));
#2839 = ( GEOMETRIC_REPRESENTATION_CONTEXT(2) 
PARAMETRIC_REPRESENTATION_CONTEXT() REPRESENTATION_CONTEXT('2D SPACE',''
  ) );
#2840 = PCURVE('',#1883,#2841);
#2841 = DEFINITIONAL_REPRESENTATION('',(#2842),#2846);
#2842 = LINE('',#2843,#2844);
#2843 = CARTESIAN_POINT('',(0.,9.));
#2844 = VECTOR('',#2845,1.);
#2845 = DIRECTION('',(1.,0.));
#2846 = ( GEOMETRIC_REPRESENTATION_CONTEXT(2) 
PARAMETRIC_REPRESENTATION_CONTEXT() REPRESENTATION_CONTEXT('2D SPACE',''
  ) );
#2847 = ADVANCED_FACE('',(#2848),#1671,.T.);
#2848 = FACE_BOUND('',#2849,.T.);
#2849 = EDGE_LOOP('',(#2850,#2851,#2874,#2895));
#2850 = ORIENTED_EDGE('',*,*,#2776,.T.);
#2851 = ORIENTED_EDGE('',*,*,#2852,.T.);
#2852 = EDGE_CURVE('',#2777,#2853,#2855,.T.);
#2853 = VERTEX_POINT('',#2854);
#2854 = CARTESIAN_POINT('',(12.4,18.15,8.4));
#2855 = SURFACE_CURVE('',#2856,(#2860,#2867),.PCURVE_S1.);
#2856 = LINE('',#2857,#2858);
#2857 = CARTESIAN_POINT('',(9.,18.15,8.4));
#2858 = VECTOR('',#2859,1.);
#2859 = DIRECTION('',(1.,0.,0.));
#2860 = PCURVE('',#1671,#2861);
#2861 = DEFINITIONAL_REPRESENTATION('',(#2862),#2866);
#2862 = LINE('',#2863,#2864);
#2863 = CARTESIAN_POINT('',(-1.7,-5.1));
#2864 = VECTOR('',#2865,1.);
#2865 = DIRECTION('',(1.,0.));
#2866 = ( GEOMETRIC_REPRESENTATION_CONTEXT(2) 
PARAMETRIC_REPRESENTATION_CONTEXT() REPRESENTATION_CONTEXT('2D SPACE',''
  ) );
#2867 = PCURVE('',#2739,#2868);
#2868 = DEFINITIONAL_REPRESENTATION('',(#2869),#2873);
#2869 = LINE('',#2870,#2871);
#2870 = CARTESIAN_POINT('',(0.,0.));
#2871 = VECTOR('',#2872,1.);
#2872 = DIRECTION('',(1.,0.));
#2873 = ( GEOMETRIC_REPRESENTATION_CONTEXT(2) 
PARAMETRIC_REPRESENTATION_CONTEXT() REPRESENTATION_CONTEXT('2D SPACE',''
  ) );
#2874 = ORIENTED_EDGE('',*,*,#2875,.T.);
#2875 = EDGE_CURVE('',#2853,#1631,#2876,.T.);
#2876 = SURFACE_CURVE('',#2877,(#2881,#2888),.PCURVE_S1.);
#2877 = LINE('',#2878,#2879);
#2878 = CARTESIAN_POINT('',(12.4,18.15,8.4));
#2879 = VECTOR('',#2880,1.);
#2880 = DIRECTION('',(0.,1.,0.));
#2881 = PCURVE('',#1671,#2882);
#2882 = DEFINITIONAL_REPRESENTATION('',(#2883),#2887);
#2883 = LINE('',#2884,#2885);
#2884 = CARTESIAN_POINT('',(1.7,-5.1));
#2885 = VECTOR('',#2886,1.);
#2886 = DIRECTION('',(0.,1.));
#2887 = ( GEOMETRIC_REPRESENTATION_CONTEXT(2) 
PARAMETRIC_REPRESENTATION_CONTEXT() REPRESENTATION_CONTEXT('2D SPACE',''
  ) );
#2888 = PCURVE('',#1645,#2889);
#2889 = DEFINITIONAL_REPRESENTATION('',(#2890),#2894);
#2890 = LINE('',#2891,#2892);
#2891 = CARTESIAN_POINT('',(0.,0.));
#2892 = VECTOR('',#2893,1.);
#2893 = DIRECTION('',(1.,0.));
#2894 = ( GEOMETRIC_REPRESENTATION_CONTEXT(2) 
PARAMETRIC_REPRESENTATION_CONTEXT() REPRESENTATION_CONTEXT('2D SPACE',''
  ) );
#2895 = ORIENTED_EDGE('',*,*,#1656,.T.);
#2896 = ADVANCED_FACE('',(#2897,#2923),#1645,.T.);
#2897 = FACE_BOUND('',#2898,.T.);
#2898 = EDGE_LOOP('',(#2899,#2900,#2921,#2922));
#2899 = ORIENTED_EDGE('',*,*,#2875,.F.);
#2900 = ORIENTED_EDGE('',*,*,#2901,.T.);
#2901 = EDGE_CURVE('',#2853,#2724,#2902,.T.);
#2902 = SURFACE_CURVE('',#2903,(#2907,#2914),.PCURVE_S1.);
#2903 = LINE('',#2904,#2905);
#2904 = CARTESIAN_POINT('',(12.4,18.15,8.4));
#2905 = VECTOR('',#2906,1.);
#2906 = DIRECTION('',(0.,0.,1.));
#2907 = PCURVE('',#1645,#2908);
#2908 = DEFINITIONAL_REPRESENTATION('',(#2909),#2913);
#2909 = LINE('',#2910,#2911);
#2910 = CARTESIAN_POINT('',(0.,0.));
#2911 = VECTOR('',#2912,1.);
#2912 = DIRECTION('',(0.,-1.));
#2913 = ( GEOMETRIC_REPRESENTATION_CONTEXT(2) 
PARAMETRIC_REPRESENTATION_CONTEXT() REPRESENTATION_CONTEXT('2D SPACE',''
  ) );
#2914 = PCURVE('',#2739,#2915);
#2915 = DEFINITIONAL_REPRESENTATION('',(#2916),#2920);
#2916 = LINE('',#2917,#2918);
#2917 = CARTESIAN_POINT('',(3.4,0.));
#2918 = VECTOR('',#2919,1.);
#2919 = DIRECTION('',(0.,-1.));
#2920 = ( GEOMETRIC_REPRESENTATION_CONTEXT(2) 
PARAMETRIC_REPRESENTATION_CONTEXT() REPRESENTATION_CONTEXT('2D SPACE',''
  ) );
#2921 = ORIENTED_EDGE('',*,*,#2751,.T.);
#2922 = ORIENTED_EDGE('',*,*,#1630,.T.);
#2923 = FACE_BOUND('',#2924,.T.);
#2924 = EDGE_LOOP('',(#2925));
#2925 = ORIENTED_EDGE('',*,*,#2926,.T.);
#2926 = EDGE_CURVE('',#2927,#2927,#2929,.T.);
#2927 = VERTEX_POINT('',#2928);
#2928 = CARTESIAN_POINT('',(12.4,21.85,14.2));
#2929 = SURFACE_CURVE('',#2930,(#2935,#2946),.PCURVE_S1.);
#2930 = CIRCLE('',#2931,2.2);
#2931 = AXIS2_PLACEMENT_3D('',#2932,#2933,#2934);
#2932 = CARTESIAN_POINT('',(12.4,21.85,12.));
#2933 = DIRECTION('',(1.,0.,0.));
#2934 = DIRECTION('',(-0.,0.,1.));
#2935 = PCURVE('',#1645,#2936);
#2936 = DEFINITIONAL_REPRESENTATION('',(#2937),#2945);
#2937 = ( BOUNDED_CURVE() B_SPLINE_CURVE(2,(#2938,#2939,#2940,#2941,
#2942,#2943,#2944),.UNSPECIFIED.,.T.,.F.) B_SPLINE_CURVE_WITH_KNOTS((1,2
    ,2,2,2,1),(-2.094395102393,0.,2.094395102393,4.188790204786,
6.28318530718,8.377580409573),.UNSPECIFIED.) CURVE() 
GEOMETRIC_REPRESENTATION_ITEM() RATIONAL_B_SPLINE_CURVE((1.,0.5,1.,0.5,
1.,0.5,1.)) REPRESENTATION_ITEM('') );
#2938 = CARTESIAN_POINT('',(3.7,-5.8));
#2939 = CARTESIAN_POINT('',(-0.110511776652,-5.8));
#2940 = CARTESIAN_POINT('',(1.794744111674,-2.5));
#2941 = CARTESIAN_POINT('',(3.7,0.8));
#2942 = CARTESIAN_POINT('',(5.605255888326,-2.5));
#2943 = CARTESIAN_POINT('',(7.510511776652,-5.8));
#2944 = CARTESIAN_POINT('',(3.7,-5.8));
#2945 = ( GEOMETRIC_REPRESENTATION_CONTEXT(2) 
PARAMETRIC_REPRESENTATION_CONTEXT() REPRESENTATION_CONTEXT('2D SPACE',''
  ) );
#2946 = PCURVE('',#2947,#2952);
#2947 = CYLINDRICAL_SURFACE('',#2948,2.2);
#2948 = AXIS2_PLACEMENT_3D('',#2949,#2950,#2951);
#2949 = CARTESIAN_POINT('',(0.,21.85,12.));
#2950 = DIRECTION('',(1.,0.,0.));
#2951 = DIRECTION('',(-0.,0.,1.));
#2952 = DEFINITIONAL_REPRESENTATION('',(#2953),#2957);
#2953 = LINE('',#2954,#2955);
#2954 = CARTESIAN_POINT('',(0.,12.4));
#2955 = VECTOR('',#2956,1.);
#2956 = DIRECTION('',(1.,0.));
#2957 = ( GEOMETRIC_REPRESENTATION_CONTEXT(2) 
PARAMETRIC_REPRESENTATION_CONTEXT() REPRESENTATION_CONTEXT('2D SPACE',''
  ) );
#2958 = ADVANCED_FACE('',(#2959),#1725,.F.);
#2959 = FACE_BOUND('',#2960,.F.);
#2960 = EDGE_LOOP('',(#2961,#2984,#3012,#3033));
#2961 = ORIENTED_EDGE('',*,*,#2962,.T.);
#2962 = EDGE_CURVE('',#1711,#2963,#2965,.T.);
#2963 = VERTEX_POINT('',#2964);
#2964 = CARTESIAN_POINT('',(9.,18.15,-8.4));
#2965 = SURFACE_CURVE('',#2966,(#2970,#2977),.PCURVE_S1.);
#2966 = LINE('',#2967,#2968);
#2967 = CARTESIAN_POINT('',(9.,28.35,-8.4));
#2968 = VECTOR('',#2969,1.);
#2969 = DIRECTION('',(0.,-1.,0.));
#2970 = PCURVE('',#1725,#2971);
#2971 = DEFINITIONAL_REPRESENTATION('',(#2972),#2976);
#2972 = LINE('',#2973,#2974);
#2973 = CARTESIAN_POINT('',(-1.7,5.1));
#2974 = VECTOR('',#2975,1.);
#2975 = DIRECTION('',(0.,-1.));
#2976 = ( GEOMETRIC_REPRESENTATION_CONTEXT(2) 
PARAMETRIC_REPRESENTATION_CONTEXT() REPRESENTATION_CONTEXT('2D SPACE',''
  ) );
#2977 = PCURVE('',#1801,#2978);
#2978 = DEFINITIONAL_REPRESENTATION('',(#2979),#2983);
#2979 = LINE('',#2980,#2981);
#2980 = CARTESIAN_POINT('',(0.,-7.2));
#2981 = VECTOR('',#2982,1.);
#2982 = DIRECTION('',(1.,0.));
#2983 = ( GEOMETRIC_REPRESENTATION_CONTEXT(2) 
PARAMETRIC_REPRESENTATION_CONTEXT() REPRESENTATION_CONTEXT('2D SPACE',''
  ) );
#2984 = ORIENTED_EDGE('',*,*,#2985,.T.);
#2985 = EDGE_CURVE('',#2963,#2986,#2988,.T.);
#2986 = VERTEX_POINT('',#2987);
#2987 = CARTESIAN_POINT('',(12.4,18.15,-8.4));
#2988 = SURFACE_CURVE('',#2989,(#2993,#3000),.PCURVE_S1.);
#2989 = LINE('',#2990,#2991);
#2990 = CARTESIAN_POINT('',(9.,18.15,-8.4));
#2991 = VECTOR('',#2992,1.);
#2992 = DIRECTION('',(1.,0.,0.));
#2993 = PCURVE('',#1725,#2994);
#2994 = DEFINITIONAL_REPRESENTATION('',(#2995),#2999);
#2995 = LINE('',#2996,#2997);
#2996 = CARTESIAN_POINT('',(-1.7,-5.1));
#2997 = VECTOR('',#2998,1.);
#2998 = DIRECTION('',(1.,0.));
#2999 = ( GEOMETRIC_REPRESENTATION_CONTEXT(2) 
PARAMETRIC_REPRESENTATION_CONTEXT() REPRESENTATION_CONTEXT('2D SPACE',''
  ) );
#3000 = PCURVE('',#3001,#3006);
#3001 = PLANE('',#3002);
#3002 = AXIS2_PLACEMENT_3D('',#3003,#3004,#3005);
#3003 = CARTESIAN_POINT('',(9.,18.15,-15.6));
#3004 = DIRECTION('',(0.,1.,0.));
#3005 = DIRECTION('',(1.,0.,0.));
#3006 = DEFINITIONAL_REPRESENTATION('',(#3007),#3011);
#3007 = LINE('',#3008,#3009);
#3008 = CARTESIAN_POINT('',(0.,-7.2));
#3009 = VECTOR('',#3010,1.);
#3010 = DIRECTION('',(1.,0.));
#3011 = ( GEOMETRIC_REPRESENTATION_CONTEXT(2) 
PARAMETRIC_REPRESENTATION_CONTEXT() REPRESENTATION_CONTEXT('2D SPACE',''
  ) );
#3012 = ORIENTED_EDGE('',*,*,#3013,.T.);
#3013 = EDGE_CURVE('',#2986,#1709,#3014,.T.);
#3014 = SURFACE_CURVE('',#3015,(#3019,#3026),.PCURVE_S1.);
#3015 = LINE('',#3016,#3017);
#3016 = CARTESIAN_POINT('',(12.4,18.15,-8.4));
#3017 = VECTOR('',#3018,1.);
#3018 = DIRECTION('',(0.,1.,0.));
#3019 = PCURVE('',#1725,#3020);
#3020 = DEFINITIONAL_REPRESENTATION('',(#3021),#3025);
#3021 = LINE('',#3022,#3023);
#3022 = CARTESIAN_POINT('',(1.7,-5.1));
#3023 = VECTOR('',#3024,1.);
#3024 = DIRECTION('',(0.,1.));
#3025 = ( GEOMETRIC_REPRESENTATION_CONTEXT(2) 
PARAMETRIC_REPRESENTATION_CONTEXT() REPRESENTATION_CONTEXT('2D SPACE',''
  ) );
#3026 = PCURVE('',#1751,#3027);
#3027 = DEFINITIONAL_REPRESENTATION('',(#3028),#3032);
#3028 = LINE('',#3029,#3030);
#3029 = CARTESIAN_POINT('',(0.,-7.2));
#3030 = VECTOR('',#3031,1.);
#3031 = DIRECTION('',(1.,0.));
#3032 = ( GEOMETRIC_REPRESENTATION_CONTEXT(2) 
PARAMETRIC_REPRESENTATION_CONTEXT() REPRESENTATION_CONTEXT('2D SPACE',''
  ) );
#3033 = ORIENTED_EDGE('',*,*,#1708,.T.);
#3034 = ADVANCED_FACE('',(#3035,#3083),#1751,.T.);
#3035 = FACE_BOUND('',#3036,.T.);
#3036 = EDGE_LOOP('',(#3037,#3060,#3081,#3082));
#3037 = ORIENTED_EDGE('',*,*,#3038,.F.);
#3038 = EDGE_CURVE('',#3039,#1737,#3041,.T.);
#3039 = VERTEX_POINT('',#3040);
#3040 = CARTESIAN_POINT('',(12.4,18.15,-15.6));
#3041 = SURFACE_CURVE('',#3042,(#3046,#3053),.PCURVE_S1.);
#3042 = LINE('',#3043,#3044);
#3043 = CARTESIAN_POINT('',(12.4,18.15,-15.6));
#3044 = VECTOR('',#3045,1.);
#3045 = DIRECTION('',(0.,1.,0.));
#3046 = PCURVE('',#1751,#3047);
#3047 = DEFINITIONAL_REPRESENTATION('',(#3048),#3052);
#3048 = LINE('',#3049,#3050);
#3049 = CARTESIAN_POINT('',(0.,0.));
#3050 = VECTOR('',#3051,1.);
#3051 = DIRECTION('',(1.,0.));
#3052 = ( GEOMETRIC_REPRESENTATION_CONTEXT(2) 
PARAMETRIC_REPRESENTATION_CONTEXT() REPRESENTATION_CONTEXT('2D SPACE',''
  ) );
#3053 = PCURVE('',#1777,#3054);
#3054 = DEFINITIONAL_REPRESENTATION('',(#3055),#3059);
#3055 = LINE('',#3056,#3057);
#3056 = CARTESIAN_POINT('',(1.7,-5.1));
#3057 = VECTOR('',#3058,1.);
#3058 = DIRECTION('',(0.,1.));
#3059 = ( GEOMETRIC_REPRESENTATION_CONTEXT(2) 
PARAMETRIC_REPRESENTATION_CONTEXT() REPRESENTATION_CONTEXT('2D SPACE',''
  ) );
#3060 = ORIENTED_EDGE('',*,*,#3061,.T.);
#3061 = EDGE_CURVE('',#3039,#2986,#3062,.T.);
#3062 = SURFACE_CURVE('',#3063,(#3067,#3074),.PCURVE_S1.);
#3063 = LINE('',#3064,#3065);
#3064 = CARTESIAN_POINT('',(12.4,18.15,-15.6));
#3065 = VECTOR('',#3066,1.);
#3066 = DIRECTION('',(0.,0.,1.));
#3067 = PCURVE('',#1751,#3068);
#3068 = DEFINITIONAL_REPRESENTATION('',(#3069),#3073);
#3069 = LINE('',#3070,#3071);
#3070 = CARTESIAN_POINT('',(0.,0.));
#3071 = VECTOR('',#3072,1.);
#3072 = DIRECTION('',(0.,-1.));
#3073 = ( GEOMETRIC_REPRESENTATION_CONTEXT(2) 
PARAMETRIC_REPRESENTATION_CONTEXT() REPRESENTATION_CONTEXT('2D SPACE',''
  ) );
#3074 = PCURVE('',#3001,#3075);
#3075 = DEFINITIONAL_REPRESENTATION('',(#3076),#3080);
#3076 = LINE('',#3077,#3078);
#3077 = CARTESIAN_POINT('',(3.4,0.));
#3078 = VECTOR('',#3079,1.);
#3079 = DIRECTION('',(0.,-1.));
#3080 = ( GEOMETRIC_REPRESENTATION_CONTEXT(2) 
PARAMETRIC_REPRESENTATION_CONTEXT() REPRESENTATION_CONTEXT('2D SPACE',''
  ) );
#3081 = ORIENTED_EDGE('',*,*,#3013,.T.);
#3082 = ORIENTED_EDGE('',*,*,#1736,.T.);
#3083 = FACE_BOUND('',#3084,.T.);
#3084 = EDGE_LOOP('',(#3085));
#3085 = ORIENTED_EDGE('',*,*,#3086,.T.);
#3086 = EDGE_CURVE('',#3087,#3087,#3089,.T.);
#3087 = VERTEX_POINT('',#3088);
#3088 = CARTESIAN_POINT('',(12.4,21.85,-9.8));
#3089 = SURFACE_CURVE('',#3090,(#3095,#3106),.PCURVE_S1.);
#3090 = CIRCLE('',#3091,2.2);
#3091 = AXIS2_PLACEMENT_3D('',#3092,#3093,#3094);
#3092 = CARTESIAN_POINT('',(12.4,21.85,-12.));
#3093 = DIRECTION('',(1.,0.,0.));
#3094 = DIRECTION('',(-0.,0.,1.));
#3095 = PCURVE('',#1751,#3096);
#3096 = DEFINITIONAL_REPRESENTATION('',(#3097),#3105);
#3097 = ( BOUNDED_CURVE() B_SPLINE_CURVE(2,(#3098,#3099,#3100,#3101,
#3102,#3103,#3104),.UNSPECIFIED.,.T.,.F.) B_SPLINE_CURVE_WITH_KNOTS((1,2
    ,2,2,2,1),(-2.094395102393,0.,2.094395102393,4.188790204786,
6.28318530718,8.377580409573),.UNSPECIFIED.) CURVE() 
GEOMETRIC_REPRESENTATION_ITEM() RATIONAL_B_SPLINE_CURVE((1.,0.5,1.,0.5,
1.,0.5,1.)) REPRESENTATION_ITEM('') );
#3098 = CARTESIAN_POINT('',(3.7,-5.8));
#3099 = CARTESIAN_POINT('',(-0.110511776652,-5.8));
#3100 = CARTESIAN_POINT('',(1.794744111674,-2.5));
#3101 = CARTESIAN_POINT('',(3.7,0.8));
#3102 = CARTESIAN_POINT('',(5.605255888326,-2.5));
#3103 = CARTESIAN_POINT('',(7.510511776652,-5.8));
#3104 = CARTESIAN_POINT('',(3.7,-5.8));
#3105 = ( GEOMETRIC_REPRESENTATION_CONTEXT(2) 
PARAMETRIC_REPRESENTATION_CONTEXT() REPRESENTATION_CONTEXT('2D SPACE',''
  ) );
#3106 = PCURVE('',#3107,#3112);
#3107 = CYLINDRICAL_SURFACE('',#3108,2.2);
#3108 = AXIS2_PLACEMENT_3D('',#3109,#3110,#3111);
#3109 = CARTESIAN_POINT('',(0.,21.85,-12.));
#3110 = DIRECTION('',(1.,0.,0.));
#3111 = DIRECTION('',(-0.,0.,1.));
#3112 = DEFINITIONAL_REPRESENTATION('',(#3113),#3117);
#3113 = LINE('',#3114,#3115);
#3114 = CARTESIAN_POINT('',(0.,12.4));
#3115 = VECTOR('',#3116,1.);
#3116 = DIRECTION('',(1.,0.));
#3117 = ( GEOMETRIC_REPRESENTATION_CONTEXT(2) 
PARAMETRIC_REPRESENTATION_CONTEXT() REPRESENTATION_CONTEXT('2D SPACE',''
  ) );
#3118 = ADVANCED_FACE('',(#3119,#3167),#1801,.T.);
#3119 = FACE_BOUND('',#3120,.T.);
#3120 = EDGE_LOOP('',(#3121,#3144,#3145,#3146));
#3121 = ORIENTED_EDGE('',*,*,#3122,.F.);
#3122 = EDGE_CURVE('',#1763,#3123,#3125,.T.);
#3123 = VERTEX_POINT('',#3124);
#3124 = CARTESIAN_POINT('',(9.,18.15,-15.6));
#3125 = SURFACE_CURVE('',#3126,(#3130,#3137),.PCURVE_S1.);
#3126 = LINE('',#3127,#3128);
#3127 = CARTESIAN_POINT('',(9.,28.35,-15.6));
#3128 = VECTOR('',#3129,1.);
#3129 = DIRECTION('',(0.,-1.,0.));
#3130 = PCURVE('',#1801,#3131);
#3131 = DEFINITIONAL_REPRESENTATION('',(#3132),#3136);
#3132 = LINE('',#3133,#3134);
#3133 = CARTESIAN_POINT('',(0.,0.));
#3134 = VECTOR('',#3135,1.);
#3135 = DIRECTION('',(1.,0.));
#3136 = ( GEOMETRIC_REPRESENTATION_CONTEXT(2) 
PARAMETRIC_REPRESENTATION_CONTEXT() REPRESENTATION_CONTEXT('2D SPACE',''
  ) );
#3137 = PCURVE('',#1777,#3138);
#3138 = DEFINITIONAL_REPRESENTATION('',(#3139),#3143);
#3139 = LINE('',#3140,#3141);
#3140 = CARTESIAN_POINT('',(-1.7,5.1));
#3141 = VECTOR('',#3142,1.);
#3142 = DIRECTION('',(0.,-1.));
#3143 = ( GEOMETRIC_REPRESENTATION_CONTEXT(2) 
PARAMETRIC_REPRESENTATION_CONTEXT() REPRESENTATION_CONTEXT('2D SPACE',''
  ) );
#3144 = ORIENTED_EDGE('',*,*,#1788,.T.);
#3145 = ORIENTED_EDGE('',*,*,#2962,.T.);
#3146 = ORIENTED_EDGE('',*,*,#3147,.F.);
#3147 = EDGE_CURVE('',#3123,#2963,#3148,.T.);
#3148 = SURFACE_CURVE('',#3149,(#3153,#3160),.PCURVE_S1.);
#3149 = LINE('',#3150,#3151);
#3150 = CARTESIAN_POINT('',(9.,18.15,-15.6));
#3151 = VECTOR('',#3152,1.);
#3152 = DIRECTION('',(0.,0.,1.));
#3153 = PCURVE('',#1801,#3154);
#3154 = DEFINITIONAL_REPRESENTATION('',(#3155),#3159);
#3155 = LINE('',#3156,#3157);
#3156 = CARTESIAN_POINT('',(10.2,0.));
#3157 = VECTOR('',#3158,1.);
#3158 = DIRECTION('',(0.,-1.));
#3159 = ( GEOMETRIC_REPRESENTATION_CONTEXT(2) 
PARAMETRIC_REPRESENTATION_CONTEXT() REPRESENTATION_CONTEXT('2D SPACE',''
  ) );
#3160 = PCURVE('',#3001,#3161);
#3161 = DEFINITIONAL_REPRESENTATION('',(#3162),#3166);
#3162 = LINE('',#3163,#3164);
#3163 = CARTESIAN_POINT('',(0.,0.));
#3164 = VECTOR('',#3165,1.);
#3165 = DIRECTION('',(0.,-1.));
#3166 = ( GEOMETRIC_REPRESENTATION_CONTEXT(2) 
PARAMETRIC_REPRESENTATION_CONTEXT() REPRESENTATION_CONTEXT('2D SPACE',''
  ) );
#3167 = FACE_BOUND('',#3168,.T.);
#3168 = EDGE_LOOP('',(#3169));
#3169 = ORIENTED_EDGE('',*,*,#3170,.F.);
#3170 = EDGE_CURVE('',#3171,#3171,#3173,.T.);
#3171 = VERTEX_POINT('',#3172);
#3172 = CARTESIAN_POINT('',(9.,21.85,-9.8));
#3173 = SURFACE_CURVE('',#3174,(#3179,#3186),.PCURVE_S1.);
#3174 = CIRCLE('',#3175,2.2);
#3175 = AXIS2_PLACEMENT_3D('',#3176,#3177,#3178);
#3176 = CARTESIAN_POINT('',(9.,21.85,-12.));
#3177 = DIRECTION('',(1.,0.,0.));
#3178 = DIRECTION('',(-0.,0.,1.));
#3179 = PCURVE('',#1801,#3180);
#3180 = DEFINITIONAL_REPRESENTATION('',(#3181),#3185);
#3181 = CIRCLE('',#3182,2.2);
#3182 = AXIS2_PLACEMENT_2D('',#3183,#3184);
#3183 = CARTESIAN_POINT('',(6.5,-3.6));
#3184 = DIRECTION('',(0.,-1.));
#3185 = ( GEOMETRIC_REPRESENTATION_CONTEXT(2) 
PARAMETRIC_REPRESENTATION_CONTEXT() REPRESENTATION_CONTEXT('2D SPACE',''
  ) );
#3186 = PCURVE('',#1914,#3187);
#3187 = DEFINITIONAL_REPRESENTATION('',(#3188),#3192);
#3188 = LINE('',#3189,#3190);
#3189 = CARTESIAN_POINT('',(0.,9.));
#3190 = VECTOR('',#3191,1.);
#3191 = DIRECTION('',(1.,0.));
#3192 = ( GEOMETRIC_REPRESENTATION_CONTEXT(2) 
PARAMETRIC_REPRESENTATION_CONTEXT() REPRESENTATION_CONTEXT('2D SPACE',''
  ) );
#3193 = ADVANCED_FACE('',(#3194),#1777,.T.);
#3194 = FACE_BOUND('',#3195,.T.);
#3195 = EDGE_LOOP('',(#3196,#3197,#3218,#3219));
#3196 = ORIENTED_EDGE('',*,*,#3122,.T.);
#3197 = ORIENTED_EDGE('',*,*,#3198,.T.);
#3198 = EDGE_CURVE('',#3123,#3039,#3199,.T.);
#3199 = SURFACE_CURVE('',#3200,(#3204,#3211),.PCURVE_S1.);
#3200 = LINE('',#3201,#3202);
#3201 = CARTESIAN_POINT('',(9.,18.15,-15.6));
#3202 = VECTOR('',#3203,1.);
#3203 = DIRECTION('',(1.,0.,0.));
#3204 = PCURVE('',#1777,#3205);
#3205 = DEFINITIONAL_REPRESENTATION('',(#3206),#3210);
#3206 = LINE('',#3207,#3208);
#3207 = CARTESIAN_POINT('',(-1.7,-5.1));
#3208 = VECTOR('',#3209,1.);
#3209 = DIRECTION('',(1.,0.));
#3210 = ( GEOMETRIC_REPRESENTATION_CONTEXT(2) 
PARAMETRIC_REPRESENTATION_CONTEXT() REPRESENTATION_CONTEXT('2D SPACE',''
  ) );
#3211 = PCURVE('',#3001,#3212);
#3212 = DEFINITIONAL_REPRESENTATION('',(#3213),#3217);
#3213 = LINE('',#3214,#3215);
#3214 = CARTESIAN_POINT('',(0.,0.));
#3215 = VECTOR('',#3216,1.);
#3216 = DIRECTION('',(1.,0.));
#3217 = ( GEOMETRIC_REPRESENTATION_CONTEXT(2) 
PARAMETRIC_REPRESENTATION_CONTEXT() REPRESENTATION_CONTEXT('2D SPACE',''
  ) );
#3218 = ORIENTED_EDGE('',*,*,#3038,.T.);
#3219 = ORIENTED_EDGE('',*,*,#1762,.T.);
#3220 = ADVANCED_FACE('',(#3221),#1883,.F.);
#3221 = FACE_BOUND('',#3222,.F.);
#3222 = EDGE_LOOP('',(#3223,#3224,#3245,#3246));
#3223 = ORIENTED_EDGE('',*,*,#1866,.T.);
#3224 = ORIENTED_EDGE('',*,*,#3225,.T.);
#3225 = EDGE_CURVE('',#1867,#2825,#3226,.T.);
#3226 = SEAM_CURVE('',#3227,(#3231,#3238),.PCURVE_S1.);
#3227 = LINE('',#3228,#3229);
#3228 = CARTESIAN_POINT('',(0.,21.85,14.2));
#3229 = VECTOR('',#3230,1.);
#3230 = DIRECTION('',(1.,0.,0.));
#3231 = PCURVE('',#1883,#3232);
#3232 = DEFINITIONAL_REPRESENTATION('',(#3233),#3237);
#3233 = LINE('',#3234,#3235);
#3234 = CARTESIAN_POINT('',(0.,-0.));
#3235 = VECTOR('',#3236,1.);
#3236 = DIRECTION('',(0.,1.));
#3237 = ( GEOMETRIC_REPRESENTATION_CONTEXT(2) 
PARAMETRIC_REPRESENTATION_CONTEXT() REPRESENTATION_CONTEXT('2D SPACE',''
  ) );
#3238 = PCURVE('',#1883,#3239);
#3239 = DEFINITIONAL_REPRESENTATION('',(#3240),#3244);
#3240 = LINE('',#3241,#3242);
#3241 = CARTESIAN_POINT('',(6.28318530718,-0.));
#3242 = VECTOR('',#3243,1.);
#3243 = DIRECTION('',(0.,1.));
#3244 = ( GEOMETRIC_REPRESENTATION_CONTEXT(2) 
PARAMETRIC_REPRESENTATION_CONTEXT() REPRESENTATION_CONTEXT('2D SPACE',''
  ) );
#3245 = ORIENTED_EDGE('',*,*,#2824,.F.);
#3246 = ORIENTED_EDGE('',*,*,#3225,.F.);
#3247 = ADVANCED_FACE('',(#3248),#1914,.F.);
#3248 = FACE_BOUND('',#3249,.F.);
#3249 = EDGE_LOOP('',(#3250,#3251,#3272,#3273));
#3250 = ORIENTED_EDGE('',*,*,#1897,.T.);
#3251 = ORIENTED_EDGE('',*,*,#3252,.T.);
#3252 = EDGE_CURVE('',#1898,#3171,#3253,.T.);
#3253 = SEAM_CURVE('',#3254,(#3258,#3265),.PCURVE_S1.);
#3254 = LINE('',#3255,#3256);
#3255 = CARTESIAN_POINT('',(0.,21.85,-9.8));
#3256 = VECTOR('',#3257,1.);
#3257 = DIRECTION('',(1.,0.,0.));
#3258 = PCURVE('',#1914,#3259);
#3259 = DEFINITIONAL_REPRESENTATION('',(#3260),#3264);
#3260 = LINE('',#3261,#3262);
#3261 = CARTESIAN_POINT('',(0.,-0.));
#3262 = VECTOR('',#3263,1.);
#3263 = DIRECTION('',(0.,1.));
#3264 = ( GEOMETRIC_REPRESENTATION_CONTEXT(2) 
PARAMETRIC_REPRESENTATION_CONTEXT() REPRESENTATION_CONTEXT('2D SPACE',''
  ) );
#3265 = PCURVE('',#1914,#3266);
#3266 = DEFINITIONAL_REPRESENTATION('',(#3267),#3271);
#3267 = LINE('',#3268,#3269);
#3268 = CARTESIAN_POINT('',(6.28318530718,-0.));
#3269 = VECTOR('',#3270,1.);
#3270 = DIRECTION('',(0.,1.));
#3271 = ( GEOMETRIC_REPRESENTATION_CONTEXT(2) 
PARAMETRIC_REPRESENTATION_CONTEXT() REPRESENTATION_CONTEXT('2D SPACE',''
  ) );
#3272 = ORIENTED_EDGE('',*,*,#3170,.F.);
#3273 = ORIENTED_EDGE('',*,*,#3252,.F.);
#3274 = ADVANCED_FACE('',(#3275),#2086,.F.);
#3275 = FACE_BOUND('',#3276,.F.);
#3276 = EDGE_LOOP('',(#3277));
#3277 = ORIENTED_EDGE('',*,*,#2071,.T.);
#3278 = ADVANCED_FACE('',(#3279),#2175,.F.);
#3279 = FACE_BOUND('',#3280,.F.);
#3280 = EDGE_LOOP('',(#3281));
#3281 = ORIENTED_EDGE('',*,*,#2160,.T.);
#3282 = ADVANCED_FACE('',(#3283,#3289,#3324,#3354,#3389),#2231,.T.);
#3283 = FACE_BOUND('',#3284,.T.);
#3284 = EDGE_LOOP('',(#3285,#3286,#3287,#3288));
#3285 = ORIENTED_EDGE('',*,*,#2215,.F.);
#3286 = ORIENTED_EDGE('',*,*,#2589,.T.);
#3287 = ORIENTED_EDGE('',*,*,#2422,.T.);
#3288 = ORIENTED_EDGE('',*,*,#2269,.F.);
#3289 = FACE_BOUND('',#3290,.T.);
#3290 = EDGE_LOOP('',(#3291));
#3291 = ORIENTED_EDGE('',*,*,#3292,.T.);
#3292 = EDGE_CURVE('',#3293,#3293,#3295,.T.);
#3293 = VERTEX_POINT('',#3294);
#3294 = CARTESIAN_POINT('',(48.388194462159,-14.,13.611805537841));
#3295 = SURFACE_CURVE('',#3296,(#3301,#3312),.PCURVE_S1.);
#3296 = CIRCLE('',#3297,1.25);
#3297 = AXIS2_PLACEMENT_3D('',#3298,#3299,#3300);
#3298 = CARTESIAN_POINT('',(49.272077938642,-14.,12.727922061358));
#3299 = DIRECTION('',(-0.707106781187,0.,-0.707106781187));
#3300 = DIRECTION('',(-0.707106781187,0.,0.707106781187));
#3301 = PCURVE('',#2231,#3302);
#3302 = DEFINITIONAL_REPRESENTATION('',(#3303),#3311);
#3303 = ( BOUNDED_CURVE() B_SPLINE_CURVE(2,(#3304,#3305,#3306,#3307,
#3308,#3309,#3310),.UNSPECIFIED.,.T.,.F.) B_SPLINE_CURVE_WITH_KNOTS((1,2
    ,2,2,2,1),(-2.094395102393,0.,2.094395102393,4.188790204786,
6.28318530718,8.377580409573),.UNSPECIFIED.) CURVE() 
GEOMETRIC_REPRESENTATION_ITEM() RATIONAL_B_SPLINE_CURVE((1.,0.5,1.,0.5,
1.,0.5,1.)) REPRESENTATION_ITEM('') );
#3304 = CARTESIAN_POINT('',(5.75,-14.));
#3305 = CARTESIAN_POINT('',(5.75,-11.83493649053));
#3306 = CARTESIAN_POINT('',(7.625,-12.91746824526));
#3307 = CARTESIAN_POINT('',(9.5,-14.));
#3308 = CARTESIAN_POINT('',(7.625,-15.08253175473));
#3309 = CARTESIAN_POINT('',(5.75,-16.16506350946));
#3310 = CARTESIAN_POINT('',(5.75,-14.));
#3311 = ( GEOMETRIC_REPRESENTATION_CONTEXT(2) 
PARAMETRIC_REPRESENTATION_CONTEXT() REPRESENTATION_CONTEXT('2D SPACE',''
  ) );
#3312 = PCURVE('',#3313,#3318);
#3313 = CYLINDRICAL_SURFACE('',#3314,1.25);
#3314 = AXIS2_PLACEMENT_3D('',#3315,#3316,#3317);
#3315 = CARTESIAN_POINT('',(49.625631329235,-14.,13.081475451951));
#3316 = DIRECTION('',(-0.707106781187,0.,-0.707106781187));
#3317 = DIRECTION('',(-0.707106781187,0.,0.707106781187));
#3318 = DEFINITIONAL_REPRESENTATION('',(#3319),#3323);
#3319 = LINE('',#3320,#3321);
#3320 = CARTESIAN_POINT('',(0.,0.5));
#3321 = VECTOR('',#3322,1.);
#3322 = DIRECTION('',(1.,0.));
#3323 = ( GEOMETRIC_REPRESENTATION_CONTEXT(2) 
PARAMETRIC_REPRESENTATION_CONTEXT() REPRESENTATION_CONTEXT('2D SPACE',''
  ) );
#3324 = FACE_BOUND('',#3325,.T.);
#3325 = EDGE_LOOP('',(#3326));
#3326 = ORIENTED_EDGE('',*,*,#3327,.T.);
#3327 = EDGE_CURVE('',#3328,#3328,#3330,.T.);
#3328 = VERTEX_POINT('',#3329);
#3329 = CARTESIAN_POINT('',(73.844038584875,-14.,-11.84403858487));
#3330 = SURFACE_CURVE('',#3331,(#3336,#3347),.PCURVE_S1.);
#3331 = CIRCLE('',#3332,1.25);
#3332 = AXIS2_PLACEMENT_3D('',#3333,#3334,#3335);
#3333 = CARTESIAN_POINT('',(74.727922061358,-14.,-12.72792206135));
#3334 = DIRECTION('',(-0.707106781187,0.,-0.707106781187));
#3335 = DIRECTION('',(-0.707106781187,0.,0.707106781187));
#3336 = PCURVE('',#2231,#3337);
#3337 = DEFINITIONAL_REPRESENTATION('',(#3338),#3346);
#3338 = ( BOUNDED_CURVE() B_SPLINE_CURVE(2,(#3339,#3340,#3341,#3342,
#3343,#3344,#3345),.UNSPECIFIED.,.T.,.F.) B_SPLINE_CURVE_WITH_KNOTS((1,2
    ,2,2,2,1),(-2.094395102393,0.,2.094395102393,4.188790204786,
6.28318530718,8.377580409573),.UNSPECIFIED.) CURVE() 
GEOMETRIC_REPRESENTATION_ITEM() RATIONAL_B_SPLINE_CURVE((1.,0.5,1.,0.5,
1.,0.5,1.)) REPRESENTATION_ITEM('') );
#3339 = CARTESIAN_POINT('',(41.75,-14.));
#3340 = CARTESIAN_POINT('',(41.75,-11.83493649053));
#3341 = CARTESIAN_POINT('',(43.625,-12.91746824526));
#3342 = CARTESIAN_POINT('',(45.5,-14.));
#3343 = CARTESIAN_POINT('',(43.625,-15.08253175473));
#3344 = CARTESIAN_POINT('',(41.75,-16.16506350946));
#3345 = CARTESIAN_POINT('',(41.75,-14.));
#3346 = ( GEOMETRIC_REPRESENTATION_CONTEXT(2) 
PARAMETRIC_REPRESENTATION_CONTEXT() REPRESENTATION_CONTEXT('2D SPACE',''
  ) );
#3347 = PCURVE('',#2487,#3348);
#3348 = DEFINITIONAL_REPRESENTATION('',(#3349),#3353);
#3349 = LINE('',#3350,#3351);
#3350 = CARTESIAN_POINT('',(0.,0.5));
#3351 = VECTOR('',#3352,1.);
#3352 = DIRECTION('',(1.,0.));
#3353 = ( GEOMETRIC_REPRESENTATION_CONTEXT(2) 
PARAMETRIC_REPRESENTATION_CONTEXT() REPRESENTATION_CONTEXT('2D SPACE',''
  ) );
#3354 = FACE_BOUND('',#3355,.T.);
#3355 = EDGE_LOOP('',(#3356));
#3356 = ORIENTED_EDGE('',*,*,#3357,.T.);
#3357 = EDGE_CURVE('',#3358,#3358,#3360,.T.);
#3358 = VERTEX_POINT('',#3359);
#3359 = CARTESIAN_POINT('',(48.388194462159,14.,13.611805537841));
#3360 = SURFACE_CURVE('',#3361,(#3366,#3377),.PCURVE_S1.);
#3361 = CIRCLE('',#3362,1.25);
#3362 = AXIS2_PLACEMENT_3D('',#3363,#3364,#3365);
#3363 = CARTESIAN_POINT('',(49.272077938642,14.,12.727922061358));
#3364 = DIRECTION('',(-0.707106781187,0.,-0.707106781187));
#3365 = DIRECTION('',(-0.707106781187,0.,0.707106781187));
#3366 = PCURVE('',#2231,#3367);
#3367 = DEFINITIONAL_REPRESENTATION('',(#3368),#3376);
#3368 = ( BOUNDED_CURVE() B_SPLINE_CURVE(2,(#3369,#3370,#3371,#3372,
#3373,#3374,#3375),.UNSPECIFIED.,.T.,.F.) B_SPLINE_CURVE_WITH_KNOTS((1,2
    ,2,2,2,1),(-2.094395102393,0.,2.094395102393,4.188790204786,
6.28318530718,8.377580409573),.UNSPECIFIED.) CURVE() 
GEOMETRIC_REPRESENTATION_ITEM() RATIONAL_B_SPLINE_CURVE((1.,0.5,1.,0.5,
1.,0.5,1.)) REPRESENTATION_ITEM('') );
#3369 = CARTESIAN_POINT('',(5.75,14.));
#3370 = CARTESIAN_POINT('',(5.75,16.165063509461));
#3371 = CARTESIAN_POINT('',(7.625,15.082531754731));
#3372 = CARTESIAN_POINT('',(9.5,14.));
#3373 = CARTESIAN_POINT('',(7.625,12.917468245269));
#3374 = CARTESIAN_POINT('',(5.75,11.834936490539));
#3375 = CARTESIAN_POINT('',(5.75,14.));
#3376 = ( GEOMETRIC_REPRESENTATION_CONTEXT(2) 
PARAMETRIC_REPRESENTATION_CONTEXT() REPRESENTATION_CONTEXT('2D SPACE',''
  ) );
#3377 = PCURVE('',#3378,#3383);
#3378 = CYLINDRICAL_SURFACE('',#3379,1.25);
#3379 = AXIS2_PLACEMENT_3D('',#3380,#3381,#3382);
#3380 = CARTESIAN_POINT('',(49.625631329235,14.,13.081475451951));
#3381 = DIRECTION('',(-0.707106781187,0.,-0.707106781187));
#3382 = DIRECTION('',(-0.707106781187,0.,0.707106781187));
#3383 = DEFINITIONAL_REPRESENTATION('',(#3384),#3388);
#3384 = LINE('',#3385,#3386);
#3385 = CARTESIAN_POINT('',(0.,0.5));
#3386 = VECTOR('',#3387,1.);
#3387 = DIRECTION('',(1.,0.));
#3388 = ( GEOMETRIC_REPRESENTATION_CONTEXT(2) 
PARAMETRIC_REPRESENTATION_CONTEXT() REPRESENTATION_CONTEXT('2D SPACE',''
  ) );
#3389 = FACE_BOUND('',#3390,.T.);
#3390 = EDGE_LOOP('',(#3391));
#3391 = ORIENTED_EDGE('',*,*,#3392,.T.);
#3392 = EDGE_CURVE('',#3393,#3393,#3395,.T.);
#3393 = VERTEX_POINT('',#3394);
#3394 = CARTESIAN_POINT('',(73.844038584875,14.,-11.84403858487));
#3395 = SURFACE_CURVE('',#3396,(#3401,#3412),.PCURVE_S1.);
#3396 = CIRCLE('',#3397,1.25);
#3397 = AXIS2_PLACEMENT_3D('',#3398,#3399,#3400);
#3398 = CARTESIAN_POINT('',(74.727922061358,14.,-12.72792206135));
#3399 = DIRECTION('',(-0.707106781187,0.,-0.707106781187));
#3400 = DIRECTION('',(-0.707106781187,0.,0.707106781187));
#3401 = PCURVE('',#2231,#3402);
#3402 = DEFINITIONAL_REPRESENTATION('',(#3403),#3411);
#3403 = ( BOUNDED_CURVE() B_SPLINE_CURVE(2,(#3404,#3405,#3406,#3407,
#3408,#3409,#3410),.UNSPECIFIED.,.T.,.F.) B_SPLINE_CURVE_WITH_KNOTS((1,2
    ,2,2,2,1),(-2.094395102393,0.,2.094395102393,4.188790204786,
6.28318530718,8.377580409573),.UNSPECIFIED.) CURVE() 
GEOMETRIC_REPRESENTATION_ITEM() RATIONAL_B_SPLINE_CURVE((1.,0.5,1.,0.5,
1.,0.5,1.)) REPRESENTATION_ITEM('') );
#3404 = CARTESIAN_POINT('',(41.75,14.));
#3405 = CARTESIAN_POINT('',(41.75,16.165063509461));
#3406 = CARTESIAN_POINT('',(43.625,15.082531754731));
#3407 = CARTESIAN_POINT('',(45.5,14.));
#3408 = CARTESIAN_POINT('',(43.625,12.917468245269));
#3409 = CARTESIAN_POINT('',(41.75,11.834936490539));
#3410 = CARTESIAN_POINT('',(41.75,14.));
#3411 = ( GEOMETRIC_REPRESENTATION_CONTEXT(2) 
PARAMETRIC_REPRESENTATION_CONTEXT() REPRESENTATION_CONTEXT('2D SPACE',''
  ) );
#3412 = PCURVE('',#2545,#3413);
#3413 = DEFINITIONAL_REPRESENTATION('',(#3414),#3418);
#3414 = LINE('',#3415,#3416);
#3415 = CARTESIAN_POINT('',(0.,0.5));
#3416 = VECTOR('',#3417,1.);
#3417 = DIRECTION('',(1.,0.));
#3418 = ( GEOMETRIC_REPRESENTATION_CONTEXT(2) 
PARAMETRIC_REPRESENTATION_CONTEXT() REPRESENTATION_CONTEXT('2D SPACE',''
  ) );
#3419 = ADVANCED_FACE('',(#3420),#2332,.F.);
#3420 = FACE_BOUND('',#3421,.F.);
#3421 = EDGE_LOOP('',(#3422,#3443,#3444,#3465));
#3422 = ORIENTED_EDGE('',*,*,#3423,.T.);
#3423 = EDGE_CURVE('',#2316,#2614,#3424,.T.);
#3424 = SURFACE_CURVE('',#3425,(#3429,#3436),.PCURVE_S1.);
#3425 = LINE('',#3426,#3427);
#3426 = CARTESIAN_POINT('',(29.35,44.,12.221155901417));
#3427 = VECTOR('',#3428,1.);
#3428 = DIRECTION('',(0.,-1.,0.));
#3429 = PCURVE('',#2332,#3430);
#3430 = DEFINITIONAL_REPRESENTATION('',(#3431),#3435);
#3431 = LINE('',#3432,#3433);
#3432 = CARTESIAN_POINT('',(0.,44.));
#3433 = VECTOR('',#3434,1.);
#3434 = DIRECTION('',(0.,-1.));
#3435 = ( GEOMETRIC_REPRESENTATION_CONTEXT(2) 
PARAMETRIC_REPRESENTATION_CONTEXT() REPRESENTATION_CONTEXT('2D SPACE',''
  ) );
#3436 = PCURVE('',#2358,#3437);
#3437 = DEFINITIONAL_REPRESENTATION('',(#3438),#3442);
#3438 = LINE('',#3439,#3440);
#3439 = CARTESIAN_POINT('',(24.93184625085,44.));
#3440 = VECTOR('',#3441,1.);
#3441 = DIRECTION('',(0.,-1.));
#3442 = ( GEOMETRIC_REPRESENTATION_CONTEXT(2) 
PARAMETRIC_REPRESENTATION_CONTEXT() REPRESENTATION_CONTEXT('2D SPACE',''
  ) );
#3443 = ORIENTED_EDGE('',*,*,#2613,.T.);
#3444 = ORIENTED_EDGE('',*,*,#3445,.T.);
#3445 = EDGE_CURVE('',#2616,#2318,#3446,.T.);
#3446 = SURFACE_CURVE('',#3447,(#3451,#3458),.PCURVE_S1.);
#3447 = LINE('',#3448,#3449);
#3448 = CARTESIAN_POINT('',(41.123757731521,-44.,10.976747331867));
#3449 = VECTOR('',#3450,1.);
#3450 = DIRECTION('',(0.,1.,0.));
#3451 = PCURVE('',#2332,#3452);
#3452 = DEFINITIONAL_REPRESENTATION('',(#3453),#3457);
#3453 = LINE('',#3454,#3455);
#3454 = CARTESIAN_POINT('',(11.839337980163,-44.));
#3455 = VECTOR('',#3456,1.);
#3456 = DIRECTION('',(0.,1.));
#3457 = ( GEOMETRIC_REPRESENTATION_CONTEXT(2) 
PARAMETRIC_REPRESENTATION_CONTEXT() REPRESENTATION_CONTEXT('2D SPACE',''
  ) );
#3458 = PCURVE('',#2408,#3459);
#3459 = DEFINITIONAL_REPRESENTATION('',(#3460),#3464);
#3460 = LINE('',#3461,#3462);
#3461 = CARTESIAN_POINT('',(0.,-44.));
#3462 = VECTOR('',#3463,1.);
#3463 = DIRECTION('',(0.,1.));
#3464 = ( GEOMETRIC_REPRESENTATION_CONTEXT(2) 
PARAMETRIC_REPRESENTATION_CONTEXT() REPRESENTATION_CONTEXT('2D SPACE',''
  ) );
#3465 = ORIENTED_EDGE('',*,*,#2315,.F.);
#3466 = ADVANCED_FACE('',(#3467),#2358,.F.);
#3467 = FACE_BOUND('',#3468,.F.);
#3468 = EDGE_LOOP('',(#3469,#3490,#3491,#3492));
#3469 = ORIENTED_EDGE('',*,*,#3470,.T.);
#3470 = EDGE_CURVE('',#2344,#2637,#3471,.T.);
#3471 = SURFACE_CURVE('',#3472,(#3476,#3483),.PCURVE_S1.);
#3472 = LINE('',#3473,#3474);
#3473 = CARTESIAN_POINT('',(29.35,44.,-12.71069034943));
#3474 = VECTOR('',#3475,1.);
#3475 = DIRECTION('',(0.,-1.,0.));
#3476 = PCURVE('',#2358,#3477);
#3477 = DEFINITIONAL_REPRESENTATION('',(#3478),#3482);
#3478 = LINE('',#3479,#3480);
#3479 = CARTESIAN_POINT('',(0.,44.));
#3480 = VECTOR('',#3481,1.);
#3481 = DIRECTION('',(0.,-1.));
#3482 = ( GEOMETRIC_REPRESENTATION_CONTEXT(2) 
PARAMETRIC_REPRESENTATION_CONTEXT() REPRESENTATION_CONTEXT('2D SPACE',''
  ) );
#3483 = PCURVE('',#2384,#3484);
#3484 = DEFINITIONAL_REPRESENTATION('',(#3485),#3489);
#3485 = LINE('',#3486,#3487);
#3486 = CARTESIAN_POINT('',(34.108550721723,44.));
#3487 = VECTOR('',#3488,1.);
#3488 = DIRECTION('',(-0.,-1.));
#3489 = ( GEOMETRIC_REPRESENTATION_CONTEXT(2) 
PARAMETRIC_REPRESENTATION_CONTEXT() REPRESENTATION_CONTEXT('2D SPACE',''
  ) );
#3490 = ORIENTED_EDGE('',*,*,#2636,.T.);
#3491 = ORIENTED_EDGE('',*,*,#3423,.F.);
#3492 = ORIENTED_EDGE('',*,*,#2343,.F.);
#3493 = ADVANCED_FACE('',(#3494,#3520,#3550),#2408,.F.);
#3494 = FACE_BOUND('',#3495,.F.);
#3495 = EDGE_LOOP('',(#3496,#3497,#3498,#3519));
#3496 = ORIENTED_EDGE('',*,*,#3445,.F.);
#3497 = ORIENTED_EDGE('',*,*,#2678,.T.);
#3498 = ORIENTED_EDGE('',*,*,#3499,.T.);
#3499 = EDGE_CURVE('',#2658,#2370,#3500,.T.);
#3500 = SURFACE_CURVE('',#3501,(#3505,#3512),.PCURVE_S1.);
#3501 = LINE('',#3502,#3503);
#3502 = CARTESIAN_POINT('',(63.430598352943,-44.,-11.33009328955));
#3503 = VECTOR('',#3504,1.);
#3504 = DIRECTION('',(0.,1.,0.));
#3505 = PCURVE('',#2408,#3506);
#3506 = DEFINITIONAL_REPRESENTATION('',(#3507),#3511);
#3507 = LINE('',#3508,#3509);
#3508 = CARTESIAN_POINT('',(31.54663654051,-44.));
#3509 = VECTOR('',#3510,1.);
#3510 = DIRECTION('',(0.,1.));
#3511 = ( GEOMETRIC_REPRESENTATION_CONTEXT(2) 
PARAMETRIC_REPRESENTATION_CONTEXT() REPRESENTATION_CONTEXT('2D SPACE',''
  ) );
#3512 = PCURVE('',#2384,#3513);
#3513 = DEFINITIONAL_REPRESENTATION('',(#3514),#3518);
#3514 = LINE('',#3515,#3516);
#3515 = CARTESIAN_POINT('',(-0.,-44.));
#3516 = VECTOR('',#3517,1.);
#3517 = DIRECTION('',(0.,1.));
#3518 = ( GEOMETRIC_REPRESENTATION_CONTEXT(2) 
PARAMETRIC_REPRESENTATION_CONTEXT() REPRESENTATION_CONTEXT('2D SPACE',''
  ) );
#3519 = ORIENTED_EDGE('',*,*,#2395,.F.);
#3520 = FACE_BOUND('',#3521,.F.);
#3521 = EDGE_LOOP('',(#3522));
#3522 = ORIENTED_EDGE('',*,*,#3523,.T.);
#3523 = EDGE_CURVE('',#3524,#3524,#3526,.T.);
#3524 = VERTEX_POINT('',#3525);
#3525 = CARTESIAN_POINT('',(43.438446993853,-14.,8.662058069535));
#3526 = SURFACE_CURVE('',#3527,(#3532,#3543),.PCURVE_S1.);
#3527 = CIRCLE('',#3528,1.25);
#3528 = AXIS2_PLACEMENT_3D('',#3529,#3530,#3531);
#3529 = CARTESIAN_POINT('',(44.322330470336,-14.,7.778174593052));
#3530 = DIRECTION('',(-0.707106781187,0.,-0.707106781187));
#3531 = DIRECTION('',(-0.707106781187,0.,0.707106781187));
#3532 = PCURVE('',#2408,#3533);
#3533 = DEFINITIONAL_REPRESENTATION('',(#3534),#3542);
#3534 = ( BOUNDED_CURVE() B_SPLINE_CURVE(2,(#3535,#3536,#3537,#3538,
#3539,#3540,#3541),.UNSPECIFIED.,.T.,.F.) B_SPLINE_CURVE_WITH_KNOTS((1,2
    ,2,2,2,1),(-2.094395102393,0.,2.094395102393,4.188790204786,
6.28318530718,8.377580409573),.UNSPECIFIED.) CURVE() 
GEOMETRIC_REPRESENTATION_ITEM() RATIONAL_B_SPLINE_CURVE((1.,0.5,1.,0.5,
1.,0.5,1.)) REPRESENTATION_ITEM('') );
#3535 = CARTESIAN_POINT('',(3.273464947469,-14.));
#3536 = CARTESIAN_POINT('',(3.273464947469,-11.83493649053));
#3537 = CARTESIAN_POINT('',(5.148464947469,-12.91746824526));
#3538 = CARTESIAN_POINT('',(7.023464947469,-14.));
#3539 = CARTESIAN_POINT('',(5.148464947469,-15.08253175473));
#3540 = CARTESIAN_POINT('',(3.273464947469,-16.16506350946));
#3541 = CARTESIAN_POINT('',(3.273464947469,-14.));
#3542 = ( GEOMETRIC_REPRESENTATION_CONTEXT(2) 
PARAMETRIC_REPRESENTATION_CONTEXT() REPRESENTATION_CONTEXT('2D SPACE',''
  ) );
#3543 = PCURVE('',#3313,#3544);
#3544 = DEFINITIONAL_REPRESENTATION('',(#3545),#3549);
#3545 = LINE('',#3546,#3547);
#3546 = CARTESIAN_POINT('',(0.,7.5));
#3547 = VECTOR('',#3548,1.);
#3548 = DIRECTION('',(1.,0.));
#3549 = ( GEOMETRIC_REPRESENTATION_CONTEXT(2) 
PARAMETRIC_REPRESENTATION_CONTEXT() REPRESENTATION_CONTEXT('2D SPACE',''
  ) );
#3550 = FACE_BOUND('',#3551,.F.);
#3551 = EDGE_LOOP('',(#3552));
#3552 = ORIENTED_EDGE('',*,*,#3553,.T.);
#3553 = EDGE_CURVE('',#3554,#3554,#3556,.T.);
#3554 = VERTEX_POINT('',#3555);
#3555 = CARTESIAN_POINT('',(43.438446993853,14.,8.662058069535));
#3556 = SURFACE_CURVE('',#3557,(#3562,#3573),.PCURVE_S1.);
#3557 = CIRCLE('',#3558,1.25);
#3558 = AXIS2_PLACEMENT_3D('',#3559,#3560,#3561);
#3559 = CARTESIAN_POINT('',(44.322330470336,14.,7.778174593052));
#3560 = DIRECTION('',(-0.707106781187,0.,-0.707106781187));
#3561 = DIRECTION('',(-0.707106781187,0.,0.707106781187));
#3562 = PCURVE('',#2408,#3563);
#3563 = DEFINITIONAL_REPRESENTATION('',(#3564),#3572);
#3564 = ( BOUNDED_CURVE() B_SPLINE_CURVE(2,(#3565,#3566,#3567,#3568,
#3569,#3570,#3571),.UNSPECIFIED.,.T.,.F.) B_SPLINE_CURVE_WITH_KNOTS((1,2
    ,2,2,2,1),(-2.094395102393,0.,2.094395102393,4.188790204786,
6.28318530718,8.377580409573),.UNSPECIFIED.) CURVE() 
GEOMETRIC_REPRESENTATION_ITEM() RATIONAL_B_SPLINE_CURVE((1.,0.5,1.,0.5,
1.,0.5,1.)) REPRESENTATION_ITEM('') );
#3565 = CARTESIAN_POINT('',(3.273464947469,14.));
#3566 = CARTESIAN_POINT('',(3.273464947469,16.165063509461));
#3567 = CARTESIAN_POINT('',(5.148464947469,15.082531754731));
#3568 = CARTESIAN_POINT('',(7.023464947469,14.));
#3569 = CARTESIAN_POINT('',(5.148464947469,12.917468245269));
#3570 = CARTESIAN_POINT('',(3.273464947469,11.834936490539));
#3571 = CARTESIAN_POINT('',(3.273464947469,14.));
#3572 = ( GEOMETRIC_REPRESENTATION_CONTEXT(2) 
PARAMETRIC_REPRESENTATION_CONTEXT() REPRESENTATION_CONTEXT('2D SPACE',''
  ) );
#3573 = PCURVE('',#3378,#3574);
#3574 = DEFINITIONAL_REPRESENTATION('',(#3575),#3579);
#3575 = LINE('',#3576,#3577);
#3576 = CARTESIAN_POINT('',(0.,7.5));
#3577 = VECTOR('',#3578,1.);
#3578 = DIRECTION('',(1.,0.));
#3579 = ( GEOMETRIC_REPRESENTATION_CONTEXT(2) 
PARAMETRIC_REPRESENTATION_CONTEXT() REPRESENTATION_CONTEXT('2D SPACE',''
  ) );
#3580 = ADVANCED_FACE('',(#3581),#2384,.F.);
#3581 = FACE_BOUND('',#3582,.F.);
#3582 = EDGE_LOOP('',(#3583,#3584,#3585,#3586));
#3583 = ORIENTED_EDGE('',*,*,#3499,.F.);
#3584 = ORIENTED_EDGE('',*,*,#2657,.T.);
#3585 = ORIENTED_EDGE('',*,*,#3470,.F.);
#3586 = ORIENTED_EDGE('',*,*,#2369,.F.);
#3587 = ADVANCED_FACE('',(#3588),#2487,.F.);
#3588 = FACE_BOUND('',#3589,.F.);
#3589 = EDGE_LOOP('',(#3590,#3591,#3612,#3613));
#3590 = ORIENTED_EDGE('',*,*,#2470,.F.);
#3591 = ORIENTED_EDGE('',*,*,#3592,.F.);
#3592 = EDGE_CURVE('',#3328,#2471,#3593,.T.);
#3593 = SEAM_CURVE('',#3594,(#3598,#3605),.PCURVE_S1.);
#3594 = LINE('',#3595,#3596);
#3595 = CARTESIAN_POINT('',(74.197591975468,-14.,-11.49048519428));
#3596 = VECTOR('',#3597,1.);
#3597 = DIRECTION('',(-0.707106781187,0.,-0.707106781187));
#3598 = PCURVE('',#2487,#3599);
#3599 = DEFINITIONAL_REPRESENTATION('',(#3600),#3604);
#3600 = LINE('',#3601,#3602);
#3601 = CARTESIAN_POINT('',(6.28318530718,-0.));
#3602 = VECTOR('',#3603,1.);
#3603 = DIRECTION('',(0.,1.));
#3604 = ( GEOMETRIC_REPRESENTATION_CONTEXT(2) 
PARAMETRIC_REPRESENTATION_CONTEXT() REPRESENTATION_CONTEXT('2D SPACE',''
  ) );
#3605 = PCURVE('',#2487,#3606);
#3606 = DEFINITIONAL_REPRESENTATION('',(#3607),#3611);
#3607 = LINE('',#3608,#3609);
#3608 = CARTESIAN_POINT('',(0.,-0.));
#3609 = VECTOR('',#3610,1.);
#3610 = DIRECTION('',(0.,1.));
#3611 = ( GEOMETRIC_REPRESENTATION_CONTEXT(2) 
PARAMETRIC_REPRESENTATION_CONTEXT() REPRESENTATION_CONTEXT('2D SPACE',''
  ) );
#3612 = ORIENTED_EDGE('',*,*,#3327,.T.);
#3613 = ORIENTED_EDGE('',*,*,#3592,.T.);
#3614 = ADVANCED_FACE('',(#3615),#2545,.F.);
#3615 = FACE_BOUND('',#3616,.F.);
#3616 = EDGE_LOOP('',(#3617,#3618,#3639,#3640));
#3617 = ORIENTED_EDGE('',*,*,#2528,.F.);
#3618 = ORIENTED_EDGE('',*,*,#3619,.F.);
#3619 = EDGE_CURVE('',#3393,#2529,#3620,.T.);
#3620 = SEAM_CURVE('',#3621,(#3625,#3632),.PCURVE_S1.);
#3621 = LINE('',#3622,#3623);
#3622 = CARTESIAN_POINT('',(74.197591975468,14.,-11.49048519428));
#3623 = VECTOR('',#3624,1.);
#3624 = DIRECTION('',(-0.707106781187,0.,-0.707106781187));
#3625 = PCURVE('',#2545,#3626);
#3626 = DEFINITIONAL_REPRESENTATION('',(#3627),#3631);
#3627 = LINE('',#3628,#3629);
#3628 = CARTESIAN_POINT('',(6.28318530718,-0.));
#3629 = VECTOR('',#3630,1.);
#3630 = DIRECTION('',(0.,1.));
#3631 = ( GEOMETRIC_REPRESENTATION_CONTEXT(2) 
PARAMETRIC_REPRESENTATION_CONTEXT() REPRESENTATION_CONTEXT('2D SPACE',''
  ) );
#3632 = PCURVE('',#2545,#3633);
#3633 = DEFINITIONAL_REPRESENTATION('',(#3634),#3638);
#3634 = LINE('',#3635,#3636);
#3635 = CARTESIAN_POINT('',(0.,-0.));
#3636 = VECTOR('',#3637,1.);
#3637 = DIRECTION('',(0.,1.));
#3638 = ( GEOMETRIC_REPRESENTATION_CONTEXT(2) 
PARAMETRIC_REPRESENTATION_CONTEXT() REPRESENTATION_CONTEXT('2D SPACE',''
  ) );
#3639 = ORIENTED_EDGE('',*,*,#3392,.T.);
#3640 = ORIENTED_EDGE('',*,*,#3619,.T.);
#3641 = ADVANCED_FACE('',(#3642),#2739,.T.);
#3642 = FACE_BOUND('',#3643,.T.);
#3643 = EDGE_LOOP('',(#3644,#3645,#3646,#3647));
#3644 = ORIENTED_EDGE('',*,*,#2801,.T.);
#3645 = ORIENTED_EDGE('',*,*,#2723,.T.);
#3646 = ORIENTED_EDGE('',*,*,#2901,.F.);
#3647 = ORIENTED_EDGE('',*,*,#2852,.F.);
#3648 = ADVANCED_FACE('',(#3649),#2947,.F.);
#3649 = FACE_BOUND('',#3650,.F.);
#3650 = EDGE_LOOP('',(#3651,#3652,#3675,#3702));
#3651 = ORIENTED_EDGE('',*,*,#2926,.T.);
#3652 = ORIENTED_EDGE('',*,*,#3653,.T.);
#3653 = EDGE_CURVE('',#2927,#3654,#3656,.T.);
#3654 = VERTEX_POINT('',#3655);
#3655 = CARTESIAN_POINT('',(21.85,21.85,14.2));
#3656 = SEAM_CURVE('',#3657,(#3661,#3668),.PCURVE_S1.);
#3657 = LINE('',#3658,#3659);
#3658 = CARTESIAN_POINT('',(0.,21.85,14.2));
#3659 = VECTOR('',#3660,1.);
#3660 = DIRECTION('',(1.,0.,0.));
#3661 = PCURVE('',#2947,#3662);
#3662 = DEFINITIONAL_REPRESENTATION('',(#3663),#3667);
#3663 = LINE('',#3664,#3665);
#3664 = CARTESIAN_POINT('',(0.,-0.));
#3665 = VECTOR('',#3666,1.);
#3666 = DIRECTION('',(0.,1.));
#3667 = ( GEOMETRIC_REPRESENTATION_CONTEXT(2) 
PARAMETRIC_REPRESENTATION_CONTEXT() REPRESENTATION_CONTEXT('2D SPACE',''
  ) );
#3668 = PCURVE('',#2947,#3669);
#3669 = DEFINITIONAL_REPRESENTATION('',(#3670),#3674);
#3670 = LINE('',#3671,#3672);
#3671 = CARTESIAN_POINT('',(6.28318530718,-0.));
#3672 = VECTOR('',#3673,1.);
#3673 = DIRECTION('',(0.,1.));
#3674 = ( GEOMETRIC_REPRESENTATION_CONTEXT(2) 
PARAMETRIC_REPRESENTATION_CONTEXT() REPRESENTATION_CONTEXT('2D SPACE',''
  ) );
#3675 = ORIENTED_EDGE('',*,*,#3676,.F.);
#3676 = EDGE_CURVE('',#3654,#3654,#3677,.T.);
#3677 = SURFACE_CURVE('',#3678,(#3683,#3690),.PCURVE_S1.);
#3678 = CIRCLE('',#3679,2.2);
#3679 = AXIS2_PLACEMENT_3D('',#3680,#3681,#3682);
#3680 = CARTESIAN_POINT('',(21.85,21.85,12.));
#3681 = DIRECTION('',(1.,0.,0.));
#3682 = DIRECTION('',(-0.,0.,1.));
#3683 = PCURVE('',#2947,#3684);
#3684 = DEFINITIONAL_REPRESENTATION('',(#3685),#3689);
#3685 = LINE('',#3686,#3687);
#3686 = CARTESIAN_POINT('',(0.,21.85));
#3687 = VECTOR('',#3688,1.);
#3688 = DIRECTION('',(1.,0.));
#3689 = ( GEOMETRIC_REPRESENTATION_CONTEXT(2) 
PARAMETRIC_REPRESENTATION_CONTEXT() REPRESENTATION_CONTEXT('2D SPACE',''
  ) );
#3690 = PCURVE('',#3691,#3696);
#3691 = PLANE('',#3692);
#3692 = AXIS2_PLACEMENT_3D('',#3693,#3694,#3695);
#3693 = CARTESIAN_POINT('',(21.85,21.85,12.));
#3694 = DIRECTION('',(1.,0.,0.));
#3695 = DIRECTION('',(-0.,0.,1.));
#3696 = DEFINITIONAL_REPRESENTATION('',(#3697),#3701);
#3697 = CIRCLE('',#3698,2.2);
#3698 = AXIS2_PLACEMENT_2D('',#3699,#3700);
#3699 = CARTESIAN_POINT('',(0.,0.));
#3700 = DIRECTION('',(1.,0.));
#3701 = ( GEOMETRIC_REPRESENTATION_CONTEXT(2) 
PARAMETRIC_REPRESENTATION_CONTEXT() REPRESENTATION_CONTEXT('2D SPACE',''
  ) );
#3702 = ORIENTED_EDGE('',*,*,#3653,.F.);
#3703 = ADVANCED_FACE('',(#3704),#3001,.T.);
#3704 = FACE_BOUND('',#3705,.T.);
#3705 = EDGE_LOOP('',(#3706,#3707,#3708,#3709));
#3706 = ORIENTED_EDGE('',*,*,#3147,.T.);
#3707 = ORIENTED_EDGE('',*,*,#2985,.T.);
#3708 = ORIENTED_EDGE('',*,*,#3061,.F.);
#3709 = ORIENTED_EDGE('',*,*,#3198,.F.);
#3710 = ADVANCED_FACE('',(#3711),#3107,.F.);
#3711 = FACE_BOUND('',#3712,.F.);
#3712 = EDGE_LOOP('',(#3713,#3714,#3737,#3764));
#3713 = ORIENTED_EDGE('',*,*,#3086,.T.);
#3714 = ORIENTED_EDGE('',*,*,#3715,.T.);
#3715 = EDGE_CURVE('',#3087,#3716,#3718,.T.);
#3716 = VERTEX_POINT('',#3717);
#3717 = CARTESIAN_POINT('',(21.85,21.85,-9.8));
#3718 = SEAM_CURVE('',#3719,(#3723,#3730),.PCURVE_S1.);
#3719 = LINE('',#3720,#3721);
#3720 = CARTESIAN_POINT('',(0.,21.85,-9.8));
#3721 = VECTOR('',#3722,1.);
#3722 = DIRECTION('',(1.,0.,0.));
#3723 = PCURVE('',#3107,#3724);
#3724 = DEFINITIONAL_REPRESENTATION('',(#3725),#3729);
#3725 = LINE('',#3726,#3727);
#3726 = CARTESIAN_POINT('',(0.,-0.));
#3727 = VECTOR('',#3728,1.);
#3728 = DIRECTION('',(0.,1.));
#3729 = ( GEOMETRIC_REPRESENTATION_CONTEXT(2) 
PARAMETRIC_REPRESENTATION_CONTEXT() REPRESENTATION_CONTEXT('2D SPACE',''
  ) );
#3730 = PCURVE('',#3107,#3731);
#3731 = DEFINITIONAL_REPRESENTATION('',(#3732),#3736);
#3732 = LINE('',#3733,#3734);
#3733 = CARTESIAN_POINT('',(6.28318530718,-0.));
#3734 = VECTOR('',#3735,1.);
#3735 = DIRECTION('',(0.,1.));
#3736 = ( GEOMETRIC_REPRESENTATION_CONTEXT(2) 
PARAMETRIC_REPRESENTATION_CONTEXT() REPRESENTATION_CONTEXT('2D SPACE',''
  ) );
#3737 = ORIENTED_EDGE('',*,*,#3738,.F.);
#3738 = EDGE_CURVE('',#3716,#3716,#3739,.T.);
#3739 = SURFACE_CURVE('',#3740,(#3745,#3752),.PCURVE_S1.);
#3740 = CIRCLE('',#3741,2.2);
#3741 = AXIS2_PLACEMENT_3D('',#3742,#3743,#3744);
#3742 = CARTESIAN_POINT('',(21.85,21.85,-12.));
#3743 = DIRECTION('',(1.,0.,0.));
#3744 = DIRECTION('',(-0.,0.,1.));
#3745 = PCURVE('',#3107,#3746);
#3746 = DEFINITIONAL_REPRESENTATION('',(#3747),#3751);
#3747 = LINE('',#3748,#3749);
#3748 = CARTESIAN_POINT('',(0.,21.85));
#3749 = VECTOR('',#3750,1.);
#3750 = DIRECTION('',(1.,0.));
#3751 = ( GEOMETRIC_REPRESENTATION_CONTEXT(2) 
PARAMETRIC_REPRESENTATION_CONTEXT() REPRESENTATION_CONTEXT('2D SPACE',''
  ) );
#3752 = PCURVE('',#3753,#3758);
#3753 = PLANE('',#3754);
#3754 = AXIS2_PLACEMENT_3D('',#3755,#3756,#3757);
#3755 = CARTESIAN_POINT('',(21.85,21.85,-12.));
#3756 = DIRECTION('',(1.,0.,0.));
#3757 = DIRECTION('',(-0.,0.,1.));
#3758 = DEFINITIONAL_REPRESENTATION('',(#3759),#3763);
#3759 = CIRCLE('',#3760,2.2);
#3760 = AXIS2_PLACEMENT_2D('',#3761,#3762);
#3761 = CARTESIAN_POINT('',(0.,0.));
#3762 = DIRECTION('',(1.,0.));
#3763 = ( GEOMETRIC_REPRESENTATION_CONTEXT(2) 
PARAMETRIC_REPRESENTATION_CONTEXT() REPRESENTATION_CONTEXT('2D SPACE',''
  ) );
#3764 = ORIENTED_EDGE('',*,*,#3715,.F.);
#3765 = ADVANCED_FACE('',(#3766),#3313,.F.);
#3766 = FACE_BOUND('',#3767,.F.);
#3767 = EDGE_LOOP('',(#3768,#3769,#3790,#3791));
#3768 = ORIENTED_EDGE('',*,*,#3523,.F.);
#3769 = ORIENTED_EDGE('',*,*,#3770,.F.);
#3770 = EDGE_CURVE('',#3293,#3524,#3771,.T.);
#3771 = SEAM_CURVE('',#3772,(#3776,#3783),.PCURVE_S1.);
#3772 = LINE('',#3773,#3774);
#3773 = CARTESIAN_POINT('',(48.741747852752,-14.,13.965358928434));
#3774 = VECTOR('',#3775,1.);
#3775 = DIRECTION('',(-0.707106781187,0.,-0.707106781187));
#3776 = PCURVE('',#3313,#3777);
#3777 = DEFINITIONAL_REPRESENTATION('',(#3778),#3782);
#3778 = LINE('',#3779,#3780);
#3779 = CARTESIAN_POINT('',(6.28318530718,-0.));
#3780 = VECTOR('',#3781,1.);
#3781 = DIRECTION('',(0.,1.));
#3782 = ( GEOMETRIC_REPRESENTATION_CONTEXT(2) 
PARAMETRIC_REPRESENTATION_CONTEXT() REPRESENTATION_CONTEXT('2D SPACE',''
  ) );
#3783 = PCURVE('',#3313,#3784);
#3784 = DEFINITIONAL_REPRESENTATION('',(#3785),#3789);
#3785 = LINE('',#3786,#3787);
#3786 = CARTESIAN_POINT('',(0.,-0.));
#3787 = VECTOR('',#3788,1.);
#3788 = DIRECTION('',(0.,1.));
#3789 = ( GEOMETRIC_REPRESENTATION_CONTEXT(2) 
PARAMETRIC_REPRESENTATION_CONTEXT() REPRESENTATION_CONTEXT('2D SPACE',''
  ) );
#3790 = ORIENTED_EDGE('',*,*,#3292,.T.);
#3791 = ORIENTED_EDGE('',*,*,#3770,.T.);
#3792 = ADVANCED_FACE('',(#3793),#3378,.F.);
#3793 = FACE_BOUND('',#3794,.F.);
#3794 = EDGE_LOOP('',(#3795,#3796,#3817,#3818));
#3795 = ORIENTED_EDGE('',*,*,#3553,.F.);
#3796 = ORIENTED_EDGE('',*,*,#3797,.F.);
#3797 = EDGE_CURVE('',#3358,#3554,#3798,.T.);
#3798 = SEAM_CURVE('',#3799,(#3803,#3810),.PCURVE_S1.);
#3799 = LINE('',#3800,#3801);
#3800 = CARTESIAN_POINT('',(48.741747852752,14.,13.965358928434));
#3801 = VECTOR('',#3802,1.);
#3802 = DIRECTION('',(-0.707106781187,0.,-0.707106781187));
#3803 = PCURVE('',#3378,#3804);
#3804 = DEFINITIONAL_REPRESENTATION('',(#3805),#3809);
#3805 = LINE('',#3806,#3807);
#3806 = CARTESIAN_POINT('',(6.28318530718,-0.));
#3807 = VECTOR('',#3808,1.);
#3808 = DIRECTION('',(0.,1.));
#3809 = ( GEOMETRIC_REPRESENTATION_CONTEXT(2) 
PARAMETRIC_REPRESENTATION_CONTEXT() REPRESENTATION_CONTEXT('2D SPACE',''
  ) );
#3810 = PCURVE('',#3378,#3811);
#3811 = DEFINITIONAL_REPRESENTATION('',(#3812),#3816);
#3812 = LINE('',#3813,#3814);
#3813 = CARTESIAN_POINT('',(0.,-0.));
#3814 = VECTOR('',#3815,1.);
#3815 = DIRECTION('',(0.,1.));
#3816 = ( GEOMETRIC_REPRESENTATION_CONTEXT(2) 
PARAMETRIC_REPRESENTATION_CONTEXT() REPRESENTATION_CONTEXT('2D SPACE',''
  ) );
#3817 = ORIENTED_EDGE('',*,*,#3357,.T.);
#3818 = ORIENTED_EDGE('',*,*,#3797,.T.);
#3819 = ADVANCED_FACE('',(#3820),#3691,.F.);
#3820 = FACE_BOUND('',#3821,.F.);
#3821 = EDGE_LOOP('',(#3822));
#3822 = ORIENTED_EDGE('',*,*,#3676,.T.);
#3823 = ADVANCED_FACE('',(#3824),#3753,.F.);
#3824 = FACE_BOUND('',#3825,.F.);
#3825 = EDGE_LOOP('',(#3826));
#3826 = ORIENTED_EDGE('',*,*,#3738,.T.);
#3827 = ( GEOMETRIC_REPRESENTATION_CONTEXT(3) 
GLOBAL_UNCERTAINTY_ASSIGNED_CONTEXT((#3831)) 
GLOBAL_UNIT_ASSIGNED_CONTEXT((#3828,#3829,#3830)) REPRESENTATION_CONTEXT
('Context #1','3D Context with UNIT and UNCERTAINTY') );
#3828 = ( LENGTH_UNIT() NAMED_UNIT(*) SI_UNIT(.MILLI.,.METRE.) );
#3829 = ( NAMED_UNIT(*) PLANE_ANGLE_UNIT() SI_UNIT($,.RADIAN.) );
#3830 = ( NAMED_UNIT(*) SI_UNIT($,.STERADIAN.) SOLID_ANGLE_UNIT() );
#3831 = UNCERTAINTY_MEASURE_WITH_UNIT(LENGTH_MEASURE(1.E-07),#3828,
  'distance_accuracy_value','confusion accuracy');
#3832 = PRODUCT_RELATED_PRODUCT_CATEGORY('part',$,(#7));
ENDSEC;
END-ISO-10303-21;
