ISO-10303-21;
HEADER;
FILE_DESCRIPTION(('Open CASCADE Model'),'2;1');
FILE_NAME('Open CASCADE Shape Model','2026-09-19T10:51:08',('Author'),(
    'Open CASCADE'),'Open CASCADE STEP processor 7.9','Open CASCADE 7.9'
  ,'Unknown');
FILE_SCHEMA(('AUTOMOTIVE_DESIGN { 1 0 10303 214 1 1 1 1 }'));
ENDSEC;
DATA;
#1 = APPLICATION_PROTOCOL_DEFINITION('international standard',
  'automotive_design',2000,#2);
#2 = APPLICATION_CONTEXT(
  'core data for automotive mechanical design processes');
#3 = SHAPE_DEFINITION_REPRESENTATION(#4,#10);
#4 = PRODUCT_DEFINITION_SHAPE('','',#5);
#5 = PRODUCT_DEFINITION('design','',#6,#9);
#6 = PRODUCT_DEFINITION_FORMATION('','',#7);
#7 = PRODUCT('Open CASCADE STEP translator 7.9 2',
  'Open CASCADE STEP translator 7.9 2','',(#8));
#8 = PRODUCT_CONTEXT('',#2,'mechanical');
#9 = PRODUCT_DEFINITION_CONTEXT('part definition',#2,'design');
#10 = ADVANCED_BREP_SHAPE_REPRESENTATION('',(#11,#15),#15756);
#11 = AXIS2_PLACEMENT_3D('',#12,#13,#14);
#12 = CARTESIAN_POINT('',(0.,0.,0.));
#13 = DIRECTION('',(0.,0.,1.));
#14 = DIRECTION('',(1.,0.,-0.));
#15 = MANIFOLD_SOLID_BREP('',#16);
#16 = CLOSED_SHELL('',(#17,#137,#224,#303,#1389,#1439,#1493,#1542,#4778,
    #4804,#4853,#4903,#4953,#4980,#5035,#5090,#5145,#5222,#5271,#5325,
    #5379,#5429,#5483,#5532,#5582,#5632,#5681,#5735,#5785,#5835,#5889,
    #5938,#5988,#6038,#6087,#6141,#6191,#6241,#6295,#6344,#6372,#6427,
    #6482,#6537,#6563,#6589,#6615,#6641,#6648,#6698,#6748,#6798,#6874,
    #6923,#6972,#7021,#7070,#7119,#7168,#7217,#7266,#7315,#7364,#7413,
    #7462,#7511,#7560,#7609,#7658,#7707,#7734,#7810,#7859,#7908,#7957,
    #8006,#8055,#8104,#8131,#8207,#8256,#8305,#8354,#8403,#8452,#8501,
    #8550,#8599,#8648,#8697,#8724,#8800,#8849,#8898,#8947,#8996,#9045,
    #9094,#9143,#9192,#9241,#9268,#9344,#9393,#9442,#9491,#9540,#9589,
    #9638,#9687,#9736,#9785,#9834,#9883,#9932,#9981,#10030,#10079,#10128
    ,#10177,#10204,#10280,#10329,#10378,#10427,#10476,#10525,#10574,
    #10623,#10672,#10721,#10770,#10819,#10868,#10917,#10966,#11015,
    #11064,#11113,#11140,#11190,#11240,#11290,#11297,#11304,#11311,
    #12018,#12025,#12032,#12039,#12297,#12308,#12323,#12573,#12595,
    #12853,#12934,#12982,#13036,#13090,#13144,#13192,#13246,#13300,
    #13354,#13402,#13456,#13510,#13564,#13612,#13666,#13720,#13774,
    #13822,#13876,#13930,#13984,#14032,#14086,#14118,#14192,#14239,
    #14297,#14361,#14425,#14495,#14556,#14581,#14655,#14702,#14763,
    #14833,#14903,#14967,#15028,#15053,#15127,#15174,#15232,#15296,
    #15360,#15430,#15491,#15516,#15605,#15616,#15627,#15638,#15693,
    #15748,#15752));
#17 = ADVANCED_FACE('',(#18),#32,.F.);
#18 = FACE_BOUND('',#19,.F.);
#19 = EDGE_LOOP('',(#20,#55,#83,#111));
#20 = ORIENTED_EDGE('',*,*,#21,.T.);
#21 = EDGE_CURVE('',#22,#24,#26,.T.);
#22 = VERTEX_POINT('',#23);
#23 = CARTESIAN_POINT('',(3.,-4.,24.));
#24 = VERTEX_POINT('',#25);
#25 = CARTESIAN_POINT('',(3.,-4.,25.7));
#26 = SURFACE_CURVE('',#27,(#31,#43),.PCURVE_S1.);
#27 = LINE('',#28,#29);
#28 = CARTESIAN_POINT('',(3.,-4.,24.));
#29 = VECTOR('',#30,1.);
#30 = DIRECTION('',(0.,0.,1.));
#31 = PCURVE('',#32,#37);
#32 = PLANE('',#33);
#33 = AXIS2_PLACEMENT_3D('',#34,#35,#36);
#34 = CARTESIAN_POINT('',(-4.,-4.,24.));
#35 = DIRECTION('',(0.,1.,0.));
#36 = DIRECTION('',(1.,0.,0.));
#37 = DEFINITIONAL_REPRESENTATION('',(#38),#42);
#38 = LINE('',#39,#40);
#39 = CARTESIAN_POINT('',(7.,0.));
#40 = VECTOR('',#41,1.);
#41 = DIRECTION('',(0.,-1.));
#42 = ( GEOMETRIC_REPRESENTATION_CONTEXT(2) 
PARAMETRIC_REPRESENTATION_CONTEXT() REPRESENTATION_CONTEXT('2D SPACE',''
  ) );
#43 = PCURVE('',#44,#49);
#44 = CYLINDRICAL_SURFACE('',#45,7.);
#45 = AXIS2_PLACEMENT_3D('',#46,#47,#48);
#46 = CARTESIAN_POINT('',(3.,3.,24.));
#47 = DIRECTION('',(0.,0.,1.));
#48 = DIRECTION('',(0.,-1.,0.));
#49 = DEFINITIONAL_REPRESENTATION('',(#50),#54);
#50 = LINE('',#51,#52);
#51 = CARTESIAN_POINT('',(-0.,0.));
#52 = VECTOR('',#53,1.);
#53 = DIRECTION('',(-0.,1.));
#54 = ( GEOMETRIC_REPRESENTATION_CONTEXT(2) 
PARAMETRIC_REPRESENTATION_CONTEXT() REPRESENTATION_CONTEXT('2D SPACE',''
  ) );
#55 = ORIENTED_EDGE('',*,*,#56,.T.);
#56 = EDGE_CURVE('',#24,#57,#59,.T.);
#57 = VERTEX_POINT('',#58);
#58 = CARTESIAN_POINT('',(95.5,-4.,25.7));
#59 = SURFACE_CURVE('',#60,(#64,#71),.PCURVE_S1.);
#60 = LINE('',#61,#62);
#61 = CARTESIAN_POINT('',(3.,-4.,25.7));
#62 = VECTOR('',#63,1.);
#63 = DIRECTION('',(1.,0.,0.));
#64 = PCURVE('',#32,#65);
#65 = DEFINITIONAL_REPRESENTATION('',(#66),#70);
#66 = LINE('',#67,#68);
#67 = CARTESIAN_POINT('',(7.,-1.7));
#68 = VECTOR('',#69,1.);
#69 = DIRECTION('',(1.,0.));
#70 = ( GEOMETRIC_REPRESENTATION_CONTEXT(2) 
PARAMETRIC_REPRESENTATION_CONTEXT() REPRESENTATION_CONTEXT('2D SPACE',''
  ) );
#71 = PCURVE('',#72,#77);
#72 = CYLINDRICAL_SURFACE('',#73,1.5);
#73 = AXIS2_PLACEMENT_3D('',#74,#75,#76);
#74 = CARTESIAN_POINT('',(3.,-2.5,25.7));
#75 = DIRECTION('',(1.,0.,0.));
#76 = DIRECTION('',(0.,-1.,-0.));
#77 = DEFINITIONAL_REPRESENTATION('',(#78),#82);
#78 = LINE('',#79,#80);
#79 = CARTESIAN_POINT('',(-0.,0.));
#80 = VECTOR('',#81,1.);
#81 = DIRECTION('',(-0.,1.));
#82 = ( GEOMETRIC_REPRESENTATION_CONTEXT(2) 
PARAMETRIC_REPRESENTATION_CONTEXT() REPRESENTATION_CONTEXT('2D SPACE',''
  ) );
#83 = ORIENTED_EDGE('',*,*,#84,.F.);
#84 = EDGE_CURVE('',#85,#57,#87,.T.);
#85 = VERTEX_POINT('',#86);
#86 = CARTESIAN_POINT('',(95.5,-4.,24.));
#87 = SURFACE_CURVE('',#88,(#92,#99),.PCURVE_S1.);
#88 = LINE('',#89,#90);
#89 = CARTESIAN_POINT('',(95.5,-4.,24.));
#90 = VECTOR('',#91,1.);
#91 = DIRECTION('',(0.,0.,1.));
#92 = PCURVE('',#32,#93);
#93 = DEFINITIONAL_REPRESENTATION('',(#94),#98);
#94 = LINE('',#95,#96);
#95 = CARTESIAN_POINT('',(99.5,0.));
#96 = VECTOR('',#97,1.);
#97 = DIRECTION('',(0.,-1.));
#98 = ( GEOMETRIC_REPRESENTATION_CONTEXT(2) 
PARAMETRIC_REPRESENTATION_CONTEXT() REPRESENTATION_CONTEXT('2D SPACE',''
  ) );
#99 = PCURVE('',#100,#105);
#100 = CYLINDRICAL_SURFACE('',#101,7.);
#101 = AXIS2_PLACEMENT_3D('',#102,#103,#104);
#102 = CARTESIAN_POINT('',(95.5,3.,24.));
#103 = DIRECTION('',(0.,0.,1.));
#104 = DIRECTION('',(0.,-1.,0.));
#105 = DEFINITIONAL_REPRESENTATION('',(#106),#110);
#106 = LINE('',#107,#108);
#107 = CARTESIAN_POINT('',(0.,0.));
#108 = VECTOR('',#109,1.);
#109 = DIRECTION('',(0.,1.));
#110 = ( GEOMETRIC_REPRESENTATION_CONTEXT(2) 
PARAMETRIC_REPRESENTATION_CONTEXT() REPRESENTATION_CONTEXT('2D SPACE',''
  ) );
#111 = ORIENTED_EDGE('',*,*,#112,.F.);
#112 = EDGE_CURVE('',#22,#85,#113,.T.);
#113 = SURFACE_CURVE('',#114,(#118,#125),.PCURVE_S1.);
#114 = LINE('',#115,#116);
#115 = CARTESIAN_POINT('',(-4.,-4.,24.));
#116 = VECTOR('',#117,1.);
#117 = DIRECTION('',(1.,0.,0.));
#118 = PCURVE('',#32,#119);
#119 = DEFINITIONAL_REPRESENTATION('',(#120),#124);
#120 = LINE('',#121,#122);
#121 = CARTESIAN_POINT('',(0.,0.));
#122 = VECTOR('',#123,1.);
#123 = DIRECTION('',(1.,0.));
#124 = ( GEOMETRIC_REPRESENTATION_CONTEXT(2) 
PARAMETRIC_REPRESENTATION_CONTEXT() REPRESENTATION_CONTEXT('2D SPACE',''
  ) );
#125 = PCURVE('',#126,#131);
#126 = PLANE('',#127);
#127 = AXIS2_PLACEMENT_3D('',#128,#129,#130);
#128 = CARTESIAN_POINT('',(49.25,36.45,24.));
#129 = DIRECTION('',(0.,0.,1.));
#130 = DIRECTION('',(1.,0.,-0.));
#131 = DEFINITIONAL_REPRESENTATION('',(#132),#136);
#132 = LINE('',#133,#134);
#133 = CARTESIAN_POINT('',(-53.25,-40.45));
#134 = VECTOR('',#135,1.);
#135 = DIRECTION('',(1.,0.));
#136 = ( GEOMETRIC_REPRESENTATION_CONTEXT(2) 
PARAMETRIC_REPRESENTATION_CONTEXT() REPRESENTATION_CONTEXT('2D SPACE',''
  ) );
#137 = ADVANCED_FACE('',(#138),#44,.T.);
#138 = FACE_BOUND('',#139,.F.);
#139 = EDGE_LOOP('',(#140,#141,#169,#197));
#140 = ORIENTED_EDGE('',*,*,#21,.F.);
#141 = ORIENTED_EDGE('',*,*,#142,.T.);
#142 = EDGE_CURVE('',#22,#143,#145,.T.);
#143 = VERTEX_POINT('',#144);
#144 = CARTESIAN_POINT('',(-4.,3.,24.));
#145 = SURFACE_CURVE('',#146,(#151,#158),.PCURVE_S1.);
#146 = CIRCLE('',#147,7.);
#147 = AXIS2_PLACEMENT_3D('',#148,#149,#150);
#148 = CARTESIAN_POINT('',(3.,3.,24.));
#149 = DIRECTION('',(-0.,-0.,-1.));
#150 = DIRECTION('',(0.,-1.,0.));
#151 = PCURVE('',#44,#152);
#152 = DEFINITIONAL_REPRESENTATION('',(#153),#157);
#153 = LINE('',#154,#155);
#154 = CARTESIAN_POINT('',(-0.,3.552713678801E-15));
#155 = VECTOR('',#156,1.);
#156 = DIRECTION('',(-1.,0.));
#157 = ( GEOMETRIC_REPRESENTATION_CONTEXT(2) 
PARAMETRIC_REPRESENTATION_CONTEXT() REPRESENTATION_CONTEXT('2D SPACE',''
  ) );
#158 = PCURVE('',#126,#159);
#159 = DEFINITIONAL_REPRESENTATION('',(#160),#168);
#160 = ( BOUNDED_CURVE() B_SPLINE_CURVE(2,(#161,#162,#163,#164,#165,#166
,#167),.UNSPECIFIED.,.T.,.F.) B_SPLINE_CURVE_WITH_KNOTS((1,2,2,2,2,1),(
    -2.094395102393,0.,2.094395102393,4.188790204786,6.28318530718,
8.377580409573),.UNSPECIFIED.) CURVE() GEOMETRIC_REPRESENTATION_ITEM() 
RATIONAL_B_SPLINE_CURVE((1.,0.5,1.,0.5,1.,0.5,1.)) REPRESENTATION_ITEM(
  '') );
#161 = CARTESIAN_POINT('',(-46.25,-40.45));
#162 = CARTESIAN_POINT('',(-58.37435565298,-40.45));
#163 = CARTESIAN_POINT('',(-52.31217782649,-29.95));
#164 = CARTESIAN_POINT('',(-46.25,-19.45));
#165 = CARTESIAN_POINT('',(-40.1878221735,-29.95));
#166 = CARTESIAN_POINT('',(-34.12564434701,-40.45));
#167 = CARTESIAN_POINT('',(-46.25,-40.45));
#168 = ( GEOMETRIC_REPRESENTATION_CONTEXT(2) 
PARAMETRIC_REPRESENTATION_CONTEXT() REPRESENTATION_CONTEXT('2D SPACE',''
  ) );
#169 = ORIENTED_EDGE('',*,*,#170,.T.);
#170 = EDGE_CURVE('',#143,#171,#173,.T.);
#171 = VERTEX_POINT('',#172);
#172 = CARTESIAN_POINT('',(-4.,3.,25.7));
#173 = SURFACE_CURVE('',#174,(#178,#185),.PCURVE_S1.);
#174 = LINE('',#175,#176);
#175 = CARTESIAN_POINT('',(-4.,3.,24.));
#176 = VECTOR('',#177,1.);
#177 = DIRECTION('',(0.,0.,1.));
#178 = PCURVE('',#44,#179);
#179 = DEFINITIONAL_REPRESENTATION('',(#180),#184);
#180 = LINE('',#181,#182);
#181 = CARTESIAN_POINT('',(-1.570796326795,0.));
#182 = VECTOR('',#183,1.);
#183 = DIRECTION('',(-0.,1.));
#184 = ( GEOMETRIC_REPRESENTATION_CONTEXT(2) 
PARAMETRIC_REPRESENTATION_CONTEXT() REPRESENTATION_CONTEXT('2D SPACE',''
  ) );
#185 = PCURVE('',#186,#191);
#186 = PLANE('',#187);
#187 = AXIS2_PLACEMENT_3D('',#188,#189,#190);
#188 = CARTESIAN_POINT('',(-4.,76.9,24.));
#189 = DIRECTION('',(1.,0.,-0.));
#190 = DIRECTION('',(0.,-1.,0.));
#191 = DEFINITIONAL_REPRESENTATION('',(#192),#196);
#192 = LINE('',#193,#194);
#193 = CARTESIAN_POINT('',(73.9,0.));
#194 = VECTOR('',#195,1.);
#195 = DIRECTION('',(0.,-1.));
#196 = ( GEOMETRIC_REPRESENTATION_CONTEXT(2) 
PARAMETRIC_REPRESENTATION_CONTEXT() REPRESENTATION_CONTEXT('2D SPACE',''
  ) );
#197 = ORIENTED_EDGE('',*,*,#198,.T.);
#198 = EDGE_CURVE('',#171,#24,#199,.T.);
#199 = SURFACE_CURVE('',#200,(#205,#212),.PCURVE_S1.);
#200 = CIRCLE('',#201,7.);
#201 = AXIS2_PLACEMENT_3D('',#202,#203,#204);
#202 = CARTESIAN_POINT('',(3.,3.,25.7));
#203 = DIRECTION('',(0.,0.,1.));
#204 = DIRECTION('',(-1.,-1.903239470786E-16,0.));
#205 = PCURVE('',#44,#206);
#206 = DEFINITIONAL_REPRESENTATION('',(#207),#211);
#207 = LINE('',#208,#209);
#208 = CARTESIAN_POINT('',(-1.570796326795,1.7));
#209 = VECTOR('',#210,1.);
#210 = DIRECTION('',(1.,-0.));
#211 = ( GEOMETRIC_REPRESENTATION_CONTEXT(2) 
PARAMETRIC_REPRESENTATION_CONTEXT() REPRESENTATION_CONTEXT('2D SPACE',''
  ) );
#212 = PCURVE('',#213,#218);
#213 = TOROIDAL_SURFACE('',#214,5.5,1.5);
#214 = AXIS2_PLACEMENT_3D('',#215,#216,#217);
#215 = CARTESIAN_POINT('',(3.,3.,25.7));
#216 = DIRECTION('',(0.,0.,1.));
#217 = DIRECTION('',(-1.,-1.903239470786E-16,0.));
#218 = DEFINITIONAL_REPRESENTATION('',(#219),#223);
#219 = LINE('',#220,#221);
#220 = CARTESIAN_POINT('',(0.,0.));
#221 = VECTOR('',#222,1.);
#222 = DIRECTION('',(1.,0.));
#223 = ( GEOMETRIC_REPRESENTATION_CONTEXT(2) 
PARAMETRIC_REPRESENTATION_CONTEXT() REPRESENTATION_CONTEXT('2D SPACE',''
  ) );
#224 = ADVANCED_FACE('',(#225),#72,.T.);
#225 = FACE_BOUND('',#226,.F.);
#226 = EDGE_LOOP('',(#227,#249,#277,#302));
#227 = ORIENTED_EDGE('',*,*,#228,.T.);
#228 = EDGE_CURVE('',#24,#229,#231,.T.);
#229 = VERTEX_POINT('',#230);
#230 = CARTESIAN_POINT('',(3.,-2.5,27.2));
#231 = SURFACE_CURVE('',#232,(#237,#243),.PCURVE_S1.);
#232 = CIRCLE('',#233,1.5);
#233 = AXIS2_PLACEMENT_3D('',#234,#235,#236);
#234 = CARTESIAN_POINT('',(3.,-2.5,25.7));
#235 = DIRECTION('',(-1.,-0.,0.));
#236 = DIRECTION('',(0.,-1.,0.));
#237 = PCURVE('',#72,#238);
#238 = DEFINITIONAL_REPRESENTATION('',(#239),#242);
#239 = B_SPLINE_CURVE_WITH_KNOTS('',1,(#240,#241),.UNSPECIFIED.,.F.,.F.,
  (2,2),(0.,1.570796326795),.PIECEWISE_BEZIER_KNOTS.);
#240 = CARTESIAN_POINT('',(0.,-8.881784197001E-16));
#241 = CARTESIAN_POINT('',(-1.570796326795,-8.881784197001E-16));
#242 = ( GEOMETRIC_REPRESENTATION_CONTEXT(2) 
PARAMETRIC_REPRESENTATION_CONTEXT() REPRESENTATION_CONTEXT('2D SPACE',''
  ) );
#243 = PCURVE('',#213,#244);
#244 = DEFINITIONAL_REPRESENTATION('',(#245),#248);
#245 = B_SPLINE_CURVE_WITH_KNOTS('',1,(#246,#247),.UNSPECIFIED.,.F.,.F.,
  (2,2),(0.,1.570796326795),.PIECEWISE_BEZIER_KNOTS.);
#246 = CARTESIAN_POINT('',(1.570796326795,0.));
#247 = CARTESIAN_POINT('',(1.570796326795,1.570796326795));
#248 = ( GEOMETRIC_REPRESENTATION_CONTEXT(2) 
PARAMETRIC_REPRESENTATION_CONTEXT() REPRESENTATION_CONTEXT('2D SPACE',''
  ) );
#249 = ORIENTED_EDGE('',*,*,#250,.T.);
#250 = EDGE_CURVE('',#229,#251,#253,.T.);
#251 = VERTEX_POINT('',#252);
#252 = CARTESIAN_POINT('',(95.5,-2.5,27.2));
#253 = SURFACE_CURVE('',#254,(#258,#265),.PCURVE_S1.);
#254 = LINE('',#255,#256);
#255 = CARTESIAN_POINT('',(3.,-2.5,27.2));
#256 = VECTOR('',#257,1.);
#257 = DIRECTION('',(1.,0.,0.));
#258 = PCURVE('',#72,#259);
#259 = DEFINITIONAL_REPRESENTATION('',(#260),#264);
#260 = LINE('',#261,#262);
#261 = CARTESIAN_POINT('',(-1.570796326795,0.));
#262 = VECTOR('',#263,1.);
#263 = DIRECTION('',(-0.,1.));
#264 = ( GEOMETRIC_REPRESENTATION_CONTEXT(2) 
PARAMETRIC_REPRESENTATION_CONTEXT() REPRESENTATION_CONTEXT('2D SPACE',''
  ) );
#265 = PCURVE('',#266,#271);
#266 = PLANE('',#267);
#267 = AXIS2_PLACEMENT_3D('',#268,#269,#270);
#268 = CARTESIAN_POINT('',(49.25,36.45,27.2));
#269 = DIRECTION('',(0.,0.,1.));
#270 = DIRECTION('',(1.,0.,-0.));
#271 = DEFINITIONAL_REPRESENTATION('',(#272),#276);
#272 = LINE('',#273,#274);
#273 = CARTESIAN_POINT('',(-46.25,-38.95));
#274 = VECTOR('',#275,1.);
#275 = DIRECTION('',(1.,0.));
#276 = ( GEOMETRIC_REPRESENTATION_CONTEXT(2) 
PARAMETRIC_REPRESENTATION_CONTEXT() REPRESENTATION_CONTEXT('2D SPACE',''
  ) );
#277 = ORIENTED_EDGE('',*,*,#278,.F.);
#278 = EDGE_CURVE('',#57,#251,#279,.T.);
#279 = SURFACE_CURVE('',#280,(#285,#291),.PCURVE_S1.);
#280 = CIRCLE('',#281,1.5);
#281 = AXIS2_PLACEMENT_3D('',#282,#283,#284);
#282 = CARTESIAN_POINT('',(95.5,-2.5,25.7));
#283 = DIRECTION('',(-1.,-0.,0.));
#284 = DIRECTION('',(0.,-1.,0.));
#285 = PCURVE('',#72,#286);
#286 = DEFINITIONAL_REPRESENTATION('',(#287),#290);
#287 = B_SPLINE_CURVE_WITH_KNOTS('',1,(#288,#289),.UNSPECIFIED.,.F.,.F.,
  (2,2),(0.,1.570796326795),.PIECEWISE_BEZIER_KNOTS.);
#288 = CARTESIAN_POINT('',(0.,92.5));
#289 = CARTESIAN_POINT('',(-1.570796326795,92.5));
#290 = ( GEOMETRIC_REPRESENTATION_CONTEXT(2) 
PARAMETRIC_REPRESENTATION_CONTEXT() REPRESENTATION_CONTEXT('2D SPACE',''
  ) );
#291 = PCURVE('',#292,#297);
#292 = TOROIDAL_SURFACE('',#293,5.5,1.5);
#293 = AXIS2_PLACEMENT_3D('',#294,#295,#296);
#294 = CARTESIAN_POINT('',(95.5,3.,25.7));
#295 = DIRECTION('',(0.,0.,1.));
#296 = DIRECTION('',(0.,-1.,0.));
#297 = DEFINITIONAL_REPRESENTATION('',(#298),#301);
#298 = B_SPLINE_CURVE_WITH_KNOTS('',1,(#299,#300),.UNSPECIFIED.,.F.,.F.,
  (2,2),(0.,1.570796326795),.PIECEWISE_BEZIER_KNOTS.);
#299 = CARTESIAN_POINT('',(0.,0.));
#300 = CARTESIAN_POINT('',(0.,1.570796326795));
#301 = ( GEOMETRIC_REPRESENTATION_CONTEXT(2) 
PARAMETRIC_REPRESENTATION_CONTEXT() REPRESENTATION_CONTEXT('2D SPACE',''
  ) );
#302 = ORIENTED_EDGE('',*,*,#56,.F.);
#303 = ADVANCED_FACE('',(#304,#467,#498,#529,#560,#1296,#1327,#1358),
  #126,.F.);
#304 = FACE_BOUND('',#305,.F.);
#305 = EDGE_LOOP('',(#306,#307,#331,#359,#388,#416,#445,#466));
#306 = ORIENTED_EDGE('',*,*,#112,.T.);
#307 = ORIENTED_EDGE('',*,*,#308,.T.);
#308 = EDGE_CURVE('',#85,#309,#311,.T.);
#309 = VERTEX_POINT('',#310);
#310 = CARTESIAN_POINT('',(102.5,3.,24.));
#311 = SURFACE_CURVE('',#312,(#317,#324),.PCURVE_S1.);
#312 = CIRCLE('',#313,7.);
#313 = AXIS2_PLACEMENT_3D('',#314,#315,#316);
#314 = CARTESIAN_POINT('',(95.5,3.,24.));
#315 = DIRECTION('',(0.,0.,1.));
#316 = DIRECTION('',(0.,-1.,0.));
#317 = PCURVE('',#126,#318);
#318 = DEFINITIONAL_REPRESENTATION('',(#319),#323);
#319 = CIRCLE('',#320,7.);
#320 = AXIS2_PLACEMENT_2D('',#321,#322);
#321 = CARTESIAN_POINT('',(46.25,-33.45));
#322 = DIRECTION('',(0.,-1.));
#323 = ( GEOMETRIC_REPRESENTATION_CONTEXT(2) 
PARAMETRIC_REPRESENTATION_CONTEXT() REPRESENTATION_CONTEXT('2D SPACE',''
  ) );
#324 = PCURVE('',#100,#325);
#325 = DEFINITIONAL_REPRESENTATION('',(#326),#330);
#326 = LINE('',#327,#328);
#327 = CARTESIAN_POINT('',(0.,3.552713678801E-15));
#328 = VECTOR('',#329,1.);
#329 = DIRECTION('',(1.,0.));
#330 = ( GEOMETRIC_REPRESENTATION_CONTEXT(2) 
PARAMETRIC_REPRESENTATION_CONTEXT() REPRESENTATION_CONTEXT('2D SPACE',''
  ) );
#331 = ORIENTED_EDGE('',*,*,#332,.T.);
#332 = EDGE_CURVE('',#309,#333,#335,.T.);
#333 = VERTEX_POINT('',#334);
#334 = CARTESIAN_POINT('',(102.5,69.9,24.));
#335 = SURFACE_CURVE('',#336,(#340,#347),.PCURVE_S1.);
#336 = LINE('',#337,#338);
#337 = CARTESIAN_POINT('',(102.5,-4.,24.));
#338 = VECTOR('',#339,1.);
#339 = DIRECTION('',(0.,1.,0.));
#340 = PCURVE('',#126,#341);
#341 = DEFINITIONAL_REPRESENTATION('',(#342),#346);
#342 = LINE('',#343,#344);
#343 = CARTESIAN_POINT('',(53.25,-40.45));
#344 = VECTOR('',#345,1.);
#345 = DIRECTION('',(0.,1.));
#346 = ( GEOMETRIC_REPRESENTATION_CONTEXT(2) 
PARAMETRIC_REPRESENTATION_CONTEXT() REPRESENTATION_CONTEXT('2D SPACE',''
  ) );
#347 = PCURVE('',#348,#353);
#348 = PLANE('',#349);
#349 = AXIS2_PLACEMENT_3D('',#350,#351,#352);
#350 = CARTESIAN_POINT('',(102.5,-4.,24.));
#351 = DIRECTION('',(-1.,0.,0.));
#352 = DIRECTION('',(0.,1.,0.));
#353 = DEFINITIONAL_REPRESENTATION('',(#354),#358);
#354 = LINE('',#355,#356);
#355 = CARTESIAN_POINT('',(0.,0.));
#356 = VECTOR('',#357,1.);
#357 = DIRECTION('',(1.,0.));
#358 = ( GEOMETRIC_REPRESENTATION_CONTEXT(2) 
PARAMETRIC_REPRESENTATION_CONTEXT() REPRESENTATION_CONTEXT('2D SPACE',''
  ) );
#359 = ORIENTED_EDGE('',*,*,#360,.T.);
#360 = EDGE_CURVE('',#333,#361,#363,.T.);
#361 = VERTEX_POINT('',#362);
#362 = CARTESIAN_POINT('',(95.5,76.9,24.));
#363 = SURFACE_CURVE('',#364,(#369,#376),.PCURVE_S1.);
#364 = CIRCLE('',#365,7.);
#365 = AXIS2_PLACEMENT_3D('',#366,#367,#368);
#366 = CARTESIAN_POINT('',(95.5,69.9,24.));
#367 = DIRECTION('',(0.,0.,1.));
#368 = DIRECTION('',(0.,-1.,0.));
#369 = PCURVE('',#126,#370);
#370 = DEFINITIONAL_REPRESENTATION('',(#371),#375);
#371 = CIRCLE('',#372,7.);
#372 = AXIS2_PLACEMENT_2D('',#373,#374);
#373 = CARTESIAN_POINT('',(46.25,33.45));
#374 = DIRECTION('',(0.,-1.));
#375 = ( GEOMETRIC_REPRESENTATION_CONTEXT(2) 
PARAMETRIC_REPRESENTATION_CONTEXT() REPRESENTATION_CONTEXT('2D SPACE',''
  ) );
#376 = PCURVE('',#377,#382);
#377 = CYLINDRICAL_SURFACE('',#378,7.);
#378 = AXIS2_PLACEMENT_3D('',#379,#380,#381);
#379 = CARTESIAN_POINT('',(95.5,69.9,24.));
#380 = DIRECTION('',(0.,0.,1.));
#381 = DIRECTION('',(1.,0.,-0.));
#382 = DEFINITIONAL_REPRESENTATION('',(#383),#387);
#383 = LINE('',#384,#385);
#384 = CARTESIAN_POINT('',(-1.570796326795,3.552713678801E-15));
#385 = VECTOR('',#386,1.);
#386 = DIRECTION('',(1.,0.));
#387 = ( GEOMETRIC_REPRESENTATION_CONTEXT(2) 
PARAMETRIC_REPRESENTATION_CONTEXT() REPRESENTATION_CONTEXT('2D SPACE',''
  ) );
#388 = ORIENTED_EDGE('',*,*,#389,.T.);
#389 = EDGE_CURVE('',#361,#390,#392,.T.);
#390 = VERTEX_POINT('',#391);
#391 = CARTESIAN_POINT('',(3.,76.9,24.));
#392 = SURFACE_CURVE('',#393,(#397,#404),.PCURVE_S1.);
#393 = LINE('',#394,#395);
#394 = CARTESIAN_POINT('',(102.5,76.9,24.));
#395 = VECTOR('',#396,1.);
#396 = DIRECTION('',(-1.,0.,0.));
#397 = PCURVE('',#126,#398);
#398 = DEFINITIONAL_REPRESENTATION('',(#399),#403);
#399 = LINE('',#400,#401);
#400 = CARTESIAN_POINT('',(53.25,40.45));
#401 = VECTOR('',#402,1.);
#402 = DIRECTION('',(-1.,0.));
#403 = ( GEOMETRIC_REPRESENTATION_CONTEXT(2) 
PARAMETRIC_REPRESENTATION_CONTEXT() REPRESENTATION_CONTEXT('2D SPACE',''
  ) );
#404 = PCURVE('',#405,#410);
#405 = PLANE('',#406);
#406 = AXIS2_PLACEMENT_3D('',#407,#408,#409);
#407 = CARTESIAN_POINT('',(102.5,76.9,24.));
#408 = DIRECTION('',(0.,-1.,0.));
#409 = DIRECTION('',(-1.,0.,0.));
#410 = DEFINITIONAL_REPRESENTATION('',(#411),#415);
#411 = LINE('',#412,#413);
#412 = CARTESIAN_POINT('',(0.,-0.));
#413 = VECTOR('',#414,1.);
#414 = DIRECTION('',(1.,0.));
#415 = ( GEOMETRIC_REPRESENTATION_CONTEXT(2) 
PARAMETRIC_REPRESENTATION_CONTEXT() REPRESENTATION_CONTEXT('2D SPACE',''
  ) );
#416 = ORIENTED_EDGE('',*,*,#417,.T.);
#417 = EDGE_CURVE('',#390,#418,#420,.T.);
#418 = VERTEX_POINT('',#419);
#419 = CARTESIAN_POINT('',(-4.,69.9,24.));
#420 = SURFACE_CURVE('',#421,(#426,#433),.PCURVE_S1.);
#421 = CIRCLE('',#422,7.);
#422 = AXIS2_PLACEMENT_3D('',#423,#424,#425);
#423 = CARTESIAN_POINT('',(3.,69.9,24.));
#424 = DIRECTION('',(0.,0.,1.));
#425 = DIRECTION('',(0.,-1.,0.));
#426 = PCURVE('',#126,#427);
#427 = DEFINITIONAL_REPRESENTATION('',(#428),#432);
#428 = CIRCLE('',#429,7.);
#429 = AXIS2_PLACEMENT_2D('',#430,#431);
#430 = CARTESIAN_POINT('',(-46.25,33.45));
#431 = DIRECTION('',(0.,-1.));
#432 = ( GEOMETRIC_REPRESENTATION_CONTEXT(2) 
PARAMETRIC_REPRESENTATION_CONTEXT() REPRESENTATION_CONTEXT('2D SPACE',''
  ) );
#433 = PCURVE('',#434,#439);
#434 = CYLINDRICAL_SURFACE('',#435,7.);
#435 = AXIS2_PLACEMENT_3D('',#436,#437,#438);
#436 = CARTESIAN_POINT('',(3.,69.9,24.));
#437 = DIRECTION('',(0.,0.,1.));
#438 = DIRECTION('',(-0.,1.,0.));
#439 = DEFINITIONAL_REPRESENTATION('',(#440),#444);
#440 = LINE('',#441,#442);
#441 = CARTESIAN_POINT('',(-3.14159265359,3.552713678801E-15));
#442 = VECTOR('',#443,1.);
#443 = DIRECTION('',(1.,0.));
#444 = ( GEOMETRIC_REPRESENTATION_CONTEXT(2) 
PARAMETRIC_REPRESENTATION_CONTEXT() REPRESENTATION_CONTEXT('2D SPACE',''
  ) );
#445 = ORIENTED_EDGE('',*,*,#446,.T.);
#446 = EDGE_CURVE('',#418,#143,#447,.T.);
#447 = SURFACE_CURVE('',#448,(#452,#459),.PCURVE_S1.);
#448 = LINE('',#449,#450);
#449 = CARTESIAN_POINT('',(-4.,76.9,24.));
#450 = VECTOR('',#451,1.);
#451 = DIRECTION('',(0.,-1.,0.));
#452 = PCURVE('',#126,#453);
#453 = DEFINITIONAL_REPRESENTATION('',(#454),#458);
#454 = LINE('',#455,#456);
#455 = CARTESIAN_POINT('',(-53.25,40.45));
#456 = VECTOR('',#457,1.);
#457 = DIRECTION('',(0.,-1.));
#458 = ( GEOMETRIC_REPRESENTATION_CONTEXT(2) 
PARAMETRIC_REPRESENTATION_CONTEXT() REPRESENTATION_CONTEXT('2D SPACE',''
  ) );
#459 = PCURVE('',#186,#460);
#460 = DEFINITIONAL_REPRESENTATION('',(#461),#465);
#461 = LINE('',#462,#463);
#462 = CARTESIAN_POINT('',(0.,0.));
#463 = VECTOR('',#464,1.);
#464 = DIRECTION('',(1.,0.));
#465 = ( GEOMETRIC_REPRESENTATION_CONTEXT(2) 
PARAMETRIC_REPRESENTATION_CONTEXT() REPRESENTATION_CONTEXT('2D SPACE',''
  ) );
#466 = ORIENTED_EDGE('',*,*,#142,.F.);
#467 = FACE_BOUND('',#468,.F.);
#468 = EDGE_LOOP('',(#469));
#469 = ORIENTED_EDGE('',*,*,#470,.F.);
#470 = EDGE_CURVE('',#471,#471,#473,.T.);
#471 = VERTEX_POINT('',#472);
#472 = CARTESIAN_POINT('',(3.2,1.5,24.));
#473 = SURFACE_CURVE('',#474,(#479,#486),.PCURVE_S1.);
#474 = CIRCLE('',#475,1.7);
#475 = AXIS2_PLACEMENT_3D('',#476,#477,#478);
#476 = CARTESIAN_POINT('',(1.5,1.5,24.));
#477 = DIRECTION('',(0.,0.,1.));
#478 = DIRECTION('',(1.,0.,-0.));
#479 = PCURVE('',#126,#480);
#480 = DEFINITIONAL_REPRESENTATION('',(#481),#485);
#481 = CIRCLE('',#482,1.7);
#482 = AXIS2_PLACEMENT_2D('',#483,#484);
#483 = CARTESIAN_POINT('',(-47.75,-34.95));
#484 = DIRECTION('',(1.,0.));
#485 = ( GEOMETRIC_REPRESENTATION_CONTEXT(2) 
PARAMETRIC_REPRESENTATION_CONTEXT() REPRESENTATION_CONTEXT('2D SPACE',''
  ) );
#486 = PCURVE('',#487,#492);
#487 = CYLINDRICAL_SURFACE('',#488,1.7);
#488 = AXIS2_PLACEMENT_3D('',#489,#490,#491);
#489 = CARTESIAN_POINT('',(1.5,1.5,23.));
#490 = DIRECTION('',(0.,0.,1.));
#491 = DIRECTION('',(1.,0.,-0.));
#492 = DEFINITIONAL_REPRESENTATION('',(#493),#497);
#493 = LINE('',#494,#495);
#494 = CARTESIAN_POINT('',(0.,1.));
#495 = VECTOR('',#496,1.);
#496 = DIRECTION('',(1.,0.));
#497 = ( GEOMETRIC_REPRESENTATION_CONTEXT(2) 
PARAMETRIC_REPRESENTATION_CONTEXT() REPRESENTATION_CONTEXT('2D SPACE',''
  ) );
#498 = FACE_BOUND('',#499,.F.);
#499 = EDGE_LOOP('',(#500));
#500 = ORIENTED_EDGE('',*,*,#501,.F.);
#501 = EDGE_CURVE('',#502,#502,#504,.T.);
#502 = VERTEX_POINT('',#503);
#503 = CARTESIAN_POINT('',(50.95,1.5,24.));
#504 = SURFACE_CURVE('',#505,(#510,#517),.PCURVE_S1.);
#505 = CIRCLE('',#506,1.7);
#506 = AXIS2_PLACEMENT_3D('',#507,#508,#509);
#507 = CARTESIAN_POINT('',(49.25,1.5,24.));
#508 = DIRECTION('',(0.,0.,1.));
#509 = DIRECTION('',(1.,0.,-0.));
#510 = PCURVE('',#126,#511);
#511 = DEFINITIONAL_REPRESENTATION('',(#512),#516);
#512 = CIRCLE('',#513,1.7);
#513 = AXIS2_PLACEMENT_2D('',#514,#515);
#514 = CARTESIAN_POINT('',(-7.105427357601E-15,-34.95));
#515 = DIRECTION('',(1.,0.));
#516 = ( GEOMETRIC_REPRESENTATION_CONTEXT(2) 
PARAMETRIC_REPRESENTATION_CONTEXT() REPRESENTATION_CONTEXT('2D SPACE',''
  ) );
#517 = PCURVE('',#518,#523);
#518 = CYLINDRICAL_SURFACE('',#519,1.7);
#519 = AXIS2_PLACEMENT_3D('',#520,#521,#522);
#520 = CARTESIAN_POINT('',(49.25,1.5,23.));
#521 = DIRECTION('',(0.,0.,1.));
#522 = DIRECTION('',(1.,0.,-0.));
#523 = DEFINITIONAL_REPRESENTATION('',(#524),#528);
#524 = LINE('',#525,#526);
#525 = CARTESIAN_POINT('',(0.,1.));
#526 = VECTOR('',#527,1.);
#527 = DIRECTION('',(1.,0.));
#528 = ( GEOMETRIC_REPRESENTATION_CONTEXT(2) 
PARAMETRIC_REPRESENTATION_CONTEXT() REPRESENTATION_CONTEXT('2D SPACE',''
  ) );
#529 = FACE_BOUND('',#530,.F.);
#530 = EDGE_LOOP('',(#531));
#531 = ORIENTED_EDGE('',*,*,#532,.F.);
#532 = EDGE_CURVE('',#533,#533,#535,.T.);
#533 = VERTEX_POINT('',#534);
#534 = CARTESIAN_POINT('',(98.7,1.5,24.));
#535 = SURFACE_CURVE('',#536,(#541,#548),.PCURVE_S1.);
#536 = CIRCLE('',#537,1.7);
#537 = AXIS2_PLACEMENT_3D('',#538,#539,#540);
#538 = CARTESIAN_POINT('',(97.,1.5,24.));
#539 = DIRECTION('',(0.,0.,1.));
#540 = DIRECTION('',(1.,0.,-0.));
#541 = PCURVE('',#126,#542);
#542 = DEFINITIONAL_REPRESENTATION('',(#543),#547);
#543 = CIRCLE('',#544,1.7);
#544 = AXIS2_PLACEMENT_2D('',#545,#546);
#545 = CARTESIAN_POINT('',(47.75,-34.95));
#546 = DIRECTION('',(1.,0.));
#547 = ( GEOMETRIC_REPRESENTATION_CONTEXT(2) 
PARAMETRIC_REPRESENTATION_CONTEXT() REPRESENTATION_CONTEXT('2D SPACE',''
  ) );
#548 = PCURVE('',#549,#554);
#549 = CYLINDRICAL_SURFACE('',#550,1.7);
#550 = AXIS2_PLACEMENT_3D('',#551,#552,#553);
#551 = CARTESIAN_POINT('',(97.,1.5,23.));
#552 = DIRECTION('',(0.,0.,1.));
#553 = DIRECTION('',(1.,0.,-0.));
#554 = DEFINITIONAL_REPRESENTATION('',(#555),#559);
#555 = LINE('',#556,#557);
#556 = CARTESIAN_POINT('',(0.,1.));
#557 = VECTOR('',#558,1.);
#558 = DIRECTION('',(1.,0.));
#559 = ( GEOMETRIC_REPRESENTATION_CONTEXT(2) 
PARAMETRIC_REPRESENTATION_CONTEXT() REPRESENTATION_CONTEXT('2D SPACE',''
  ) );
#560 = FACE_BOUND('',#561,.F.);
#561 = EDGE_LOOP('',(#562,#597,#626,#659,#687,#720,#749,#782,#810,#843,
    #872,#905,#933,#966,#995,#1028,#1056,#1089,#1118,#1151,#1179,#1212,
    #1241,#1270));
#562 = ORIENTED_EDGE('',*,*,#563,.T.);
#563 = EDGE_CURVE('',#564,#566,#568,.T.);
#564 = VERTEX_POINT('',#565);
#565 = CARTESIAN_POINT('',(10.374119674649,0.3,24.));
#566 = VERTEX_POINT('',#567);
#567 = CARTESIAN_POINT('',(7.711883772255,2.55,24.));
#568 = SURFACE_CURVE('',#569,(#574,#585),.PCURVE_S1.);
#569 = CIRCLE('',#570,2.7);
#570 = AXIS2_PLACEMENT_3D('',#571,#572,#573);
#571 = CARTESIAN_POINT('',(10.374119674649,3.,24.));
#572 = DIRECTION('',(-0.,0.,-1.));
#573 = DIRECTION('',(-0.,-1.,0.));
#574 = PCURVE('',#126,#575);
#575 = DEFINITIONAL_REPRESENTATION('',(#576),#584);
#576 = ( BOUNDED_CURVE() B_SPLINE_CURVE(2,(#577,#578,#579,#580,#581,#582
,#583),.UNSPECIFIED.,.T.,.F.) B_SPLINE_CURVE_WITH_KNOTS((1,2,2,2,2,1),(
    -2.094395102393,0.,2.094395102393,4.188790204786,6.28318530718,
8.377580409573),.UNSPECIFIED.) CURVE() GEOMETRIC_REPRESENTATION_ITEM() 
RATIONAL_B_SPLINE_CURVE((1.,0.5,1.,0.5,1.,0.5,1.)) REPRESENTATION_ITEM(
  '') );
#577 = CARTESIAN_POINT('',(-38.87588032535,-36.15));
#578 = CARTESIAN_POINT('',(-43.55241750578,-36.15));
#579 = CARTESIAN_POINT('',(-41.21414891556,-32.1));
#580 = CARTESIAN_POINT('',(-38.87588032535,-28.05));
#581 = CARTESIAN_POINT('',(-36.53761173513,-32.1));
#582 = CARTESIAN_POINT('',(-34.19934314491,-36.15));
#583 = CARTESIAN_POINT('',(-38.87588032535,-36.15));
#584 = ( GEOMETRIC_REPRESENTATION_CONTEXT(2) 
PARAMETRIC_REPRESENTATION_CONTEXT() REPRESENTATION_CONTEXT('2D SPACE',''
  ) );
#585 = PCURVE('',#586,#591);
#586 = CYLINDRICAL_SURFACE('',#587,2.7);
#587 = AXIS2_PLACEMENT_3D('',#588,#589,#590);
#588 = CARTESIAN_POINT('',(10.374119674649,3.,22.));
#589 = DIRECTION('',(-0.,0.,-1.));
#590 = DIRECTION('',(-0.,-1.,0.));
#591 = DEFINITIONAL_REPRESENTATION('',(#592),#596);
#592 = LINE('',#593,#594);
#593 = CARTESIAN_POINT('',(0.,-2.));
#594 = VECTOR('',#595,1.);
#595 = DIRECTION('',(1.,0.));
#596 = ( GEOMETRIC_REPRESENTATION_CONTEXT(2) 
PARAMETRIC_REPRESENTATION_CONTEXT() REPRESENTATION_CONTEXT('2D SPACE',''
  ) );
#597 = ORIENTED_EDGE('',*,*,#598,.T.);
#598 = EDGE_CURVE('',#566,#599,#601,.T.);
#599 = VERTEX_POINT('',#600);
#600 = CARTESIAN_POINT('',(2.55,7.711883772255,24.));
#601 = SURFACE_CURVE('',#602,(#607,#614),.PCURVE_S1.);
#602 = CIRCLE('',#603,6.3);
#603 = AXIS2_PLACEMENT_3D('',#604,#605,#606);
#604 = CARTESIAN_POINT('',(1.5,1.5,24.));
#605 = DIRECTION('',(0.,0.,1.));
#606 = DIRECTION('',(0.968245836552,-0.25,0.));
#607 = PCURVE('',#126,#608);
#608 = DEFINITIONAL_REPRESENTATION('',(#609),#613);
#609 = CIRCLE('',#610,6.3);
#610 = AXIS2_PLACEMENT_2D('',#611,#612);
#611 = CARTESIAN_POINT('',(-47.75,-34.95));
#612 = DIRECTION('',(0.968245836552,-0.25));
#613 = ( GEOMETRIC_REPRESENTATION_CONTEXT(2) 
PARAMETRIC_REPRESENTATION_CONTEXT() REPRESENTATION_CONTEXT('2D SPACE',''
  ) );
#614 = PCURVE('',#615,#620);
#615 = CYLINDRICAL_SURFACE('',#616,6.3);
#616 = AXIS2_PLACEMENT_3D('',#617,#618,#619);
#617 = CARTESIAN_POINT('',(1.5,1.5,22.));
#618 = DIRECTION('',(-0.,-0.,-1.));
#619 = DIRECTION('',(0.968245836552,-0.25,0.));
#620 = DEFINITIONAL_REPRESENTATION('',(#621),#625);
#621 = LINE('',#622,#623);
#622 = CARTESIAN_POINT('',(-0.,-2.));
#623 = VECTOR('',#624,1.);
#624 = DIRECTION('',(-1.,0.));
#625 = ( GEOMETRIC_REPRESENTATION_CONTEXT(2) 
PARAMETRIC_REPRESENTATION_CONTEXT() REPRESENTATION_CONTEXT('2D SPACE',''
  ) );
#626 = ORIENTED_EDGE('',*,*,#627,.T.);
#627 = EDGE_CURVE('',#599,#628,#630,.T.);
#628 = VERTEX_POINT('',#629);
#629 = CARTESIAN_POINT('',(0.3,10.374119674649,24.));
#630 = SURFACE_CURVE('',#631,(#636,#647),.PCURVE_S1.);
#631 = CIRCLE('',#632,2.7);
#632 = AXIS2_PLACEMENT_3D('',#633,#634,#635);
#633 = CARTESIAN_POINT('',(3.,10.374119674649,24.));
#634 = DIRECTION('',(-0.,0.,-1.));
#635 = DIRECTION('',(-0.,-1.,0.));
#636 = PCURVE('',#126,#637);
#637 = DEFINITIONAL_REPRESENTATION('',(#638),#646);
#638 = ( BOUNDED_CURVE() B_SPLINE_CURVE(2,(#639,#640,#641,#642,#643,#644
,#645),.UNSPECIFIED.,.T.,.F.) B_SPLINE_CURVE_WITH_KNOTS((1,2,2,2,2,1),(
    -2.094395102393,0.,2.094395102393,4.188790204786,6.28318530718,
8.377580409573),.UNSPECIFIED.) CURVE() GEOMETRIC_REPRESENTATION_ITEM() 
RATIONAL_B_SPLINE_CURVE((1.,0.5,1.,0.5,1.,0.5,1.)) REPRESENTATION_ITEM(
  '') );
#639 = CARTESIAN_POINT('',(-46.25,-28.77588032535));
#640 = CARTESIAN_POINT('',(-50.92653718043,-28.77588032535));
#641 = CARTESIAN_POINT('',(-48.58826859021,-24.72588032535));
#642 = CARTESIAN_POINT('',(-46.25,-20.67588032535));
#643 = CARTESIAN_POINT('',(-43.91173140978,-24.72588032535));
#644 = CARTESIAN_POINT('',(-41.57346281956,-28.77588032535));
#645 = CARTESIAN_POINT('',(-46.25,-28.77588032535));
#646 = ( GEOMETRIC_REPRESENTATION_CONTEXT(2) 
PARAMETRIC_REPRESENTATION_CONTEXT() REPRESENTATION_CONTEXT('2D SPACE',''
  ) );
#647 = PCURVE('',#648,#653);
#648 = CYLINDRICAL_SURFACE('',#649,2.7);
#649 = AXIS2_PLACEMENT_3D('',#650,#651,#652);
#650 = CARTESIAN_POINT('',(3.,10.374119674649,22.));
#651 = DIRECTION('',(-0.,0.,-1.));
#652 = DIRECTION('',(-0.,-1.,0.));
#653 = DEFINITIONAL_REPRESENTATION('',(#654),#658);
#654 = LINE('',#655,#656);
#655 = CARTESIAN_POINT('',(0.,-2.));
#656 = VECTOR('',#657,1.);
#657 = DIRECTION('',(1.,0.));
#658 = ( GEOMETRIC_REPRESENTATION_CONTEXT(2) 
PARAMETRIC_REPRESENTATION_CONTEXT() REPRESENTATION_CONTEXT('2D SPACE',''
  ) );
#659 = ORIENTED_EDGE('',*,*,#660,.F.);
#660 = EDGE_CURVE('',#661,#628,#663,.T.);
#661 = VERTEX_POINT('',#662);
#662 = CARTESIAN_POINT('',(0.3,62.525880325351,24.));
#663 = SURFACE_CURVE('',#664,(#668,#675),.PCURVE_S1.);
#664 = LINE('',#665,#666);
#665 = CARTESIAN_POINT('',(0.3,72.9,24.));
#666 = VECTOR('',#667,1.);
#667 = DIRECTION('',(-0.,-1.,0.));
#668 = PCURVE('',#126,#669);
#669 = DEFINITIONAL_REPRESENTATION('',(#670),#674);
#670 = LINE('',#671,#672);
#671 = CARTESIAN_POINT('',(-48.95,36.45));
#672 = VECTOR('',#673,1.);
#673 = DIRECTION('',(-0.,-1.));
#674 = ( GEOMETRIC_REPRESENTATION_CONTEXT(2) 
PARAMETRIC_REPRESENTATION_CONTEXT() REPRESENTATION_CONTEXT('2D SPACE',''
  ) );
#675 = PCURVE('',#676,#681);
#676 = PLANE('',#677);
#677 = AXIS2_PLACEMENT_3D('',#678,#679,#680);
#678 = CARTESIAN_POINT('',(0.3,62.525880325351,22.));
#679 = DIRECTION('',(1.,-0.,0.));
#680 = DIRECTION('',(-0.,-1.,0.));
#681 = DEFINITIONAL_REPRESENTATION('',(#682),#686);
#682 = LINE('',#683,#684);
#683 = CARTESIAN_POINT('',(-10.37411967464,-2.));
#684 = VECTOR('',#685,1.);
#685 = DIRECTION('',(1.,0.));
#686 = ( GEOMETRIC_REPRESENTATION_CONTEXT(2) 
PARAMETRIC_REPRESENTATION_CONTEXT() REPRESENTATION_CONTEXT('2D SPACE',''
  ) );
#687 = ORIENTED_EDGE('',*,*,#688,.T.);
#688 = EDGE_CURVE('',#661,#689,#691,.T.);
#689 = VERTEX_POINT('',#690);
#690 = CARTESIAN_POINT('',(2.55,65.188116227745,24.));
#691 = SURFACE_CURVE('',#692,(#697,#708),.PCURVE_S1.);
#692 = CIRCLE('',#693,2.7);
#693 = AXIS2_PLACEMENT_3D('',#694,#695,#696);
#694 = CARTESIAN_POINT('',(3.,62.525880325351,24.));
#695 = DIRECTION('',(-0.,0.,-1.));
#696 = DIRECTION('',(-0.,-1.,0.));
#697 = PCURVE('',#126,#698);
#698 = DEFINITIONAL_REPRESENTATION('',(#699),#707);
#699 = ( BOUNDED_CURVE() B_SPLINE_CURVE(2,(#700,#701,#702,#703,#704,#705
,#706),.UNSPECIFIED.,.T.,.F.) B_SPLINE_CURVE_WITH_KNOTS((1,2,2,2,2,1),(
    -2.094395102393,0.,2.094395102393,4.188790204786,6.28318530718,
8.377580409573),.UNSPECIFIED.) CURVE() GEOMETRIC_REPRESENTATION_ITEM() 
RATIONAL_B_SPLINE_CURVE((1.,0.5,1.,0.5,1.,0.5,1.)) REPRESENTATION_ITEM(
  '') );
#700 = CARTESIAN_POINT('',(-46.25,23.375880325351));
#701 = CARTESIAN_POINT('',(-50.92653718043,23.375880325351));
#702 = CARTESIAN_POINT('',(-48.58826859021,27.425880325351));
#703 = CARTESIAN_POINT('',(-46.25,31.475880325351));
#704 = CARTESIAN_POINT('',(-43.91173140978,27.425880325351));
#705 = CARTESIAN_POINT('',(-41.57346281956,23.375880325351));
#706 = CARTESIAN_POINT('',(-46.25,23.375880325351));
#707 = ( GEOMETRIC_REPRESENTATION_CONTEXT(2) 
PARAMETRIC_REPRESENTATION_CONTEXT() REPRESENTATION_CONTEXT('2D SPACE',''
  ) );
#708 = PCURVE('',#709,#714);
#709 = CYLINDRICAL_SURFACE('',#710,2.7);
#710 = AXIS2_PLACEMENT_3D('',#711,#712,#713);
#711 = CARTESIAN_POINT('',(3.,62.525880325351,22.));
#712 = DIRECTION('',(-0.,0.,-1.));
#713 = DIRECTION('',(-0.,-1.,0.));
#714 = DEFINITIONAL_REPRESENTATION('',(#715),#719);
#715 = LINE('',#716,#717);
#716 = CARTESIAN_POINT('',(0.,-2.));
#717 = VECTOR('',#718,1.);
#718 = DIRECTION('',(1.,0.));
#719 = ( GEOMETRIC_REPRESENTATION_CONTEXT(2) 
PARAMETRIC_REPRESENTATION_CONTEXT() REPRESENTATION_CONTEXT('2D SPACE',''
  ) );
#720 = ORIENTED_EDGE('',*,*,#721,.T.);
#721 = EDGE_CURVE('',#689,#722,#724,.T.);
#722 = VERTEX_POINT('',#723);
#723 = CARTESIAN_POINT('',(7.711883772255,70.35,24.));
#724 = SURFACE_CURVE('',#725,(#730,#737),.PCURVE_S1.);
#725 = CIRCLE('',#726,6.3);
#726 = AXIS2_PLACEMENT_3D('',#727,#728,#729);
#727 = CARTESIAN_POINT('',(1.5,71.4,24.));
#728 = DIRECTION('',(0.,0.,1.));
#729 = DIRECTION('',(-0.25,-0.968245836552,0.));
#730 = PCURVE('',#126,#731);
#731 = DEFINITIONAL_REPRESENTATION('',(#732),#736);
#732 = CIRCLE('',#733,6.3);
#733 = AXIS2_PLACEMENT_2D('',#734,#735);
#734 = CARTESIAN_POINT('',(-47.75,34.95));
#735 = DIRECTION('',(-0.25,-0.968245836552));
#736 = ( GEOMETRIC_REPRESENTATION_CONTEXT(2) 
PARAMETRIC_REPRESENTATION_CONTEXT() REPRESENTATION_CONTEXT('2D SPACE',''
  ) );
#737 = PCURVE('',#738,#743);
#738 = CYLINDRICAL_SURFACE('',#739,6.3);
#739 = AXIS2_PLACEMENT_3D('',#740,#741,#742);
#740 = CARTESIAN_POINT('',(1.5,71.4,22.));
#741 = DIRECTION('',(-0.,-0.,-1.));
#742 = DIRECTION('',(-0.25,-0.968245836552,0.));
#743 = DEFINITIONAL_REPRESENTATION('',(#744),#748);
#744 = LINE('',#745,#746);
#745 = CARTESIAN_POINT('',(-0.,-2.));
#746 = VECTOR('',#747,1.);
#747 = DIRECTION('',(-1.,0.));
#748 = ( GEOMETRIC_REPRESENTATION_CONTEXT(2) 
PARAMETRIC_REPRESENTATION_CONTEXT() REPRESENTATION_CONTEXT('2D SPACE',''
  ) );
#749 = ORIENTED_EDGE('',*,*,#750,.T.);
#750 = EDGE_CURVE('',#722,#751,#753,.T.);
#751 = VERTEX_POINT('',#752);
#752 = CARTESIAN_POINT('',(10.374119674649,72.6,24.));
#753 = SURFACE_CURVE('',#754,(#759,#770),.PCURVE_S1.);
#754 = CIRCLE('',#755,2.7);
#755 = AXIS2_PLACEMENT_3D('',#756,#757,#758);
#756 = CARTESIAN_POINT('',(10.374119674649,69.9,24.));
#757 = DIRECTION('',(-0.,0.,-1.));
#758 = DIRECTION('',(-0.,-1.,0.));
#759 = PCURVE('',#126,#760);
#760 = DEFINITIONAL_REPRESENTATION('',(#761),#769);
#761 = ( BOUNDED_CURVE() B_SPLINE_CURVE(2,(#762,#763,#764,#765,#766,#767
,#768),.UNSPECIFIED.,.T.,.F.) B_SPLINE_CURVE_WITH_KNOTS((1,2,2,2,2,1),(
    -2.094395102393,0.,2.094395102393,4.188790204786,6.28318530718,
8.377580409573),.UNSPECIFIED.) CURVE() GEOMETRIC_REPRESENTATION_ITEM() 
RATIONAL_B_SPLINE_CURVE((1.,0.5,1.,0.5,1.,0.5,1.)) REPRESENTATION_ITEM(
  '') );
#762 = CARTESIAN_POINT('',(-38.87588032535,30.75));
#763 = CARTESIAN_POINT('',(-43.55241750578,30.75));
#764 = CARTESIAN_POINT('',(-41.21414891556,34.8));
#765 = CARTESIAN_POINT('',(-38.87588032535,38.85));
#766 = CARTESIAN_POINT('',(-36.53761173513,34.8));
#767 = CARTESIAN_POINT('',(-34.19934314491,30.75));
#768 = CARTESIAN_POINT('',(-38.87588032535,30.75));
#769 = ( GEOMETRIC_REPRESENTATION_CONTEXT(2) 
PARAMETRIC_REPRESENTATION_CONTEXT() REPRESENTATION_CONTEXT('2D SPACE',''
  ) );
#770 = PCURVE('',#771,#776);
#771 = CYLINDRICAL_SURFACE('',#772,2.7);
#772 = AXIS2_PLACEMENT_3D('',#773,#774,#775);
#773 = CARTESIAN_POINT('',(10.374119674649,69.9,22.));
#774 = DIRECTION('',(-0.,0.,-1.));
#775 = DIRECTION('',(-0.,-1.,0.));
#776 = DEFINITIONAL_REPRESENTATION('',(#777),#781);
#777 = LINE('',#778,#779);
#778 = CARTESIAN_POINT('',(0.,-2.));
#779 = VECTOR('',#780,1.);
#780 = DIRECTION('',(1.,0.));
#781 = ( GEOMETRIC_REPRESENTATION_CONTEXT(2) 
PARAMETRIC_REPRESENTATION_CONTEXT() REPRESENTATION_CONTEXT('2D SPACE',''
  ) );
#782 = ORIENTED_EDGE('',*,*,#783,.F.);
#783 = EDGE_CURVE('',#784,#751,#786,.T.);
#784 = VERTEX_POINT('',#785);
#785 = CARTESIAN_POINT('',(40.375880325351,72.6,24.));
#786 = SURFACE_CURVE('',#787,(#791,#798),.PCURVE_S1.);
#787 = LINE('',#788,#789);
#788 = CARTESIAN_POINT('',(98.5,72.6,24.));
#789 = VECTOR('',#790,1.);
#790 = DIRECTION('',(-1.,0.,0.));
#791 = PCURVE('',#126,#792);
#792 = DEFINITIONAL_REPRESENTATION('',(#793),#797);
#793 = LINE('',#794,#795);
#794 = CARTESIAN_POINT('',(49.25,36.15));
#795 = VECTOR('',#796,1.);
#796 = DIRECTION('',(-1.,0.));
#797 = ( GEOMETRIC_REPRESENTATION_CONTEXT(2) 
PARAMETRIC_REPRESENTATION_CONTEXT() REPRESENTATION_CONTEXT('2D SPACE',''
  ) );
#798 = PCURVE('',#799,#804);
#799 = PLANE('',#800);
#800 = AXIS2_PLACEMENT_3D('',#801,#802,#803);
#801 = CARTESIAN_POINT('',(40.375880325351,72.6,22.));
#802 = DIRECTION('',(0.,-1.,0.));
#803 = DIRECTION('',(-1.,0.,0.));
#804 = DEFINITIONAL_REPRESENTATION('',(#805),#809);
#805 = LINE('',#806,#807);
#806 = CARTESIAN_POINT('',(-58.12411967464,-2.));
#807 = VECTOR('',#808,1.);
#808 = DIRECTION('',(1.,0.));
#809 = ( GEOMETRIC_REPRESENTATION_CONTEXT(2) 
PARAMETRIC_REPRESENTATION_CONTEXT() REPRESENTATION_CONTEXT('2D SPACE',''
  ) );
#810 = ORIENTED_EDGE('',*,*,#811,.T.);
#811 = EDGE_CURVE('',#784,#812,#814,.T.);
#812 = VERTEX_POINT('',#813);
#813 = CARTESIAN_POINT('',(43.038116227745,70.35,24.));
#814 = SURFACE_CURVE('',#815,(#820,#831),.PCURVE_S1.);
#815 = CIRCLE('',#816,2.7);
#816 = AXIS2_PLACEMENT_3D('',#817,#818,#819);
#817 = CARTESIAN_POINT('',(40.375880325351,69.9,24.));
#818 = DIRECTION('',(-0.,0.,-1.));
#819 = DIRECTION('',(-0.,-1.,0.));
#820 = PCURVE('',#126,#821);
#821 = DEFINITIONAL_REPRESENTATION('',(#822),#830);
#822 = ( BOUNDED_CURVE() B_SPLINE_CURVE(2,(#823,#824,#825,#826,#827,#828
,#829),.UNSPECIFIED.,.T.,.F.) B_SPLINE_CURVE_WITH_KNOTS((1,2,2,2,2,1),(
    -2.094395102393,0.,2.094395102393,4.188790204786,6.28318530718,
8.377580409573),.UNSPECIFIED.) CURVE() GEOMETRIC_REPRESENTATION_ITEM() 
RATIONAL_B_SPLINE_CURVE((1.,0.5,1.,0.5,1.,0.5,1.)) REPRESENTATION_ITEM(
  '') );
#823 = CARTESIAN_POINT('',(-8.874119674649,30.75));
#824 = CARTESIAN_POINT('',(-13.55065685508,30.75));
#825 = CARTESIAN_POINT('',(-11.21238826486,34.8));
#826 = CARTESIAN_POINT('',(-8.874119674649,38.85));
#827 = CARTESIAN_POINT('',(-6.535851084431,34.8));
#828 = CARTESIAN_POINT('',(-4.197582494213,30.75));
#829 = CARTESIAN_POINT('',(-8.874119674649,30.75));
#830 = ( GEOMETRIC_REPRESENTATION_CONTEXT(2) 
PARAMETRIC_REPRESENTATION_CONTEXT() REPRESENTATION_CONTEXT('2D SPACE',''
  ) );
#831 = PCURVE('',#832,#837);
#832 = CYLINDRICAL_SURFACE('',#833,2.7);
#833 = AXIS2_PLACEMENT_3D('',#834,#835,#836);
#834 = CARTESIAN_POINT('',(40.375880325351,69.9,22.));
#835 = DIRECTION('',(-0.,0.,-1.));
#836 = DIRECTION('',(-0.,-1.,0.));
#837 = DEFINITIONAL_REPRESENTATION('',(#838),#842);
#838 = LINE('',#839,#840);
#839 = CARTESIAN_POINT('',(0.,-2.));
#840 = VECTOR('',#841,1.);
#841 = DIRECTION('',(1.,0.));
#842 = ( GEOMETRIC_REPRESENTATION_CONTEXT(2) 
PARAMETRIC_REPRESENTATION_CONTEXT() REPRESENTATION_CONTEXT('2D SPACE',''
  ) );
#843 = ORIENTED_EDGE('',*,*,#844,.T.);
#844 = EDGE_CURVE('',#812,#845,#847,.T.);
#845 = VERTEX_POINT('',#846);
#846 = CARTESIAN_POINT('',(55.461883772255,70.35,24.));
#847 = SURFACE_CURVE('',#848,(#853,#860),.PCURVE_S1.);
#848 = CIRCLE('',#849,6.3);
#849 = AXIS2_PLACEMENT_3D('',#850,#851,#852);
#850 = CARTESIAN_POINT('',(49.25,71.4,24.));
#851 = DIRECTION('',(0.,0.,1.));
#852 = DIRECTION('',(-0.968245836552,0.25,0.));
#853 = PCURVE('',#126,#854);
#854 = DEFINITIONAL_REPRESENTATION('',(#855),#859);
#855 = CIRCLE('',#856,6.3);
#856 = AXIS2_PLACEMENT_2D('',#857,#858);
#857 = CARTESIAN_POINT('',(-7.105427357601E-15,34.95));
#858 = DIRECTION('',(-0.968245836552,0.25));
#859 = ( GEOMETRIC_REPRESENTATION_CONTEXT(2) 
PARAMETRIC_REPRESENTATION_CONTEXT() REPRESENTATION_CONTEXT('2D SPACE',''
  ) );
#860 = PCURVE('',#861,#866);
#861 = CYLINDRICAL_SURFACE('',#862,6.3);
#862 = AXIS2_PLACEMENT_3D('',#863,#864,#865);
#863 = CARTESIAN_POINT('',(49.25,71.4,22.));
#864 = DIRECTION('',(-0.,-0.,-1.));
#865 = DIRECTION('',(-0.968245836552,0.25,0.));
#866 = DEFINITIONAL_REPRESENTATION('',(#867),#871);
#867 = LINE('',#868,#869);
#868 = CARTESIAN_POINT('',(-0.,-2.));
#869 = VECTOR('',#870,1.);
#870 = DIRECTION('',(-1.,0.));
#871 = ( GEOMETRIC_REPRESENTATION_CONTEXT(2) 
PARAMETRIC_REPRESENTATION_CONTEXT() REPRESENTATION_CONTEXT('2D SPACE',''
  ) );
#872 = ORIENTED_EDGE('',*,*,#873,.T.);
#873 = EDGE_CURVE('',#845,#874,#876,.T.);
#874 = VERTEX_POINT('',#875);
#875 = CARTESIAN_POINT('',(58.124119674649,72.6,24.));
#876 = SURFACE_CURVE('',#877,(#882,#893),.PCURVE_S1.);
#877 = CIRCLE('',#878,2.7);
#878 = AXIS2_PLACEMENT_3D('',#879,#880,#881);
#879 = CARTESIAN_POINT('',(58.124119674649,69.9,24.));
#880 = DIRECTION('',(-0.,0.,-1.));
#881 = DIRECTION('',(-0.,-1.,0.));
#882 = PCURVE('',#126,#883);
#883 = DEFINITIONAL_REPRESENTATION('',(#884),#892);
#884 = ( BOUNDED_CURVE() B_SPLINE_CURVE(2,(#885,#886,#887,#888,#889,#890
,#891),.UNSPECIFIED.,.T.,.F.) B_SPLINE_CURVE_WITH_KNOTS((1,2,2,2,2,1),(
    -2.094395102393,0.,2.094395102393,4.188790204786,6.28318530718,
8.377580409573),.UNSPECIFIED.) CURVE() GEOMETRIC_REPRESENTATION_ITEM() 
RATIONAL_B_SPLINE_CURVE((1.,0.5,1.,0.5,1.,0.5,1.)) REPRESENTATION_ITEM(
  '') );
#885 = CARTESIAN_POINT('',(8.874119674649,30.75));
#886 = CARTESIAN_POINT('',(4.197582494213,30.75));
#887 = CARTESIAN_POINT('',(6.535851084431,34.8));
#888 = CARTESIAN_POINT('',(8.874119674649,38.85));
#889 = CARTESIAN_POINT('',(11.212388264867,34.8));
#890 = CARTESIAN_POINT('',(13.550656855085,30.75));
#891 = CARTESIAN_POINT('',(8.874119674649,30.75));
#892 = ( GEOMETRIC_REPRESENTATION_CONTEXT(2) 
PARAMETRIC_REPRESENTATION_CONTEXT() REPRESENTATION_CONTEXT('2D SPACE',''
  ) );
#893 = PCURVE('',#894,#899);
#894 = CYLINDRICAL_SURFACE('',#895,2.7);
#895 = AXIS2_PLACEMENT_3D('',#896,#897,#898);
#896 = CARTESIAN_POINT('',(58.124119674649,69.9,22.));
#897 = DIRECTION('',(-0.,0.,-1.));
#898 = DIRECTION('',(-0.,-1.,0.));
#899 = DEFINITIONAL_REPRESENTATION('',(#900),#904);
#900 = LINE('',#901,#902);
#901 = CARTESIAN_POINT('',(0.,-2.));
#902 = VECTOR('',#903,1.);
#903 = DIRECTION('',(1.,0.));
#904 = ( GEOMETRIC_REPRESENTATION_CONTEXT(2) 
PARAMETRIC_REPRESENTATION_CONTEXT() REPRESENTATION_CONTEXT('2D SPACE',''
  ) );
#905 = ORIENTED_EDGE('',*,*,#906,.F.);
#906 = EDGE_CURVE('',#907,#874,#909,.T.);
#907 = VERTEX_POINT('',#908);
#908 = CARTESIAN_POINT('',(88.125880325351,72.6,24.));
#909 = SURFACE_CURVE('',#910,(#914,#921),.PCURVE_S1.);
#910 = LINE('',#911,#912);
#911 = CARTESIAN_POINT('',(98.5,72.6,24.));
#912 = VECTOR('',#913,1.);
#913 = DIRECTION('',(-1.,0.,0.));
#914 = PCURVE('',#126,#915);
#915 = DEFINITIONAL_REPRESENTATION('',(#916),#920);
#916 = LINE('',#917,#918);
#917 = CARTESIAN_POINT('',(49.25,36.15));
#918 = VECTOR('',#919,1.);
#919 = DIRECTION('',(-1.,0.));
#920 = ( GEOMETRIC_REPRESENTATION_CONTEXT(2) 
PARAMETRIC_REPRESENTATION_CONTEXT() REPRESENTATION_CONTEXT('2D SPACE',''
  ) );
#921 = PCURVE('',#922,#927);
#922 = PLANE('',#923);
#923 = AXIS2_PLACEMENT_3D('',#924,#925,#926);
#924 = CARTESIAN_POINT('',(88.125880325351,72.6,22.));
#925 = DIRECTION('',(0.,-1.,0.));
#926 = DIRECTION('',(-1.,0.,0.));
#927 = DEFINITIONAL_REPRESENTATION('',(#928),#932);
#928 = LINE('',#929,#930);
#929 = CARTESIAN_POINT('',(-10.37411967464,-2.));
#930 = VECTOR('',#931,1.);
#931 = DIRECTION('',(1.,0.));
#932 = ( GEOMETRIC_REPRESENTATION_CONTEXT(2) 
PARAMETRIC_REPRESENTATION_CONTEXT() REPRESENTATION_CONTEXT('2D SPACE',''
  ) );
#933 = ORIENTED_EDGE('',*,*,#934,.T.);
#934 = EDGE_CURVE('',#907,#935,#937,.T.);
#935 = VERTEX_POINT('',#936);
#936 = CARTESIAN_POINT('',(90.788116227745,70.35,24.));
#937 = SURFACE_CURVE('',#938,(#943,#954),.PCURVE_S1.);
#938 = CIRCLE('',#939,2.7);
#939 = AXIS2_PLACEMENT_3D('',#940,#941,#942);
#940 = CARTESIAN_POINT('',(88.125880325351,69.9,24.));
#941 = DIRECTION('',(-0.,0.,-1.));
#942 = DIRECTION('',(-0.,-1.,0.));
#943 = PCURVE('',#126,#944);
#944 = DEFINITIONAL_REPRESENTATION('',(#945),#953);
#945 = ( BOUNDED_CURVE() B_SPLINE_CURVE(2,(#946,#947,#948,#949,#950,#951
,#952),.UNSPECIFIED.,.T.,.F.) B_SPLINE_CURVE_WITH_KNOTS((1,2,2,2,2,1),(
    -2.094395102393,0.,2.094395102393,4.188790204786,6.28318530718,
8.377580409573),.UNSPECIFIED.) CURVE() GEOMETRIC_REPRESENTATION_ITEM() 
RATIONAL_B_SPLINE_CURVE((1.,0.5,1.,0.5,1.,0.5,1.)) REPRESENTATION_ITEM(
  '') );
#946 = CARTESIAN_POINT('',(38.875880325351,30.75));
#947 = CARTESIAN_POINT('',(34.199343144915,30.75));
#948 = CARTESIAN_POINT('',(36.537611735133,34.8));
#949 = CARTESIAN_POINT('',(38.875880325351,38.85));
#950 = CARTESIAN_POINT('',(41.214148915569,34.8));
#951 = CARTESIAN_POINT('',(43.552417505787,30.75));
#952 = CARTESIAN_POINT('',(38.875880325351,30.75));
#953 = ( GEOMETRIC_REPRESENTATION_CONTEXT(2) 
PARAMETRIC_REPRESENTATION_CONTEXT() REPRESENTATION_CONTEXT('2D SPACE',''
  ) );
#954 = PCURVE('',#955,#960);
#955 = CYLINDRICAL_SURFACE('',#956,2.7);
#956 = AXIS2_PLACEMENT_3D('',#957,#958,#959);
#957 = CARTESIAN_POINT('',(88.125880325351,69.9,22.));
#958 = DIRECTION('',(-0.,0.,-1.));
#959 = DIRECTION('',(-0.,-1.,0.));
#960 = DEFINITIONAL_REPRESENTATION('',(#961),#965);
#961 = LINE('',#962,#963);
#962 = CARTESIAN_POINT('',(0.,-2.));
#963 = VECTOR('',#964,1.);
#964 = DIRECTION('',(1.,0.));
#965 = ( GEOMETRIC_REPRESENTATION_CONTEXT(2) 
PARAMETRIC_REPRESENTATION_CONTEXT() REPRESENTATION_CONTEXT('2D SPACE',''
  ) );
#966 = ORIENTED_EDGE('',*,*,#967,.T.);
#967 = EDGE_CURVE('',#935,#968,#970,.T.);
#968 = VERTEX_POINT('',#969);
#969 = CARTESIAN_POINT('',(95.95,65.188116227745,24.));
#970 = SURFACE_CURVE('',#971,(#976,#983),.PCURVE_S1.);
#971 = CIRCLE('',#972,6.3);
#972 = AXIS2_PLACEMENT_3D('',#973,#974,#975);
#973 = CARTESIAN_POINT('',(97.,71.4,24.));
#974 = DIRECTION('',(0.,-0.,1.));
#975 = DIRECTION('',(1.,0.,0.));
#976 = PCURVE('',#126,#977);
#977 = DEFINITIONAL_REPRESENTATION('',(#978),#982);
#978 = CIRCLE('',#979,6.3);
#979 = AXIS2_PLACEMENT_2D('',#980,#981);
#980 = CARTESIAN_POINT('',(47.75,34.95));
#981 = DIRECTION('',(1.,0.));
#982 = ( GEOMETRIC_REPRESENTATION_CONTEXT(2) 
PARAMETRIC_REPRESENTATION_CONTEXT() REPRESENTATION_CONTEXT('2D SPACE',''
  ) );
#983 = PCURVE('',#984,#989);
#984 = CYLINDRICAL_SURFACE('',#985,6.3);
#985 = AXIS2_PLACEMENT_3D('',#986,#987,#988);
#986 = CARTESIAN_POINT('',(97.,71.4,22.));
#987 = DIRECTION('',(-0.,0.,-1.));
#988 = DIRECTION('',(1.,0.,0.));
#989 = DEFINITIONAL_REPRESENTATION('',(#990),#994);
#990 = LINE('',#991,#992);
#991 = CARTESIAN_POINT('',(-0.,-2.));
#992 = VECTOR('',#993,1.);
#993 = DIRECTION('',(-1.,0.));
#994 = ( GEOMETRIC_REPRESENTATION_CONTEXT(2) 
PARAMETRIC_REPRESENTATION_CONTEXT() REPRESENTATION_CONTEXT('2D SPACE',''
  ) );
#995 = ORIENTED_EDGE('',*,*,#996,.T.);
#996 = EDGE_CURVE('',#968,#997,#999,.T.);
#997 = VERTEX_POINT('',#998);
#998 = CARTESIAN_POINT('',(98.2,62.525880325351,24.));
#999 = SURFACE_CURVE('',#1000,(#1005,#1016),.PCURVE_S1.);
#1000 = CIRCLE('',#1001,2.7);
#1001 = AXIS2_PLACEMENT_3D('',#1002,#1003,#1004);
#1002 = CARTESIAN_POINT('',(95.5,62.525880325351,24.));
#1003 = DIRECTION('',(-0.,0.,-1.));
#1004 = DIRECTION('',(-0.,-1.,0.));
#1005 = PCURVE('',#126,#1006);
#1006 = DEFINITIONAL_REPRESENTATION('',(#1007),#1015);
#1007 = ( BOUNDED_CURVE() B_SPLINE_CURVE(2,(#1008,#1009,#1010,#1011,
#1012,#1013,#1014),.UNSPECIFIED.,.T.,.F.) B_SPLINE_CURVE_WITH_KNOTS((1,2
    ,2,2,2,1),(-2.094395102393,0.,2.094395102393,4.188790204786,
6.28318530718,8.377580409573),.UNSPECIFIED.) CURVE() 
GEOMETRIC_REPRESENTATION_ITEM() RATIONAL_B_SPLINE_CURVE((1.,0.5,1.,0.5,
1.,0.5,1.)) REPRESENTATION_ITEM('') );
#1008 = CARTESIAN_POINT('',(46.25,23.375880325351));
#1009 = CARTESIAN_POINT('',(41.573462819564,23.375880325351));
#1010 = CARTESIAN_POINT('',(43.911731409782,27.425880325351));
#1011 = CARTESIAN_POINT('',(46.25,31.475880325351));
#1012 = CARTESIAN_POINT('',(48.588268590218,27.425880325351));
#1013 = CARTESIAN_POINT('',(50.926537180436,23.375880325351));
#1014 = CARTESIAN_POINT('',(46.25,23.375880325351));
#1015 = ( GEOMETRIC_REPRESENTATION_CONTEXT(2) 
PARAMETRIC_REPRESENTATION_CONTEXT() REPRESENTATION_CONTEXT('2D SPACE',''
  ) );
#1016 = PCURVE('',#1017,#1022);
#1017 = CYLINDRICAL_SURFACE('',#1018,2.7);
#1018 = AXIS2_PLACEMENT_3D('',#1019,#1020,#1021);
#1019 = CARTESIAN_POINT('',(95.5,62.525880325351,22.));
#1020 = DIRECTION('',(-0.,0.,-1.));
#1021 = DIRECTION('',(-0.,-1.,0.));
#1022 = DEFINITIONAL_REPRESENTATION('',(#1023),#1027);
#1023 = LINE('',#1024,#1025);
#1024 = CARTESIAN_POINT('',(0.,-2.));
#1025 = VECTOR('',#1026,1.);
#1026 = DIRECTION('',(1.,0.));
#1027 = ( GEOMETRIC_REPRESENTATION_CONTEXT(2) 
PARAMETRIC_REPRESENTATION_CONTEXT() REPRESENTATION_CONTEXT('2D SPACE',''
  ) );
#1028 = ORIENTED_EDGE('',*,*,#1029,.F.);
#1029 = EDGE_CURVE('',#1030,#997,#1032,.T.);
#1030 = VERTEX_POINT('',#1031);
#1031 = CARTESIAN_POINT('',(98.2,10.374119674649,24.));
#1032 = SURFACE_CURVE('',#1033,(#1037,#1044),.PCURVE_S1.);
#1033 = LINE('',#1034,#1035);
#1034 = CARTESIAN_POINT('',(98.2,0.,24.));
#1035 = VECTOR('',#1036,1.);
#1036 = DIRECTION('',(0.,1.,0.));
#1037 = PCURVE('',#126,#1038);
#1038 = DEFINITIONAL_REPRESENTATION('',(#1039),#1043);
#1039 = LINE('',#1040,#1041);
#1040 = CARTESIAN_POINT('',(48.95,-36.45));
#1041 = VECTOR('',#1042,1.);
#1042 = DIRECTION('',(0.,1.));
#1043 = ( GEOMETRIC_REPRESENTATION_CONTEXT(2) 
PARAMETRIC_REPRESENTATION_CONTEXT() REPRESENTATION_CONTEXT('2D SPACE',''
  ) );
#1044 = PCURVE('',#1045,#1050);
#1045 = PLANE('',#1046);
#1046 = AXIS2_PLACEMENT_3D('',#1047,#1048,#1049);
#1047 = CARTESIAN_POINT('',(98.2,10.374119674649,22.));
#1048 = DIRECTION('',(-1.,0.,0.));
#1049 = DIRECTION('',(0.,1.,0.));
#1050 = DEFINITIONAL_REPRESENTATION('',(#1051),#1055);
#1051 = LINE('',#1052,#1053);
#1052 = CARTESIAN_POINT('',(-10.37411967464,-2.));
#1053 = VECTOR('',#1054,1.);
#1054 = DIRECTION('',(1.,0.));
#1055 = ( GEOMETRIC_REPRESENTATION_CONTEXT(2) 
PARAMETRIC_REPRESENTATION_CONTEXT() REPRESENTATION_CONTEXT('2D SPACE',''
  ) );
#1056 = ORIENTED_EDGE('',*,*,#1057,.T.);
#1057 = EDGE_CURVE('',#1030,#1058,#1060,.T.);
#1058 = VERTEX_POINT('',#1059);
#1059 = CARTESIAN_POINT('',(95.95,7.711883772255,24.));
#1060 = SURFACE_CURVE('',#1061,(#1066,#1077),.PCURVE_S1.);
#1061 = CIRCLE('',#1062,2.7);
#1062 = AXIS2_PLACEMENT_3D('',#1063,#1064,#1065);
#1063 = CARTESIAN_POINT('',(95.5,10.374119674649,24.));
#1064 = DIRECTION('',(-0.,0.,-1.));
#1065 = DIRECTION('',(-0.,-1.,0.));
#1066 = PCURVE('',#126,#1067);
#1067 = DEFINITIONAL_REPRESENTATION('',(#1068),#1076);
#1068 = ( BOUNDED_CURVE() B_SPLINE_CURVE(2,(#1069,#1070,#1071,#1072,
#1073,#1074,#1075),.UNSPECIFIED.,.T.,.F.) B_SPLINE_CURVE_WITH_KNOTS((1,2
    ,2,2,2,1),(-2.094395102393,0.,2.094395102393,4.188790204786,
6.28318530718,8.377580409573),.UNSPECIFIED.) CURVE() 
GEOMETRIC_REPRESENTATION_ITEM() RATIONAL_B_SPLINE_CURVE((1.,0.5,1.,0.5,
1.,0.5,1.)) REPRESENTATION_ITEM('') );
#1069 = CARTESIAN_POINT('',(46.25,-28.77588032535));
#1070 = CARTESIAN_POINT('',(41.573462819564,-28.77588032535));
#1071 = CARTESIAN_POINT('',(43.911731409782,-24.72588032535));
#1072 = CARTESIAN_POINT('',(46.25,-20.67588032535));
#1073 = CARTESIAN_POINT('',(48.588268590218,-24.72588032535));
#1074 = CARTESIAN_POINT('',(50.926537180436,-28.77588032535));
#1075 = CARTESIAN_POINT('',(46.25,-28.77588032535));
#1076 = ( GEOMETRIC_REPRESENTATION_CONTEXT(2) 
PARAMETRIC_REPRESENTATION_CONTEXT() REPRESENTATION_CONTEXT('2D SPACE',''
  ) );
#1077 = PCURVE('',#1078,#1083);
#1078 = CYLINDRICAL_SURFACE('',#1079,2.7);
#1079 = AXIS2_PLACEMENT_3D('',#1080,#1081,#1082);
#1080 = CARTESIAN_POINT('',(95.5,10.374119674649,22.));
#1081 = DIRECTION('',(-0.,0.,-1.));
#1082 = DIRECTION('',(-0.,-1.,0.));
#1083 = DEFINITIONAL_REPRESENTATION('',(#1084),#1088);
#1084 = LINE('',#1085,#1086);
#1085 = CARTESIAN_POINT('',(0.,-2.));
#1086 = VECTOR('',#1087,1.);
#1087 = DIRECTION('',(1.,0.));
#1088 = ( GEOMETRIC_REPRESENTATION_CONTEXT(2) 
PARAMETRIC_REPRESENTATION_CONTEXT() REPRESENTATION_CONTEXT('2D SPACE',''
  ) );
#1089 = ORIENTED_EDGE('',*,*,#1090,.T.);
#1090 = EDGE_CURVE('',#1058,#1091,#1093,.T.);
#1091 = VERTEX_POINT('',#1092);
#1092 = CARTESIAN_POINT('',(90.788116227745,2.55,24.));
#1093 = SURFACE_CURVE('',#1094,(#1099,#1106),.PCURVE_S1.);
#1094 = CIRCLE('',#1095,6.3);
#1095 = AXIS2_PLACEMENT_3D('',#1096,#1097,#1098);
#1096 = CARTESIAN_POINT('',(97.,1.5,24.));
#1097 = DIRECTION('',(0.,-0.,1.));
#1098 = DIRECTION('',(1.,0.,0.));
#1099 = PCURVE('',#126,#1100);
#1100 = DEFINITIONAL_REPRESENTATION('',(#1101),#1105);
#1101 = CIRCLE('',#1102,6.3);
#1102 = AXIS2_PLACEMENT_2D('',#1103,#1104);
#1103 = CARTESIAN_POINT('',(47.75,-34.95));
#1104 = DIRECTION('',(1.,0.));
#1105 = ( GEOMETRIC_REPRESENTATION_CONTEXT(2) 
PARAMETRIC_REPRESENTATION_CONTEXT() REPRESENTATION_CONTEXT('2D SPACE',''
  ) );
#1106 = PCURVE('',#1107,#1112);
#1107 = CYLINDRICAL_SURFACE('',#1108,6.3);
#1108 = AXIS2_PLACEMENT_3D('',#1109,#1110,#1111);
#1109 = CARTESIAN_POINT('',(97.,1.5,22.));
#1110 = DIRECTION('',(-0.,0.,-1.));
#1111 = DIRECTION('',(1.,0.,0.));
#1112 = DEFINITIONAL_REPRESENTATION('',(#1113),#1117);
#1113 = LINE('',#1114,#1115);
#1114 = CARTESIAN_POINT('',(-0.,-2.));
#1115 = VECTOR('',#1116,1.);
#1116 = DIRECTION('',(-1.,0.));
#1117 = ( GEOMETRIC_REPRESENTATION_CONTEXT(2) 
PARAMETRIC_REPRESENTATION_CONTEXT() REPRESENTATION_CONTEXT('2D SPACE',''
  ) );
#1118 = ORIENTED_EDGE('',*,*,#1119,.T.);
#1119 = EDGE_CURVE('',#1091,#1120,#1122,.T.);
#1120 = VERTEX_POINT('',#1121);
#1121 = CARTESIAN_POINT('',(88.125880325351,0.3,24.));
#1122 = SURFACE_CURVE('',#1123,(#1128,#1139),.PCURVE_S1.);
#1123 = CIRCLE('',#1124,2.7);
#1124 = AXIS2_PLACEMENT_3D('',#1125,#1126,#1127);
#1125 = CARTESIAN_POINT('',(88.125880325351,3.,24.));
#1126 = DIRECTION('',(-0.,0.,-1.));
#1127 = DIRECTION('',(-0.,-1.,0.));
#1128 = PCURVE('',#126,#1129);
#1129 = DEFINITIONAL_REPRESENTATION('',(#1130),#1138);
#1130 = ( BOUNDED_CURVE() B_SPLINE_CURVE(2,(#1131,#1132,#1133,#1134,
#1135,#1136,#1137),.UNSPECIFIED.,.T.,.F.) B_SPLINE_CURVE_WITH_KNOTS((1,2
    ,2,2,2,1),(-2.094395102393,0.,2.094395102393,4.188790204786,
6.28318530718,8.377580409573),.UNSPECIFIED.) CURVE() 
GEOMETRIC_REPRESENTATION_ITEM() RATIONAL_B_SPLINE_CURVE((1.,0.5,1.,0.5,
1.,0.5,1.)) REPRESENTATION_ITEM('') );
#1131 = CARTESIAN_POINT('',(38.875880325351,-36.15));
#1132 = CARTESIAN_POINT('',(34.199343144915,-36.15));
#1133 = CARTESIAN_POINT('',(36.537611735133,-32.1));
#1134 = CARTESIAN_POINT('',(38.875880325351,-28.05));
#1135 = CARTESIAN_POINT('',(41.214148915569,-32.1));
#1136 = CARTESIAN_POINT('',(43.552417505787,-36.15));
#1137 = CARTESIAN_POINT('',(38.875880325351,-36.15));
#1138 = ( GEOMETRIC_REPRESENTATION_CONTEXT(2) 
PARAMETRIC_REPRESENTATION_CONTEXT() REPRESENTATION_CONTEXT('2D SPACE',''
  ) );
#1139 = PCURVE('',#1140,#1145);
#1140 = CYLINDRICAL_SURFACE('',#1141,2.7);
#1141 = AXIS2_PLACEMENT_3D('',#1142,#1143,#1144);
#1142 = CARTESIAN_POINT('',(88.125880325351,3.,22.));
#1143 = DIRECTION('',(-0.,0.,-1.));
#1144 = DIRECTION('',(-0.,-1.,0.));
#1145 = DEFINITIONAL_REPRESENTATION('',(#1146),#1150);
#1146 = LINE('',#1147,#1148);
#1147 = CARTESIAN_POINT('',(0.,-2.));
#1148 = VECTOR('',#1149,1.);
#1149 = DIRECTION('',(1.,0.));
#1150 = ( GEOMETRIC_REPRESENTATION_CONTEXT(2) 
PARAMETRIC_REPRESENTATION_CONTEXT() REPRESENTATION_CONTEXT('2D SPACE',''
  ) );
#1151 = ORIENTED_EDGE('',*,*,#1152,.F.);
#1152 = EDGE_CURVE('',#1153,#1120,#1155,.T.);
#1153 = VERTEX_POINT('',#1154);
#1154 = CARTESIAN_POINT('',(58.124119674649,0.3,24.));
#1155 = SURFACE_CURVE('',#1156,(#1160,#1167),.PCURVE_S1.);
#1156 = LINE('',#1157,#1158);
#1157 = CARTESIAN_POINT('',(0.,0.3,24.));
#1158 = VECTOR('',#1159,1.);
#1159 = DIRECTION('',(1.,0.,-0.));
#1160 = PCURVE('',#126,#1161);
#1161 = DEFINITIONAL_REPRESENTATION('',(#1162),#1166);
#1162 = LINE('',#1163,#1164);
#1163 = CARTESIAN_POINT('',(-49.25,-36.15));
#1164 = VECTOR('',#1165,1.);
#1165 = DIRECTION('',(1.,0.));
#1166 = ( GEOMETRIC_REPRESENTATION_CONTEXT(2) 
PARAMETRIC_REPRESENTATION_CONTEXT() REPRESENTATION_CONTEXT('2D SPACE',''
  ) );
#1167 = PCURVE('',#1168,#1173);
#1168 = PLANE('',#1169);
#1169 = AXIS2_PLACEMENT_3D('',#1170,#1171,#1172);
#1170 = CARTESIAN_POINT('',(58.124119674649,0.3,22.));
#1171 = DIRECTION('',(-0.,1.,0.));
#1172 = DIRECTION('',(1.,0.,-0.));
#1173 = DEFINITIONAL_REPRESENTATION('',(#1174),#1178);
#1174 = LINE('',#1175,#1176);
#1175 = CARTESIAN_POINT('',(-58.12411967464,-2.));
#1176 = VECTOR('',#1177,1.);
#1177 = DIRECTION('',(1.,0.));
#1178 = ( GEOMETRIC_REPRESENTATION_CONTEXT(2) 
PARAMETRIC_REPRESENTATION_CONTEXT() REPRESENTATION_CONTEXT('2D SPACE',''
  ) );
#1179 = ORIENTED_EDGE('',*,*,#1180,.T.);
#1180 = EDGE_CURVE('',#1153,#1181,#1183,.T.);
#1181 = VERTEX_POINT('',#1182);
#1182 = CARTESIAN_POINT('',(55.461883772255,2.55,24.));
#1183 = SURFACE_CURVE('',#1184,(#1189,#1200),.PCURVE_S1.);
#1184 = CIRCLE('',#1185,2.7);
#1185 = AXIS2_PLACEMENT_3D('',#1186,#1187,#1188);
#1186 = CARTESIAN_POINT('',(58.124119674649,3.,24.));
#1187 = DIRECTION('',(-0.,0.,-1.));
#1188 = DIRECTION('',(-0.,-1.,0.));
#1189 = PCURVE('',#126,#1190);
#1190 = DEFINITIONAL_REPRESENTATION('',(#1191),#1199);
#1191 = ( BOUNDED_CURVE() B_SPLINE_CURVE(2,(#1192,#1193,#1194,#1195,
#1196,#1197,#1198),.UNSPECIFIED.,.T.,.F.) B_SPLINE_CURVE_WITH_KNOTS((1,2
    ,2,2,2,1),(-2.094395102393,0.,2.094395102393,4.188790204786,
6.28318530718,8.377580409573),.UNSPECIFIED.) CURVE() 
GEOMETRIC_REPRESENTATION_ITEM() RATIONAL_B_SPLINE_CURVE((1.,0.5,1.,0.5,
1.,0.5,1.)) REPRESENTATION_ITEM('') );
#1192 = CARTESIAN_POINT('',(8.874119674649,-36.15));
#1193 = CARTESIAN_POINT('',(4.197582494213,-36.15));
#1194 = CARTESIAN_POINT('',(6.535851084431,-32.1));
#1195 = CARTESIAN_POINT('',(8.874119674649,-28.05));
#1196 = CARTESIAN_POINT('',(11.212388264867,-32.1));
#1197 = CARTESIAN_POINT('',(13.550656855085,-36.15));
#1198 = CARTESIAN_POINT('',(8.874119674649,-36.15));
#1199 = ( GEOMETRIC_REPRESENTATION_CONTEXT(2) 
PARAMETRIC_REPRESENTATION_CONTEXT() REPRESENTATION_CONTEXT('2D SPACE',''
  ) );
#1200 = PCURVE('',#1201,#1206);
#1201 = CYLINDRICAL_SURFACE('',#1202,2.7);
#1202 = AXIS2_PLACEMENT_3D('',#1203,#1204,#1205);
#1203 = CARTESIAN_POINT('',(58.124119674649,3.,22.));
#1204 = DIRECTION('',(-0.,0.,-1.));
#1205 = DIRECTION('',(-0.,-1.,0.));
#1206 = DEFINITIONAL_REPRESENTATION('',(#1207),#1211);
#1207 = LINE('',#1208,#1209);
#1208 = CARTESIAN_POINT('',(0.,-2.));
#1209 = VECTOR('',#1210,1.);
#1210 = DIRECTION('',(1.,0.));
#1211 = ( GEOMETRIC_REPRESENTATION_CONTEXT(2) 
PARAMETRIC_REPRESENTATION_CONTEXT() REPRESENTATION_CONTEXT('2D SPACE',''
  ) );
#1212 = ORIENTED_EDGE('',*,*,#1213,.T.);
#1213 = EDGE_CURVE('',#1181,#1214,#1216,.T.);
#1214 = VERTEX_POINT('',#1215);
#1215 = CARTESIAN_POINT('',(43.038116227745,2.55,24.));
#1216 = SURFACE_CURVE('',#1217,(#1222,#1229),.PCURVE_S1.);
#1217 = CIRCLE('',#1218,6.3);
#1218 = AXIS2_PLACEMENT_3D('',#1219,#1220,#1221);
#1219 = CARTESIAN_POINT('',(49.25,1.5,24.));
#1220 = DIRECTION('',(0.,0.,1.));
#1221 = DIRECTION('',(0.968245836552,-0.25,0.));
#1222 = PCURVE('',#126,#1223);
#1223 = DEFINITIONAL_REPRESENTATION('',(#1224),#1228);
#1224 = CIRCLE('',#1225,6.3);
#1225 = AXIS2_PLACEMENT_2D('',#1226,#1227);
#1226 = CARTESIAN_POINT('',(-7.105427357601E-15,-34.95));
#1227 = DIRECTION('',(0.968245836552,-0.25));
#1228 = ( GEOMETRIC_REPRESENTATION_CONTEXT(2) 
PARAMETRIC_REPRESENTATION_CONTEXT() REPRESENTATION_CONTEXT('2D SPACE',''
  ) );
#1229 = PCURVE('',#1230,#1235);
#1230 = CYLINDRICAL_SURFACE('',#1231,6.3);
#1231 = AXIS2_PLACEMENT_3D('',#1232,#1233,#1234);
#1232 = CARTESIAN_POINT('',(49.25,1.5,22.));
#1233 = DIRECTION('',(-0.,-0.,-1.));
#1234 = DIRECTION('',(0.968245836552,-0.25,0.));
#1235 = DEFINITIONAL_REPRESENTATION('',(#1236),#1240);
#1236 = LINE('',#1237,#1238);
#1237 = CARTESIAN_POINT('',(-0.,-2.));
#1238 = VECTOR('',#1239,1.);
#1239 = DIRECTION('',(-1.,0.));
#1240 = ( GEOMETRIC_REPRESENTATION_CONTEXT(2) 
PARAMETRIC_REPRESENTATION_CONTEXT() REPRESENTATION_CONTEXT('2D SPACE',''
  ) );
#1241 = ORIENTED_EDGE('',*,*,#1242,.F.);
#1242 = EDGE_CURVE('',#1243,#1214,#1245,.T.);
#1243 = VERTEX_POINT('',#1244);
#1244 = CARTESIAN_POINT('',(40.375880325351,0.3,24.));
#1245 = SURFACE_CURVE('',#1246,(#1251,#1258),.PCURVE_S1.);
#1246 = CIRCLE('',#1247,2.7);
#1247 = AXIS2_PLACEMENT_3D('',#1248,#1249,#1250);
#1248 = CARTESIAN_POINT('',(40.375880325351,3.,24.));
#1249 = DIRECTION('',(0.,0.,1.));
#1250 = DIRECTION('',(0.,-1.,0.));
#1251 = PCURVE('',#126,#1252);
#1252 = DEFINITIONAL_REPRESENTATION('',(#1253),#1257);
#1253 = CIRCLE('',#1254,2.7);
#1254 = AXIS2_PLACEMENT_2D('',#1255,#1256);
#1255 = CARTESIAN_POINT('',(-8.874119674649,-33.45));
#1256 = DIRECTION('',(0.,-1.));
#1257 = ( GEOMETRIC_REPRESENTATION_CONTEXT(2) 
PARAMETRIC_REPRESENTATION_CONTEXT() REPRESENTATION_CONTEXT('2D SPACE',''
  ) );
#1258 = PCURVE('',#1259,#1264);
#1259 = CYLINDRICAL_SURFACE('',#1260,2.7);
#1260 = AXIS2_PLACEMENT_3D('',#1261,#1262,#1263);
#1261 = CARTESIAN_POINT('',(40.375880325351,3.,22.));
#1262 = DIRECTION('',(-0.,-0.,-1.));
#1263 = DIRECTION('',(0.,-1.,0.));
#1264 = DEFINITIONAL_REPRESENTATION('',(#1265),#1269);
#1265 = LINE('',#1266,#1267);
#1266 = CARTESIAN_POINT('',(-0.,-2.));
#1267 = VECTOR('',#1268,1.);
#1268 = DIRECTION('',(-1.,0.));
#1269 = ( GEOMETRIC_REPRESENTATION_CONTEXT(2) 
PARAMETRIC_REPRESENTATION_CONTEXT() REPRESENTATION_CONTEXT('2D SPACE',''
  ) );
#1270 = ORIENTED_EDGE('',*,*,#1271,.F.);
#1271 = EDGE_CURVE('',#564,#1243,#1272,.T.);
#1272 = SURFACE_CURVE('',#1273,(#1277,#1284),.PCURVE_S1.);
#1273 = LINE('',#1274,#1275);
#1274 = CARTESIAN_POINT('',(0.,0.3,24.));
#1275 = VECTOR('',#1276,1.);
#1276 = DIRECTION('',(1.,0.,-0.));
#1277 = PCURVE('',#126,#1278);
#1278 = DEFINITIONAL_REPRESENTATION('',(#1279),#1283);
#1279 = LINE('',#1280,#1281);
#1280 = CARTESIAN_POINT('',(-49.25,-36.15));
#1281 = VECTOR('',#1282,1.);
#1282 = DIRECTION('',(1.,0.));
#1283 = ( GEOMETRIC_REPRESENTATION_CONTEXT(2) 
PARAMETRIC_REPRESENTATION_CONTEXT() REPRESENTATION_CONTEXT('2D SPACE',''
  ) );
#1284 = PCURVE('',#1285,#1290);
#1285 = PLANE('',#1286);
#1286 = AXIS2_PLACEMENT_3D('',#1287,#1288,#1289);
#1287 = CARTESIAN_POINT('',(10.374119674649,0.3,22.));
#1288 = DIRECTION('',(-0.,1.,0.));
#1289 = DIRECTION('',(1.,0.,-0.));
#1290 = DEFINITIONAL_REPRESENTATION('',(#1291),#1295);
#1291 = LINE('',#1292,#1293);
#1292 = CARTESIAN_POINT('',(-10.37411967464,-2.));
#1293 = VECTOR('',#1294,1.);
#1294 = DIRECTION('',(1.,0.));
#1295 = ( GEOMETRIC_REPRESENTATION_CONTEXT(2) 
PARAMETRIC_REPRESENTATION_CONTEXT() REPRESENTATION_CONTEXT('2D SPACE',''
  ) );
#1296 = FACE_BOUND('',#1297,.F.);
#1297 = EDGE_LOOP('',(#1298));
#1298 = ORIENTED_EDGE('',*,*,#1299,.F.);
#1299 = EDGE_CURVE('',#1300,#1300,#1302,.T.);
#1300 = VERTEX_POINT('',#1301);
#1301 = CARTESIAN_POINT('',(3.2,71.4,24.));
#1302 = SURFACE_CURVE('',#1303,(#1308,#1315),.PCURVE_S1.);
#1303 = CIRCLE('',#1304,1.7);
#1304 = AXIS2_PLACEMENT_3D('',#1305,#1306,#1307);
#1305 = CARTESIAN_POINT('',(1.5,71.4,24.));
#1306 = DIRECTION('',(0.,0.,1.));
#1307 = DIRECTION('',(1.,0.,-0.));
#1308 = PCURVE('',#126,#1309);
#1309 = DEFINITIONAL_REPRESENTATION('',(#1310),#1314);
#1310 = CIRCLE('',#1311,1.7);
#1311 = AXIS2_PLACEMENT_2D('',#1312,#1313);
#1312 = CARTESIAN_POINT('',(-47.75,34.95));
#1313 = DIRECTION('',(1.,0.));
#1314 = ( GEOMETRIC_REPRESENTATION_CONTEXT(2) 
PARAMETRIC_REPRESENTATION_CONTEXT() REPRESENTATION_CONTEXT('2D SPACE',''
  ) );
#1315 = PCURVE('',#1316,#1321);
#1316 = CYLINDRICAL_SURFACE('',#1317,1.7);
#1317 = AXIS2_PLACEMENT_3D('',#1318,#1319,#1320);
#1318 = CARTESIAN_POINT('',(1.5,71.4,23.));
#1319 = DIRECTION('',(0.,0.,1.));
#1320 = DIRECTION('',(1.,0.,-0.));
#1321 = DEFINITIONAL_REPRESENTATION('',(#1322),#1326);
#1322 = LINE('',#1323,#1324);
#1323 = CARTESIAN_POINT('',(0.,1.));
#1324 = VECTOR('',#1325,1.);
#1325 = DIRECTION('',(1.,0.));
#1326 = ( GEOMETRIC_REPRESENTATION_CONTEXT(2) 
PARAMETRIC_REPRESENTATION_CONTEXT() REPRESENTATION_CONTEXT('2D SPACE',''
  ) );
#1327 = FACE_BOUND('',#1328,.F.);
#1328 = EDGE_LOOP('',(#1329));
#1329 = ORIENTED_EDGE('',*,*,#1330,.F.);
#1330 = EDGE_CURVE('',#1331,#1331,#1333,.T.);
#1331 = VERTEX_POINT('',#1332);
#1332 = CARTESIAN_POINT('',(50.95,71.4,24.));
#1333 = SURFACE_CURVE('',#1334,(#1339,#1346),.PCURVE_S1.);
#1334 = CIRCLE('',#1335,1.7);
#1335 = AXIS2_PLACEMENT_3D('',#1336,#1337,#1338);
#1336 = CARTESIAN_POINT('',(49.25,71.4,24.));
#1337 = DIRECTION('',(0.,0.,1.));
#1338 = DIRECTION('',(1.,0.,-0.));
#1339 = PCURVE('',#126,#1340);
#1340 = DEFINITIONAL_REPRESENTATION('',(#1341),#1345);
#1341 = CIRCLE('',#1342,1.7);
#1342 = AXIS2_PLACEMENT_2D('',#1343,#1344);
#1343 = CARTESIAN_POINT('',(-7.105427357601E-15,34.95));
#1344 = DIRECTION('',(1.,0.));
#1345 = ( GEOMETRIC_REPRESENTATION_CONTEXT(2) 
PARAMETRIC_REPRESENTATION_CONTEXT() REPRESENTATION_CONTEXT('2D SPACE',''
  ) );
#1346 = PCURVE('',#1347,#1352);
#1347 = CYLINDRICAL_SURFACE('',#1348,1.7);
#1348 = AXIS2_PLACEMENT_3D('',#1349,#1350,#1351);
#1349 = CARTESIAN_POINT('',(49.25,71.4,23.));
#1350 = DIRECTION('',(0.,0.,1.));
#1351 = DIRECTION('',(1.,0.,-0.));
#1352 = DEFINITIONAL_REPRESENTATION('',(#1353),#1357);
#1353 = LINE('',#1354,#1355);
#1354 = CARTESIAN_POINT('',(0.,1.));
#1355 = VECTOR('',#1356,1.);
#1356 = DIRECTION('',(1.,0.));
#1357 = ( GEOMETRIC_REPRESENTATION_CONTEXT(2) 
PARAMETRIC_REPRESENTATION_CONTEXT() REPRESENTATION_CONTEXT('2D SPACE',''
  ) );
#1358 = FACE_BOUND('',#1359,.F.);
#1359 = EDGE_LOOP('',(#1360));
#1360 = ORIENTED_EDGE('',*,*,#1361,.F.);
#1361 = EDGE_CURVE('',#1362,#1362,#1364,.T.);
#1362 = VERTEX_POINT('',#1363);
#1363 = CARTESIAN_POINT('',(98.7,71.4,24.));
#1364 = SURFACE_CURVE('',#1365,(#1370,#1377),.PCURVE_S1.);
#1365 = CIRCLE('',#1366,1.7);
#1366 = AXIS2_PLACEMENT_3D('',#1367,#1368,#1369);
#1367 = CARTESIAN_POINT('',(97.,71.4,24.));
#1368 = DIRECTION('',(0.,0.,1.));
#1369 = DIRECTION('',(1.,0.,-0.));
#1370 = PCURVE('',#126,#1371);
#1371 = DEFINITIONAL_REPRESENTATION('',(#1372),#1376);
#1372 = CIRCLE('',#1373,1.7);
#1373 = AXIS2_PLACEMENT_2D('',#1374,#1375);
#1374 = CARTESIAN_POINT('',(47.75,34.95));
#1375 = DIRECTION('',(1.,0.));
#1376 = ( GEOMETRIC_REPRESENTATION_CONTEXT(2) 
PARAMETRIC_REPRESENTATION_CONTEXT() REPRESENTATION_CONTEXT('2D SPACE',''
  ) );
#1377 = PCURVE('',#1378,#1383);
#1378 = CYLINDRICAL_SURFACE('',#1379,1.7);
#1379 = AXIS2_PLACEMENT_3D('',#1380,#1381,#1382);
#1380 = CARTESIAN_POINT('',(97.,71.4,23.));
#1381 = DIRECTION('',(0.,0.,1.));
#1382 = DIRECTION('',(1.,0.,-0.));
#1383 = DEFINITIONAL_REPRESENTATION('',(#1384),#1388);
#1384 = LINE('',#1385,#1386);
#1385 = CARTESIAN_POINT('',(0.,1.));
#1386 = VECTOR('',#1387,1.);
#1387 = DIRECTION('',(1.,0.));
#1388 = ( GEOMETRIC_REPRESENTATION_CONTEXT(2) 
PARAMETRIC_REPRESENTATION_CONTEXT() REPRESENTATION_CONTEXT('2D SPACE',''
  ) );
#1389 = ADVANCED_FACE('',(#1390),#100,.T.);
#1390 = FACE_BOUND('',#1391,.T.);
#1391 = EDGE_LOOP('',(#1392,#1393,#1394,#1417));
#1392 = ORIENTED_EDGE('',*,*,#84,.F.);
#1393 = ORIENTED_EDGE('',*,*,#308,.T.);
#1394 = ORIENTED_EDGE('',*,*,#1395,.T.);
#1395 = EDGE_CURVE('',#309,#1396,#1398,.T.);
#1396 = VERTEX_POINT('',#1397);
#1397 = CARTESIAN_POINT('',(102.5,3.,25.7));
#1398 = SURFACE_CURVE('',#1399,(#1403,#1410),.PCURVE_S1.);
#1399 = LINE('',#1400,#1401);
#1400 = CARTESIAN_POINT('',(102.5,3.,24.));
#1401 = VECTOR('',#1402,1.);
#1402 = DIRECTION('',(0.,0.,1.));
#1403 = PCURVE('',#100,#1404);
#1404 = DEFINITIONAL_REPRESENTATION('',(#1405),#1409);
#1405 = LINE('',#1406,#1407);
#1406 = CARTESIAN_POINT('',(1.570796326795,0.));
#1407 = VECTOR('',#1408,1.);
#1408 = DIRECTION('',(0.,1.));
#1409 = ( GEOMETRIC_REPRESENTATION_CONTEXT(2) 
PARAMETRIC_REPRESENTATION_CONTEXT() REPRESENTATION_CONTEXT('2D SPACE',''
  ) );
#1410 = PCURVE('',#348,#1411);
#1411 = DEFINITIONAL_REPRESENTATION('',(#1412),#1416);
#1412 = LINE('',#1413,#1414);
#1413 = CARTESIAN_POINT('',(7.,0.));
#1414 = VECTOR('',#1415,1.);
#1415 = DIRECTION('',(0.,-1.));
#1416 = ( GEOMETRIC_REPRESENTATION_CONTEXT(2) 
PARAMETRIC_REPRESENTATION_CONTEXT() REPRESENTATION_CONTEXT('2D SPACE',''
  ) );
#1417 = ORIENTED_EDGE('',*,*,#1418,.F.);
#1418 = EDGE_CURVE('',#57,#1396,#1419,.T.);
#1419 = SURFACE_CURVE('',#1420,(#1425,#1432),.PCURVE_S1.);
#1420 = CIRCLE('',#1421,7.);
#1421 = AXIS2_PLACEMENT_3D('',#1422,#1423,#1424);
#1422 = CARTESIAN_POINT('',(95.5,3.,25.7));
#1423 = DIRECTION('',(0.,0.,1.));
#1424 = DIRECTION('',(0.,-1.,0.));
#1425 = PCURVE('',#100,#1426);
#1426 = DEFINITIONAL_REPRESENTATION('',(#1427),#1431);
#1427 = LINE('',#1428,#1429);
#1428 = CARTESIAN_POINT('',(0.,1.7));
#1429 = VECTOR('',#1430,1.);
#1430 = DIRECTION('',(1.,0.));
#1431 = ( GEOMETRIC_REPRESENTATION_CONTEXT(2) 
PARAMETRIC_REPRESENTATION_CONTEXT() REPRESENTATION_CONTEXT('2D SPACE',''
  ) );
#1432 = PCURVE('',#292,#1433);
#1433 = DEFINITIONAL_REPRESENTATION('',(#1434),#1438);
#1434 = LINE('',#1435,#1436);
#1435 = CARTESIAN_POINT('',(0.,0.));
#1436 = VECTOR('',#1437,1.);
#1437 = DIRECTION('',(1.,0.));
#1438 = ( GEOMETRIC_REPRESENTATION_CONTEXT(2) 
PARAMETRIC_REPRESENTATION_CONTEXT() REPRESENTATION_CONTEXT('2D SPACE',''
  ) );
#1439 = ADVANCED_FACE('',(#1440),#213,.T.);
#1440 = FACE_BOUND('',#1441,.T.);
#1441 = EDGE_LOOP('',(#1442,#1469,#1470,#1471));
#1442 = ORIENTED_EDGE('',*,*,#1443,.F.);
#1443 = EDGE_CURVE('',#171,#1444,#1446,.T.);
#1444 = VERTEX_POINT('',#1445);
#1445 = CARTESIAN_POINT('',(-2.5,3.,27.2));
#1446 = SURFACE_CURVE('',#1447,(#1452,#1458),.PCURVE_S1.);
#1447 = CIRCLE('',#1448,1.5);
#1448 = AXIS2_PLACEMENT_3D('',#1449,#1450,#1451);
#1449 = CARTESIAN_POINT('',(-2.5,3.,25.7));
#1450 = DIRECTION('',(-0.,1.,0.));
#1451 = DIRECTION('',(-1.,-0.,0.));
#1452 = PCURVE('',#213,#1453);
#1453 = DEFINITIONAL_REPRESENTATION('',(#1454),#1457);
#1454 = B_SPLINE_CURVE_WITH_KNOTS('',1,(#1455,#1456),.UNSPECIFIED.,.F.,
  .F.,(2,2),(0.,1.570796326795),.PIECEWISE_BEZIER_KNOTS.);
#1455 = CARTESIAN_POINT('',(0.,0.));
#1456 = CARTESIAN_POINT('',(0.,1.570796326795));
#1457 = ( GEOMETRIC_REPRESENTATION_CONTEXT(2) 
PARAMETRIC_REPRESENTATION_CONTEXT() REPRESENTATION_CONTEXT('2D SPACE',''
  ) );
#1458 = PCURVE('',#1459,#1464);
#1459 = CYLINDRICAL_SURFACE('',#1460,1.5);
#1460 = AXIS2_PLACEMENT_3D('',#1461,#1462,#1463);
#1461 = CARTESIAN_POINT('',(-2.5,69.9,25.7));
#1462 = DIRECTION('',(0.,-1.,0.));
#1463 = DIRECTION('',(-1.,-0.,0.));
#1464 = DEFINITIONAL_REPRESENTATION('',(#1465),#1468);
#1465 = B_SPLINE_CURVE_WITH_KNOTS('',1,(#1466,#1467),.UNSPECIFIED.,.F.,
  .F.,(2,2),(0.,1.570796326795),.PIECEWISE_BEZIER_KNOTS.);
#1466 = CARTESIAN_POINT('',(0.,66.9));
#1467 = CARTESIAN_POINT('',(-1.570796326795,66.9));
#1468 = ( GEOMETRIC_REPRESENTATION_CONTEXT(2) 
PARAMETRIC_REPRESENTATION_CONTEXT() REPRESENTATION_CONTEXT('2D SPACE',''
  ) );
#1469 = ORIENTED_EDGE('',*,*,#198,.T.);
#1470 = ORIENTED_EDGE('',*,*,#228,.T.);
#1471 = ORIENTED_EDGE('',*,*,#1472,.F.);
#1472 = EDGE_CURVE('',#1444,#229,#1473,.T.);
#1473 = SURFACE_CURVE('',#1474,(#1479,#1486),.PCURVE_S1.);
#1474 = CIRCLE('',#1475,5.5);
#1475 = AXIS2_PLACEMENT_3D('',#1476,#1477,#1478);
#1476 = CARTESIAN_POINT('',(3.,3.,27.2));
#1477 = DIRECTION('',(0.,0.,1.));
#1478 = DIRECTION('',(-1.,-1.903239470786E-16,0.));
#1479 = PCURVE('',#213,#1480);
#1480 = DEFINITIONAL_REPRESENTATION('',(#1481),#1485);
#1481 = LINE('',#1482,#1483);
#1482 = CARTESIAN_POINT('',(0.,1.570796326795));
#1483 = VECTOR('',#1484,1.);
#1484 = DIRECTION('',(1.,0.));
#1485 = ( GEOMETRIC_REPRESENTATION_CONTEXT(2) 
PARAMETRIC_REPRESENTATION_CONTEXT() REPRESENTATION_CONTEXT('2D SPACE',''
  ) );
#1486 = PCURVE('',#266,#1487);
#1487 = DEFINITIONAL_REPRESENTATION('',(#1488),#1492);
#1488 = CIRCLE('',#1489,5.5);
#1489 = AXIS2_PLACEMENT_2D('',#1490,#1491);
#1490 = CARTESIAN_POINT('',(-46.25,-33.45));
#1491 = DIRECTION('',(-1.,0.));
#1492 = ( GEOMETRIC_REPRESENTATION_CONTEXT(2) 
PARAMETRIC_REPRESENTATION_CONTEXT() REPRESENTATION_CONTEXT('2D SPACE',''
  ) );
#1493 = ADVANCED_FACE('',(#1494),#186,.F.);
#1494 = FACE_BOUND('',#1495,.F.);
#1495 = EDGE_LOOP('',(#1496,#1519,#1540,#1541));
#1496 = ORIENTED_EDGE('',*,*,#1497,.T.);
#1497 = EDGE_CURVE('',#418,#1498,#1500,.T.);
#1498 = VERTEX_POINT('',#1499);
#1499 = CARTESIAN_POINT('',(-4.,69.9,25.7));
#1500 = SURFACE_CURVE('',#1501,(#1505,#1512),.PCURVE_S1.);
#1501 = LINE('',#1502,#1503);
#1502 = CARTESIAN_POINT('',(-4.,69.9,24.));
#1503 = VECTOR('',#1504,1.);
#1504 = DIRECTION('',(0.,0.,1.));
#1505 = PCURVE('',#186,#1506);
#1506 = DEFINITIONAL_REPRESENTATION('',(#1507),#1511);
#1507 = LINE('',#1508,#1509);
#1508 = CARTESIAN_POINT('',(7.,0.));
#1509 = VECTOR('',#1510,1.);
#1510 = DIRECTION('',(0.,-1.));
#1511 = ( GEOMETRIC_REPRESENTATION_CONTEXT(2) 
PARAMETRIC_REPRESENTATION_CONTEXT() REPRESENTATION_CONTEXT('2D SPACE',''
  ) );
#1512 = PCURVE('',#434,#1513);
#1513 = DEFINITIONAL_REPRESENTATION('',(#1514),#1518);
#1514 = LINE('',#1515,#1516);
#1515 = CARTESIAN_POINT('',(1.570796326795,0.));
#1516 = VECTOR('',#1517,1.);
#1517 = DIRECTION('',(0.,1.));
#1518 = ( GEOMETRIC_REPRESENTATION_CONTEXT(2) 
PARAMETRIC_REPRESENTATION_CONTEXT() REPRESENTATION_CONTEXT('2D SPACE',''
  ) );
#1519 = ORIENTED_EDGE('',*,*,#1520,.T.);
#1520 = EDGE_CURVE('',#1498,#171,#1521,.T.);
#1521 = SURFACE_CURVE('',#1522,(#1526,#1533),.PCURVE_S1.);
#1522 = LINE('',#1523,#1524);
#1523 = CARTESIAN_POINT('',(-4.,69.9,25.7));
#1524 = VECTOR('',#1525,1.);
#1525 = DIRECTION('',(0.,-1.,0.));
#1526 = PCURVE('',#186,#1527);
#1527 = DEFINITIONAL_REPRESENTATION('',(#1528),#1532);
#1528 = LINE('',#1529,#1530);
#1529 = CARTESIAN_POINT('',(7.,-1.7));
#1530 = VECTOR('',#1531,1.);
#1531 = DIRECTION('',(1.,0.));
#1532 = ( GEOMETRIC_REPRESENTATION_CONTEXT(2) 
PARAMETRIC_REPRESENTATION_CONTEXT() REPRESENTATION_CONTEXT('2D SPACE',''
  ) );
#1533 = PCURVE('',#1459,#1534);
#1534 = DEFINITIONAL_REPRESENTATION('',(#1535),#1539);
#1535 = LINE('',#1536,#1537);
#1536 = CARTESIAN_POINT('',(-0.,0.));
#1537 = VECTOR('',#1538,1.);
#1538 = DIRECTION('',(-0.,1.));
#1539 = ( GEOMETRIC_REPRESENTATION_CONTEXT(2) 
PARAMETRIC_REPRESENTATION_CONTEXT() REPRESENTATION_CONTEXT('2D SPACE',''
  ) );
#1540 = ORIENTED_EDGE('',*,*,#170,.F.);
#1541 = ORIENTED_EDGE('',*,*,#446,.F.);
#1542 = ADVANCED_FACE('',(#1543,#1706,#1737,#1768,#1799,#2480,#2690,
    #3004,#3412,#4004,#4685,#4716,#4747),#266,.T.);
#1543 = FACE_BOUND('',#1544,.T.);
#1544 = EDGE_LOOP('',(#1545,#1546,#1570,#1598,#1627,#1655,#1684,#1705));
#1545 = ORIENTED_EDGE('',*,*,#250,.T.);
#1546 = ORIENTED_EDGE('',*,*,#1547,.T.);
#1547 = EDGE_CURVE('',#251,#1548,#1550,.T.);
#1548 = VERTEX_POINT('',#1549);
#1549 = CARTESIAN_POINT('',(101.,3.,27.2));
#1550 = SURFACE_CURVE('',#1551,(#1556,#1563),.PCURVE_S1.);
#1551 = CIRCLE('',#1552,5.5);
#1552 = AXIS2_PLACEMENT_3D('',#1553,#1554,#1555);
#1553 = CARTESIAN_POINT('',(95.5,3.,27.2));
#1554 = DIRECTION('',(0.,0.,1.));
#1555 = DIRECTION('',(0.,-1.,0.));
#1556 = PCURVE('',#266,#1557);
#1557 = DEFINITIONAL_REPRESENTATION('',(#1558),#1562);
#1558 = CIRCLE('',#1559,5.5);
#1559 = AXIS2_PLACEMENT_2D('',#1560,#1561);
#1560 = CARTESIAN_POINT('',(46.25,-33.45));
#1561 = DIRECTION('',(0.,-1.));
#1562 = ( GEOMETRIC_REPRESENTATION_CONTEXT(2) 
PARAMETRIC_REPRESENTATION_CONTEXT() REPRESENTATION_CONTEXT('2D SPACE',''
  ) );
#1563 = PCURVE('',#292,#1564);
#1564 = DEFINITIONAL_REPRESENTATION('',(#1565),#1569);
#1565 = LINE('',#1566,#1567);
#1566 = CARTESIAN_POINT('',(0.,1.570796326795));
#1567 = VECTOR('',#1568,1.);
#1568 = DIRECTION('',(1.,0.));
#1569 = ( GEOMETRIC_REPRESENTATION_CONTEXT(2) 
PARAMETRIC_REPRESENTATION_CONTEXT() REPRESENTATION_CONTEXT('2D SPACE',''
  ) );
#1570 = ORIENTED_EDGE('',*,*,#1571,.T.);
#1571 = EDGE_CURVE('',#1548,#1572,#1574,.T.);
#1572 = VERTEX_POINT('',#1573);
#1573 = CARTESIAN_POINT('',(101.,69.9,27.2));
#1574 = SURFACE_CURVE('',#1575,(#1579,#1586),.PCURVE_S1.);
#1575 = LINE('',#1576,#1577);
#1576 = CARTESIAN_POINT('',(101.,3.,27.2));
#1577 = VECTOR('',#1578,1.);
#1578 = DIRECTION('',(0.,1.,0.));
#1579 = PCURVE('',#266,#1580);
#1580 = DEFINITIONAL_REPRESENTATION('',(#1581),#1585);
#1581 = LINE('',#1582,#1583);
#1582 = CARTESIAN_POINT('',(51.75,-33.45));
#1583 = VECTOR('',#1584,1.);
#1584 = DIRECTION('',(0.,1.));
#1585 = ( GEOMETRIC_REPRESENTATION_CONTEXT(2) 
PARAMETRIC_REPRESENTATION_CONTEXT() REPRESENTATION_CONTEXT('2D SPACE',''
  ) );
#1586 = PCURVE('',#1587,#1592);
#1587 = CYLINDRICAL_SURFACE('',#1588,1.5);
#1588 = AXIS2_PLACEMENT_3D('',#1589,#1590,#1591);
#1589 = CARTESIAN_POINT('',(101.,3.,25.7));
#1590 = DIRECTION('',(0.,1.,0.));
#1591 = DIRECTION('',(1.,0.,-0.));
#1592 = DEFINITIONAL_REPRESENTATION('',(#1593),#1597);
#1593 = LINE('',#1594,#1595);
#1594 = CARTESIAN_POINT('',(-1.570796326795,0.));
#1595 = VECTOR('',#1596,1.);
#1596 = DIRECTION('',(-0.,1.));
#1597 = ( GEOMETRIC_REPRESENTATION_CONTEXT(2) 
PARAMETRIC_REPRESENTATION_CONTEXT() REPRESENTATION_CONTEXT('2D SPACE',''
  ) );
#1598 = ORIENTED_EDGE('',*,*,#1599,.T.);
#1599 = EDGE_CURVE('',#1572,#1600,#1602,.T.);
#1600 = VERTEX_POINT('',#1601);
#1601 = CARTESIAN_POINT('',(95.5,75.4,27.2));
#1602 = SURFACE_CURVE('',#1603,(#1608,#1615),.PCURVE_S1.);
#1603 = CIRCLE('',#1604,5.5);
#1604 = AXIS2_PLACEMENT_3D('',#1605,#1606,#1607);
#1605 = CARTESIAN_POINT('',(95.5,69.9,27.2));
#1606 = DIRECTION('',(0.,0.,1.));
#1607 = DIRECTION('',(1.,0.,-0.));
#1608 = PCURVE('',#266,#1609);
#1609 = DEFINITIONAL_REPRESENTATION('',(#1610),#1614);
#1610 = CIRCLE('',#1611,5.5);
#1611 = AXIS2_PLACEMENT_2D('',#1612,#1613);
#1612 = CARTESIAN_POINT('',(46.25,33.45));
#1613 = DIRECTION('',(1.,0.));
#1614 = ( GEOMETRIC_REPRESENTATION_CONTEXT(2) 
PARAMETRIC_REPRESENTATION_CONTEXT() REPRESENTATION_CONTEXT('2D SPACE',''
  ) );
#1615 = PCURVE('',#1616,#1621);
#1616 = TOROIDAL_SURFACE('',#1617,5.5,1.5);
#1617 = AXIS2_PLACEMENT_3D('',#1618,#1619,#1620);
#1618 = CARTESIAN_POINT('',(95.5,69.9,25.7));
#1619 = DIRECTION('',(0.,0.,1.));
#1620 = DIRECTION('',(1.,0.,-0.));
#1621 = DEFINITIONAL_REPRESENTATION('',(#1622),#1626);
#1622 = LINE('',#1623,#1624);
#1623 = CARTESIAN_POINT('',(0.,1.570796326795));
#1624 = VECTOR('',#1625,1.);
#1625 = DIRECTION('',(1.,0.));
#1626 = ( GEOMETRIC_REPRESENTATION_CONTEXT(2) 
PARAMETRIC_REPRESENTATION_CONTEXT() REPRESENTATION_CONTEXT('2D SPACE',''
  ) );
#1627 = ORIENTED_EDGE('',*,*,#1628,.T.);
#1628 = EDGE_CURVE('',#1600,#1629,#1631,.T.);
#1629 = VERTEX_POINT('',#1630);
#1630 = CARTESIAN_POINT('',(3.,75.4,27.2));
#1631 = SURFACE_CURVE('',#1632,(#1636,#1643),.PCURVE_S1.);
#1632 = LINE('',#1633,#1634);
#1633 = CARTESIAN_POINT('',(95.5,75.4,27.2));
#1634 = VECTOR('',#1635,1.);
#1635 = DIRECTION('',(-1.,0.,0.));
#1636 = PCURVE('',#266,#1637);
#1637 = DEFINITIONAL_REPRESENTATION('',(#1638),#1642);
#1638 = LINE('',#1639,#1640);
#1639 = CARTESIAN_POINT('',(46.25,38.95));
#1640 = VECTOR('',#1641,1.);
#1641 = DIRECTION('',(-1.,0.));
#1642 = ( GEOMETRIC_REPRESENTATION_CONTEXT(2) 
PARAMETRIC_REPRESENTATION_CONTEXT() REPRESENTATION_CONTEXT('2D SPACE',''
  ) );
#1643 = PCURVE('',#1644,#1649);
#1644 = CYLINDRICAL_SURFACE('',#1645,1.5);
#1645 = AXIS2_PLACEMENT_3D('',#1646,#1647,#1648);
#1646 = CARTESIAN_POINT('',(95.5,75.4,25.7));
#1647 = DIRECTION('',(-1.,0.,0.));
#1648 = DIRECTION('',(0.,1.,-0.));
#1649 = DEFINITIONAL_REPRESENTATION('',(#1650),#1654);
#1650 = LINE('',#1651,#1652);
#1651 = CARTESIAN_POINT('',(-1.570796326795,0.));
#1652 = VECTOR('',#1653,1.);
#1653 = DIRECTION('',(-0.,1.));
#1654 = ( GEOMETRIC_REPRESENTATION_CONTEXT(2) 
PARAMETRIC_REPRESENTATION_CONTEXT() REPRESENTATION_CONTEXT('2D SPACE',''
  ) );
#1655 = ORIENTED_EDGE('',*,*,#1656,.T.);
#1656 = EDGE_CURVE('',#1629,#1657,#1659,.T.);
#1657 = VERTEX_POINT('',#1658);
#1658 = CARTESIAN_POINT('',(-2.5,69.9,27.2));
#1659 = SURFACE_CURVE('',#1660,(#1665,#1672),.PCURVE_S1.);
#1660 = CIRCLE('',#1661,5.5);
#1661 = AXIS2_PLACEMENT_3D('',#1662,#1663,#1664);
#1662 = CARTESIAN_POINT('',(3.,69.9,27.2));
#1663 = DIRECTION('',(0.,0.,1.));
#1664 = DIRECTION('',(-1.268826313857E-16,1.,0.));
#1665 = PCURVE('',#266,#1666);
#1666 = DEFINITIONAL_REPRESENTATION('',(#1667),#1671);
#1667 = CIRCLE('',#1668,5.5);
#1668 = AXIS2_PLACEMENT_2D('',#1669,#1670);
#1669 = CARTESIAN_POINT('',(-46.25,33.45));
#1670 = DIRECTION('',(0.,1.));
#1671 = ( GEOMETRIC_REPRESENTATION_CONTEXT(2) 
PARAMETRIC_REPRESENTATION_CONTEXT() REPRESENTATION_CONTEXT('2D SPACE',''
  ) );
#1672 = PCURVE('',#1673,#1678);
#1673 = TOROIDAL_SURFACE('',#1674,5.5,1.5);
#1674 = AXIS2_PLACEMENT_3D('',#1675,#1676,#1677);
#1675 = CARTESIAN_POINT('',(3.,69.9,25.7));
#1676 = DIRECTION('',(0.,0.,1.));
#1677 = DIRECTION('',(-1.268826313857E-16,1.,0.));
#1678 = DEFINITIONAL_REPRESENTATION('',(#1679),#1683);
#1679 = LINE('',#1680,#1681);
#1680 = CARTESIAN_POINT('',(0.,1.570796326795));
#1681 = VECTOR('',#1682,1.);
#1682 = DIRECTION('',(1.,0.));
#1683 = ( GEOMETRIC_REPRESENTATION_CONTEXT(2) 
PARAMETRIC_REPRESENTATION_CONTEXT() REPRESENTATION_CONTEXT('2D SPACE',''
  ) );
#1684 = ORIENTED_EDGE('',*,*,#1685,.T.);
#1685 = EDGE_CURVE('',#1657,#1444,#1686,.T.);
#1686 = SURFACE_CURVE('',#1687,(#1691,#1698),.PCURVE_S1.);
#1687 = LINE('',#1688,#1689);
#1688 = CARTESIAN_POINT('',(-2.5,69.9,27.2));
#1689 = VECTOR('',#1690,1.);
#1690 = DIRECTION('',(0.,-1.,0.));
#1691 = PCURVE('',#266,#1692);
#1692 = DEFINITIONAL_REPRESENTATION('',(#1693),#1697);
#1693 = LINE('',#1694,#1695);
#1694 = CARTESIAN_POINT('',(-51.75,33.45));
#1695 = VECTOR('',#1696,1.);
#1696 = DIRECTION('',(0.,-1.));
#1697 = ( GEOMETRIC_REPRESENTATION_CONTEXT(2) 
PARAMETRIC_REPRESENTATION_CONTEXT() REPRESENTATION_CONTEXT('2D SPACE',''
  ) );
#1698 = PCURVE('',#1459,#1699);
#1699 = DEFINITIONAL_REPRESENTATION('',(#1700),#1704);
#1700 = LINE('',#1701,#1702);
#1701 = CARTESIAN_POINT('',(-1.570796326795,0.));
#1702 = VECTOR('',#1703,1.);
#1703 = DIRECTION('',(-0.,1.));
#1704 = ( GEOMETRIC_REPRESENTATION_CONTEXT(2) 
PARAMETRIC_REPRESENTATION_CONTEXT() REPRESENTATION_CONTEXT('2D SPACE',''
  ) );
#1705 = ORIENTED_EDGE('',*,*,#1472,.T.);
#1706 = FACE_BOUND('',#1707,.T.);
#1707 = EDGE_LOOP('',(#1708));
#1708 = ORIENTED_EDGE('',*,*,#1709,.F.);
#1709 = EDGE_CURVE('',#1710,#1710,#1712,.T.);
#1710 = VERTEX_POINT('',#1711);
#1711 = CARTESIAN_POINT('',(4.7,1.5,27.2));
#1712 = SURFACE_CURVE('',#1713,(#1718,#1725),.PCURVE_S1.);
#1713 = CIRCLE('',#1714,3.2);
#1714 = AXIS2_PLACEMENT_3D('',#1715,#1716,#1717);
#1715 = CARTESIAN_POINT('',(1.5,1.5,27.2));
#1716 = DIRECTION('',(0.,0.,1.));
#1717 = DIRECTION('',(1.,0.,-0.));
#1718 = PCURVE('',#266,#1719);
#1719 = DEFINITIONAL_REPRESENTATION('',(#1720),#1724);
#1720 = CIRCLE('',#1721,3.2);
#1721 = AXIS2_PLACEMENT_2D('',#1722,#1723);
#1722 = CARTESIAN_POINT('',(-47.75,-34.95));
#1723 = DIRECTION('',(1.,0.));
#1724 = ( GEOMETRIC_REPRESENTATION_CONTEXT(2) 
PARAMETRIC_REPRESENTATION_CONTEXT() REPRESENTATION_CONTEXT('2D SPACE',''
  ) );
#1725 = PCURVE('',#1726,#1731);
#1726 = CYLINDRICAL_SURFACE('',#1727,3.2);
#1727 = AXIS2_PLACEMENT_3D('',#1728,#1729,#1730);
#1728 = CARTESIAN_POINT('',(1.5,1.5,25.7));
#1729 = DIRECTION('',(0.,0.,1.));
#1730 = DIRECTION('',(1.,0.,-0.));
#1731 = DEFINITIONAL_REPRESENTATION('',(#1732),#1736);
#1732 = LINE('',#1733,#1734);
#1733 = CARTESIAN_POINT('',(0.,1.5));
#1734 = VECTOR('',#1735,1.);
#1735 = DIRECTION('',(1.,0.));
#1736 = ( GEOMETRIC_REPRESENTATION_CONTEXT(2) 
PARAMETRIC_REPRESENTATION_CONTEXT() REPRESENTATION_CONTEXT('2D SPACE',''
  ) );
#1737 = FACE_BOUND('',#1738,.T.);
#1738 = EDGE_LOOP('',(#1739));
#1739 = ORIENTED_EDGE('',*,*,#1740,.F.);
#1740 = EDGE_CURVE('',#1741,#1741,#1743,.T.);
#1741 = VERTEX_POINT('',#1742);
#1742 = CARTESIAN_POINT('',(52.45,1.5,27.2));
#1743 = SURFACE_CURVE('',#1744,(#1749,#1756),.PCURVE_S1.);
#1744 = CIRCLE('',#1745,3.2);
#1745 = AXIS2_PLACEMENT_3D('',#1746,#1747,#1748);
#1746 = CARTESIAN_POINT('',(49.25,1.5,27.2));
#1747 = DIRECTION('',(0.,0.,1.));
#1748 = DIRECTION('',(1.,0.,-0.));
#1749 = PCURVE('',#266,#1750);
#1750 = DEFINITIONAL_REPRESENTATION('',(#1751),#1755);
#1751 = CIRCLE('',#1752,3.2);
#1752 = AXIS2_PLACEMENT_2D('',#1753,#1754);
#1753 = CARTESIAN_POINT('',(-7.105427357601E-15,-34.95));
#1754 = DIRECTION('',(1.,0.));
#1755 = ( GEOMETRIC_REPRESENTATION_CONTEXT(2) 
PARAMETRIC_REPRESENTATION_CONTEXT() REPRESENTATION_CONTEXT('2D SPACE',''
  ) );
#1756 = PCURVE('',#1757,#1762);
#1757 = CYLINDRICAL_SURFACE('',#1758,3.2);
#1758 = AXIS2_PLACEMENT_3D('',#1759,#1760,#1761);
#1759 = CARTESIAN_POINT('',(49.25,1.5,25.7));
#1760 = DIRECTION('',(0.,0.,1.));
#1761 = DIRECTION('',(1.,0.,-0.));
#1762 = DEFINITIONAL_REPRESENTATION('',(#1763),#1767);
#1763 = LINE('',#1764,#1765);
#1764 = CARTESIAN_POINT('',(0.,1.5));
#1765 = VECTOR('',#1766,1.);
#1766 = DIRECTION('',(1.,0.));
#1767 = ( GEOMETRIC_REPRESENTATION_CONTEXT(2) 
PARAMETRIC_REPRESENTATION_CONTEXT() REPRESENTATION_CONTEXT('2D SPACE',''
  ) );
#1768 = FACE_BOUND('',#1769,.T.);
#1769 = EDGE_LOOP('',(#1770));
#1770 = ORIENTED_EDGE('',*,*,#1771,.F.);
#1771 = EDGE_CURVE('',#1772,#1772,#1774,.T.);
#1772 = VERTEX_POINT('',#1773);
#1773 = CARTESIAN_POINT('',(100.2,1.5,27.2));
#1774 = SURFACE_CURVE('',#1775,(#1780,#1787),.PCURVE_S1.);
#1775 = CIRCLE('',#1776,3.2);
#1776 = AXIS2_PLACEMENT_3D('',#1777,#1778,#1779);
#1777 = CARTESIAN_POINT('',(97.,1.5,27.2));
#1778 = DIRECTION('',(0.,0.,1.));
#1779 = DIRECTION('',(1.,0.,-0.));
#1780 = PCURVE('',#266,#1781);
#1781 = DEFINITIONAL_REPRESENTATION('',(#1782),#1786);
#1782 = CIRCLE('',#1783,3.2);
#1783 = AXIS2_PLACEMENT_2D('',#1784,#1785);
#1784 = CARTESIAN_POINT('',(47.75,-34.95));
#1785 = DIRECTION('',(1.,0.));
#1786 = ( GEOMETRIC_REPRESENTATION_CONTEXT(2) 
PARAMETRIC_REPRESENTATION_CONTEXT() REPRESENTATION_CONTEXT('2D SPACE',''
  ) );
#1787 = PCURVE('',#1788,#1793);
#1788 = CYLINDRICAL_SURFACE('',#1789,3.2);
#1789 = AXIS2_PLACEMENT_3D('',#1790,#1791,#1792);
#1790 = CARTESIAN_POINT('',(97.,1.5,25.7));
#1791 = DIRECTION('',(0.,0.,1.));
#1792 = DIRECTION('',(1.,0.,-0.));
#1793 = DEFINITIONAL_REPRESENTATION('',(#1794),#1798);
#1794 = LINE('',#1795,#1796);
#1795 = CARTESIAN_POINT('',(0.,1.5));
#1796 = VECTOR('',#1797,1.);
#1797 = DIRECTION('',(1.,0.));
#1798 = ( GEOMETRIC_REPRESENTATION_CONTEXT(2) 
PARAMETRIC_REPRESENTATION_CONTEXT() REPRESENTATION_CONTEXT('2D SPACE',''
  ) );
#1799 = FACE_BOUND('',#1800,.T.);
#1800 = EDGE_LOOP('',(#1801,#1829,#1855,#1881,#1923,#1974,#2019,#2070,
    #2121,#2160,#2199,#2225,#2251,#2277,#2316,#2355,#2391,#2430,#2456));
#1801 = ORIENTED_EDGE('',*,*,#1802,.F.);
#1802 = EDGE_CURVE('',#1803,#1805,#1807,.T.);
#1803 = VERTEX_POINT('',#1804);
#1804 = CARTESIAN_POINT('',(29.775146484375,43.793872070313,27.2));
#1805 = VERTEX_POINT('',#1806);
#1806 = CARTESIAN_POINT('',(30.106689453125,43.793872070313,27.2));
#1807 = SURFACE_CURVE('',#1808,(#1812,#1818),.PCURVE_S1.);
#1808 = LINE('',#1809,#1810);
#1809 = CARTESIAN_POINT('',(39.678344726562,43.793872070313,27.2));
#1810 = VECTOR('',#1811,1.);
#1811 = DIRECTION('',(1.,0.,-0.));
#1812 = PCURVE('',#266,#1813);
#1813 = DEFINITIONAL_REPRESENTATION('',(#1814),#1817);
#1814 = B_SPLINE_CURVE_WITH_KNOTS('',1,(#1815,#1816),.UNSPECIFIED.,.F.,
  .F.,(2,2),(-9.903198242188,-9.571655273438),.PIECEWISE_BEZIER_KNOTS.);
#1815 = CARTESIAN_POINT('',(-19.47485351562,7.343872070312));
#1816 = CARTESIAN_POINT('',(-19.14331054687,7.343872070312));
#1817 = ( GEOMETRIC_REPRESENTATION_CONTEXT(2) 
PARAMETRIC_REPRESENTATION_CONTEXT() REPRESENTATION_CONTEXT('2D SPACE',''
  ) );
#1818 = PCURVE('',#1819,#1824);
#1819 = PLANE('',#1820);
#1820 = AXIS2_PLACEMENT_3D('',#1821,#1822,#1823);
#1821 = CARTESIAN_POINT('',(30.106689453125,43.793872070313,26.8));
#1822 = DIRECTION('',(0.,-1.,0.));
#1823 = DIRECTION('',(-1.,0.,0.));
#1824 = DEFINITIONAL_REPRESENTATION('',(#1825),#1828);
#1825 = B_SPLINE_CURVE_WITH_KNOTS('',1,(#1826,#1827),.UNSPECIFIED.,.F.,
  .F.,(2,2),(-9.903198242188,-9.571655273438),.PIECEWISE_BEZIER_KNOTS.);
#1826 = CARTESIAN_POINT('',(0.33154296875,-0.4));
#1827 = CARTESIAN_POINT('',(0.,-0.4));
#1828 = ( GEOMETRIC_REPRESENTATION_CONTEXT(2) 
PARAMETRIC_REPRESENTATION_CONTEXT() REPRESENTATION_CONTEXT('2D SPACE',''
  ) );
#1829 = ORIENTED_EDGE('',*,*,#1830,.F.);
#1830 = EDGE_CURVE('',#1831,#1803,#1833,.T.);
#1831 = VERTEX_POINT('',#1832);
#1832 = CARTESIAN_POINT('',(29.775146484375,46.299243164063,27.2));
#1833 = SURFACE_CURVE('',#1834,(#1838,#1844),.PCURVE_S1.);
#1834 = LINE('',#1835,#1836);
#1835 = CARTESIAN_POINT('',(29.775146484375,40.121936035156,27.2));
#1836 = VECTOR('',#1837,1.);
#1837 = DIRECTION('',(0.,-1.,0.));
#1838 = PCURVE('',#266,#1839);
#1839 = DEFINITIONAL_REPRESENTATION('',(#1840),#1843);
#1840 = B_SPLINE_CURVE_WITH_KNOTS('',1,(#1841,#1842),.UNSPECIFIED.,.F.,
  .F.,(2,2),(-6.177307128906,-3.671936035156),.PIECEWISE_BEZIER_KNOTS.);
#1841 = CARTESIAN_POINT('',(-19.47485351562,9.849243164062));
#1842 = CARTESIAN_POINT('',(-19.47485351562,7.343872070312));
#1843 = ( GEOMETRIC_REPRESENTATION_CONTEXT(2) 
PARAMETRIC_REPRESENTATION_CONTEXT() REPRESENTATION_CONTEXT('2D SPACE',''
  ) );
#1844 = PCURVE('',#1845,#1850);
#1845 = PLANE('',#1846);
#1846 = AXIS2_PLACEMENT_3D('',#1847,#1848,#1849);
#1847 = CARTESIAN_POINT('',(29.775146484375,43.793872070313,26.8));
#1848 = DIRECTION('',(-1.,0.,0.));
#1849 = DIRECTION('',(0.,1.,0.));
#1850 = DEFINITIONAL_REPRESENTATION('',(#1851),#1854);
#1851 = B_SPLINE_CURVE_WITH_KNOTS('',1,(#1852,#1853),.UNSPECIFIED.,.F.,
  .F.,(2,2),(-6.177307128906,-3.671936035156),.PIECEWISE_BEZIER_KNOTS.);
#1852 = CARTESIAN_POINT('',(2.50537109375,-0.4));
#1853 = CARTESIAN_POINT('',(0.,-0.4));
#1854 = ( GEOMETRIC_REPRESENTATION_CONTEXT(2) 
PARAMETRIC_REPRESENTATION_CONTEXT() REPRESENTATION_CONTEXT('2D SPACE',''
  ) );
#1855 = ORIENTED_EDGE('',*,*,#1856,.F.);
#1856 = EDGE_CURVE('',#1857,#1831,#1859,.T.);
#1857 = VERTEX_POINT('',#1858);
#1858 = CARTESIAN_POINT('',(30.885986328125,46.299243164063,27.2));
#1859 = SURFACE_CURVE('',#1860,(#1864,#1870),.PCURVE_S1.);
#1860 = LINE('',#1861,#1862);
#1861 = CARTESIAN_POINT('',(39.512573242188,46.299243164063,27.2));
#1862 = VECTOR('',#1863,1.);
#1863 = DIRECTION('',(-1.,0.,0.));
#1864 = PCURVE('',#266,#1865);
#1865 = DEFINITIONAL_REPRESENTATION('',(#1866),#1869);
#1866 = B_SPLINE_CURVE_WITH_KNOTS('',1,(#1867,#1868),.UNSPECIFIED.,.F.,
  .F.,(2,2),(8.626586914062,9.737426757812),.PIECEWISE_BEZIER_KNOTS.);
#1867 = CARTESIAN_POINT('',(-18.36401367187,9.849243164062));
#1868 = CARTESIAN_POINT('',(-19.47485351562,9.849243164062));
#1869 = ( GEOMETRIC_REPRESENTATION_CONTEXT(2) 
PARAMETRIC_REPRESENTATION_CONTEXT() REPRESENTATION_CONTEXT('2D SPACE',''
  ) );
#1870 = PCURVE('',#1871,#1876);
#1871 = PLANE('',#1872);
#1872 = AXIS2_PLACEMENT_3D('',#1873,#1874,#1875);
#1873 = CARTESIAN_POINT('',(29.775146484375,46.299243164063,26.8));
#1874 = DIRECTION('',(0.,1.,0.));
#1875 = DIRECTION('',(1.,0.,0.));
#1876 = DEFINITIONAL_REPRESENTATION('',(#1877),#1880);
#1877 = B_SPLINE_CURVE_WITH_KNOTS('',1,(#1878,#1879),.UNSPECIFIED.,.F.,
  .F.,(2,2),(8.626586914062,9.737426757812),.PIECEWISE_BEZIER_KNOTS.);
#1878 = CARTESIAN_POINT('',(1.11083984375,-0.4));
#1879 = CARTESIAN_POINT('',(0.,-0.4));
#1880 = ( GEOMETRIC_REPRESENTATION_CONTEXT(2) 
PARAMETRIC_REPRESENTATION_CONTEXT() REPRESENTATION_CONTEXT('2D SPACE',''
  ) );
#1881 = ORIENTED_EDGE('',*,*,#1882,.F.);
#1882 = EDGE_CURVE('',#1883,#1857,#1885,.T.);
#1883 = VERTEX_POINT('',#1884);
#1884 = CARTESIAN_POINT('',(31.395263671875,46.23173828125,27.2));
#1885 = SURFACE_CURVE('',#1886,(#1894,#1905),.PCURVE_S1.);
#1886 = B_SPLINE_CURVE_WITH_KNOTS('',6,(#1887,#1888,#1889,#1890,#1891,
    #1892,#1893),.UNSPECIFIED.,.F.,.F.,(7,7),(0.,1.),
  .PIECEWISE_BEZIER_KNOTS.);
#1887 = CARTESIAN_POINT('',(31.395263671875,46.23173828125,27.2));
#1888 = CARTESIAN_POINT('',(31.333865691029,46.255514950303,27.2));
#1889 = CARTESIAN_POINT('',(31.261584036222,46.273850751207,27.2));
#1890 = CARTESIAN_POINT('',(31.179471327778,46.286972538519,27.2));
#1891 = CARTESIAN_POINT('',(31.088769307514,46.295290836627,27.2));
#1892 = CARTESIAN_POINT('',(30.990622595022,46.299243164063,27.2));
#1893 = CARTESIAN_POINT('',(30.885986328125,46.299243164063,27.2));
#1894 = PCURVE('',#266,#1895);
#1895 = DEFINITIONAL_REPRESENTATION('',(#1896),#1904);
#1896 = B_SPLINE_CURVE_WITH_KNOTS('',6,(#1897,#1898,#1899,#1900,#1901,
    #1902,#1903),.UNSPECIFIED.,.F.,.F.,(7,7),(0.,1.),
  .PIECEWISE_BEZIER_KNOTS.);
#1897 = CARTESIAN_POINT('',(-17.85473632812,9.78173828125));
#1898 = CARTESIAN_POINT('',(-17.91613430897,9.805514950303));
#1899 = CARTESIAN_POINT('',(-17.98841596377,9.823850751207));
#1900 = CARTESIAN_POINT('',(-18.07052867222,9.836972538519));
#1901 = CARTESIAN_POINT('',(-18.16123069248,9.845290836627));
#1902 = CARTESIAN_POINT('',(-18.25937740497,9.849243164062));
#1903 = CARTESIAN_POINT('',(-18.36401367187,9.849243164062));
#1904 = ( GEOMETRIC_REPRESENTATION_CONTEXT(2) 
PARAMETRIC_REPRESENTATION_CONTEXT() REPRESENTATION_CONTEXT('2D SPACE',''
  ) );
#1905 = PCURVE('',#1906,#1913);
#1906 = SURFACE_OF_LINEAR_EXTRUSION('',#1907,#1911);
#1907 = B_SPLINE_CURVE_WITH_KNOTS('',2,(#1908,#1909,#1910),
  .UNSPECIFIED.,.F.,.F.,(3,3),(0.,1.),.PIECEWISE_BEZIER_KNOTS.);
#1908 = CARTESIAN_POINT('',(30.885986328125,46.299243164063,26.8));
#1909 = CARTESIAN_POINT('',(31.220947265625,46.299243164063,26.8));
#1910 = CARTESIAN_POINT('',(31.395263671875,46.23173828125,26.8));
#1911 = VECTOR('',#1912,1.);
#1912 = DIRECTION('',(-0.,-0.,-1.));
#1913 = DEFINITIONAL_REPRESENTATION('',(#1914),#1922);
#1914 = B_SPLINE_CURVE_WITH_KNOTS('',6,(#1915,#1916,#1917,#1918,#1919,
    #1920,#1921),.UNSPECIFIED.,.F.,.F.,(7,7),(0.,1.),
  .PIECEWISE_BEZIER_KNOTS.);
#1915 = CARTESIAN_POINT('',(1.,-0.4));
#1916 = CARTESIAN_POINT('',(0.823889265026,-0.4));
#1917 = CARTESIAN_POINT('',(0.650859806951,-0.4));
#1918 = CARTESIAN_POINT('',(0.481677034294,-0.4));
#1919 = CARTESIAN_POINT('',(0.3167362136,-0.4));
#1920 = CARTESIAN_POINT('',(0.15619174534,-0.4));
#1921 = CARTESIAN_POINT('',(0.,-0.4));
#1922 = ( GEOMETRIC_REPRESENTATION_CONTEXT(2) 
PARAMETRIC_REPRESENTATION_CONTEXT() REPRESENTATION_CONTEXT('2D SPACE',''
  ) );
#1923 = ORIENTED_EDGE('',*,*,#1924,.F.);
#1924 = EDGE_CURVE('',#1925,#1883,#1927,.T.);
#1925 = VERTEX_POINT('',#1926);
#1926 = CARTESIAN_POINT('',(31.673828125,45.993334960938,27.2));
#1927 = SURFACE_CURVE('',#1928,(#1939,#1953),.PCURVE_S1.);
#1928 = B_SPLINE_CURVE_WITH_KNOTS('',5,(#1929,#1930,#1931,#1932,#1933,
    #1934,#1935,#1936,#1937,#1938),.UNSPECIFIED.,.F.,.F.,(6,4,6),(0.,
    0.663671635426,1.),.UNSPECIFIED.);
#1929 = CARTESIAN_POINT('',(31.673828125,45.993334960938,27.2));
#1930 = CARTESIAN_POINT('',(31.646401304105,46.038296962405,27.2));
#1931 = CARTESIAN_POINT('',(31.615781486521,46.07905130112,27.2));
#1932 = CARTESIAN_POINT('',(31.581946960923,46.115410665122,27.2));
#1933 = CARTESIAN_POINT('',(31.544923456133,46.147245122936,27.2));
#1934 = CARTESIAN_POINT('',(31.484459639677,46.188308448881,27.2));
#1935 = CARTESIAN_POINT('',(31.463326370059,46.200942664705,27.2));
#1936 = CARTESIAN_POINT('',(31.441406251457,46.212393074415,27.2));
#1937 = CARTESIAN_POINT('',(31.418713069612,46.222657387028,27.2));
#1938 = CARTESIAN_POINT('',(31.395263671875,46.23173828125,27.2));
#1939 = PCURVE('',#266,#1940);
#1940 = DEFINITIONAL_REPRESENTATION('',(#1941),#1952);
#1941 = B_SPLINE_CURVE_WITH_KNOTS('',5,(#1942,#1943,#1944,#1945,#1946,
    #1947,#1948,#1949,#1950,#1951),.UNSPECIFIED.,.F.,.F.,(6,4,6),(0.,
    0.663671635426,1.),.UNSPECIFIED.);
#1942 = CARTESIAN_POINT('',(-17.576171875,9.543334960937));
#1943 = CARTESIAN_POINT('',(-17.60359869589,9.588296962405));
#1944 = CARTESIAN_POINT('',(-17.63421851347,9.62905130112));
#1945 = CARTESIAN_POINT('',(-17.66805303907,9.665410665122));
#1946 = CARTESIAN_POINT('',(-17.70507654386,9.697245122936));
#1947 = CARTESIAN_POINT('',(-17.76554036032,9.738308448881));
#1948 = CARTESIAN_POINT('',(-17.78667362994,9.750942664705));
#1949 = CARTESIAN_POINT('',(-17.80859374854,9.762393074415));
#1950 = CARTESIAN_POINT('',(-17.83128693038,9.772657387028));
#1951 = CARTESIAN_POINT('',(-17.85473632812,9.78173828125));
#1952 = ( GEOMETRIC_REPRESENTATION_CONTEXT(2) 
PARAMETRIC_REPRESENTATION_CONTEXT() REPRESENTATION_CONTEXT('2D SPACE',''
  ) );
#1953 = PCURVE('',#1954,#1961);
#1954 = SURFACE_OF_LINEAR_EXTRUSION('',#1955,#1959);
#1955 = B_SPLINE_CURVE_WITH_KNOTS('',2,(#1956,#1957,#1958),
  .UNSPECIFIED.,.F.,.F.,(3,3),(0.,1.),.PIECEWISE_BEZIER_KNOTS.);
#1956 = CARTESIAN_POINT('',(31.395263671875,46.23173828125,26.8));
#1957 = CARTESIAN_POINT('',(31.569580078125,46.164233398438,26.8));
#1958 = CARTESIAN_POINT('',(31.673828125,45.993334960938,26.8));
#1959 = VECTOR('',#1960,1.);
#1960 = DIRECTION('',(-0.,-0.,-1.));
#1961 = DEFINITIONAL_REPRESENTATION('',(#1962),#1973);
#1962 = B_SPLINE_CURVE_WITH_KNOTS('',5,(#1963,#1964,#1965,#1966,#1967,
    #1968,#1969,#1970,#1971,#1972),.UNSPECIFIED.,.F.,.F.,(6,4,6),(0.,
    0.663671635426,1.),.UNSPECIFIED.);
#1963 = CARTESIAN_POINT('',(1.,-0.4));
#1964 = CARTESIAN_POINT('',(0.868454029991,-0.4));
#1965 = CARTESIAN_POINT('',(0.73613209593,-0.4));
#1966 = CARTESIAN_POINT('',(0.603273281877,-0.4));
#1967 = CARTESIAN_POINT('',(0.470136107642,-0.4));
#1968 = CARTESIAN_POINT('',(0.269530717061,-0.4));
#1969 = CARTESIAN_POINT('',(0.202060877916,-0.4));
#1970 = CARTESIAN_POINT('',(0.134626028185,-0.4));
#1971 = CARTESIAN_POINT('',(6.7261017599E-02,-0.4));
#1972 = CARTESIAN_POINT('',(0.,-0.4));
#1973 = ( GEOMETRIC_REPRESENTATION_CONTEXT(2) 
PARAMETRIC_REPRESENTATION_CONTEXT() REPRESENTATION_CONTEXT('2D SPACE',''
  ) );
#1974 = ORIENTED_EDGE('',*,*,#1975,.F.);
#1975 = EDGE_CURVE('',#1976,#1925,#1978,.T.);
#1976 = VERTEX_POINT('',#1977);
#1977 = CARTESIAN_POINT('',(31.778076171875,45.615649414063,27.2));
#1978 = SURFACE_CURVE('',#1979,(#1988,#2000),.PCURVE_S1.);
#1979 = B_SPLINE_CURVE_WITH_KNOTS('',4,(#1980,#1981,#1982,#1983,#1984,
    #1985,#1986,#1987),.UNSPECIFIED.,.F.,.F.,(5,3,5),(0.,0.612364177668,
    1.),.UNSPECIFIED.);
#1980 = CARTESIAN_POINT('',(31.778076171875,45.615649414063,27.2));
#1981 = CARTESIAN_POINT('',(31.778076171875,45.67859826767,27.2));
#1982 = CARTESIAN_POINT('',(31.771636375799,45.739654846757,27.2));
#1983 = CARTESIAN_POINT('',(31.758604300541,45.798611673726,27.2));
#1984 = CARTESIAN_POINT('',(31.726640299627,45.891208983563,27.2));
#1985 = CARTESIAN_POINT('',(31.711628702627,45.926200394725,27.2));
#1986 = CARTESIAN_POINT('',(31.694009412642,45.960250882836,27.2));
#1987 = CARTESIAN_POINT('',(31.673828125,45.993334960938,27.2));
#1988 = PCURVE('',#266,#1989);
#1989 = DEFINITIONAL_REPRESENTATION('',(#1990),#1999);
#1990 = B_SPLINE_CURVE_WITH_KNOTS('',4,(#1991,#1992,#1993,#1994,#1995,
    #1996,#1997,#1998),.UNSPECIFIED.,.F.,.F.,(5,3,5),(0.,0.612364177668,
    1.),.UNSPECIFIED.);
#1991 = CARTESIAN_POINT('',(-17.47192382812,9.165649414062));
#1992 = CARTESIAN_POINT('',(-17.47192382812,9.22859826767));
#1993 = CARTESIAN_POINT('',(-17.4783636242,9.289654846757));
#1994 = CARTESIAN_POINT('',(-17.49139569945,9.348611673726));
#1995 = CARTESIAN_POINT('',(-17.52335970037,9.441208983563));
#1996 = CARTESIAN_POINT('',(-17.53837129737,9.476200394725));
#1997 = CARTESIAN_POINT('',(-17.55599058735,9.510250882836));
#1998 = CARTESIAN_POINT('',(-17.576171875,9.543334960937));
#1999 = ( GEOMETRIC_REPRESENTATION_CONTEXT(2) 
PARAMETRIC_REPRESENTATION_CONTEXT() REPRESENTATION_CONTEXT('2D SPACE',''
  ) );
#2000 = PCURVE('',#2001,#2008);
#2001 = SURFACE_OF_LINEAR_EXTRUSION('',#2002,#2006);
#2002 = B_SPLINE_CURVE_WITH_KNOTS('',2,(#2003,#2004,#2005),
  .UNSPECIFIED.,.F.,.F.,(3,3),(0.,1.),.PIECEWISE_BEZIER_KNOTS.);
#2003 = CARTESIAN_POINT('',(31.673828125,45.993334960938,26.8));
#2004 = CARTESIAN_POINT('',(31.778076171875,45.822436523438,26.8));
#2005 = CARTESIAN_POINT('',(31.778076171875,45.615649414063,26.8));
#2006 = VECTOR('',#2007,1.);
#2007 = DIRECTION('',(-0.,-0.,-1.));
#2008 = DEFINITIONAL_REPRESENTATION('',(#2009),#2018);
#2009 = B_SPLINE_CURVE_WITH_KNOTS('',4,(#2010,#2011,#2012,#2013,#2014,
    #2015,#2016,#2017),.UNSPECIFIED.,.F.,.F.,(5,3,5),(0.,0.612364177668,
    1.),.UNSPECIFIED.);
#2010 = CARTESIAN_POINT('',(1.,-0.4));
#2011 = CARTESIAN_POINT('',(0.847793090688,-0.4));
#2012 = CARTESIAN_POINT('',(0.694801063632,-0.4));
#2013 = CARTESIAN_POINT('',(0.541398660312,-0.4));
#2014 = CARTESIAN_POINT('',(0.290896318885,-0.4));
#2015 = CARTESIAN_POINT('',(0.193793220631,-0.4));
#2016 = CARTESIAN_POINT('',(9.679455993113E-02,-0.4));
#2017 = CARTESIAN_POINT('',(0.,-0.4));
#2018 = ( GEOMETRIC_REPRESENTATION_CONTEXT(2) 
PARAMETRIC_REPRESENTATION_CONTEXT() REPRESENTATION_CONTEXT('2D SPACE',''
  ) );
#2019 = ORIENTED_EDGE('',*,*,#2020,.F.);
#2020 = EDGE_CURVE('',#2021,#1976,#2023,.T.);
#2021 = VERTEX_POINT('',#2022);
#2022 = CARTESIAN_POINT('',(31.60546875,45.166186523438,27.2));
#2023 = SURFACE_CURVE('',#2024,(#2035,#2049),.PCURVE_S1.);
#2024 = B_SPLINE_CURVE_WITH_KNOTS('',5,(#2025,#2026,#2027,#2028,#2029,
    #2030,#2031,#2032,#2033,#2034),.UNSPECIFIED.,.F.,.F.,(6,4,6),(0.,
    0.392999674268,1.),.UNSPECIFIED.);
#2025 = CARTESIAN_POINT('',(31.60546875,45.166186523438,27.2));
#2026 = CARTESIAN_POINT('',(31.632505938871,45.194829881944,27.2));
#2027 = CARTESIAN_POINT('',(31.657019222961,45.224887307519,27.2));
#2028 = CARTESIAN_POINT('',(31.6789207246,45.256341692448,27.2));
#2029 = CARTESIAN_POINT('',(31.698152894686,45.28915749692,27.2));
#2030 = CARTESIAN_POINT('',(31.74022829345,45.375985182381,27.2));
#2031 = CARTESIAN_POINT('',(31.759338003254,45.431812642178,27.2));
#2032 = CARTESIAN_POINT('',(31.771916045191,45.490557368506,27.2));
#2033 = CARTESIAN_POINT('',(31.778076171875,45.551942250589,27.2));
#2034 = CARTESIAN_POINT('',(31.778076171875,45.615649414063,27.2));
#2035 = PCURVE('',#266,#2036);
#2036 = DEFINITIONAL_REPRESENTATION('',(#2037),#2048);
#2037 = B_SPLINE_CURVE_WITH_KNOTS('',5,(#2038,#2039,#2040,#2041,#2042,
    #2043,#2044,#2045,#2046,#2047),.UNSPECIFIED.,.F.,.F.,(6,4,6),(0.,
    0.392999674268,1.),.UNSPECIFIED.);
#2038 = CARTESIAN_POINT('',(-17.64453125,8.716186523437));
#2039 = CARTESIAN_POINT('',(-17.61749406112,8.744829881944));
#2040 = CARTESIAN_POINT('',(-17.59298077703,8.774887307519));
#2041 = CARTESIAN_POINT('',(-17.5710792754,8.806341692448));
#2042 = CARTESIAN_POINT('',(-17.55184710531,8.83915749692));
#2043 = CARTESIAN_POINT('',(-17.50977170655,8.925985182381));
#2044 = CARTESIAN_POINT('',(-17.49066199674,8.981812642178));
#2045 = CARTESIAN_POINT('',(-17.4780839548,9.040557368506));
#2046 = CARTESIAN_POINT('',(-17.47192382812,9.101942250589));
#2047 = CARTESIAN_POINT('',(-17.47192382812,9.165649414062));
#2048 = ( GEOMETRIC_REPRESENTATION_CONTEXT(2) 
PARAMETRIC_REPRESENTATION_CONTEXT() REPRESENTATION_CONTEXT('2D SPACE',''
  ) );
#2049 = PCURVE('',#2050,#2057);
#2050 = SURFACE_OF_LINEAR_EXTRUSION('',#2051,#2055);
#2051 = B_SPLINE_CURVE_WITH_KNOTS('',2,(#2052,#2053,#2054),
  .UNSPECIFIED.,.F.,.F.,(3,3),(0.,1.),.PIECEWISE_BEZIER_KNOTS.);
#2052 = CARTESIAN_POINT('',(31.778076171875,45.615649414063,26.8));
#2053 = CARTESIAN_POINT('',(31.778076171875,45.349047851563,26.8));
#2054 = CARTESIAN_POINT('',(31.60546875,45.166186523438,26.8));
#2055 = VECTOR('',#2056,1.);
#2056 = DIRECTION('',(-0.,-0.,-1.));
#2057 = DEFINITIONAL_REPRESENTATION('',(#2058),#2069);
#2058 = B_SPLINE_CURVE_WITH_KNOTS('',5,(#2059,#2060,#2061,#2062,#2063,
    #2064,#2065,#2066,#2067,#2068),.UNSPECIFIED.,.F.,.F.,(6,4,6),(0.,
    0.392999674268,1.),.UNSPECIFIED.);
#2059 = CARTESIAN_POINT('',(1.,-0.4));
#2060 = CARTESIAN_POINT('',(0.921680109184,-0.4));
#2061 = CARTESIAN_POINT('',(0.843004634531,-0.4));
#2062 = CARTESIAN_POINT('',(0.764085618589,-0.4));
#2063 = CARTESIAN_POINT('',(0.6850420773,-0.4));
#2064 = CARTESIAN_POINT('',(0.483917031975,-0.4));
#2065 = CARTESIAN_POINT('',(0.361827524102,-0.4));
#2066 = CARTESIAN_POINT('',(0.240209810977,-0.4));
#2067 = CARTESIAN_POINT('',(0.119480101459,-0.4));
#2068 = CARTESIAN_POINT('',(0.,-0.4));
#2069 = ( GEOMETRIC_REPRESENTATION_CONTEXT(2) 
PARAMETRIC_REPRESENTATION_CONTEXT() REPRESENTATION_CONTEXT('2D SPACE',''
  ) );
#2070 = ORIENTED_EDGE('',*,*,#2071,.F.);
#2071 = EDGE_CURVE('',#2072,#2021,#2074,.T.);
#2072 = VERTEX_POINT('',#2073);
#2073 = CARTESIAN_POINT('',(31.072265625,44.933764648438,27.2));
#2074 = SURFACE_CURVE('',#2075,(#2086,#2100),.PCURVE_S1.);
#2075 = B_SPLINE_CURVE_WITH_KNOTS('',5,(#2076,#2077,#2078,#2079,#2080,
    #2081,#2082,#2083,#2084,#2085),.UNSPECIFIED.,.F.,.F.,(6,4,6),(0.,
    0.532602502195,1.),.UNSPECIFIED.);
#2076 = CARTESIAN_POINT('',(31.072265625,44.933764648438,27.2));
#2077 = CARTESIAN_POINT('',(31.144556008769,44.9437002936,27.2));
#2078 = CARTESIAN_POINT('',(31.213574182793,44.957183802766,27.2));
#2079 = CARTESIAN_POINT('',(31.278886269064,44.974474824341,27.2));
#2080 = CARTESIAN_POINT('',(31.339998079888,44.995818904367,27.2));
#2081 = CARTESIAN_POINT('',(31.445996540052,45.043759430304,27.2));
#2082 = CARTESIAN_POINT('',(31.491955995705,45.069393815018,27.2));
#2083 = CARTESIAN_POINT('',(31.534017429857,45.098344149506,27.2));
#2084 = CARTESIAN_POINT('',(31.571911640866,45.130635922672,27.2));
#2085 = CARTESIAN_POINT('',(31.60546875,45.166186523438,27.2));
#2086 = PCURVE('',#266,#2087);
#2087 = DEFINITIONAL_REPRESENTATION('',(#2088),#2099);
#2088 = B_SPLINE_CURVE_WITH_KNOTS('',5,(#2089,#2090,#2091,#2092,#2093,
    #2094,#2095,#2096,#2097,#2098),.UNSPECIFIED.,.F.,.F.,(6,4,6),(0.,
    0.532602502195,1.),.UNSPECIFIED.);
#2089 = CARTESIAN_POINT('',(-18.177734375,8.483764648437));
#2090 = CARTESIAN_POINT('',(-18.10544399123,8.4937002936));
#2091 = CARTESIAN_POINT('',(-18.0364258172,8.507183802766));
#2092 = CARTESIAN_POINT('',(-17.97111373093,8.524474824341));
#2093 = CARTESIAN_POINT('',(-17.91000192011,8.545818904367));
#2094 = CARTESIAN_POINT('',(-17.80400345994,8.593759430304));
#2095 = CARTESIAN_POINT('',(-17.75804400429,8.619393815018));
#2096 = CARTESIAN_POINT('',(-17.71598257014,8.648344149506));
#2097 = CARTESIAN_POINT('',(-17.67808835913,8.680635922672));
#2098 = CARTESIAN_POINT('',(-17.64453125,8.716186523437));
#2099 = ( GEOMETRIC_REPRESENTATION_CONTEXT(2) 
PARAMETRIC_REPRESENTATION_CONTEXT() REPRESENTATION_CONTEXT('2D SPACE',''
  ) );
#2100 = PCURVE('',#2101,#2108);
#2101 = SURFACE_OF_LINEAR_EXTRUSION('',#2102,#2106);
#2102 = B_SPLINE_CURVE_WITH_KNOTS('',2,(#2103,#2104,#2105),
  .UNSPECIFIED.,.F.,.F.,(3,3),(0.,1.),.PIECEWISE_BEZIER_KNOTS.);
#2103 = CARTESIAN_POINT('',(31.60546875,45.166186523438,26.8));
#2104 = CARTESIAN_POINT('',(31.432861328125,44.983325195313,26.8));
#2105 = CARTESIAN_POINT('',(31.072265625,44.933764648438,26.8));
#2106 = VECTOR('',#2107,1.);
#2107 = DIRECTION('',(-0.,-0.,-1.));
#2108 = DEFINITIONAL_REPRESENTATION('',(#2109),#2120);
#2109 = B_SPLINE_CURVE_WITH_KNOTS('',5,(#2110,#2111,#2112,#2113,#2114,
    #2115,#2116,#2117,#2118,#2119),.UNSPECIFIED.,.F.,.F.,(6,4,6),(0.,
    0.532602502195,1.),.UNSPECIFIED.);
#2110 = CARTESIAN_POINT('',(1.,-0.4));
#2111 = CARTESIAN_POINT('',(0.899762555207,-0.4));
#2112 = CARTESIAN_POINT('',(0.797514386464,-0.4));
#2113 = CARTESIAN_POINT('',(0.693334133661,-0.4));
#2114 = CARTESIAN_POINT('',(0.587393583866,-0.4));
#2115 = CARTESIAN_POINT('',(0.385754306125,-0.4));
#2116 = CARTESIAN_POINT('',(0.290385373827,-0.4));
#2117 = CARTESIAN_POINT('',(0.194112448263,-0.4));
#2118 = CARTESIAN_POINT('',(9.720644908981E-02,-0.4));
#2119 = CARTESIAN_POINT('',(0.,-0.4));
#2120 = ( GEOMETRIC_REPRESENTATION_CONTEXT(2) 
PARAMETRIC_REPRESENTATION_CONTEXT() REPRESENTATION_CONTEXT('2D SPACE',''
  ) );
#2121 = ORIENTED_EDGE('',*,*,#2122,.F.);
#2122 = EDGE_CURVE('',#2123,#2072,#2125,.T.);
#2123 = VERTEX_POINT('',#2124);
#2124 = CARTESIAN_POINT('',(31.272216796875,44.809008789063,27.2));
#2125 = SURFACE_CURVE('',#2126,(#2133,#2143),.PCURVE_S1.);
#2126 = B_SPLINE_CURVE_WITH_KNOTS('',5,(#2127,#2128,#2129,#2130,#2131,
    #2132),.UNSPECIFIED.,.F.,.F.,(6,6),(0.,1.),
  .PIECEWISE_BEZIER_KNOTS.);
#2127 = CARTESIAN_POINT('',(31.272216796875,44.809008789063,27.2));
#2128 = CARTESIAN_POINT('',(31.244570673197,44.833890300372,27.2));
#2129 = CARTESIAN_POINT('',(31.210580234179,44.858838905995,27.2));
#2130 = CARTESIAN_POINT('',(31.170391577796,44.883820805026,27.2));
#2131 = CARTESIAN_POINT('',(31.124208150192,44.908805253215,27.2));
#2132 = CARTESIAN_POINT('',(31.072265625,44.933764648438,27.2));
#2133 = PCURVE('',#266,#2134);
#2134 = DEFINITIONAL_REPRESENTATION('',(#2135),#2142);
#2135 = B_SPLINE_CURVE_WITH_KNOTS('',5,(#2136,#2137,#2138,#2139,#2140,
    #2141),.UNSPECIFIED.,.F.,.F.,(6,6),(0.,1.),
  .PIECEWISE_BEZIER_KNOTS.);
#2136 = CARTESIAN_POINT('',(-17.97778320312,8.359008789062));
#2137 = CARTESIAN_POINT('',(-18.0054293268,8.383890300372));
#2138 = CARTESIAN_POINT('',(-18.03941976582,8.408838905995));
#2139 = CARTESIAN_POINT('',(-18.0796084222,8.433820805026));
#2140 = CARTESIAN_POINT('',(-18.1257918498,8.458805253215));
#2141 = CARTESIAN_POINT('',(-18.177734375,8.483764648437));
#2142 = ( GEOMETRIC_REPRESENTATION_CONTEXT(2) 
PARAMETRIC_REPRESENTATION_CONTEXT() REPRESENTATION_CONTEXT('2D SPACE',''
  ) );
#2143 = PCURVE('',#2144,#2151);
#2144 = SURFACE_OF_LINEAR_EXTRUSION('',#2145,#2149);
#2145 = B_SPLINE_CURVE_WITH_KNOTS('',2,(#2146,#2147,#2148),
  .UNSPECIFIED.,.F.,.F.,(3,3),(0.,1.),.PIECEWISE_BEZIER_KNOTS.);
#2146 = CARTESIAN_POINT('',(31.072265625,44.933764648438,26.8));
#2147 = CARTESIAN_POINT('',(31.203857421875,44.870532226563,26.8));
#2148 = CARTESIAN_POINT('',(31.272216796875,44.809008789063,26.8));
#2149 = VECTOR('',#2150,1.);
#2150 = DIRECTION('',(-0.,-0.,-1.));
#2151 = DEFINITIONAL_REPRESENTATION('',(#2152),#2159);
#2152 = B_SPLINE_CURVE_WITH_KNOTS('',5,(#2153,#2154,#2155,#2156,#2157,
    #2158),.UNSPECIFIED.,.F.,.F.,(6,6),(0.,1.),
  .PIECEWISE_BEZIER_KNOTS.);
#2153 = CARTESIAN_POINT('',(1.,-0.4));
#2154 = CARTESIAN_POINT('',(0.797788352528,-0.4));
#2155 = CARTESIAN_POINT('',(0.596451209612,-0.4));
#2156 = CARTESIAN_POINT('',(0.39623869162,-0.4));
#2157 = CARTESIAN_POINT('',(0.197362322067,-0.4));
#2158 = CARTESIAN_POINT('',(0.,-0.4));
#2159 = ( GEOMETRIC_REPRESENTATION_CONTEXT(2) 
PARAMETRIC_REPRESENTATION_CONTEXT() REPRESENTATION_CONTEXT('2D SPACE',''
  ) );
#2160 = ORIENTED_EDGE('',*,*,#2161,.F.);
#2161 = EDGE_CURVE('',#2162,#2123,#2164,.T.);
#2162 = VERTEX_POINT('',#2163);
#2163 = CARTESIAN_POINT('',(31.54736328125,44.475756835938,27.2));
#2164 = SURFACE_CURVE('',#2165,(#2172,#2182),.PCURVE_S1.);
#2165 = B_SPLINE_CURVE_WITH_KNOTS('',5,(#2166,#2167,#2168,#2169,#2170,
    #2171),.UNSPECIFIED.,.F.,.F.,(6,6),(0.,1.),
  .PIECEWISE_BEZIER_KNOTS.);
#2166 = CARTESIAN_POINT('',(31.54736328125,44.475756835938,27.2));
#2167 = CARTESIAN_POINT('',(31.496245926766,44.554450657972,27.2));
#2168 = CARTESIAN_POINT('',(31.443175022469,44.6274072858,27.2));
#2169 = CARTESIAN_POINT('',(31.388137636511,44.694328990141,27.2));
#2170 = CARTESIAN_POINT('',(31.331139879928,44.754938195203,27.2));
#2171 = CARTESIAN_POINT('',(31.272216796875,44.809008789063,27.2));
#2172 = PCURVE('',#266,#2173);
#2173 = DEFINITIONAL_REPRESENTATION('',(#2174),#2181);
#2174 = B_SPLINE_CURVE_WITH_KNOTS('',5,(#2175,#2176,#2177,#2178,#2179,
    #2180),.UNSPECIFIED.,.F.,.F.,(6,6),(0.,1.),
  .PIECEWISE_BEZIER_KNOTS.);
#2175 = CARTESIAN_POINT('',(-17.70263671875,8.025756835937));
#2176 = CARTESIAN_POINT('',(-17.75375407323,8.104450657972));
#2177 = CARTESIAN_POINT('',(-17.80682497753,8.1774072858));
#2178 = CARTESIAN_POINT('',(-17.86186236348,8.244328990141));
#2179 = CARTESIAN_POINT('',(-17.91886012007,8.304938195202));
#2180 = CARTESIAN_POINT('',(-17.97778320312,8.359008789062));
#2181 = ( GEOMETRIC_REPRESENTATION_CONTEXT(2) 
PARAMETRIC_REPRESENTATION_CONTEXT() REPRESENTATION_CONTEXT('2D SPACE',''
  ) );
#2182 = PCURVE('',#2183,#2190);
#2183 = SURFACE_OF_LINEAR_EXTRUSION('',#2184,#2188);
#2184 = B_SPLINE_CURVE_WITH_KNOTS('',2,(#2185,#2186,#2187),
  .UNSPECIFIED.,.F.,.F.,(3,3),(0.,1.),.PIECEWISE_BEZIER_KNOTS.);
#2185 = CARTESIAN_POINT('',(31.272216796875,44.809008789063,26.8));
#2186 = CARTESIAN_POINT('',(31.41748046875,44.675708007813,26.8));
#2187 = CARTESIAN_POINT('',(31.54736328125,44.475756835938,26.8));
#2188 = VECTOR('',#2189,1.);
#2189 = DIRECTION('',(-0.,-0.,-1.));
#2190 = DEFINITIONAL_REPRESENTATION('',(#2191),#2198);
#2191 = B_SPLINE_CURVE_WITH_KNOTS('',5,(#2192,#2193,#2194,#2195,#2196,
    #2197),.UNSPECIFIED.,.F.,.F.,(6,6),(0.,1.),
  .PIECEWISE_BEZIER_KNOTS.);
#2192 = CARTESIAN_POINT('',(1.,-0.4));
#2193 = CARTESIAN_POINT('',(0.803217402288,-0.4));
#2194 = CARTESIAN_POINT('',(0.60464647757,-0.4));
#2195 = CARTESIAN_POINT('',(0.404445654439,-0.4));
#2196 = CARTESIAN_POINT('',(0.202814242171,-0.4));
#2197 = CARTESIAN_POINT('',(0.,-0.4));
#2198 = ( GEOMETRIC_REPRESENTATION_CONTEXT(2) 
PARAMETRIC_REPRESENTATION_CONTEXT() REPRESENTATION_CONTEXT('2D SPACE',''
  ) );
#2199 = ORIENTED_EDGE('',*,*,#2200,.F.);
#2200 = EDGE_CURVE('',#2201,#2162,#2203,.T.);
#2201 = VERTEX_POINT('',#2202);
#2202 = CARTESIAN_POINT('',(31.983154296875,43.793872070313,27.2));
#2203 = SURFACE_CURVE('',#2204,(#2208,#2214),.PCURVE_S1.);
#2204 = LINE('',#2205,#2206);
#2205 = CARTESIAN_POINT('',(35.93511176249,37.610220977056,27.2));
#2206 = VECTOR('',#2207,1.);
#2207 = DIRECTION('',(-0.538514244673,0.84261640637,0.));
#2208 = PCURVE('',#266,#2209);
#2209 = DEFINITIONAL_REPRESENTATION('',(#2210),#2213);
#2210 = B_SPLINE_CURVE_WITH_KNOTS('',1,(#2211,#2212),.UNSPECIFIED.,.F.,
  .F.,(2,2),(7.338631252023,8.147878212407),.PIECEWISE_BEZIER_KNOTS.);
#2211 = CARTESIAN_POINT('',(-17.26684570312,7.343872070312));
#2212 = CARTESIAN_POINT('',(-17.70263671875,8.025756835937));
#2213 = ( GEOMETRIC_REPRESENTATION_CONTEXT(2) 
PARAMETRIC_REPRESENTATION_CONTEXT() REPRESENTATION_CONTEXT('2D SPACE',''
  ) );
#2214 = PCURVE('',#2215,#2220);
#2215 = PLANE('',#2216);
#2216 = AXIS2_PLACEMENT_3D('',#2217,#2218,#2219);
#2217 = CARTESIAN_POINT('',(31.54736328125,44.475756835938,26.8));
#2218 = DIRECTION('',(0.84261640637,0.538514244673,0.));
#2219 = DIRECTION('',(0.538514244673,-0.84261640637,0.));
#2220 = DEFINITIONAL_REPRESENTATION('',(#2221),#2224);
#2221 = B_SPLINE_CURVE_WITH_KNOTS('',1,(#2222,#2223),.UNSPECIFIED.,.F.,
  .F.,(2,2),(7.338631252023,8.147878212407),.PIECEWISE_BEZIER_KNOTS.);
#2222 = CARTESIAN_POINT('',(0.809246960384,-0.4));
#2223 = CARTESIAN_POINT('',(0.,-0.4));
#2224 = ( GEOMETRIC_REPRESENTATION_CONTEXT(2) 
PARAMETRIC_REPRESENTATION_CONTEXT() REPRESENTATION_CONTEXT('2D SPACE',''
  ) );
#2225 = ORIENTED_EDGE('',*,*,#2226,.F.);
#2226 = EDGE_CURVE('',#2227,#2201,#2229,.T.);
#2227 = VERTEX_POINT('',#2228);
#2228 = CARTESIAN_POINT('',(31.566162109375,43.793872070313,27.2));
#2229 = SURFACE_CURVE('',#2230,(#2234,#2240),.PCURVE_S1.);
#2230 = LINE('',#2231,#2232);
#2231 = CARTESIAN_POINT('',(40.616577148438,43.793872070313,27.2));
#2232 = VECTOR('',#2233,1.);
#2233 = DIRECTION('',(1.,0.,-0.));
#2234 = PCURVE('',#266,#2235);
#2235 = DEFINITIONAL_REPRESENTATION('',(#2236),#2239);
#2236 = B_SPLINE_CURVE_WITH_KNOTS('',1,(#2237,#2238),.UNSPECIFIED.,.F.,
  .F.,(2,2),(-9.050415039062,-8.633422851562),.PIECEWISE_BEZIER_KNOTS.);
#2237 = CARTESIAN_POINT('',(-17.68383789062,7.343872070312));
#2238 = CARTESIAN_POINT('',(-17.26684570312,7.343872070312));
#2239 = ( GEOMETRIC_REPRESENTATION_CONTEXT(2) 
PARAMETRIC_REPRESENTATION_CONTEXT() REPRESENTATION_CONTEXT('2D SPACE',''
  ) );
#2240 = PCURVE('',#2241,#2246);
#2241 = PLANE('',#2242);
#2242 = AXIS2_PLACEMENT_3D('',#2243,#2244,#2245);
#2243 = CARTESIAN_POINT('',(31.983154296875,43.793872070313,26.8));
#2244 = DIRECTION('',(0.,-1.,0.));
#2245 = DIRECTION('',(-1.,0.,0.));
#2246 = DEFINITIONAL_REPRESENTATION('',(#2247),#2250);
#2247 = B_SPLINE_CURVE_WITH_KNOTS('',1,(#2248,#2249),.UNSPECIFIED.,.F.,
  .F.,(2,2),(-9.050415039062,-8.633422851562),.PIECEWISE_BEZIER_KNOTS.);
#2248 = CARTESIAN_POINT('',(0.4169921875,-0.4));
#2249 = CARTESIAN_POINT('',(0.,-0.4));
#2250 = ( GEOMETRIC_REPRESENTATION_CONTEXT(2) 
PARAMETRIC_REPRESENTATION_CONTEXT() REPRESENTATION_CONTEXT('2D SPACE',''
  ) );
#2251 = ORIENTED_EDGE('',*,*,#2252,.F.);
#2252 = EDGE_CURVE('',#2253,#2227,#2255,.T.);
#2253 = VERTEX_POINT('',#2254);
#2254 = CARTESIAN_POINT('',(31.234619140625,44.315112304688,27.2));
#2255 = SURFACE_CURVE('',#2256,(#2260,#2266),.PCURVE_S1.);
#2256 = LINE('',#2257,#2258);
#2257 = CARTESIAN_POINT('',(35.7758567897,37.175537650214,27.2));
#2258 = VECTOR('',#2259,1.);
#2259 = DIRECTION('',(0.536696472795,-0.843775382486,0.));
#2260 = PCURVE('',#266,#2261);
#2261 = DEFINITIONAL_REPRESENTATION('',(#2262),#2265);
#2262 = B_SPLINE_CURVE_WITH_KNOTS('',1,(#2263,#2264),.UNSPECIFIED.,.F.,
  .F.,(2,2),(-8.461463563249,-7.843715943214),.PIECEWISE_BEZIER_KNOTS.);
#2263 = CARTESIAN_POINT('',(-18.01538085937,7.865112304687));
#2264 = CARTESIAN_POINT('',(-17.68383789062,7.343872070312));
#2265 = ( GEOMETRIC_REPRESENTATION_CONTEXT(2) 
PARAMETRIC_REPRESENTATION_CONTEXT() REPRESENTATION_CONTEXT('2D SPACE',''
  ) );
#2266 = PCURVE('',#2267,#2272);
#2267 = PLANE('',#2268);
#2268 = AXIS2_PLACEMENT_3D('',#2269,#2270,#2271);
#2269 = CARTESIAN_POINT('',(31.566162109375,43.793872070313,26.8));
#2270 = DIRECTION('',(-0.843775382486,-0.536696472795,0.));
#2271 = DIRECTION('',(-0.536696472795,0.843775382486,0.));
#2272 = DEFINITIONAL_REPRESENTATION('',(#2273),#2276);
#2273 = B_SPLINE_CURVE_WITH_KNOTS('',1,(#2274,#2275),.UNSPECIFIED.,.F.,
  .F.,(2,2),(-8.461463563249,-7.843715943214),.PIECEWISE_BEZIER_KNOTS.);
#2274 = CARTESIAN_POINT('',(0.617747620035,-0.4));
#2275 = CARTESIAN_POINT('',(0.,-0.4));
#2276 = ( GEOMETRIC_REPRESENTATION_CONTEXT(2) 
PARAMETRIC_REPRESENTATION_CONTEXT() REPRESENTATION_CONTEXT('2D SPACE',''
  ) );
#2277 = ORIENTED_EDGE('',*,*,#2278,.F.);
#2278 = EDGE_CURVE('',#2279,#2253,#2281,.T.);
#2279 = VERTEX_POINT('',#2280);
#2280 = CARTESIAN_POINT('',(30.995361328125,44.660327148438,27.2));
#2281 = SURFACE_CURVE('',#2282,(#2289,#2299),.PCURVE_S1.);
#2282 = B_SPLINE_CURVE_WITH_KNOTS('',5,(#2283,#2284,#2285,#2286,#2287,
    #2288),.UNSPECIFIED.,.F.,.F.,(6,6),(0.,1.),
  .PIECEWISE_BEZIER_KNOTS.);
#2283 = CARTESIAN_POINT('',(30.995361328125,44.660327148438,27.2));
#2284 = CARTESIAN_POINT('',(31.034440452455,44.610590081108,27.2));
#2285 = CARTESIAN_POINT('',(31.078407510458,44.550234100742,27.2));
#2286 = CARTESIAN_POINT('',(31.126771398469,44.480179504337,27.2));
#2287 = CARTESIAN_POINT('',(31.178994018639,44.401494847066,27.2));
#2288 = CARTESIAN_POINT('',(31.234619140625,44.315112304688,27.2));
#2289 = PCURVE('',#266,#2290);
#2290 = DEFINITIONAL_REPRESENTATION('',(#2291),#2298);
#2291 = B_SPLINE_CURVE_WITH_KNOTS('',5,(#2292,#2293,#2294,#2295,#2296,
    #2297),.UNSPECIFIED.,.F.,.F.,(6,6),(0.,1.),
  .PIECEWISE_BEZIER_KNOTS.);
#2292 = CARTESIAN_POINT('',(-18.25463867187,8.210327148437));
#2293 = CARTESIAN_POINT('',(-18.21555954754,8.160590081108));
#2294 = CARTESIAN_POINT('',(-18.17159248954,8.100234100742));
#2295 = CARTESIAN_POINT('',(-18.12322860153,8.030179504337));
#2296 = CARTESIAN_POINT('',(-18.07100598136,7.951494847066));
#2297 = CARTESIAN_POINT('',(-18.01538085937,7.865112304687));
#2298 = ( GEOMETRIC_REPRESENTATION_CONTEXT(2) 
PARAMETRIC_REPRESENTATION_CONTEXT() REPRESENTATION_CONTEXT('2D SPACE',''
  ) );
#2299 = PCURVE('',#2300,#2307);
#2300 = SURFACE_OF_LINEAR_EXTRUSION('',#2301,#2305);
#2301 = B_SPLINE_CURVE_WITH_KNOTS('',2,(#2302,#2303,#2304),
  .UNSPECIFIED.,.F.,.F.,(3,3),(0.,1.),.PIECEWISE_BEZIER_KNOTS.);
#2302 = CARTESIAN_POINT('',(31.234619140625,44.315112304688,26.8));
#2303 = CARTESIAN_POINT('',(31.08935546875,44.540698242188,26.8));
#2304 = CARTESIAN_POINT('',(30.995361328125,44.660327148438,26.8));
#2305 = VECTOR('',#2306,1.);
#2306 = DIRECTION('',(-0.,-0.,-1.));
#2307 = DEFINITIONAL_REPRESENTATION('',(#2308),#2315);
#2308 = B_SPLINE_CURVE_WITH_KNOTS('',5,(#2309,#2310,#2311,#2312,#2313,
    #2314),.UNSPECIFIED.,.F.,.F.,(6,6),(0.,1.),
  .PIECEWISE_BEZIER_KNOTS.);
#2309 = CARTESIAN_POINT('',(1.,-0.4));
#2310 = CARTESIAN_POINT('',(0.792119359407,-0.4));
#2311 = CARTESIAN_POINT('',(0.587703904303,-0.4));
#2312 = CARTESIAN_POINT('',(0.387387803878,-0.4));
#2313 = CARTESIAN_POINT('',(0.191462604752,-0.4));
#2314 = CARTESIAN_POINT('',(0.,-0.4));
#2315 = ( GEOMETRIC_REPRESENTATION_CONTEXT(2) 
PARAMETRIC_REPRESENTATION_CONTEXT() REPRESENTATION_CONTEXT('2D SPACE',''
  ) );
#2316 = ORIENTED_EDGE('',*,*,#2317,.F.);
#2317 = EDGE_CURVE('',#2318,#2279,#2320,.T.);
#2318 = VERTEX_POINT('',#2319);
#2319 = CARTESIAN_POINT('',(30.827026367188,44.827807617188,27.2));
#2320 = SURFACE_CURVE('',#2321,(#2328,#2338),.PCURVE_S1.);
#2321 = B_SPLINE_CURVE_WITH_KNOTS('',5,(#2322,#2323,#2324,#2325,#2326,
    #2327),.UNSPECIFIED.,.F.,.F.,(6,6),(0.,1.),
  .PIECEWISE_BEZIER_KNOTS.);
#2322 = CARTESIAN_POINT('',(30.827026367188,44.827807617188,27.2));
#2323 = CARTESIAN_POINT('',(30.857147866822,44.808419065699,27.2));
#2324 = CARTESIAN_POINT('',(30.889141406134,44.781758640748,27.2));
#2325 = CARTESIAN_POINT('',(30.922915577819,44.748001785649,27.2));
#2326 = CARTESIAN_POINT('',(30.958360870248,44.707418640281,27.2));
#2327 = CARTESIAN_POINT('',(30.995361328125,44.660327148438,27.2));
#2328 = PCURVE('',#266,#2329);
#2329 = DEFINITIONAL_REPRESENTATION('',(#2330),#2337);
#2330 = B_SPLINE_CURVE_WITH_KNOTS('',5,(#2331,#2332,#2333,#2334,#2335,
    #2336),.UNSPECIFIED.,.F.,.F.,(6,6),(0.,1.),
  .PIECEWISE_BEZIER_KNOTS.);
#2331 = CARTESIAN_POINT('',(-18.42297363281,8.377807617187));
#2332 = CARTESIAN_POINT('',(-18.39285213317,8.358419065699));
#2333 = CARTESIAN_POINT('',(-18.36085859386,8.331758640748));
#2334 = CARTESIAN_POINT('',(-18.32708442218,8.298001785649));
#2335 = CARTESIAN_POINT('',(-18.29163912975,8.257418640281));
#2336 = CARTESIAN_POINT('',(-18.25463867187,8.210327148437));
#2337 = ( GEOMETRIC_REPRESENTATION_CONTEXT(2) 
PARAMETRIC_REPRESENTATION_CONTEXT() REPRESENTATION_CONTEXT('2D SPACE',''
  ) );
#2338 = PCURVE('',#2339,#2346);
#2339 = SURFACE_OF_LINEAR_EXTRUSION('',#2340,#2344);
#2340 = B_SPLINE_CURVE_WITH_KNOTS('',2,(#2341,#2342,#2343),
  .UNSPECIFIED.,.F.,.F.,(3,3),(0.,1.),.PIECEWISE_BEZIER_KNOTS.);
#2341 = CARTESIAN_POINT('',(30.995361328125,44.660327148438,26.8));
#2342 = CARTESIAN_POINT('',(30.9013671875,44.779956054688,26.8));
#2343 = CARTESIAN_POINT('',(30.827026367188,44.827807617188,26.8));
#2344 = VECTOR('',#2345,1.);
#2345 = DIRECTION('',(-0.,-0.,-1.));
#2346 = DEFINITIONAL_REPRESENTATION('',(#2347),#2354);
#2347 = B_SPLINE_CURVE_WITH_KNOTS('',5,(#2348,#2349,#2350,#2351,#2352,
    #2353),.UNSPECIFIED.,.F.,.F.,(6,6),(0.,1.),
  .PIECEWISE_BEZIER_KNOTS.);
#2348 = CARTESIAN_POINT('',(1.,-0.4));
#2349 = CARTESIAN_POINT('',(0.797409421177,-0.4));
#2350 = CARTESIAN_POINT('',(0.595791011205,-0.4));
#2351 = CARTESIAN_POINT('',(0.395498870689,-0.4));
#2352 = CARTESIAN_POINT('',(0.196823214888,-0.4));
#2353 = CARTESIAN_POINT('',(0.,-0.4));
#2354 = ( GEOMETRIC_REPRESENTATION_CONTEXT(2) 
PARAMETRIC_REPRESENTATION_CONTEXT() REPRESENTATION_CONTEXT('2D SPACE',''
  ) );
#2355 = ORIENTED_EDGE('',*,*,#2356,.F.);
#2356 = EDGE_CURVE('',#2357,#2318,#2359,.T.);
#2357 = VERTEX_POINT('',#2358);
#2358 = CARTESIAN_POINT('',(30.67578125,44.894458007813,27.2));
#2359 = SURFACE_CURVE('',#2360,(#2366,#2375),.PCURVE_S1.);
#2360 = B_SPLINE_CURVE_WITH_KNOTS('',4,(#2361,#2362,#2363,#2364,#2365),
  .UNSPECIFIED.,.F.,.F.,(5,5),(0.,1.),.PIECEWISE_BEZIER_KNOTS.);
#2361 = CARTESIAN_POINT('',(30.67578125,44.894458007813,27.2));
#2362 = CARTESIAN_POINT('',(30.71428080758,44.885047004848,27.2));
#2363 = CARTESIAN_POINT('',(30.752334584373,44.870786174881,27.2));
#2364 = CARTESIAN_POINT('',(30.789922073076,44.851690840984,27.2));
#2365 = CARTESIAN_POINT('',(30.827026367188,44.827807617188,27.2));
#2366 = PCURVE('',#266,#2367);
#2367 = DEFINITIONAL_REPRESENTATION('',(#2368),#2374);
#2368 = B_SPLINE_CURVE_WITH_KNOTS('',4,(#2369,#2370,#2371,#2372,#2373),
  .UNSPECIFIED.,.F.,.F.,(5,5),(0.,1.),.PIECEWISE_BEZIER_KNOTS.);
#2369 = CARTESIAN_POINT('',(-18.57421875,8.444458007812));
#2370 = CARTESIAN_POINT('',(-18.53571919242,8.435047004848));
#2371 = CARTESIAN_POINT('',(-18.49766541562,8.420786174881));
#2372 = CARTESIAN_POINT('',(-18.46007792692,8.401690840984));
#2373 = CARTESIAN_POINT('',(-18.42297363281,8.377807617187));
#2374 = ( GEOMETRIC_REPRESENTATION_CONTEXT(2) 
PARAMETRIC_REPRESENTATION_CONTEXT() REPRESENTATION_CONTEXT('2D SPACE',''
  ) );
#2375 = PCURVE('',#2376,#2383);
#2376 = SURFACE_OF_LINEAR_EXTRUSION('',#2377,#2381);
#2377 = B_SPLINE_CURVE_WITH_KNOTS('',2,(#2378,#2379,#2380),
  .UNSPECIFIED.,.F.,.F.,(3,3),(0.,1.),.PIECEWISE_BEZIER_KNOTS.);
#2378 = CARTESIAN_POINT('',(30.827026367188,44.827807617188,26.8));
#2379 = CARTESIAN_POINT('',(30.752685546875,44.875659179688,26.8));
#2380 = CARTESIAN_POINT('',(30.67578125,44.894458007813,26.8));
#2381 = VECTOR('',#2382,1.);
#2382 = DIRECTION('',(-0.,-0.,-1.));
#2383 = DEFINITIONAL_REPRESENTATION('',(#2384),#2390);
#2384 = B_SPLINE_CURVE_WITH_KNOTS('',4,(#2385,#2386,#2387,#2388,#2389),
  .UNSPECIFIED.,.F.,.F.,(5,5),(0.,1.),.PIECEWISE_BEZIER_KNOTS.);
#2385 = CARTESIAN_POINT('',(1.,-0.4));
#2386 = CARTESIAN_POINT('',(0.74969176532,-0.4));
#2387 = CARTESIAN_POINT('',(0.499497164742,-0.4));
#2388 = CARTESIAN_POINT('',(0.249555318032,-0.4));
#2389 = CARTESIAN_POINT('',(0.,-0.4));
#2390 = ( GEOMETRIC_REPRESENTATION_CONTEXT(2) 
PARAMETRIC_REPRESENTATION_CONTEXT() REPRESENTATION_CONTEXT('2D SPACE',''
  ) );
#2391 = ORIENTED_EDGE('',*,*,#2392,.F.);
#2392 = EDGE_CURVE('',#2393,#2357,#2395,.T.);
#2393 = VERTEX_POINT('',#2394);
#2394 = CARTESIAN_POINT('',(30.4912109375,44.906420898438,27.2));
#2395 = SURFACE_CURVE('',#2396,(#2403,#2413),.PCURVE_S1.);
#2396 = B_SPLINE_CURVE_WITH_KNOTS('',5,(#2397,#2398,#2399,#2400,#2401,
    #2402),.UNSPECIFIED.,.F.,.F.,(6,6),(0.,1.),
  .PIECEWISE_BEZIER_KNOTS.);
#2397 = CARTESIAN_POINT('',(30.4912109375,44.906420898438,27.2));
#2398 = CARTESIAN_POINT('',(30.541758501969,44.906420898438,27.2));
#2399 = CARTESIAN_POINT('',(30.58575997502,44.905258060359,27.2));
#2400 = CARTESIAN_POINT('',(30.622913914706,44.90289275284,27.2));
#2401 = CARTESIAN_POINT('',(30.652972258699,44.899296278695,27.2));
#2402 = CARTESIAN_POINT('',(30.67578125,44.894458007813,27.2));
#2403 = PCURVE('',#266,#2404);
#2404 = DEFINITIONAL_REPRESENTATION('',(#2405),#2412);
#2405 = B_SPLINE_CURVE_WITH_KNOTS('',5,(#2406,#2407,#2408,#2409,#2410,
    #2411),.UNSPECIFIED.,.F.,.F.,(6,6),(0.,1.),
  .PIECEWISE_BEZIER_KNOTS.);
#2406 = CARTESIAN_POINT('',(-18.7587890625,8.456420898437));
#2407 = CARTESIAN_POINT('',(-18.70824149803,8.456420898437));
#2408 = CARTESIAN_POINT('',(-18.66424002498,8.455258060359));
#2409 = CARTESIAN_POINT('',(-18.62708608529,8.45289275284));
#2410 = CARTESIAN_POINT('',(-18.5970277413,8.449296278694));
#2411 = CARTESIAN_POINT('',(-18.57421875,8.444458007812));
#2412 = ( GEOMETRIC_REPRESENTATION_CONTEXT(2) 
PARAMETRIC_REPRESENTATION_CONTEXT() REPRESENTATION_CONTEXT('2D SPACE',''
  ) );
#2413 = PCURVE('',#2414,#2421);
#2414 = SURFACE_OF_LINEAR_EXTRUSION('',#2415,#2419);
#2415 = B_SPLINE_CURVE_WITH_KNOTS('',2,(#2416,#2417,#2418),
  .UNSPECIFIED.,.F.,.F.,(3,3),(0.,1.),.PIECEWISE_BEZIER_KNOTS.);
#2416 = CARTESIAN_POINT('',(30.67578125,44.894458007813,26.8));
#2417 = CARTESIAN_POINT('',(30.619384765625,44.906420898438,26.8));
#2418 = CARTESIAN_POINT('',(30.4912109375,44.906420898438,26.8));
#2419 = VECTOR('',#2420,1.);
#2420 = DIRECTION('',(-0.,-0.,-1.));
#2421 = DEFINITIONAL_REPRESENTATION('',(#2422),#2429);
#2422 = B_SPLINE_CURVE_WITH_KNOTS('',5,(#2423,#2424,#2425,#2426,#2427,
    #2428),.UNSPECIFIED.,.F.,.F.,(6,6),(0.,1.),
  .PIECEWISE_BEZIER_KNOTS.);
#2423 = CARTESIAN_POINT('',(1.,-0.4));
#2424 = CARTESIAN_POINT('',(0.802816358034,-0.4));
#2425 = CARTESIAN_POINT('',(0.603951651144,-0.4));
#2426 = CARTESIAN_POINT('',(0.40365418967,-0.4));
#2427 = CARTESIAN_POINT('',(0.202219974823,-0.4));
#2428 = CARTESIAN_POINT('',(0.,-0.4));
#2429 = ( GEOMETRIC_REPRESENTATION_CONTEXT(2) 
PARAMETRIC_REPRESENTATION_CONTEXT() REPRESENTATION_CONTEXT('2D SPACE',''
  ) );
#2430 = ORIENTED_EDGE('',*,*,#2431,.F.);
#2431 = EDGE_CURVE('',#2432,#2393,#2434,.T.);
#2432 = VERTEX_POINT('',#2433);
#2433 = CARTESIAN_POINT('',(30.106689453125,44.906420898438,27.2));
#2434 = SURFACE_CURVE('',#2435,(#2439,#2445),.PCURVE_S1.);
#2435 = LINE('',#2436,#2437);
#2436 = CARTESIAN_POINT('',(39.87060546875,44.906420898438,27.2));
#2437 = VECTOR('',#2438,1.);
#2438 = DIRECTION('',(1.,0.,-0.));
#2439 = PCURVE('',#266,#2440);
#2440 = DEFINITIONAL_REPRESENTATION('',(#2441),#2444);
#2441 = B_SPLINE_CURVE_WITH_KNOTS('',1,(#2442,#2443),.UNSPECIFIED.,.F.,
  .F.,(2,2),(-9.763916015625,-9.37939453125),.PIECEWISE_BEZIER_KNOTS.);
#2442 = CARTESIAN_POINT('',(-19.14331054687,8.456420898437));
#2443 = CARTESIAN_POINT('',(-18.7587890625,8.456420898437));
#2444 = ( GEOMETRIC_REPRESENTATION_CONTEXT(2) 
PARAMETRIC_REPRESENTATION_CONTEXT() REPRESENTATION_CONTEXT('2D SPACE',''
  ) );
#2445 = PCURVE('',#2446,#2451);
#2446 = PLANE('',#2447);
#2447 = AXIS2_PLACEMENT_3D('',#2448,#2449,#2450);
#2448 = CARTESIAN_POINT('',(30.4912109375,44.906420898438,26.8));
#2449 = DIRECTION('',(0.,-1.,0.));
#2450 = DIRECTION('',(-1.,0.,0.));
#2451 = DEFINITIONAL_REPRESENTATION('',(#2452),#2455);
#2452 = B_SPLINE_CURVE_WITH_KNOTS('',1,(#2453,#2454),.UNSPECIFIED.,.F.,
  .F.,(2,2),(-9.763916015625,-9.37939453125),.PIECEWISE_BEZIER_KNOTS.);
#2453 = CARTESIAN_POINT('',(0.384521484375,-0.4));
#2454 = CARTESIAN_POINT('',(0.,-0.4));
#2455 = ( GEOMETRIC_REPRESENTATION_CONTEXT(2) 
PARAMETRIC_REPRESENTATION_CONTEXT() REPRESENTATION_CONTEXT('2D SPACE',''
  ) );
#2456 = ORIENTED_EDGE('',*,*,#2457,.F.);
#2457 = EDGE_CURVE('',#1805,#2432,#2458,.T.);
#2458 = SURFACE_CURVE('',#2459,(#2463,#2469),.PCURVE_S1.);
#2459 = LINE('',#2460,#2461);
#2460 = CARTESIAN_POINT('',(30.106689453125,40.678210449219,27.2));
#2461 = VECTOR('',#2462,1.);
#2462 = DIRECTION('',(0.,1.,0.));
#2463 = PCURVE('',#266,#2464);
#2464 = DEFINITIONAL_REPRESENTATION('',(#2465),#2468);
#2465 = B_SPLINE_CURVE_WITH_KNOTS('',1,(#2466,#2467),.UNSPECIFIED.,.F.,
  .F.,(2,2),(3.115661621094,4.228210449219),.PIECEWISE_BEZIER_KNOTS.);
#2466 = CARTESIAN_POINT('',(-19.14331054687,7.343872070312));
#2467 = CARTESIAN_POINT('',(-19.14331054687,8.456420898437));
#2468 = ( GEOMETRIC_REPRESENTATION_CONTEXT(2) 
PARAMETRIC_REPRESENTATION_CONTEXT() REPRESENTATION_CONTEXT('2D SPACE',''
  ) );
#2469 = PCURVE('',#2470,#2475);
#2470 = PLANE('',#2471);
#2471 = AXIS2_PLACEMENT_3D('',#2472,#2473,#2474);
#2472 = CARTESIAN_POINT('',(30.106689453125,44.906420898438,26.8));
#2473 = DIRECTION('',(1.,0.,0.));
#2474 = DIRECTION('',(0.,-1.,0.));
#2475 = DEFINITIONAL_REPRESENTATION('',(#2476),#2479);
#2476 = B_SPLINE_CURVE_WITH_KNOTS('',1,(#2477,#2478),.UNSPECIFIED.,.F.,
  .F.,(2,2),(3.115661621094,4.228210449219),.PIECEWISE_BEZIER_KNOTS.);
#2477 = CARTESIAN_POINT('',(1.112548828125,-0.4));
#2478 = CARTESIAN_POINT('',(0.,-0.4));
#2479 = ( GEOMETRIC_REPRESENTATION_CONTEXT(2) 
PARAMETRIC_REPRESENTATION_CONTEXT() REPRESENTATION_CONTEXT('2D SPACE',''
  ) );
#2480 = FACE_BOUND('',#2481,.T.);
#2481 = EDGE_LOOP('',(#2482,#2510,#2536,#2562,#2588,#2614,#2640,#2666));
#2482 = ORIENTED_EDGE('',*,*,#2483,.F.);
#2483 = EDGE_CURVE('',#2484,#2486,#2488,.T.);
#2484 = VERTEX_POINT('',#2485);
#2485 = CARTESIAN_POINT('',(32.871826171875,43.793872070313,27.2));
#2486 = VERTEX_POINT('',#2487);
#2487 = CARTESIAN_POINT('',(33.203369140625,43.793872070313,27.2));
#2488 = SURFACE_CURVE('',#2489,(#2493,#2499),.PCURVE_S1.);
#2489 = LINE('',#2490,#2491);
#2490 = CARTESIAN_POINT('',(41.226684570312,43.793872070313,27.2));
#2491 = VECTOR('',#2492,1.);
#2492 = DIRECTION('',(1.,0.,-0.));
#2493 = PCURVE('',#266,#2494);
#2494 = DEFINITIONAL_REPRESENTATION('',(#2495),#2498);
#2495 = B_SPLINE_CURVE_WITH_KNOTS('',1,(#2496,#2497),.UNSPECIFIED.,.F.,
  .F.,(2,2),(-8.354858398438,-8.023315429688),.PIECEWISE_BEZIER_KNOTS.);
#2496 = CARTESIAN_POINT('',(-16.37817382812,7.343872070312));
#2497 = CARTESIAN_POINT('',(-16.04663085937,7.343872070312));
#2498 = ( GEOMETRIC_REPRESENTATION_CONTEXT(2) 
PARAMETRIC_REPRESENTATION_CONTEXT() REPRESENTATION_CONTEXT('2D SPACE',''
  ) );
#2499 = PCURVE('',#2500,#2505);
#2500 = PLANE('',#2501);
#2501 = AXIS2_PLACEMENT_3D('',#2502,#2503,#2504);
#2502 = CARTESIAN_POINT('',(33.203369140625,43.793872070313,26.8));
#2503 = DIRECTION('',(0.,-1.,0.));
#2504 = DIRECTION('',(-1.,0.,0.));
#2505 = DEFINITIONAL_REPRESENTATION('',(#2506),#2509);
#2506 = B_SPLINE_CURVE_WITH_KNOTS('',1,(#2507,#2508),.UNSPECIFIED.,.F.,
  .F.,(2,2),(-8.354858398438,-8.023315429688),.PIECEWISE_BEZIER_KNOTS.);
#2507 = CARTESIAN_POINT('',(0.33154296875,-0.4));
#2508 = CARTESIAN_POINT('',(0.,-0.4));
#2509 = ( GEOMETRIC_REPRESENTATION_CONTEXT(2) 
PARAMETRIC_REPRESENTATION_CONTEXT() REPRESENTATION_CONTEXT('2D SPACE',''
  ) );
#2510 = ORIENTED_EDGE('',*,*,#2511,.F.);
#2511 = EDGE_CURVE('',#2512,#2484,#2514,.T.);
#2512 = VERTEX_POINT('',#2513);
#2513 = CARTESIAN_POINT('',(32.871826171875,46.003588867188,27.2));
#2514 = SURFACE_CURVE('',#2515,(#2519,#2525),.PCURVE_S1.);
#2515 = LINE('',#2516,#2517);
#2516 = CARTESIAN_POINT('',(32.871826171875,40.121936035156,27.2));
#2517 = VECTOR('',#2518,1.);
#2518 = DIRECTION('',(0.,-1.,0.));
#2519 = PCURVE('',#266,#2520);
#2520 = DEFINITIONAL_REPRESENTATION('',(#2521),#2524);
#2521 = B_SPLINE_CURVE_WITH_KNOTS('',1,(#2522,#2523),.UNSPECIFIED.,.F.,
  .F.,(2,2),(-5.881652832031,-3.671936035156),.PIECEWISE_BEZIER_KNOTS.);
#2522 = CARTESIAN_POINT('',(-16.37817382812,9.553588867187));
#2523 = CARTESIAN_POINT('',(-16.37817382812,7.343872070312));
#2524 = ( GEOMETRIC_REPRESENTATION_CONTEXT(2) 
PARAMETRIC_REPRESENTATION_CONTEXT() REPRESENTATION_CONTEXT('2D SPACE',''
  ) );
#2525 = PCURVE('',#2526,#2531);
#2526 = PLANE('',#2527);
#2527 = AXIS2_PLACEMENT_3D('',#2528,#2529,#2530);
#2528 = CARTESIAN_POINT('',(32.871826171875,43.793872070313,26.8));
#2529 = DIRECTION('',(-1.,0.,0.));
#2530 = DIRECTION('',(0.,1.,0.));
#2531 = DEFINITIONAL_REPRESENTATION('',(#2532),#2535);
#2532 = B_SPLINE_CURVE_WITH_KNOTS('',1,(#2533,#2534),.UNSPECIFIED.,.F.,
  .F.,(2,2),(-5.881652832031,-3.671936035156),.PIECEWISE_BEZIER_KNOTS.);
#2533 = CARTESIAN_POINT('',(2.209716796875,-0.4));
#2534 = CARTESIAN_POINT('',(0.,-0.4));
#2535 = ( GEOMETRIC_REPRESENTATION_CONTEXT(2) 
PARAMETRIC_REPRESENTATION_CONTEXT() REPRESENTATION_CONTEXT('2D SPACE',''
  ) );
#2536 = ORIENTED_EDGE('',*,*,#2537,.F.);
#2537 = EDGE_CURVE('',#2538,#2512,#2540,.T.);
#2538 = VERTEX_POINT('',#2539);
#2539 = CARTESIAN_POINT('',(32.04638671875,46.003588867188,27.2));
#2540 = SURFACE_CURVE('',#2541,(#2545,#2551),.PCURVE_S1.);
#2541 = LINE('',#2542,#2543);
#2542 = CARTESIAN_POINT('',(41.060913085938,46.003588867188,27.2));
#2543 = VECTOR('',#2544,1.);
#2544 = DIRECTION('',(1.,0.,-0.));
#2545 = PCURVE('',#266,#2546);
#2546 = DEFINITIONAL_REPRESENTATION('',(#2547),#2550);
#2547 = B_SPLINE_CURVE_WITH_KNOTS('',1,(#2548,#2549),.UNSPECIFIED.,.F.,
  .F.,(2,2),(-9.014526367188,-8.189086914062),.PIECEWISE_BEZIER_KNOTS.);
#2548 = CARTESIAN_POINT('',(-17.20361328125,9.553588867187));
#2549 = CARTESIAN_POINT('',(-16.37817382812,9.553588867187));
#2550 = ( GEOMETRIC_REPRESENTATION_CONTEXT(2) 
PARAMETRIC_REPRESENTATION_CONTEXT() REPRESENTATION_CONTEXT('2D SPACE',''
  ) );
#2551 = PCURVE('',#2552,#2557);
#2552 = PLANE('',#2553);
#2553 = AXIS2_PLACEMENT_3D('',#2554,#2555,#2556);
#2554 = CARTESIAN_POINT('',(32.871826171875,46.003588867188,26.8));
#2555 = DIRECTION('',(0.,-1.,0.));
#2556 = DIRECTION('',(-1.,0.,0.));
#2557 = DEFINITIONAL_REPRESENTATION('',(#2558),#2561);
#2558 = B_SPLINE_CURVE_WITH_KNOTS('',1,(#2559,#2560),.UNSPECIFIED.,.F.,
  .F.,(2,2),(-9.014526367188,-8.189086914062),.PIECEWISE_BEZIER_KNOTS.);
#2559 = CARTESIAN_POINT('',(0.825439453125,-0.4));
#2560 = CARTESIAN_POINT('',(0.,-0.4));
#2561 = ( GEOMETRIC_REPRESENTATION_CONTEXT(2) 
PARAMETRIC_REPRESENTATION_CONTEXT() REPRESENTATION_CONTEXT('2D SPACE',''
  ) );
#2562 = ORIENTED_EDGE('',*,*,#2563,.F.);
#2563 = EDGE_CURVE('',#2564,#2538,#2566,.T.);
#2564 = VERTEX_POINT('',#2565);
#2565 = CARTESIAN_POINT('',(32.04638671875,46.299243164063,27.2));
#2566 = SURFACE_CURVE('',#2567,(#2571,#2577),.PCURVE_S1.);
#2567 = LINE('',#2568,#2569);
#2568 = CARTESIAN_POINT('',(32.04638671875,41.226794433594,27.2));
#2569 = VECTOR('',#2570,1.);
#2570 = DIRECTION('',(0.,-1.,0.));
#2571 = PCURVE('',#266,#2572);
#2572 = DEFINITIONAL_REPRESENTATION('',(#2573),#2576);
#2573 = B_SPLINE_CURVE_WITH_KNOTS('',1,(#2574,#2575),.UNSPECIFIED.,.F.,
  .F.,(2,2),(-5.072448730469,-4.776794433594),.PIECEWISE_BEZIER_KNOTS.);
#2574 = CARTESIAN_POINT('',(-17.20361328125,9.849243164062));
#2575 = CARTESIAN_POINT('',(-17.20361328125,9.553588867187));
#2576 = ( GEOMETRIC_REPRESENTATION_CONTEXT(2) 
PARAMETRIC_REPRESENTATION_CONTEXT() REPRESENTATION_CONTEXT('2D SPACE',''
  ) );
#2577 = PCURVE('',#2578,#2583);
#2578 = PLANE('',#2579);
#2579 = AXIS2_PLACEMENT_3D('',#2580,#2581,#2582);
#2580 = CARTESIAN_POINT('',(32.04638671875,46.003588867188,26.8));
#2581 = DIRECTION('',(-1.,0.,0.));
#2582 = DIRECTION('',(0.,1.,0.));
#2583 = DEFINITIONAL_REPRESENTATION('',(#2584),#2587);
#2584 = B_SPLINE_CURVE_WITH_KNOTS('',1,(#2585,#2586),.UNSPECIFIED.,.F.,
  .F.,(2,2),(-5.072448730469,-4.776794433594),.PIECEWISE_BEZIER_KNOTS.);
#2585 = CARTESIAN_POINT('',(0.295654296875,-0.4));
#2586 = CARTESIAN_POINT('',(0.,-0.4));
#2587 = ( GEOMETRIC_REPRESENTATION_CONTEXT(2) 
PARAMETRIC_REPRESENTATION_CONTEXT() REPRESENTATION_CONTEXT('2D SPACE',''
  ) );
#2588 = ORIENTED_EDGE('',*,*,#2589,.F.);
#2589 = EDGE_CURVE('',#2590,#2564,#2592,.T.);
#2590 = VERTEX_POINT('',#2591);
#2591 = CARTESIAN_POINT('',(34.0322265625,46.299243164063,27.2));
#2592 = SURFACE_CURVE('',#2593,(#2597,#2603),.PCURVE_S1.);
#2593 = LINE('',#2594,#2595);
#2594 = CARTESIAN_POINT('',(40.648193359375,46.299243164063,27.2));
#2595 = VECTOR('',#2596,1.);
#2596 = DIRECTION('',(-1.,0.,0.));
#2597 = PCURVE('',#266,#2598);
#2598 = DEFINITIONAL_REPRESENTATION('',(#2599),#2602);
#2599 = B_SPLINE_CURVE_WITH_KNOTS('',1,(#2600,#2601),.UNSPECIFIED.,.F.,
  .F.,(2,2),(6.615966796875,8.601806640625),.PIECEWISE_BEZIER_KNOTS.);
#2600 = CARTESIAN_POINT('',(-15.2177734375,9.849243164062));
#2601 = CARTESIAN_POINT('',(-17.20361328125,9.849243164062));
#2602 = ( GEOMETRIC_REPRESENTATION_CONTEXT(2) 
PARAMETRIC_REPRESENTATION_CONTEXT() REPRESENTATION_CONTEXT('2D SPACE',''
  ) );
#2603 = PCURVE('',#2604,#2609);
#2604 = PLANE('',#2605);
#2605 = AXIS2_PLACEMENT_3D('',#2606,#2607,#2608);
#2606 = CARTESIAN_POINT('',(32.04638671875,46.299243164063,26.8));
#2607 = DIRECTION('',(0.,1.,0.));
#2608 = DIRECTION('',(1.,0.,0.));
#2609 = DEFINITIONAL_REPRESENTATION('',(#2610),#2613);
#2610 = B_SPLINE_CURVE_WITH_KNOTS('',1,(#2611,#2612),.UNSPECIFIED.,.F.,
  .F.,(2,2),(6.615966796875,8.601806640625),.PIECEWISE_BEZIER_KNOTS.);
#2611 = CARTESIAN_POINT('',(1.98583984375,-0.4));
#2612 = CARTESIAN_POINT('',(0.,-0.4));
#2613 = ( GEOMETRIC_REPRESENTATION_CONTEXT(2) 
PARAMETRIC_REPRESENTATION_CONTEXT() REPRESENTATION_CONTEXT('2D SPACE',''
  ) );
#2614 = ORIENTED_EDGE('',*,*,#2615,.F.);
#2615 = EDGE_CURVE('',#2616,#2590,#2618,.T.);
#2616 = VERTEX_POINT('',#2617);
#2617 = CARTESIAN_POINT('',(34.0322265625,46.003588867188,27.2));
#2618 = SURFACE_CURVE('',#2619,(#2623,#2629),.PCURVE_S1.);
#2619 = LINE('',#2620,#2621);
#2620 = CARTESIAN_POINT('',(34.0322265625,41.374621582031,27.2));
#2621 = VECTOR('',#2622,1.);
#2622 = DIRECTION('',(0.,1.,0.));
#2623 = PCURVE('',#266,#2624);
#2624 = DEFINITIONAL_REPRESENTATION('',(#2625),#2628);
#2625 = B_SPLINE_CURVE_WITH_KNOTS('',1,(#2626,#2627),.UNSPECIFIED.,.F.,
  .F.,(2,2),(4.628967285156,4.924621582031),.PIECEWISE_BEZIER_KNOTS.);
#2626 = CARTESIAN_POINT('',(-15.2177734375,9.553588867187));
#2627 = CARTESIAN_POINT('',(-15.2177734375,9.849243164062));
#2628 = ( GEOMETRIC_REPRESENTATION_CONTEXT(2) 
PARAMETRIC_REPRESENTATION_CONTEXT() REPRESENTATION_CONTEXT('2D SPACE',''
  ) );
#2629 = PCURVE('',#2630,#2635);
#2630 = PLANE('',#2631);
#2631 = AXIS2_PLACEMENT_3D('',#2632,#2633,#2634);
#2632 = CARTESIAN_POINT('',(34.0322265625,46.299243164063,26.8));
#2633 = DIRECTION('',(1.,0.,0.));
#2634 = DIRECTION('',(0.,-1.,0.));
#2635 = DEFINITIONAL_REPRESENTATION('',(#2636),#2639);
#2636 = B_SPLINE_CURVE_WITH_KNOTS('',1,(#2637,#2638),.UNSPECIFIED.,.F.,
  .F.,(2,2),(4.628967285156,4.924621582031),.PIECEWISE_BEZIER_KNOTS.);
#2637 = CARTESIAN_POINT('',(0.295654296875,-0.4));
#2638 = CARTESIAN_POINT('',(0.,-0.4));
#2639 = ( GEOMETRIC_REPRESENTATION_CONTEXT(2) 
PARAMETRIC_REPRESENTATION_CONTEXT() REPRESENTATION_CONTEXT('2D SPACE',''
  ) );
#2640 = ORIENTED_EDGE('',*,*,#2641,.F.);
#2641 = EDGE_CURVE('',#2642,#2616,#2644,.T.);
#2642 = VERTEX_POINT('',#2643);
#2643 = CARTESIAN_POINT('',(33.203369140625,46.003588867188,27.2));
#2644 = SURFACE_CURVE('',#2645,(#2649,#2655),.PCURVE_S1.);
#2645 = LINE('',#2646,#2647);
#2646 = CARTESIAN_POINT('',(41.64111328125,46.003588867188,27.2));
#2647 = VECTOR('',#2648,1.);
#2648 = DIRECTION('',(1.,0.,-0.));
#2649 = PCURVE('',#266,#2650);
#2650 = DEFINITIONAL_REPRESENTATION('',(#2651),#2654);
#2651 = B_SPLINE_CURVE_WITH_KNOTS('',1,(#2652,#2653),.UNSPECIFIED.,.F.,
  .F.,(2,2),(-8.437744140625,-7.60888671875),.PIECEWISE_BEZIER_KNOTS.);
#2652 = CARTESIAN_POINT('',(-16.04663085937,9.553588867187));
#2653 = CARTESIAN_POINT('',(-15.2177734375,9.553588867187));
#2654 = ( GEOMETRIC_REPRESENTATION_CONTEXT(2) 
PARAMETRIC_REPRESENTATION_CONTEXT() REPRESENTATION_CONTEXT('2D SPACE',''
  ) );
#2655 = PCURVE('',#2656,#2661);
#2656 = PLANE('',#2657);
#2657 = AXIS2_PLACEMENT_3D('',#2658,#2659,#2660);
#2658 = CARTESIAN_POINT('',(34.0322265625,46.003588867188,26.8));
#2659 = DIRECTION('',(0.,-1.,0.));
#2660 = DIRECTION('',(-1.,0.,0.));
#2661 = DEFINITIONAL_REPRESENTATION('',(#2662),#2665);
#2662 = B_SPLINE_CURVE_WITH_KNOTS('',1,(#2663,#2664),.UNSPECIFIED.,.F.,
  .F.,(2,2),(-8.437744140625,-7.60888671875),.PIECEWISE_BEZIER_KNOTS.);
#2663 = CARTESIAN_POINT('',(0.828857421875,-0.4));
#2664 = CARTESIAN_POINT('',(0.,-0.4));
#2665 = ( GEOMETRIC_REPRESENTATION_CONTEXT(2) 
PARAMETRIC_REPRESENTATION_CONTEXT() REPRESENTATION_CONTEXT('2D SPACE',''
  ) );
#2666 = ORIENTED_EDGE('',*,*,#2667,.F.);
#2667 = EDGE_CURVE('',#2486,#2642,#2668,.T.);
#2668 = SURFACE_CURVE('',#2669,(#2673,#2679),.PCURVE_S1.);
#2669 = LINE('',#2670,#2671);
#2670 = CARTESIAN_POINT('',(33.203369140625,41.226794433594,27.2));
#2671 = VECTOR('',#2672,1.);
#2672 = DIRECTION('',(0.,1.,0.));
#2673 = PCURVE('',#266,#2674);
#2674 = DEFINITIONAL_REPRESENTATION('',(#2675),#2678);
#2675 = B_SPLINE_CURVE_WITH_KNOTS('',1,(#2676,#2677),.UNSPECIFIED.,.F.,
  .F.,(2,2),(2.567077636719,4.776794433594),.PIECEWISE_BEZIER_KNOTS.);
#2676 = CARTESIAN_POINT('',(-16.04663085937,7.343872070312));
#2677 = CARTESIAN_POINT('',(-16.04663085937,9.553588867187));
#2678 = ( GEOMETRIC_REPRESENTATION_CONTEXT(2) 
PARAMETRIC_REPRESENTATION_CONTEXT() REPRESENTATION_CONTEXT('2D SPACE',''
  ) );
#2679 = PCURVE('',#2680,#2685);
#2680 = PLANE('',#2681);
#2681 = AXIS2_PLACEMENT_3D('',#2682,#2683,#2684);
#2682 = CARTESIAN_POINT('',(33.203369140625,46.003588867188,26.8));
#2683 = DIRECTION('',(1.,0.,0.));
#2684 = DIRECTION('',(0.,-1.,0.));
#2685 = DEFINITIONAL_REPRESENTATION('',(#2686),#2689);
#2686 = B_SPLINE_CURVE_WITH_KNOTS('',1,(#2687,#2688),.UNSPECIFIED.,.F.,
  .F.,(2,2),(2.567077636719,4.776794433594),.PIECEWISE_BEZIER_KNOTS.);
#2687 = CARTESIAN_POINT('',(2.209716796875,-0.4));
#2688 = CARTESIAN_POINT('',(0.,-0.4));
#2689 = ( GEOMETRIC_REPRESENTATION_CONTEXT(2) 
PARAMETRIC_REPRESENTATION_CONTEXT() REPRESENTATION_CONTEXT('2D SPACE',''
  ) );
#2690 = FACE_BOUND('',#2691,.T.);
#2691 = EDGE_LOOP('',(#2692,#2720,#2746,#2772,#2798,#2824,#2850,#2876,
    #2902,#2928,#2954,#2980));
#2692 = ORIENTED_EDGE('',*,*,#2693,.F.);
#2693 = EDGE_CURVE('',#2694,#2696,#2698,.T.);
#2694 = VERTEX_POINT('',#2695);
#2695 = CARTESIAN_POINT('',(34.358642578125,43.793872070313,27.2));
#2696 = VERTEX_POINT('',#2697);
#2697 = CARTESIAN_POINT('',(34.690185546875,43.793872070313,27.2));
#2698 = SURFACE_CURVE('',#2699,(#2703,#2709),.PCURVE_S1.);
#2699 = LINE('',#2700,#2701);
#2700 = CARTESIAN_POINT('',(41.970092773438,43.793872070313,27.2));
#2701 = VECTOR('',#2702,1.);
#2702 = DIRECTION('',(1.,0.,-0.));
#2703 = PCURVE('',#266,#2704);
#2704 = DEFINITIONAL_REPRESENTATION('',(#2705),#2708);
#2705 = B_SPLINE_CURVE_WITH_KNOTS('',1,(#2706,#2707),.UNSPECIFIED.,.F.,
  .F.,(2,2),(-7.611450195312,-7.279907226562),.PIECEWISE_BEZIER_KNOTS.);
#2706 = CARTESIAN_POINT('',(-14.89135742187,7.343872070312));
#2707 = CARTESIAN_POINT('',(-14.55981445312,7.343872070312));
#2708 = ( GEOMETRIC_REPRESENTATION_CONTEXT(2) 
PARAMETRIC_REPRESENTATION_CONTEXT() REPRESENTATION_CONTEXT('2D SPACE',''
  ) );
#2709 = PCURVE('',#2710,#2715);
#2710 = PLANE('',#2711);
#2711 = AXIS2_PLACEMENT_3D('',#2712,#2713,#2714);
#2712 = CARTESIAN_POINT('',(34.690185546875,43.793872070313,26.8));
#2713 = DIRECTION('',(0.,-1.,0.));
#2714 = DIRECTION('',(-1.,0.,0.));
#2715 = DEFINITIONAL_REPRESENTATION('',(#2716),#2719);
#2716 = B_SPLINE_CURVE_WITH_KNOTS('',1,(#2717,#2718),.UNSPECIFIED.,.F.,
  .F.,(2,2),(-7.611450195312,-7.279907226562),.PIECEWISE_BEZIER_KNOTS.);
#2717 = CARTESIAN_POINT('',(0.33154296875,-0.4));
#2718 = CARTESIAN_POINT('',(0.,-0.4));
#2719 = ( GEOMETRIC_REPRESENTATION_CONTEXT(2) 
PARAMETRIC_REPRESENTATION_CONTEXT() REPRESENTATION_CONTEXT('2D SPACE',''
  ) );
#2720 = ORIENTED_EDGE('',*,*,#2721,.F.);
#2721 = EDGE_CURVE('',#2722,#2694,#2724,.T.);
#2722 = VERTEX_POINT('',#2723);
#2723 = CARTESIAN_POINT('',(34.358642578125,46.299243164063,27.2));
#2724 = SURFACE_CURVE('',#2725,(#2729,#2735),.PCURVE_S1.);
#2725 = LINE('',#2726,#2727);
#2726 = CARTESIAN_POINT('',(34.358642578125,40.121936035156,27.2));
#2727 = VECTOR('',#2728,1.);
#2728 = DIRECTION('',(0.,-1.,0.));
#2729 = PCURVE('',#266,#2730);
#2730 = DEFINITIONAL_REPRESENTATION('',(#2731),#2734);
#2731 = B_SPLINE_CURVE_WITH_KNOTS('',1,(#2732,#2733),.UNSPECIFIED.,.F.,
  .F.,(2,2),(-6.177307128906,-3.671936035156),.PIECEWISE_BEZIER_KNOTS.);
#2732 = CARTESIAN_POINT('',(-14.89135742187,9.849243164062));
#2733 = CARTESIAN_POINT('',(-14.89135742187,7.343872070312));
#2734 = ( GEOMETRIC_REPRESENTATION_CONTEXT(2) 
PARAMETRIC_REPRESENTATION_CONTEXT() REPRESENTATION_CONTEXT('2D SPACE',''
  ) );
#2735 = PCURVE('',#2736,#2741);
#2736 = PLANE('',#2737);
#2737 = AXIS2_PLACEMENT_3D('',#2738,#2739,#2740);
#2738 = CARTESIAN_POINT('',(34.358642578125,43.793872070313,26.8));
#2739 = DIRECTION('',(-1.,0.,0.));
#2740 = DIRECTION('',(0.,1.,0.));
#2741 = DEFINITIONAL_REPRESENTATION('',(#2742),#2745);
#2742 = B_SPLINE_CURVE_WITH_KNOTS('',1,(#2743,#2744),.UNSPECIFIED.,.F.,
  .F.,(2,2),(-6.177307128906,-3.671936035156),.PIECEWISE_BEZIER_KNOTS.);
#2743 = CARTESIAN_POINT('',(2.50537109375,-0.4));
#2744 = CARTESIAN_POINT('',(0.,-0.4));
#2745 = ( GEOMETRIC_REPRESENTATION_CONTEXT(2) 
PARAMETRIC_REPRESENTATION_CONTEXT() REPRESENTATION_CONTEXT('2D SPACE',''
  ) );
#2746 = ORIENTED_EDGE('',*,*,#2747,.F.);
#2747 = EDGE_CURVE('',#2748,#2722,#2750,.T.);
#2748 = VERTEX_POINT('',#2749);
#2749 = CARTESIAN_POINT('',(34.690185546875,46.299243164063,27.2));
#2750 = SURFACE_CURVE('',#2751,(#2755,#2761),.PCURVE_S1.);
#2751 = LINE('',#2752,#2753);
#2752 = CARTESIAN_POINT('',(41.804321289062,46.299243164063,27.2));
#2753 = VECTOR('',#2754,1.);
#2754 = DIRECTION('',(-1.,0.,0.));
#2755 = PCURVE('',#266,#2756);
#2756 = DEFINITIONAL_REPRESENTATION('',(#2757),#2760);
#2757 = B_SPLINE_CURVE_WITH_KNOTS('',1,(#2758,#2759),.UNSPECIFIED.,.F.,
  .F.,(2,2),(7.114135742188,7.445678710938),.PIECEWISE_BEZIER_KNOTS.);
#2758 = CARTESIAN_POINT('',(-14.55981445312,9.849243164062));
#2759 = CARTESIAN_POINT('',(-14.89135742187,9.849243164062));
#2760 = ( GEOMETRIC_REPRESENTATION_CONTEXT(2) 
PARAMETRIC_REPRESENTATION_CONTEXT() REPRESENTATION_CONTEXT('2D SPACE',''
  ) );
#2761 = PCURVE('',#2762,#2767);
#2762 = PLANE('',#2763);
#2763 = AXIS2_PLACEMENT_3D('',#2764,#2765,#2766);
#2764 = CARTESIAN_POINT('',(34.358642578125,46.299243164063,26.8));
#2765 = DIRECTION('',(0.,1.,0.));
#2766 = DIRECTION('',(1.,0.,0.));
#2767 = DEFINITIONAL_REPRESENTATION('',(#2768),#2771);
#2768 = B_SPLINE_CURVE_WITH_KNOTS('',1,(#2769,#2770),.UNSPECIFIED.,.F.,
  .F.,(2,2),(7.114135742188,7.445678710938),.PIECEWISE_BEZIER_KNOTS.);
#2769 = CARTESIAN_POINT('',(0.33154296875,-0.4));
#2770 = CARTESIAN_POINT('',(0.,-0.4));
#2771 = ( GEOMETRIC_REPRESENTATION_CONTEXT(2) 
PARAMETRIC_REPRESENTATION_CONTEXT() REPRESENTATION_CONTEXT('2D SPACE',''
  ) );
#2772 = ORIENTED_EDGE('',*,*,#2773,.F.);
#2773 = EDGE_CURVE('',#2774,#2748,#2776,.T.);
#2774 = VERTEX_POINT('',#2775);
#2775 = CARTESIAN_POINT('',(34.690185546875,45.056811523438,27.2));
#2776 = SURFACE_CURVE('',#2777,(#2781,#2787),.PCURVE_S1.);
#2777 = LINE('',#2778,#2779);
#2778 = CARTESIAN_POINT('',(34.690185546875,41.374621582031,27.2));
#2779 = VECTOR('',#2780,1.);
#2780 = DIRECTION('',(0.,1.,0.));
#2781 = PCURVE('',#266,#2782);
#2782 = DEFINITIONAL_REPRESENTATION('',(#2783),#2786);
#2783 = B_SPLINE_CURVE_WITH_KNOTS('',1,(#2784,#2785),.UNSPECIFIED.,.F.,
  .F.,(2,2),(3.682189941406,4.924621582031),.PIECEWISE_BEZIER_KNOTS.);
#2784 = CARTESIAN_POINT('',(-14.55981445312,8.606811523437));
#2785 = CARTESIAN_POINT('',(-14.55981445312,9.849243164062));
#2786 = ( GEOMETRIC_REPRESENTATION_CONTEXT(2) 
PARAMETRIC_REPRESENTATION_CONTEXT() REPRESENTATION_CONTEXT('2D SPACE',''
  ) );
#2787 = PCURVE('',#2788,#2793);
#2788 = PLANE('',#2789);
#2789 = AXIS2_PLACEMENT_3D('',#2790,#2791,#2792);
#2790 = CARTESIAN_POINT('',(34.690185546875,46.299243164063,26.8));
#2791 = DIRECTION('',(1.,0.,0.));
#2792 = DIRECTION('',(0.,-1.,0.));
#2793 = DEFINITIONAL_REPRESENTATION('',(#2794),#2797);
#2794 = B_SPLINE_CURVE_WITH_KNOTS('',1,(#2795,#2796),.UNSPECIFIED.,.F.,
  .F.,(2,2),(3.682189941406,4.924621582031),.PIECEWISE_BEZIER_KNOTS.);
#2795 = CARTESIAN_POINT('',(1.242431640625,-0.4));
#2796 = CARTESIAN_POINT('',(0.,-0.4));
#2797 = ( GEOMETRIC_REPRESENTATION_CONTEXT(2) 
PARAMETRIC_REPRESENTATION_CONTEXT() REPRESENTATION_CONTEXT('2D SPACE',''
  ) );
#2798 = ORIENTED_EDGE('',*,*,#2799,.F.);
#2799 = EDGE_CURVE('',#2800,#2774,#2802,.T.);
#2800 = VERTEX_POINT('',#2801);
#2801 = CARTESIAN_POINT('',(35.934326171875,46.299243164063,27.2));
#2802 = SURFACE_CURVE('',#2803,(#2807,#2813),.PCURVE_S1.);
#2803 = LINE('',#2804,#2805);
#2804 = CARTESIAN_POINT('',(36.183441682358,46.54801648291,27.2));
#2805 = VECTOR('',#2806,1.);
#2806 = DIRECTION('',(-0.707592598109,-0.706620630255,0.));
#2807 = PCURVE('',#266,#2808);
#2808 = DEFINITIONAL_REPRESENTATION('',(#2809),#2812);
#2809 = B_SPLINE_CURVE_WITH_KNOTS('',1,(#2810,#2811),.UNSPECIFIED.,.F.,
  .F.,(2,2),(0.352060650646,2.11033317685),.PIECEWISE_BEZIER_KNOTS.);
#2810 = CARTESIAN_POINT('',(-13.31567382812,9.849243164062));
#2811 = CARTESIAN_POINT('',(-14.55981445312,8.606811523437));
#2812 = ( GEOMETRIC_REPRESENTATION_CONTEXT(2) 
PARAMETRIC_REPRESENTATION_CONTEXT() REPRESENTATION_CONTEXT('2D SPACE',''
  ) );
#2813 = PCURVE('',#2814,#2819);
#2814 = PLANE('',#2815);
#2815 = AXIS2_PLACEMENT_3D('',#2816,#2817,#2818);
#2816 = CARTESIAN_POINT('',(34.690185546875,45.056811523438,26.8));
#2817 = DIRECTION('',(-0.706620630255,0.707592598109,0.));
#2818 = DIRECTION('',(0.707592598109,0.706620630255,0.));
#2819 = DEFINITIONAL_REPRESENTATION('',(#2820),#2823);
#2820 = B_SPLINE_CURVE_WITH_KNOTS('',1,(#2821,#2822),.UNSPECIFIED.,.F.,
  .F.,(2,2),(0.352060650646,2.11033317685),.PIECEWISE_BEZIER_KNOTS.);
#2821 = CARTESIAN_POINT('',(1.758272526203,-0.4));
#2822 = CARTESIAN_POINT('',(0.,-0.4));
#2823 = ( GEOMETRIC_REPRESENTATION_CONTEXT(2) 
PARAMETRIC_REPRESENTATION_CONTEXT() REPRESENTATION_CONTEXT('2D SPACE',''
  ) );
#2824 = ORIENTED_EDGE('',*,*,#2825,.F.);
#2825 = EDGE_CURVE('',#2826,#2800,#2828,.T.);
#2826 = VERTEX_POINT('',#2827);
#2827 = CARTESIAN_POINT('',(36.3837890625,46.299243164063,27.2));
#2828 = SURFACE_CURVE('',#2829,(#2833,#2839),.PCURVE_S1.);
#2829 = LINE('',#2830,#2831);
#2830 = CARTESIAN_POINT('',(42.592163085938,46.299243164063,27.2));
#2831 = VECTOR('',#2832,1.);
#2832 = DIRECTION('',(-1.,0.,0.));
#2833 = PCURVE('',#266,#2834);
#2834 = DEFINITIONAL_REPRESENTATION('',(#2835),#2838);
#2835 = B_SPLINE_CURVE_WITH_KNOTS('',1,(#2836,#2837),.UNSPECIFIED.,.F.,
  .F.,(2,2),(6.208374023438,6.657836914062),.PIECEWISE_BEZIER_KNOTS.);
#2836 = CARTESIAN_POINT('',(-12.8662109375,9.849243164062));
#2837 = CARTESIAN_POINT('',(-13.31567382812,9.849243164062));
#2838 = ( GEOMETRIC_REPRESENTATION_CONTEXT(2) 
PARAMETRIC_REPRESENTATION_CONTEXT() REPRESENTATION_CONTEXT('2D SPACE',''
  ) );
#2839 = PCURVE('',#2840,#2845);
#2840 = PLANE('',#2841);
#2841 = AXIS2_PLACEMENT_3D('',#2842,#2843,#2844);
#2842 = CARTESIAN_POINT('',(35.934326171875,46.299243164063,26.8));
#2843 = DIRECTION('',(0.,1.,0.));
#2844 = DIRECTION('',(1.,0.,0.));
#2845 = DEFINITIONAL_REPRESENTATION('',(#2846),#2849);
#2846 = B_SPLINE_CURVE_WITH_KNOTS('',1,(#2847,#2848),.UNSPECIFIED.,.F.,
  .F.,(2,2),(6.208374023438,6.657836914062),.PIECEWISE_BEZIER_KNOTS.);
#2847 = CARTESIAN_POINT('',(0.449462890625,-0.4));
#2848 = CARTESIAN_POINT('',(0.,-0.4));
#2849 = ( GEOMETRIC_REPRESENTATION_CONTEXT(2) 
PARAMETRIC_REPRESENTATION_CONTEXT() REPRESENTATION_CONTEXT('2D SPACE',''
  ) );
#2850 = ORIENTED_EDGE('',*,*,#2851,.F.);
#2851 = EDGE_CURVE('',#2852,#2826,#2854,.T.);
#2852 = VERTEX_POINT('',#2853);
#2853 = CARTESIAN_POINT('',(35.332763671875,45.284106445313,27.2));
#2854 = SURFACE_CURVE('',#2855,(#2859,#2865),.PCURVE_S1.);
#2855 = LINE('',#2856,#2857);
#2856 = CARTESIAN_POINT('',(37.251223935631,47.137058309818,27.2));
#2857 = VECTOR('',#2858,1.);
#2858 = DIRECTION('',(0.719280535016,0.694719736259,-0.));
#2859 = PCURVE('',#266,#2860);
#2860 = DEFINITIONAL_REPRESENTATION('',(#2861),#2864);
#2861 = B_SPLINE_CURVE_WITH_KNOTS('',1,(#2862,#2863),.UNSPECIFIED.,.F.,
  .F.,(2,2),(-2.667193355531,-1.20597573673),.PIECEWISE_BEZIER_KNOTS.);
#2862 = CARTESIAN_POINT('',(-13.91723632812,8.834106445312));
#2863 = CARTESIAN_POINT('',(-12.8662109375,9.849243164062));
#2864 = ( GEOMETRIC_REPRESENTATION_CONTEXT(2) 
PARAMETRIC_REPRESENTATION_CONTEXT() REPRESENTATION_CONTEXT('2D SPACE',''
  ) );
#2865 = PCURVE('',#2866,#2871);
#2866 = PLANE('',#2867);
#2867 = AXIS2_PLACEMENT_3D('',#2868,#2869,#2870);
#2868 = CARTESIAN_POINT('',(36.3837890625,46.299243164063,26.8));
#2869 = DIRECTION('',(0.694719736259,-0.719280535016,0.));
#2870 = DIRECTION('',(-0.719280535016,-0.694719736259,0.));
#2871 = DEFINITIONAL_REPRESENTATION('',(#2872),#2875);
#2872 = B_SPLINE_CURVE_WITH_KNOTS('',1,(#2873,#2874),.UNSPECIFIED.,.F.,
  .F.,(2,2),(-2.667193355531,-1.20597573673),.PIECEWISE_BEZIER_KNOTS.);
#2873 = CARTESIAN_POINT('',(1.4612176188,-0.4));
#2874 = CARTESIAN_POINT('',(0.,-0.4));
#2875 = ( GEOMETRIC_REPRESENTATION_CONTEXT(2) 
PARAMETRIC_REPRESENTATION_CONTEXT() REPRESENTATION_CONTEXT('2D SPACE',''
  ) );
#2876 = ORIENTED_EDGE('',*,*,#2877,.F.);
#2877 = EDGE_CURVE('',#2878,#2852,#2880,.T.);
#2878 = VERTEX_POINT('',#2879);
#2879 = CARTESIAN_POINT('',(36.429931640625,43.793872070313,27.2));
#2880 = SURFACE_CURVE('',#2881,(#2885,#2891),.PCURVE_S1.);
#2881 = LINE('',#2882,#2883);
#2882 = CARTESIAN_POINT('',(39.887685346973,39.097359247983,27.2));
#2883 = VECTOR('',#2884,1.);
#2884 = DIRECTION('',(-0.59288397629,0.805287893029,0.));
#2885 = PCURVE('',#266,#2886);
#2886 = DEFINITIONAL_REPRESENTATION('',(#2887),#2890);
#2887 = B_SPLINE_CURVE_WITH_KNOTS('',1,(#2888,#2889),.UNSPECIFIED.,.F.,
  .F.,(2,2),(5.832091681727,7.68265268966),.PIECEWISE_BEZIER_KNOTS.);
#2888 = CARTESIAN_POINT('',(-12.82006835937,7.343872070312));
#2889 = CARTESIAN_POINT('',(-13.91723632812,8.834106445312));
#2890 = ( GEOMETRIC_REPRESENTATION_CONTEXT(2) 
PARAMETRIC_REPRESENTATION_CONTEXT() REPRESENTATION_CONTEXT('2D SPACE',''
  ) );
#2891 = PCURVE('',#2892,#2897);
#2892 = PLANE('',#2893);
#2893 = AXIS2_PLACEMENT_3D('',#2894,#2895,#2896);
#2894 = CARTESIAN_POINT('',(35.332763671875,45.284106445313,26.8));
#2895 = DIRECTION('',(0.805287893029,0.59288397629,0.));
#2896 = DIRECTION('',(0.59288397629,-0.805287893029,0.));
#2897 = DEFINITIONAL_REPRESENTATION('',(#2898),#2901);
#2898 = B_SPLINE_CURVE_WITH_KNOTS('',1,(#2899,#2900),.UNSPECIFIED.,.F.,
  .F.,(2,2),(5.832091681727,7.68265268966),.PIECEWISE_BEZIER_KNOTS.);
#2899 = CARTESIAN_POINT('',(1.850561007933,-0.4));
#2900 = CARTESIAN_POINT('',(0.,-0.4));
#2901 = ( GEOMETRIC_REPRESENTATION_CONTEXT(2) 
PARAMETRIC_REPRESENTATION_CONTEXT() REPRESENTATION_CONTEXT('2D SPACE',''
  ) );
#2902 = ORIENTED_EDGE('',*,*,#2903,.F.);
#2903 = EDGE_CURVE('',#2904,#2878,#2906,.T.);
#2904 = VERTEX_POINT('',#2905);
#2905 = CARTESIAN_POINT('',(35.992431640625,43.793872070313,27.2));
#2906 = SURFACE_CURVE('',#2907,(#2911,#2917),.PCURVE_S1.);
#2907 = LINE('',#2908,#2909);
#2908 = CARTESIAN_POINT('',(42.839965820312,43.793872070313,27.2));
#2909 = VECTOR('',#2910,1.);
#2910 = DIRECTION('',(1.,0.,-0.));
#2911 = PCURVE('',#266,#2912);
#2912 = DEFINITIONAL_REPRESENTATION('',(#2913),#2916);
#2913 = B_SPLINE_CURVE_WITH_KNOTS('',1,(#2914,#2915),.UNSPECIFIED.,.F.,
  .F.,(2,2),(-6.847534179688,-6.410034179688),.PIECEWISE_BEZIER_KNOTS.);
#2914 = CARTESIAN_POINT('',(-13.25756835937,7.343872070312));
#2915 = CARTESIAN_POINT('',(-12.82006835937,7.343872070312));
#2916 = ( GEOMETRIC_REPRESENTATION_CONTEXT(2) 
PARAMETRIC_REPRESENTATION_CONTEXT() REPRESENTATION_CONTEXT('2D SPACE',''
  ) );
#2917 = PCURVE('',#2918,#2923);
#2918 = PLANE('',#2919);
#2919 = AXIS2_PLACEMENT_3D('',#2920,#2921,#2922);
#2920 = CARTESIAN_POINT('',(36.429931640625,43.793872070313,26.8));
#2921 = DIRECTION('',(0.,-1.,0.));
#2922 = DIRECTION('',(-1.,0.,0.));
#2923 = DEFINITIONAL_REPRESENTATION('',(#2924),#2927);
#2924 = B_SPLINE_CURVE_WITH_KNOTS('',1,(#2925,#2926),.UNSPECIFIED.,.F.,
  .F.,(2,2),(-6.847534179688,-6.410034179688),.PIECEWISE_BEZIER_KNOTS.);
#2925 = CARTESIAN_POINT('',(0.4375,-0.4));
#2926 = CARTESIAN_POINT('',(0.,-0.4));
#2927 = ( GEOMETRIC_REPRESENTATION_CONTEXT(2) 
PARAMETRIC_REPRESENTATION_CONTEXT() REPRESENTATION_CONTEXT('2D SPACE',''
  ) );
#2928 = ORIENTED_EDGE('',*,*,#2929,.F.);
#2929 = EDGE_CURVE('',#2930,#2904,#2932,.T.);
#2930 = VERTEX_POINT('',#2931);
#2931 = CARTESIAN_POINT('',(35.100341796875,45.061938476563,27.2));
#2932 = SURFACE_CURVE('',#2933,(#2937,#2943),.PCURVE_S1.);
#2933 = LINE('',#2934,#2935);
#2934 = CARTESIAN_POINT('',(39.915005513958,38.218106143085,27.2));
#2935 = VECTOR('',#2936,1.);
#2936 = DIRECTION('',(0.575384185443,-0.81788326743,0.));
#2937 = PCURVE('',#266,#2938);
#2938 = DEFINITIONAL_REPRESENTATION('',(#2939),#2942);
#2939 = B_SPLINE_CURVE_WITH_KNOTS('',1,(#2940,#2941),.UNSPECIFIED.,.F.,
  .F.,(2,2),(-8.367737311684,-6.817312627934),.PIECEWISE_BEZIER_KNOTS.);
#2940 = CARTESIAN_POINT('',(-14.14965820312,8.611938476562));
#2941 = CARTESIAN_POINT('',(-13.25756835937,7.343872070312));
#2942 = ( GEOMETRIC_REPRESENTATION_CONTEXT(2) 
PARAMETRIC_REPRESENTATION_CONTEXT() REPRESENTATION_CONTEXT('2D SPACE',''
  ) );
#2943 = PCURVE('',#2944,#2949);
#2944 = PLANE('',#2945);
#2945 = AXIS2_PLACEMENT_3D('',#2946,#2947,#2948);
#2946 = CARTESIAN_POINT('',(35.992431640625,43.793872070313,26.8));
#2947 = DIRECTION('',(-0.81788326743,-0.575384185443,0.));
#2948 = DIRECTION('',(-0.575384185443,0.81788326743,0.));
#2949 = DEFINITIONAL_REPRESENTATION('',(#2950),#2953);
#2950 = B_SPLINE_CURVE_WITH_KNOTS('',1,(#2951,#2952),.UNSPECIFIED.,.F.,
  .F.,(2,2),(-8.367737311684,-6.817312627934),.PIECEWISE_BEZIER_KNOTS.);
#2951 = CARTESIAN_POINT('',(1.55042468375,-0.4));
#2952 = CARTESIAN_POINT('',(0.,-0.4));
#2953 = ( GEOMETRIC_REPRESENTATION_CONTEXT(2) 
PARAMETRIC_REPRESENTATION_CONTEXT() REPRESENTATION_CONTEXT('2D SPACE',''
  ) );
#2954 = ORIENTED_EDGE('',*,*,#2955,.F.);
#2955 = EDGE_CURVE('',#2956,#2930,#2958,.T.);
#2956 = VERTEX_POINT('',#2957);
#2957 = CARTESIAN_POINT('',(34.690185546875,44.662036132813,27.2));
#2958 = SURFACE_CURVE('',#2959,(#2963,#2969),.PCURVE_S1.);
#2959 = LINE('',#2960,#2961);
#2960 = CARTESIAN_POINT('',(36.575002018208,46.499732192362,27.2));
#2961 = VECTOR('',#2962,1.);
#2962 = DIRECTION('',(0.71600013962,0.69810013613,-0.));
#2963 = PCURVE('',#266,#2964);
#2964 = DEFINITIONAL_REPRESENTATION('',(#2965),#2968);
#2965 = B_SPLINE_CURVE_WITH_KNOTS('',1,(#2966,#2967),.UNSPECIFIED.,.F.,
  .F.,(2,2),(-2.632424725969,-2.059580913093),.PIECEWISE_BEZIER_KNOTS.);
#2966 = CARTESIAN_POINT('',(-14.55981445312,8.212036132812));
#2967 = CARTESIAN_POINT('',(-14.14965820312,8.611938476562));
#2968 = ( GEOMETRIC_REPRESENTATION_CONTEXT(2) 
PARAMETRIC_REPRESENTATION_CONTEXT() REPRESENTATION_CONTEXT('2D SPACE',''
  ) );
#2969 = PCURVE('',#2970,#2975);
#2970 = PLANE('',#2971);
#2971 = AXIS2_PLACEMENT_3D('',#2972,#2973,#2974);
#2972 = CARTESIAN_POINT('',(35.100341796875,45.061938476563,26.8));
#2973 = DIRECTION('',(0.69810013613,-0.71600013962,0.));
#2974 = DIRECTION('',(-0.71600013962,-0.69810013613,0.));
#2975 = DEFINITIONAL_REPRESENTATION('',(#2976),#2979);
#2976 = B_SPLINE_CURVE_WITH_KNOTS('',1,(#2977,#2978),.UNSPECIFIED.,.F.,
  .F.,(2,2),(-2.632424725969,-2.059580913093),.PIECEWISE_BEZIER_KNOTS.);
#2977 = CARTESIAN_POINT('',(0.572843812876,-0.4));
#2978 = CARTESIAN_POINT('',(0.,-0.4));
#2979 = ( GEOMETRIC_REPRESENTATION_CONTEXT(2) 
PARAMETRIC_REPRESENTATION_CONTEXT() REPRESENTATION_CONTEXT('2D SPACE',''
  ) );
#2980 = ORIENTED_EDGE('',*,*,#2981,.F.);
#2981 = EDGE_CURVE('',#2696,#2956,#2982,.T.);
#2982 = SURFACE_CURVE('',#2983,(#2987,#2993),.PCURVE_S1.);
#2983 = LINE('',#2984,#2985);
#2984 = CARTESIAN_POINT('',(34.690185546875,40.556018066406,27.2));
#2985 = VECTOR('',#2986,1.);
#2986 = DIRECTION('',(0.,1.,0.));
#2987 = PCURVE('',#266,#2988);
#2988 = DEFINITIONAL_REPRESENTATION('',(#2989),#2992);
#2989 = B_SPLINE_CURVE_WITH_KNOTS('',1,(#2990,#2991),.UNSPECIFIED.,.F.,
  .F.,(2,2),(3.237854003906,4.106018066406),.PIECEWISE_BEZIER_KNOTS.);
#2990 = CARTESIAN_POINT('',(-14.55981445312,7.343872070312));
#2991 = CARTESIAN_POINT('',(-14.55981445312,8.212036132812));
#2992 = ( GEOMETRIC_REPRESENTATION_CONTEXT(2) 
PARAMETRIC_REPRESENTATION_CONTEXT() REPRESENTATION_CONTEXT('2D SPACE',''
  ) );
#2993 = PCURVE('',#2994,#2999);
#2994 = PLANE('',#2995);
#2995 = AXIS2_PLACEMENT_3D('',#2996,#2997,#2998);
#2996 = CARTESIAN_POINT('',(34.690185546875,44.662036132813,26.8));
#2997 = DIRECTION('',(1.,0.,0.));
#2998 = DIRECTION('',(0.,-1.,0.));
#2999 = DEFINITIONAL_REPRESENTATION('',(#3000),#3003);
#3000 = B_SPLINE_CURVE_WITH_KNOTS('',1,(#3001,#3002),.UNSPECIFIED.,.F.,
  .F.,(2,2),(3.237854003906,4.106018066406),.PIECEWISE_BEZIER_KNOTS.);
#3001 = CARTESIAN_POINT('',(0.8681640625,-0.4));
#3002 = CARTESIAN_POINT('',(0.,-0.4));
#3003 = ( GEOMETRIC_REPRESENTATION_CONTEXT(2) 
PARAMETRIC_REPRESENTATION_CONTEXT() REPRESENTATION_CONTEXT('2D SPACE',''
  ) );
#3004 = FACE_BOUND('',#3005,.T.);
#3005 = EDGE_LOOP('',(#3006,#3034,#3060,#3086,#3125,#3164,#3203,#3254,
    #3305,#3362,#3388));
#3006 = ORIENTED_EDGE('',*,*,#3007,.F.);
#3007 = EDGE_CURVE('',#3008,#3010,#3012,.T.);
#3008 = VERTEX_POINT('',#3009);
#3009 = CARTESIAN_POINT('',(29.77001953125,52.793872070313,27.2));
#3010 = VERTEX_POINT('',#3011);
#3011 = CARTESIAN_POINT('',(30.1015625,52.793872070313,27.2));
#3012 = SURFACE_CURVE('',#3013,(#3017,#3023),.PCURVE_S1.);
#3013 = LINE('',#3014,#3015);
#3014 = CARTESIAN_POINT('',(39.67578125,52.793872070313,27.2));
#3015 = VECTOR('',#3016,1.);
#3016 = DIRECTION('',(1.,0.,-0.));
#3017 = PCURVE('',#266,#3018);
#3018 = DEFINITIONAL_REPRESENTATION('',(#3019),#3022);
#3019 = B_SPLINE_CURVE_WITH_KNOTS('',1,(#3020,#3021),.UNSPECIFIED.,.F.,
  .F.,(2,2),(-9.90576171875,-9.57421875),.PIECEWISE_BEZIER_KNOTS.);
#3020 = CARTESIAN_POINT('',(-19.47998046875,16.343872070312));
#3021 = CARTESIAN_POINT('',(-19.1484375,16.343872070312));
#3022 = ( GEOMETRIC_REPRESENTATION_CONTEXT(2) 
PARAMETRIC_REPRESENTATION_CONTEXT() REPRESENTATION_CONTEXT('2D SPACE',''
  ) );
#3023 = PCURVE('',#3024,#3029);
#3024 = PLANE('',#3025);
#3025 = AXIS2_PLACEMENT_3D('',#3026,#3027,#3028);
#3026 = CARTESIAN_POINT('',(30.1015625,52.793872070313,26.8));
#3027 = DIRECTION('',(0.,-1.,0.));
#3028 = DIRECTION('',(-1.,0.,0.));
#3029 = DEFINITIONAL_REPRESENTATION('',(#3030),#3033);
#3030 = B_SPLINE_CURVE_WITH_KNOTS('',1,(#3031,#3032),.UNSPECIFIED.,.F.,
  .F.,(2,2),(-9.90576171875,-9.57421875),.PIECEWISE_BEZIER_KNOTS.);
#3031 = CARTESIAN_POINT('',(0.33154296875,-0.4));
#3032 = CARTESIAN_POINT('',(0.,-0.4));
#3033 = ( GEOMETRIC_REPRESENTATION_CONTEXT(2) 
PARAMETRIC_REPRESENTATION_CONTEXT() REPRESENTATION_CONTEXT('2D SPACE',''
  ) );
#3034 = ORIENTED_EDGE('',*,*,#3035,.F.);
#3035 = EDGE_CURVE('',#3036,#3008,#3038,.T.);
#3036 = VERTEX_POINT('',#3037);
#3037 = CARTESIAN_POINT('',(29.77001953125,55.299243164063,27.2));
#3038 = SURFACE_CURVE('',#3039,(#3043,#3049),.PCURVE_S1.);
#3039 = LINE('',#3040,#3041);
#3040 = CARTESIAN_POINT('',(29.77001953125,44.621936035156,27.2));
#3041 = VECTOR('',#3042,1.);
#3042 = DIRECTION('',(0.,-1.,0.));
#3043 = PCURVE('',#266,#3044);
#3044 = DEFINITIONAL_REPRESENTATION('',(#3045),#3048);
#3045 = B_SPLINE_CURVE_WITH_KNOTS('',1,(#3046,#3047),.UNSPECIFIED.,.F.,
  .F.,(2,2),(-10.6773071289,-8.171936035156),.PIECEWISE_BEZIER_KNOTS.);
#3046 = CARTESIAN_POINT('',(-19.47998046875,18.849243164062));
#3047 = CARTESIAN_POINT('',(-19.47998046875,16.343872070312));
#3048 = ( GEOMETRIC_REPRESENTATION_CONTEXT(2) 
PARAMETRIC_REPRESENTATION_CONTEXT() REPRESENTATION_CONTEXT('2D SPACE',''
  ) );
#3049 = PCURVE('',#3050,#3055);
#3050 = PLANE('',#3051);
#3051 = AXIS2_PLACEMENT_3D('',#3052,#3053,#3054);
#3052 = CARTESIAN_POINT('',(29.77001953125,52.793872070313,26.8));
#3053 = DIRECTION('',(-1.,0.,0.));
#3054 = DIRECTION('',(0.,1.,0.));
#3055 = DEFINITIONAL_REPRESENTATION('',(#3056),#3059);
#3056 = B_SPLINE_CURVE_WITH_KNOTS('',1,(#3057,#3058),.UNSPECIFIED.,.F.,
  .F.,(2,2),(-10.6773071289,-8.171936035156),.PIECEWISE_BEZIER_KNOTS.);
#3057 = CARTESIAN_POINT('',(2.50537109375,-0.4));
#3058 = CARTESIAN_POINT('',(0.,-0.4));
#3059 = ( GEOMETRIC_REPRESENTATION_CONTEXT(2) 
PARAMETRIC_REPRESENTATION_CONTEXT() REPRESENTATION_CONTEXT('2D SPACE',''
  ) );
#3060 = ORIENTED_EDGE('',*,*,#3061,.F.);
#3061 = EDGE_CURVE('',#3062,#3036,#3064,.T.);
#3062 = VERTEX_POINT('',#3063);
#3063 = CARTESIAN_POINT('',(30.715087890625,55.299243164063,27.2));
#3064 = SURFACE_CURVE('',#3065,(#3069,#3075),.PCURVE_S1.);
#3065 = LINE('',#3066,#3067);
#3066 = CARTESIAN_POINT('',(39.510009765625,55.299243164063,27.2));
#3067 = VECTOR('',#3068,1.);
#3068 = DIRECTION('',(-1.,0.,0.));
#3069 = PCURVE('',#266,#3070);
#3070 = DEFINITIONAL_REPRESENTATION('',(#3071),#3074);
#3071 = B_SPLINE_CURVE_WITH_KNOTS('',1,(#3072,#3073),.UNSPECIFIED.,.F.,
  .F.,(2,2),(8.794921875,9.739990234375),.PIECEWISE_BEZIER_KNOTS.);
#3072 = CARTESIAN_POINT('',(-18.53491210937,18.849243164062));
#3073 = CARTESIAN_POINT('',(-19.47998046875,18.849243164062));
#3074 = ( GEOMETRIC_REPRESENTATION_CONTEXT(2) 
PARAMETRIC_REPRESENTATION_CONTEXT() REPRESENTATION_CONTEXT('2D SPACE',''
  ) );
#3075 = PCURVE('',#3076,#3081);
#3076 = PLANE('',#3077);
#3077 = AXIS2_PLACEMENT_3D('',#3078,#3079,#3080);
#3078 = CARTESIAN_POINT('',(29.77001953125,55.299243164063,26.8));
#3079 = DIRECTION('',(0.,1.,0.));
#3080 = DIRECTION('',(1.,0.,0.));
#3081 = DEFINITIONAL_REPRESENTATION('',(#3082),#3085);
#3082 = B_SPLINE_CURVE_WITH_KNOTS('',1,(#3083,#3084),.UNSPECIFIED.,.F.,
  .F.,(2,2),(8.794921875,9.739990234375),.PIECEWISE_BEZIER_KNOTS.);
#3083 = CARTESIAN_POINT('',(0.945068359375,-0.4));
#3084 = CARTESIAN_POINT('',(0.,-0.4));
#3085 = ( GEOMETRIC_REPRESENTATION_CONTEXT(2) 
PARAMETRIC_REPRESENTATION_CONTEXT() REPRESENTATION_CONTEXT('2D SPACE',''
  ) );
#3086 = ORIENTED_EDGE('',*,*,#3087,.F.);
#3087 = EDGE_CURVE('',#3088,#3062,#3090,.T.);
#3088 = VERTEX_POINT('',#3089);
#3089 = CARTESIAN_POINT('',(31.09619140625,55.275317382813,27.2));
#3090 = SURFACE_CURVE('',#3091,(#3098,#3108),.PCURVE_S1.);
#3091 = B_SPLINE_CURVE_WITH_KNOTS('',5,(#3092,#3093,#3094,#3095,#3096,
    #3097),.UNSPECIFIED.,.F.,.F.,(6,6),(0.,1.),
  .PIECEWISE_BEZIER_KNOTS.);
#3092 = CARTESIAN_POINT('',(31.09619140625,55.275317382813,27.2));
#3093 = CARTESIAN_POINT('',(31.041660101441,55.285232165505,27.2));
#3094 = CARTESIAN_POINT('',(30.975260332935,55.292435478174,27.2));
#3095 = CARTESIAN_POINT('',(30.897933636456,55.297039995597,27.2));
#3096 = CARTESIAN_POINT('',(30.810856328158,55.299243164063,27.2));
#3097 = CARTESIAN_POINT('',(30.715087890625,55.299243164063,27.2));
#3098 = PCURVE('',#266,#3099);
#3099 = DEFINITIONAL_REPRESENTATION('',(#3100),#3107);
#3100 = B_SPLINE_CURVE_WITH_KNOTS('',5,(#3101,#3102,#3103,#3104,#3105,
    #3106),.UNSPECIFIED.,.F.,.F.,(6,6),(0.,1.),
  .PIECEWISE_BEZIER_KNOTS.);
#3101 = CARTESIAN_POINT('',(-18.15380859375,18.825317382812));
#3102 = CARTESIAN_POINT('',(-18.20833989855,18.835232165505));
#3103 = CARTESIAN_POINT('',(-18.27473966706,18.842435478174));
#3104 = CARTESIAN_POINT('',(-18.35206636354,18.847039995597));
#3105 = CARTESIAN_POINT('',(-18.43914367184,18.849243164062));
#3106 = CARTESIAN_POINT('',(-18.53491210937,18.849243164062));
#3107 = ( GEOMETRIC_REPRESENTATION_CONTEXT(2) 
PARAMETRIC_REPRESENTATION_CONTEXT() REPRESENTATION_CONTEXT('2D SPACE',''
  ) );
#3108 = PCURVE('',#3109,#3116);
#3109 = SURFACE_OF_LINEAR_EXTRUSION('',#3110,#3114);
#3110 = B_SPLINE_CURVE_WITH_KNOTS('',2,(#3111,#3112,#3113),
  .UNSPECIFIED.,.F.,.F.,(3,3),(0.,1.),.PIECEWISE_BEZIER_KNOTS.);
#3111 = CARTESIAN_POINT('',(30.715087890625,55.299243164063,26.8));
#3112 = CARTESIAN_POINT('',(30.964599609375,55.299243164063,26.8));
#3113 = CARTESIAN_POINT('',(31.09619140625,55.275317382813,26.8));
#3114 = VECTOR('',#3115,1.);
#3115 = DIRECTION('',(-0.,-0.,-1.));
#3116 = DEFINITIONAL_REPRESENTATION('',(#3117),#3124);
#3117 = B_SPLINE_CURVE_WITH_KNOTS('',5,(#3118,#3119,#3120,#3121,#3122,
    #3123),.UNSPECIFIED.,.F.,.F.,(6,6),(0.,1.),
  .PIECEWISE_BEZIER_KNOTS.);
#3118 = CARTESIAN_POINT('',(1.,-0.4));
#3119 = CARTESIAN_POINT('',(0.792801275977,-0.4));
#3120 = CARTESIAN_POINT('',(0.588598824029,-0.4));
#3121 = CARTESIAN_POINT('',(0.388166575804,-0.4));
#3122 = CARTESIAN_POINT('',(0.191911702611,-0.4));
#3123 = CARTESIAN_POINT('',(0.,-0.4));
#3124 = ( GEOMETRIC_REPRESENTATION_CONTEXT(2) 
PARAMETRIC_REPRESENTATION_CONTEXT() REPRESENTATION_CONTEXT('2D SPACE',''
  ) );
#3125 = ORIENTED_EDGE('',*,*,#3126,.F.);
#3126 = EDGE_CURVE('',#3127,#3088,#3129,.T.);
#3127 = VERTEX_POINT('',#3128);
#3128 = CARTESIAN_POINT('',(31.405517578125,55.158251953125,27.2));
#3129 = SURFACE_CURVE('',#3130,(#3137,#3147),.PCURVE_S1.);
#3130 = B_SPLINE_CURVE_WITH_KNOTS('',5,(#3131,#3132,#3133,#3134,#3135,
    #3136),.UNSPECIFIED.,.F.,.F.,(6,6),(0.,1.),
  .PIECEWISE_BEZIER_KNOTS.);
#3131 = CARTESIAN_POINT('',(31.405517578125,55.158251953125,27.2));
#3132 = CARTESIAN_POINT('',(31.355171518741,55.193080391466,27.2));
#3133 = CARTESIAN_POINT('',(31.298860391785,55.222170167635,27.2));
#3134 = CARTESIAN_POINT('',(31.236749301519,55.245503706708,27.2));
#3135 = CARTESIAN_POINT('',(31.169090965539,55.263167456264,27.2));
#3136 = CARTESIAN_POINT('',(31.09619140625,55.275317382813,27.2));
#3137 = PCURVE('',#266,#3138);
#3138 = DEFINITIONAL_REPRESENTATION('',(#3139),#3146);
#3139 = B_SPLINE_CURVE_WITH_KNOTS('',5,(#3140,#3141,#3142,#3143,#3144,
    #3145),.UNSPECIFIED.,.F.,.F.,(6,6),(0.,1.),
  .PIECEWISE_BEZIER_KNOTS.);
#3140 = CARTESIAN_POINT('',(-17.84448242187,18.708251953125));
#3141 = CARTESIAN_POINT('',(-17.89482848125,18.743080391466));
#3142 = CARTESIAN_POINT('',(-17.95113960821,18.772170167635));
#3143 = CARTESIAN_POINT('',(-18.01325069848,18.795503706708));
#3144 = CARTESIAN_POINT('',(-18.08090903446,18.813167456264));
#3145 = CARTESIAN_POINT('',(-18.15380859375,18.825317382812));
#3146 = ( GEOMETRIC_REPRESENTATION_CONTEXT(2) 
PARAMETRIC_REPRESENTATION_CONTEXT() REPRESENTATION_CONTEXT('2D SPACE',''
  ) );
#3147 = PCURVE('',#3148,#3155);
#3148 = SURFACE_OF_LINEAR_EXTRUSION('',#3149,#3153);
#3149 = B_SPLINE_CURVE_WITH_KNOTS('',2,(#3150,#3151,#3152),
  .UNSPECIFIED.,.F.,.F.,(3,3),(0.,1.),.PIECEWISE_BEZIER_KNOTS.);
#3150 = CARTESIAN_POINT('',(31.09619140625,55.275317382813,26.8));
#3151 = CARTESIAN_POINT('',(31.28076171875,55.244555664063,26.8));
#3152 = CARTESIAN_POINT('',(31.405517578125,55.158251953125,26.8));
#3153 = VECTOR('',#3154,1.);
#3154 = DIRECTION('',(-0.,-0.,-1.));
#3155 = DEFINITIONAL_REPRESENTATION('',(#3156),#3163);
#3156 = B_SPLINE_CURVE_WITH_KNOTS('',5,(#3157,#3158,#3159,#3160,#3161,
    #3162),.UNSPECIFIED.,.F.,.F.,(6,6),(0.,1.),
  .PIECEWISE_BEZIER_KNOTS.);
#3157 = CARTESIAN_POINT('',(1.,-0.4));
#3158 = CARTESIAN_POINT('',(0.798221664151,-0.4));
#3159 = CARTESIAN_POINT('',(0.596937200177,-0.4));
#3160 = CARTESIAN_POINT('',(0.396569282686,-0.4));
#3161 = CARTESIAN_POINT('',(0.197484520402,-0.4));
#3162 = CARTESIAN_POINT('',(0.,-0.4));
#3163 = ( GEOMETRIC_REPRESENTATION_CONTEXT(2) 
PARAMETRIC_REPRESENTATION_CONTEXT() REPRESENTATION_CONTEXT('2D SPACE',''
  ) );
#3164 = ORIENTED_EDGE('',*,*,#3165,.F.);
#3165 = EDGE_CURVE('',#3166,#3127,#3168,.T.);
#3166 = VERTEX_POINT('',#3167);
#3167 = CARTESIAN_POINT('',(31.606323242188,54.916430664063,27.2));
#3168 = SURFACE_CURVE('',#3169,(#3176,#3186),.PCURVE_S1.);
#3169 = B_SPLINE_CURVE_WITH_KNOTS('',5,(#3170,#3171,#3172,#3173,#3174,
    #3175),.UNSPECIFIED.,.F.,.F.,(6,6),(0.,1.),
  .PIECEWISE_BEZIER_KNOTS.);
#3170 = CARTESIAN_POINT('',(31.606323242188,54.916430664063,27.2));
#3171 = CARTESIAN_POINT('',(31.576158633433,54.978115594325,27.2));
#3172 = CARTESIAN_POINT('',(31.541015439112,55.033382173229,27.2));
#3173 = CARTESIAN_POINT('',(31.500832506962,55.081938294022,27.2));
#3174 = CARTESIAN_POINT('',(31.455627681618,55.123586744544,27.2));
#3175 = CARTESIAN_POINT('',(31.405517578125,55.158251953125,27.2));
#3176 = PCURVE('',#266,#3177);
#3177 = DEFINITIONAL_REPRESENTATION('',(#3178),#3185);
#3178 = B_SPLINE_CURVE_WITH_KNOTS('',5,(#3179,#3180,#3181,#3182,#3183,
    #3184),.UNSPECIFIED.,.F.,.F.,(6,6),(0.,1.),
  .PIECEWISE_BEZIER_KNOTS.);
#3179 = CARTESIAN_POINT('',(-17.64367675781,18.466430664062));
#3180 = CARTESIAN_POINT('',(-17.67384136656,18.528115594325));
#3181 = CARTESIAN_POINT('',(-17.70898456088,18.583382173229));
#3182 = CARTESIAN_POINT('',(-17.74916749303,18.631938294022));
#3183 = CARTESIAN_POINT('',(-17.79437231838,18.673586744544));
#3184 = CARTESIAN_POINT('',(-17.84448242187,18.708251953125));
#3185 = ( GEOMETRIC_REPRESENTATION_CONTEXT(2) 
PARAMETRIC_REPRESENTATION_CONTEXT() REPRESENTATION_CONTEXT('2D SPACE',''
  ) );
#3186 = PCURVE('',#3187,#3194);
#3187 = SURFACE_OF_LINEAR_EXTRUSION('',#3188,#3192);
#3188 = B_SPLINE_CURVE_WITH_KNOTS('',2,(#3189,#3190,#3191),
  .UNSPECIFIED.,.F.,.F.,(3,3),(0.,1.),.PIECEWISE_BEZIER_KNOTS.);
#3189 = CARTESIAN_POINT('',(31.405517578125,55.158251953125,26.8));
#3190 = CARTESIAN_POINT('',(31.5302734375,55.071948242188,26.8));
#3191 = CARTESIAN_POINT('',(31.606323242188,54.916430664063,26.8));
#3192 = VECTOR('',#3193,1.);
#3193 = DIRECTION('',(-0.,-0.,-1.));
#3194 = DEFINITIONAL_REPRESENTATION('',(#3195),#3202);
#3195 = B_SPLINE_CURVE_WITH_KNOTS('',5,(#3196,#3197,#3198,#3199,#3200,
    #3201),.UNSPECIFIED.,.F.,.F.,(6,6),(0.,1.),
  .PIECEWISE_BEZIER_KNOTS.);
#3196 = CARTESIAN_POINT('',(1.,-0.4));
#3197 = CARTESIAN_POINT('',(0.801678591559,-0.4));
#3198 = CARTESIAN_POINT('',(0.60211190662,-0.4));
#3199 = CARTESIAN_POINT('',(0.401689200184,-0.4));
#3200 = CARTESIAN_POINT('',(0.200832665271,-0.4));
#3201 = CARTESIAN_POINT('',(0.,-0.4));
#3202 = ( GEOMETRIC_REPRESENTATION_CONTEXT(2) 
PARAMETRIC_REPRESENTATION_CONTEXT() REPRESENTATION_CONTEXT('2D SPACE',''
  ) );
#3203 = ORIENTED_EDGE('',*,*,#3204,.F.);
#3204 = EDGE_CURVE('',#3205,#3166,#3207,.T.);
#3205 = VERTEX_POINT('',#3206);
#3206 = CARTESIAN_POINT('',(31.682373046875,54.574633789063,27.2));
#3207 = SURFACE_CURVE('',#3208,(#3219,#3233),.PCURVE_S1.);
#3208 = B_SPLINE_CURVE_WITH_KNOTS('',5,(#3209,#3210,#3211,#3212,#3213,
    #3214,#3215,#3216,#3217,#3218),.UNSPECIFIED.,.F.,.F.,(6,4,6),(0.,
    0.852352896733,1.),.UNSPECIFIED.);
#3209 = CARTESIAN_POINT('',(31.682373046875,54.574633789063,27.2));
#3210 = CARTESIAN_POINT('',(31.682373046875,54.637753570924,27.2));
#3211 = CARTESIAN_POINT('',(31.676915727542,54.698935713154,27.2));
#3212 = CARTESIAN_POINT('',(31.665907732383,54.758057228789,27.2));
#3213 = CARTESIAN_POINT('',(31.649314044359,54.815013803585,27.2));
#3214 = CARTESIAN_POINT('',(31.623332018615,54.87920065961,27.2));
#3215 = CARTESIAN_POINT('',(31.619329240472,54.888610266174,27.2));
#3216 = CARTESIAN_POINT('',(31.615160023952,54.897952059664,27.2));
#3217 = CARTESIAN_POINT('',(31.610824596122,54.907225648152,27.2));
#3218 = CARTESIAN_POINT('',(31.606323242188,54.916430664063,27.2));
#3219 = PCURVE('',#266,#3220);
#3220 = DEFINITIONAL_REPRESENTATION('',(#3221),#3232);
#3221 = B_SPLINE_CURVE_WITH_KNOTS('',5,(#3222,#3223,#3224,#3225,#3226,
    #3227,#3228,#3229,#3230,#3231),.UNSPECIFIED.,.F.,.F.,(6,4,6),(0.,
    0.852352896733,1.),.UNSPECIFIED.);
#3222 = CARTESIAN_POINT('',(-17.56762695312,18.124633789062));
#3223 = CARTESIAN_POINT('',(-17.56762695312,18.187753570924));
#3224 = CARTESIAN_POINT('',(-17.57308427245,18.248935713154));
#3225 = CARTESIAN_POINT('',(-17.58409226761,18.308057228789));
#3226 = CARTESIAN_POINT('',(-17.60068595564,18.365013803585));
#3227 = CARTESIAN_POINT('',(-17.62666798138,18.42920065961));
#3228 = CARTESIAN_POINT('',(-17.63067075952,18.438610266174));
#3229 = CARTESIAN_POINT('',(-17.63483997604,18.447952059664));
#3230 = CARTESIAN_POINT('',(-17.63917540387,18.457225648152));
#3231 = CARTESIAN_POINT('',(-17.64367675781,18.466430664062));
#3232 = ( GEOMETRIC_REPRESENTATION_CONTEXT(2) 
PARAMETRIC_REPRESENTATION_CONTEXT() REPRESENTATION_CONTEXT('2D SPACE',''
  ) );
#3233 = PCURVE('',#3234,#3241);
#3234 = SURFACE_OF_LINEAR_EXTRUSION('',#3235,#3239);
#3235 = B_SPLINE_CURVE_WITH_KNOTS('',2,(#3236,#3237,#3238),
  .UNSPECIFIED.,.F.,.F.,(3,3),(0.,1.),.PIECEWISE_BEZIER_KNOTS.);
#3236 = CARTESIAN_POINT('',(31.606323242188,54.916430664063,26.8));
#3237 = CARTESIAN_POINT('',(31.682373046875,54.760913085938,26.8));
#3238 = CARTESIAN_POINT('',(31.682373046875,54.574633789063,26.8));
#3239 = VECTOR('',#3240,1.);
#3240 = DIRECTION('',(-0.,-0.,-1.));
#3241 = DEFINITIONAL_REPRESENTATION('',(#3242),#3253);
#3242 = B_SPLINE_CURVE_WITH_KNOTS('',5,(#3243,#3244,#3245,#3246,#3247,
    #3248,#3249,#3250,#3251,#3252),.UNSPECIFIED.,.F.,.F.,(6,4,6),(0.,
    0.852352896733,1.),.UNSPECIFIED.);
#3243 = CARTESIAN_POINT('',(1.,-0.4));
#3244 = CARTESIAN_POINT('',(0.830577571097,-0.4));
#3245 = CARTESIAN_POINT('',(0.660430919527,-0.4));
#3246 = CARTESIAN_POINT('',(0.489788800674,-0.4));
#3247 = CARTESIAN_POINT('',(0.318893190031,-0.4));
#3248 = CARTESIAN_POINT('',(0.118397373467,-0.4));
#3249 = CARTESIAN_POINT('',(8.879476056226E-02,-0.4));
#3250 = CARTESIAN_POINT('',(5.919346204233E-02,-0.4));
#3251 = CARTESIAN_POINT('',(2.959477642739E-02,-0.4));
#3252 = CARTESIAN_POINT('',(0.,-0.4));
#3253 = ( GEOMETRIC_REPRESENTATION_CONTEXT(2) 
PARAMETRIC_REPRESENTATION_CONTEXT() REPRESENTATION_CONTEXT('2D SPACE',''
  ) );
#3254 = ORIENTED_EDGE('',*,*,#3255,.F.);
#3255 = EDGE_CURVE('',#3256,#3205,#3258,.T.);
#3256 = VERTEX_POINT('',#3257);
#3257 = CARTESIAN_POINT('',(31.47900390625,54.033740234375,27.2));
#3258 = SURFACE_CURVE('',#3259,(#3270,#3284),.PCURVE_S1.);
#3259 = B_SPLINE_CURVE_WITH_KNOTS('',5,(#3260,#3261,#3262,#3263,#3264,
    #3265,#3266,#3267,#3268,#3269),.UNSPECIFIED.,.F.,.F.,(6,4,6),(0.,
    0.382635915882,1.),.UNSPECIFIED.);
#3260 = CARTESIAN_POINT('',(31.47900390625,54.033740234375,27.2));
#3261 = CARTESIAN_POINT('',(31.51000970489,54.067481838777,27.2));
#3262 = CARTESIAN_POINT('',(31.538231901251,54.102836972166,27.2));
#3263 = CARTESIAN_POINT('',(31.563552344297,54.139779454582,27.2));
#3264 = CARTESIAN_POINT('',(31.585888698802,54.17825950829,27.2));
#3265 = CARTESIAN_POINT('',(31.636366729343,54.282639349354,27.2));
#3266 = CARTESIAN_POINT('',(31.659668237511,54.350887609909,27.2));
#3267 = CARTESIAN_POINT('',(31.674939613099,54.422605241533,27.2));
#3268 = CARTESIAN_POINT('',(31.682373046875,54.497349408423,27.2));
#3269 = CARTESIAN_POINT('',(31.682373046875,54.574633789063,27.2));
#3270 = PCURVE('',#266,#3271);
#3271 = DEFINITIONAL_REPRESENTATION('',(#3272),#3283);
#3272 = B_SPLINE_CURVE_WITH_KNOTS('',5,(#3273,#3274,#3275,#3276,#3277,
    #3278,#3279,#3280,#3281,#3282),.UNSPECIFIED.,.F.,.F.,(6,4,6),(0.,
    0.382635915882,1.),.UNSPECIFIED.);
#3273 = CARTESIAN_POINT('',(-17.77099609375,17.583740234375));
#3274 = CARTESIAN_POINT('',(-17.73999029511,17.617481838777));
#3275 = CARTESIAN_POINT('',(-17.71176809874,17.652836972166));
#3276 = CARTESIAN_POINT('',(-17.6864476557,17.689779454582));
#3277 = CARTESIAN_POINT('',(-17.66411130119,17.72825950829));
#3278 = CARTESIAN_POINT('',(-17.61363327065,17.832639349354));
#3279 = CARTESIAN_POINT('',(-17.59033176248,17.900887609909));
#3280 = CARTESIAN_POINT('',(-17.5750603869,17.972605241533));
#3281 = CARTESIAN_POINT('',(-17.56762695312,18.047349408423));
#3282 = CARTESIAN_POINT('',(-17.56762695312,18.124633789062));
#3283 = ( GEOMETRIC_REPRESENTATION_CONTEXT(2) 
PARAMETRIC_REPRESENTATION_CONTEXT() REPRESENTATION_CONTEXT('2D SPACE',''
  ) );
#3284 = PCURVE('',#3285,#3292);
#3285 = SURFACE_OF_LINEAR_EXTRUSION('',#3286,#3290);
#3286 = B_SPLINE_CURVE_WITH_KNOTS('',2,(#3287,#3288,#3289),
  .UNSPECIFIED.,.F.,.F.,(3,3),(0.,1.),.PIECEWISE_BEZIER_KNOTS.);
#3287 = CARTESIAN_POINT('',(31.682373046875,54.574633789063,26.8));
#3288 = CARTESIAN_POINT('',(31.682373046875,54.255053710938,26.8));
#3289 = CARTESIAN_POINT('',(31.47900390625,54.033740234375,26.8));
#3290 = VECTOR('',#3291,1.);
#3291 = DIRECTION('',(-0.,-0.,-1.));
#3292 = DEFINITIONAL_REPRESENTATION('',(#3293),#3304);
#3293 = B_SPLINE_CURVE_WITH_KNOTS('',5,(#3294,#3295,#3296,#3297,#3298,
    #3299,#3300,#3301,#3302,#3303),.UNSPECIFIED.,.F.,.F.,(6,4,6),(0.,
    0.382635915882,1.),.UNSPECIFIED.);
#3294 = CARTESIAN_POINT('',(1.,-0.4));
#3295 = CARTESIAN_POINT('',(0.923769657125,-0.4));
#3296 = CARTESIAN_POINT('',(0.847119214411,-0.4));
#3297 = CARTESIAN_POINT('',(0.770178951798,-0.4));
#3298 = CARTESIAN_POINT('',(0.693088993104,-0.4));
#3299 = CARTESIAN_POINT('',(0.491620730706,-0.4));
#3300 = CARTESIAN_POINT('',(0.367227193537,-0.4));
#3301 = CARTESIAN_POINT('',(0.243476273099,-0.4));
#3302 = CARTESIAN_POINT('',(0.120915516845,-0.4));
#3303 = CARTESIAN_POINT('',(0.,-0.4));
#3304 = ( GEOMETRIC_REPRESENTATION_CONTEXT(2) 
PARAMETRIC_REPRESENTATION_CONTEXT() REPRESENTATION_CONTEXT('2D SPACE',''
  ) );
#3305 = ORIENTED_EDGE('',*,*,#3306,.F.);
#3306 = EDGE_CURVE('',#3307,#3256,#3309,.T.);
#3307 = VERTEX_POINT('',#3308);
#3308 = CARTESIAN_POINT('',(30.744140625,53.812426757813,27.2));
#3309 = SURFACE_CURVE('',#3310,(#3323,#3339),.PCURVE_S1.);
#3310 = B_SPLINE_CURVE_WITH_KNOTS('',6,(#3311,#3312,#3313,#3314,#3315,
    #3316,#3317,#3318,#3319,#3320,#3321,#3322),.UNSPECIFIED.,.F.,.F.,(7,
    5,7),(0.,0.465635917467,1.),.UNSPECIFIED.);
#3311 = CARTESIAN_POINT('',(30.744140625,53.812426757813,27.2));
#3312 = CARTESIAN_POINT('',(30.816379979348,53.812426757813,27.2));
#3313 = CARTESIAN_POINT('',(30.886905953143,53.814879793223,27.2));
#3314 = CARTESIAN_POINT('',(30.955449944458,53.820031043311,27.2));
#3315 = CARTESIAN_POINT('',(31.021653043291,53.828157010372,27.2));
#3316 = CARTESIAN_POINT('',(31.085074804333,53.83955447581,27.2));
#3317 = CARTESIAN_POINT('',(31.21426041703,53.871646262724,27.2));
#3318 = CARTESIAN_POINT('',(31.27900678453,53.893469027508,27.2));
#3319 = CARTESIAN_POINT('',(31.338666090761,53.920369353301,27.2));
#3320 = CARTESIAN_POINT('',(31.392372362583,53.952679778268,27.2));
#3321 = CARTESIAN_POINT('',(31.439318273797,53.99055292847,27.2));
#3322 = CARTESIAN_POINT('',(31.47900390625,54.033740234375,27.2));
#3323 = PCURVE('',#266,#3324);
#3324 = DEFINITIONAL_REPRESENTATION('',(#3325),#3338);
#3325 = B_SPLINE_CURVE_WITH_KNOTS('',6,(#3326,#3327,#3328,#3329,#3330,
    #3331,#3332,#3333,#3334,#3335,#3336,#3337),.UNSPECIFIED.,.F.,.F.,(7,
    5,7),(0.,0.465635917467,1.),.UNSPECIFIED.);
#3326 = CARTESIAN_POINT('',(-18.505859375,17.362426757812));
#3327 = CARTESIAN_POINT('',(-18.43362002065,17.362426757812));
#3328 = CARTESIAN_POINT('',(-18.36309404685,17.364879793223));
#3329 = CARTESIAN_POINT('',(-18.29455005554,17.370031043311));
#3330 = CARTESIAN_POINT('',(-18.2283469567,17.378157010372));
#3331 = CARTESIAN_POINT('',(-18.16492519566,17.38955447581));
#3332 = CARTESIAN_POINT('',(-18.03573958297,17.421646262724));
#3333 = CARTESIAN_POINT('',(-17.97099321547,17.443469027508));
#3334 = CARTESIAN_POINT('',(-17.91133390923,17.470369353301));
#3335 = CARTESIAN_POINT('',(-17.85762763741,17.502679778268));
#3336 = CARTESIAN_POINT('',(-17.8106817262,17.54055292847));
#3337 = CARTESIAN_POINT('',(-17.77099609375,17.583740234375));
#3338 = ( GEOMETRIC_REPRESENTATION_CONTEXT(2) 
PARAMETRIC_REPRESENTATION_CONTEXT() REPRESENTATION_CONTEXT('2D SPACE',''
  ) );
#3339 = PCURVE('',#3340,#3347);
#3340 = SURFACE_OF_LINEAR_EXTRUSION('',#3341,#3345);
#3341 = B_SPLINE_CURVE_WITH_KNOTS('',2,(#3342,#3343,#3344),
  .UNSPECIFIED.,.F.,.F.,(3,3),(0.,1.),.PIECEWISE_BEZIER_KNOTS.);
#3342 = CARTESIAN_POINT('',(31.47900390625,54.033740234375,26.8));
#3343 = CARTESIAN_POINT('',(31.275634765625,53.812426757813,26.8));
#3344 = CARTESIAN_POINT('',(30.744140625,53.812426757813,26.8));
#3345 = VECTOR('',#3346,1.);
#3346 = DIRECTION('',(-0.,-0.,-1.));
#3347 = DEFINITIONAL_REPRESENTATION('',(#3348),#3361);
#3348 = B_SPLINE_CURVE_WITH_KNOTS('',6,(#3349,#3350,#3351,#3352,#3353,
    #3354,#3355,#3356,#3357,#3358,#3359,#3360),.UNSPECIFIED.,.F.,.F.,(7,
    5,7),(0.,0.465635917467,1.),.UNSPECIFIED.);
#3349 = CARTESIAN_POINT('',(1.,-0.4));
#3350 = CARTESIAN_POINT('',(0.93204125048,-0.4));
#3351 = CARTESIAN_POINT('',(0.86227293044,-0.4));
#3352 = CARTESIAN_POINT('',(0.790605756581,-0.4));
#3353 = CARTESIAN_POINT('',(0.716991713935,-0.4));
#3354 = CARTESIAN_POINT('',(0.641431206679,-0.4));
#3355 = CARTESIAN_POINT('',(0.475139896721,-0.4));
#3356 = CARTESIAN_POINT('',(0.383792366007,-0.4));
#3357 = CARTESIAN_POINT('',(0.290148422327,-0.4));
#3358 = CARTESIAN_POINT('',(0.19455891017,-0.4));
#3359 = CARTESIAN_POINT('',(9.757043849224E-02,-0.4));
#3360 = CARTESIAN_POINT('',(0.,-0.4));
#3361 = ( GEOMETRIC_REPRESENTATION_CONTEXT(2) 
PARAMETRIC_REPRESENTATION_CONTEXT() REPRESENTATION_CONTEXT('2D SPACE',''
  ) );
#3362 = ORIENTED_EDGE('',*,*,#3363,.F.);
#3363 = EDGE_CURVE('',#3364,#3307,#3366,.T.);
#3364 = VERTEX_POINT('',#3365);
#3365 = CARTESIAN_POINT('',(30.1015625,53.812426757813,27.2));
#3366 = SURFACE_CURVE('',#3367,(#3371,#3377),.PCURVE_S1.);
#3367 = LINE('',#3368,#3369);
#3368 = CARTESIAN_POINT('',(39.9970703125,53.812426757813,27.2));
#3369 = VECTOR('',#3370,1.);
#3370 = DIRECTION('',(1.,0.,-0.));
#3371 = PCURVE('',#266,#3372);
#3372 = DEFINITIONAL_REPRESENTATION('',(#3373),#3376);
#3373 = B_SPLINE_CURVE_WITH_KNOTS('',1,(#3374,#3375),.UNSPECIFIED.,.F.,
  .F.,(2,2),(-9.8955078125,-9.2529296875),.PIECEWISE_BEZIER_KNOTS.);
#3374 = CARTESIAN_POINT('',(-19.1484375,17.362426757812));
#3375 = CARTESIAN_POINT('',(-18.505859375,17.362426757812));
#3376 = ( GEOMETRIC_REPRESENTATION_CONTEXT(2) 
PARAMETRIC_REPRESENTATION_CONTEXT() REPRESENTATION_CONTEXT('2D SPACE',''
  ) );
#3377 = PCURVE('',#3378,#3383);
#3378 = PLANE('',#3379);
#3379 = AXIS2_PLACEMENT_3D('',#3380,#3381,#3382);
#3380 = CARTESIAN_POINT('',(30.744140625,53.812426757813,26.8));
#3381 = DIRECTION('',(0.,-1.,0.));
#3382 = DIRECTION('',(-1.,0.,0.));
#3383 = DEFINITIONAL_REPRESENTATION('',(#3384),#3387);
#3384 = B_SPLINE_CURVE_WITH_KNOTS('',1,(#3385,#3386),.UNSPECIFIED.,.F.,
  .F.,(2,2),(-9.8955078125,-9.2529296875),.PIECEWISE_BEZIER_KNOTS.);
#3385 = CARTESIAN_POINT('',(0.642578125,-0.4));
#3386 = CARTESIAN_POINT('',(0.,-0.4));
#3387 = ( GEOMETRIC_REPRESENTATION_CONTEXT(2) 
PARAMETRIC_REPRESENTATION_CONTEXT() REPRESENTATION_CONTEXT('2D SPACE',''
  ) );
#3388 = ORIENTED_EDGE('',*,*,#3389,.F.);
#3389 = EDGE_CURVE('',#3010,#3364,#3390,.T.);
#3390 = SURFACE_CURVE('',#3391,(#3395,#3401),.PCURVE_S1.);
#3391 = LINE('',#3392,#3393);
#3392 = CARTESIAN_POINT('',(30.1015625,45.131213378906,27.2));
#3393 = VECTOR('',#3394,1.);
#3394 = DIRECTION('',(0.,1.,0.));
#3395 = PCURVE('',#266,#3396);
#3396 = DEFINITIONAL_REPRESENTATION('',(#3397),#3400);
#3397 = B_SPLINE_CURVE_WITH_KNOTS('',1,(#3398,#3399),.UNSPECIFIED.,.F.,
  .F.,(2,2),(7.662658691406,8.681213378906),.PIECEWISE_BEZIER_KNOTS.);
#3398 = CARTESIAN_POINT('',(-19.1484375,16.343872070312));
#3399 = CARTESIAN_POINT('',(-19.1484375,17.362426757812));
#3400 = ( GEOMETRIC_REPRESENTATION_CONTEXT(2) 
PARAMETRIC_REPRESENTATION_CONTEXT() REPRESENTATION_CONTEXT('2D SPACE',''
  ) );
#3401 = PCURVE('',#3402,#3407);
#3402 = PLANE('',#3403);
#3403 = AXIS2_PLACEMENT_3D('',#3404,#3405,#3406);
#3404 = CARTESIAN_POINT('',(30.1015625,53.812426757813,26.8));
#3405 = DIRECTION('',(1.,0.,0.));
#3406 = DIRECTION('',(0.,-1.,0.));
#3407 = DEFINITIONAL_REPRESENTATION('',(#3408),#3411);
#3408 = B_SPLINE_CURVE_WITH_KNOTS('',1,(#3409,#3410),.UNSPECIFIED.,.F.,
  .F.,(2,2),(7.662658691406,8.681213378906),.PIECEWISE_BEZIER_KNOTS.);
#3409 = CARTESIAN_POINT('',(1.0185546875,-0.4));
#3410 = CARTESIAN_POINT('',(0.,-0.4));
#3411 = ( GEOMETRIC_REPRESENTATION_CONTEXT(2) 
PARAMETRIC_REPRESENTATION_CONTEXT() REPRESENTATION_CONTEXT('2D SPACE',''
  ) );
#3412 = FACE_BOUND('',#3413,.T.);
#3413 = EDGE_LOOP('',(#3414,#3442,#3468,#3494,#3520,#3556,#3613,#3639,
    #3665,#3691,#3730,#3769,#3795,#3821,#3847,#3873,#3899,#3941,#3980));
#3414 = ORIENTED_EDGE('',*,*,#3415,.F.);
#3415 = EDGE_CURVE('',#3416,#3418,#3420,.T.);
#3416 = VERTEX_POINT('',#3417);
#3417 = CARTESIAN_POINT('',(32.5419921875,52.793872070313,27.2));
#3418 = VERTEX_POINT('',#3419);
#3419 = CARTESIAN_POINT('',(32.88037109375,52.793872070313,27.2));
#3420 = SURFACE_CURVE('',#3421,(#3425,#3431),.PCURVE_S1.);
#3421 = LINE('',#3422,#3423);
#3422 = CARTESIAN_POINT('',(41.065185546875,52.793872070313,27.2));
#3423 = VECTOR('',#3424,1.);
#3424 = DIRECTION('',(1.,0.,-0.));
#3425 = PCURVE('',#266,#3426);
#3426 = DEFINITIONAL_REPRESENTATION('',(#3427),#3430);
#3427 = B_SPLINE_CURVE_WITH_KNOTS('',1,(#3428,#3429),.UNSPECIFIED.,.F.,
  .F.,(2,2),(-8.523193359375,-8.184814453125),.PIECEWISE_BEZIER_KNOTS.);
#3428 = CARTESIAN_POINT('',(-16.7080078125,16.343872070312));
#3429 = CARTESIAN_POINT('',(-16.36962890625,16.343872070312));
#3430 = ( GEOMETRIC_REPRESENTATION_CONTEXT(2) 
PARAMETRIC_REPRESENTATION_CONTEXT() REPRESENTATION_CONTEXT('2D SPACE',''
  ) );
#3431 = PCURVE('',#3432,#3437);
#3432 = PLANE('',#3433);
#3433 = AXIS2_PLACEMENT_3D('',#3434,#3435,#3436);
#3434 = CARTESIAN_POINT('',(32.88037109375,52.793872070313,26.8));
#3435 = DIRECTION('',(0.,-1.,0.));
#3436 = DIRECTION('',(-1.,0.,0.));
#3437 = DEFINITIONAL_REPRESENTATION('',(#3438),#3441);
#3438 = B_SPLINE_CURVE_WITH_KNOTS('',1,(#3439,#3440),.UNSPECIFIED.,.F.,
  .F.,(2,2),(-8.523193359375,-8.184814453125),.PIECEWISE_BEZIER_KNOTS.);
#3439 = CARTESIAN_POINT('',(0.33837890625,-0.4));
#3440 = CARTESIAN_POINT('',(0.,-0.4));
#3441 = ( GEOMETRIC_REPRESENTATION_CONTEXT(2) 
PARAMETRIC_REPRESENTATION_CONTEXT() REPRESENTATION_CONTEXT('2D SPACE',''
  ) );
#3442 = ORIENTED_EDGE('',*,*,#3443,.F.);
#3443 = EDGE_CURVE('',#3444,#3416,#3446,.T.);
#3444 = VERTEX_POINT('',#3445);
#3445 = CARTESIAN_POINT('',(31.877197265625,55.299243164063,27.2));
#3446 = SURFACE_CURVE('',#3447,(#3451,#3457),.PCURVE_S1.);
#3447 = LINE('',#3448,#3449);
#3448 = CARTESIAN_POINT('',(35.117274998678,43.088564612248,27.2));
#3449 = VECTOR('',#3450,1.);
#3450 = DIRECTION('',(0.256472410456,-0.966551552001,0.));
#3451 = PCURVE('',#266,#3452);
#3452 = DEFINITIONAL_REPRESENTATION('',(#3453),#3456);
#3453 = B_SPLINE_CURVE_WITH_KNOTS('',1,(#3454,#3455),.UNSPECIFIED.,.F.,
  .F.,(2,2),(-12.63324085149,-10.04116897642),.PIECEWISE_BEZIER_KNOTS.);
#3454 = CARTESIAN_POINT('',(-17.37280273437,18.849243164062));
#3455 = CARTESIAN_POINT('',(-16.7080078125,16.343872070312));
#3456 = ( GEOMETRIC_REPRESENTATION_CONTEXT(2) 
PARAMETRIC_REPRESENTATION_CONTEXT() REPRESENTATION_CONTEXT('2D SPACE',''
  ) );
#3457 = PCURVE('',#3458,#3463);
#3458 = PLANE('',#3459);
#3459 = AXIS2_PLACEMENT_3D('',#3460,#3461,#3462);
#3460 = CARTESIAN_POINT('',(32.5419921875,52.793872070313,26.8));
#3461 = DIRECTION('',(-0.966551552001,-0.256472410456,0.));
#3462 = DIRECTION('',(-0.256472410456,0.966551552001,0.));
#3463 = DEFINITIONAL_REPRESENTATION('',(#3464),#3467);
#3464 = B_SPLINE_CURVE_WITH_KNOTS('',1,(#3465,#3466),.UNSPECIFIED.,.F.,
  .F.,(2,2),(-12.63324085149,-10.04116897642),.PIECEWISE_BEZIER_KNOTS.);
#3465 = CARTESIAN_POINT('',(2.592071875074,-0.4));
#3466 = CARTESIAN_POINT('',(0.,-0.4));
#3467 = ( GEOMETRIC_REPRESENTATION_CONTEXT(2) 
PARAMETRIC_REPRESENTATION_CONTEXT() REPRESENTATION_CONTEXT('2D SPACE',''
  ) );
#3468 = ORIENTED_EDGE('',*,*,#3469,.F.);
#3469 = EDGE_CURVE('',#3470,#3444,#3472,.T.);
#3470 = VERTEX_POINT('',#3471);
#3471 = CARTESIAN_POINT('',(32.21728515625,55.299243164063,27.2));
#3472 = SURFACE_CURVE('',#3473,(#3477,#3483),.PCURVE_S1.);
#3473 = LINE('',#3474,#3475);
#3474 = CARTESIAN_POINT('',(40.563598632812,55.299243164063,27.2));
#3475 = VECTOR('',#3476,1.);
#3476 = DIRECTION('',(-1.,0.,0.));
#3477 = PCURVE('',#266,#3478);
#3478 = DEFINITIONAL_REPRESENTATION('',(#3479),#3482);
#3479 = B_SPLINE_CURVE_WITH_KNOTS('',1,(#3480,#3481),.UNSPECIFIED.,.F.,
  .F.,(2,2),(8.346313476562,8.686401367188),.PIECEWISE_BEZIER_KNOTS.);
#3480 = CARTESIAN_POINT('',(-17.03271484375,18.849243164062));
#3481 = CARTESIAN_POINT('',(-17.37280273437,18.849243164062));
#3482 = ( GEOMETRIC_REPRESENTATION_CONTEXT(2) 
PARAMETRIC_REPRESENTATION_CONTEXT() REPRESENTATION_CONTEXT('2D SPACE',''
  ) );
#3483 = PCURVE('',#3484,#3489);
#3484 = PLANE('',#3485);
#3485 = AXIS2_PLACEMENT_3D('',#3486,#3487,#3488);
#3486 = CARTESIAN_POINT('',(31.877197265625,55.299243164063,26.8));
#3487 = DIRECTION('',(0.,1.,0.));
#3488 = DIRECTION('',(1.,0.,0.));
#3489 = DEFINITIONAL_REPRESENTATION('',(#3490),#3493);
#3490 = B_SPLINE_CURVE_WITH_KNOTS('',1,(#3491,#3492),.UNSPECIFIED.,.F.,
  .F.,(2,2),(8.346313476562,8.686401367188),.PIECEWISE_BEZIER_KNOTS.);
#3491 = CARTESIAN_POINT('',(0.340087890625,-0.4));
#3492 = CARTESIAN_POINT('',(0.,-0.4));
#3493 = ( GEOMETRIC_REPRESENTATION_CONTEXT(2) 
PARAMETRIC_REPRESENTATION_CONTEXT() REPRESENTATION_CONTEXT('2D SPACE',''
  ) );
#3494 = ORIENTED_EDGE('',*,*,#3495,.F.);
#3495 = EDGE_CURVE('',#3496,#3470,#3498,.T.);
#3496 = VERTEX_POINT('',#3497);
#3497 = CARTESIAN_POINT('',(32.598388671875,53.656909179688,27.2));
#3498 = SURFACE_CURVE('',#3499,(#3503,#3509),.PCURVE_S1.);
#3499 = LINE('',#3500,#3501);
#3500 = CARTESIAN_POINT('',(34.727672638527,44.480936570033,27.2));
#3501 = VECTOR('',#3502,1.);
#3502 = DIRECTION('',(-0.226043829816,0.974117132075,0.));
#3503 = PCURVE('',#266,#3504);
#3504 = DEFINITIONAL_REPRESENTATION('',(#3505),#3508);
#3505 = B_SPLINE_CURVE_WITH_KNOTS('',1,(#3506,#3507),.UNSPECIFIED.,.F.,
  .F.,(2,2),(9.419783625104,11.105755394101),.PIECEWISE_BEZIER_KNOTS.);
#3506 = CARTESIAN_POINT('',(-16.65161132812,17.206909179687));
#3507 = CARTESIAN_POINT('',(-17.03271484375,18.849243164062));
#3508 = ( GEOMETRIC_REPRESENTATION_CONTEXT(2) 
PARAMETRIC_REPRESENTATION_CONTEXT() REPRESENTATION_CONTEXT('2D SPACE',''
  ) );
#3509 = PCURVE('',#3510,#3515);
#3510 = PLANE('',#3511);
#3511 = AXIS2_PLACEMENT_3D('',#3512,#3513,#3514);
#3512 = CARTESIAN_POINT('',(32.21728515625,55.299243164063,26.8));
#3513 = DIRECTION('',(0.974117132075,0.226043829816,0.));
#3514 = DIRECTION('',(0.226043829816,-0.974117132075,0.));
#3515 = DEFINITIONAL_REPRESENTATION('',(#3516),#3519);
#3516 = B_SPLINE_CURVE_WITH_KNOTS('',1,(#3517,#3518),.UNSPECIFIED.,.F.,
  .F.,(2,2),(9.419783625104,11.105755394101),.PIECEWISE_BEZIER_KNOTS.);
#3517 = CARTESIAN_POINT('',(1.685971768997,-0.4));
#3518 = CARTESIAN_POINT('',(0.,-0.4));
#3519 = ( GEOMETRIC_REPRESENTATION_CONTEXT(2) 
PARAMETRIC_REPRESENTATION_CONTEXT() REPRESENTATION_CONTEXT('2D SPACE',''
  ) );
#3520 = ORIENTED_EDGE('',*,*,#3521,.F.);
#3521 = EDGE_CURVE('',#3522,#3496,#3524,.T.);
#3522 = VERTEX_POINT('',#3523);
#3523 = CARTESIAN_POINT('',(32.704345703125,53.144213867188,27.2));
#3524 = SURFACE_CURVE('',#3525,(#3531,#3540),.PCURVE_S1.);
#3525 = B_SPLINE_CURVE_WITH_KNOTS('',4,(#3526,#3527,#3528,#3529,#3530),
  .UNSPECIFIED.,.F.,.F.,(5,5),(0.,1.),.PIECEWISE_BEZIER_KNOTS.);
#3526 = CARTESIAN_POINT('',(32.704345703125,53.144213867188,27.2));
#3527 = CARTESIAN_POINT('',(32.68206832599,53.271880374618,27.2));
#3528 = CARTESIAN_POINT('',(32.656965380383,53.399900155518,27.2));
#3529 = CARTESIAN_POINT('',(32.629062262936,53.528250506072,27.2));
#3530 = CARTESIAN_POINT('',(32.598388671875,53.656909179688,27.2));
#3531 = PCURVE('',#266,#3532);
#3532 = DEFINITIONAL_REPRESENTATION('',(#3533),#3539);
#3533 = B_SPLINE_CURVE_WITH_KNOTS('',4,(#3534,#3535,#3536,#3537,#3538),
  .UNSPECIFIED.,.F.,.F.,(5,5),(0.,1.),.PIECEWISE_BEZIER_KNOTS.);
#3534 = CARTESIAN_POINT('',(-16.54565429687,16.694213867187));
#3535 = CARTESIAN_POINT('',(-16.56793167401,16.821880374618));
#3536 = CARTESIAN_POINT('',(-16.59303461961,16.949900155518));
#3537 = CARTESIAN_POINT('',(-16.62093773706,17.078250506072));
#3538 = CARTESIAN_POINT('',(-16.65161132812,17.206909179687));
#3539 = ( GEOMETRIC_REPRESENTATION_CONTEXT(2) 
PARAMETRIC_REPRESENTATION_CONTEXT() REPRESENTATION_CONTEXT('2D SPACE',''
  ) );
#3540 = PCURVE('',#3541,#3548);
#3541 = SURFACE_OF_LINEAR_EXTRUSION('',#3542,#3546);
#3542 = B_SPLINE_CURVE_WITH_KNOTS('',2,(#3543,#3544,#3545),
  .UNSPECIFIED.,.F.,.F.,(3,3),(0.,1.),.PIECEWISE_BEZIER_KNOTS.);
#3543 = CARTESIAN_POINT('',(32.598388671875,53.656909179688,26.8));
#3544 = CARTESIAN_POINT('',(32.659912109375,53.398852539063,26.8));
#3545 = CARTESIAN_POINT('',(32.704345703125,53.144213867188,26.8));
#3546 = VECTOR('',#3547,1.);
#3547 = DIRECTION('',(-0.,-0.,-1.));
#3548 = DEFINITIONAL_REPRESENTATION('',(#3549),#3555);
#3549 = B_SPLINE_CURVE_WITH_KNOTS('',4,(#3550,#3551,#3552,#3553,#3554),
  .UNSPECIFIED.,.F.,.F.,(5,5),(0.,1.),.PIECEWISE_BEZIER_KNOTS.);
#3550 = CARTESIAN_POINT('',(1.,-0.4));
#3551 = CARTESIAN_POINT('',(0.749318305641,-0.4));
#3552 = CARTESIAN_POINT('',(0.499067615433,-0.4));
#3553 = CARTESIAN_POINT('',(0.249283787667,-0.4));
#3554 = CARTESIAN_POINT('',(0.,-0.4));
#3555 = ( GEOMETRIC_REPRESENTATION_CONTEXT(2) 
PARAMETRIC_REPRESENTATION_CONTEXT() REPRESENTATION_CONTEXT('2D SPACE',''
  ) );
#3556 = ORIENTED_EDGE('',*,*,#3557,.F.);
#3557 = EDGE_CURVE('',#3558,#3522,#3560,.T.);
#3558 = VERTEX_POINT('',#3559);
#3559 = CARTESIAN_POINT('',(32.817138671875,53.607348632813,27.2));
#3560 = SURFACE_CURVE('',#3561,(#3574,#3590),.PCURVE_S1.);
#3561 = B_SPLINE_CURVE_WITH_KNOTS('',6,(#3562,#3563,#3564,#3565,#3566,
    #3567,#3568,#3569,#3570,#3571,#3572,#3573),.UNSPECIFIED.,.F.,.F.,(7,
    5,7),(0.,0.496892037512,1.),.UNSPECIFIED.);
#3562 = CARTESIAN_POINT('',(32.817138671875,53.607348632813,27.2));
#3563 = CARTESIAN_POINT('',(32.81398594758,53.595998825352,27.2));
#3564 = CARTESIAN_POINT('',(32.809258450558,53.577814279438,27.2));
#3565 = CARTESIAN_POINT('',(32.80303721733,53.553129020611,27.2));
#3566 = CARTESIAN_POINT('',(32.795471194914,53.522576916236,27.2));
#3567 = CARTESIAN_POINT('',(32.78672229397,53.486852209228,27.2));
#3568 = CARTESIAN_POINT('',(32.767037279048,53.405850491342,27.2));
#3569 = CARTESIAN_POINT('',(32.756074245589,53.360455752204,27.2));
#3570 = CARTESIAN_POINT('',(32.74420054474,53.31106080255,27.2));
#3571 = CARTESIAN_POINT('',(32.731552105623,53.258254699037,27.2));
#3572 = CARTESIAN_POINT('',(32.718239505095,53.202518214741,27.2));
#3573 = CARTESIAN_POINT('',(32.704345703125,53.144213867188,27.2));
#3574 = PCURVE('',#266,#3575);
#3575 = DEFINITIONAL_REPRESENTATION('',(#3576),#3589);
#3576 = B_SPLINE_CURVE_WITH_KNOTS('',6,(#3577,#3578,#3579,#3580,#3581,
    #3582,#3583,#3584,#3585,#3586,#3587,#3588),.UNSPECIFIED.,.F.,.F.,(7,
    5,7),(0.,0.496892037512,1.),.UNSPECIFIED.);
#3577 = CARTESIAN_POINT('',(-16.43286132812,17.157348632812));
#3578 = CARTESIAN_POINT('',(-16.43601405242,17.145998825352));
#3579 = CARTESIAN_POINT('',(-16.44074154944,17.127814279438));
#3580 = CARTESIAN_POINT('',(-16.44696278267,17.103129020611));
#3581 = CARTESIAN_POINT('',(-16.45452880508,17.072576916236));
#3582 = CARTESIAN_POINT('',(-16.46327770603,17.036852209228));
#3583 = CARTESIAN_POINT('',(-16.48296272095,16.955850491342));
#3584 = CARTESIAN_POINT('',(-16.49392575441,16.910455752204));
#3585 = CARTESIAN_POINT('',(-16.50579945526,16.86106080255));
#3586 = CARTESIAN_POINT('',(-16.51844789437,16.808254699037));
#3587 = CARTESIAN_POINT('',(-16.5317604949,16.752518214741));
#3588 = CARTESIAN_POINT('',(-16.54565429687,16.694213867187));
#3589 = ( GEOMETRIC_REPRESENTATION_CONTEXT(2) 
PARAMETRIC_REPRESENTATION_CONTEXT() REPRESENTATION_CONTEXT('2D SPACE',''
  ) );
#3590 = PCURVE('',#3591,#3598);
#3591 = SURFACE_OF_LINEAR_EXTRUSION('',#3592,#3596);
#3592 = B_SPLINE_CURVE_WITH_KNOTS('',2,(#3593,#3594,#3595),
  .UNSPECIFIED.,.F.,.F.,(3,3),(0.,1.),.PIECEWISE_BEZIER_KNOTS.);
#3593 = CARTESIAN_POINT('',(32.704345703125,53.144213867188,26.8));
#3594 = CARTESIAN_POINT('',(32.800048828125,53.545825195313,26.8));
#3595 = CARTESIAN_POINT('',(32.817138671875,53.607348632813,26.8));
#3596 = VECTOR('',#3597,1.);
#3597 = DIRECTION('',(-0.,-0.,-1.));
#3598 = DEFINITIONAL_REPRESENTATION('',(#3599),#3612);
#3599 = B_SPLINE_CURVE_WITH_KNOTS('',6,(#3600,#3601,#3602,#3603,#3604,
    #3605,#3606,#3607,#3608,#3609,#3610,#3611),.UNSPECIFIED.,.F.,.F.,(7,
    5,7),(0.,0.496892037512,1.),.UNSPECIFIED.);
#3600 = CARTESIAN_POINT('',(1.,-0.4));
#3601 = CARTESIAN_POINT('',(0.907760294924,-0.4));
#3602 = CARTESIAN_POINT('',(0.816412491202,-0.4));
#3603 = CARTESIAN_POINT('',(0.726623277867,-0.4));
#3604 = CARTESIAN_POINT('',(0.638815357031,-0.4));
#3605 = CARTESIAN_POINT('',(0.553238419554,-0.4));
#3606 = CARTESIAN_POINT('',(0.385720300385,-0.4));
#3607 = CARTESIAN_POINT('',(0.303830382747,-0.4));
#3608 = CARTESIAN_POINT('',(0.224381660922,-0.4));
#3609 = CARTESIAN_POINT('',(0.147333218111,-0.4));
#3610 = CARTESIAN_POINT('',(7.258802662023E-02,-0.4));
#3611 = CARTESIAN_POINT('',(0.,-0.4));
#3612 = ( GEOMETRIC_REPRESENTATION_CONTEXT(2) 
PARAMETRIC_REPRESENTATION_CONTEXT() REPRESENTATION_CONTEXT('2D SPACE',''
  ) );
#3613 = ORIENTED_EDGE('',*,*,#3614,.F.);
#3614 = EDGE_CURVE('',#3615,#3558,#3617,.T.);
#3615 = VERTEX_POINT('',#3616);
#3616 = CARTESIAN_POINT('',(33.2939453125,55.299243164063,27.2));
#3617 = SURFACE_CURVE('',#3618,(#3622,#3628),.PCURVE_S1.);
#3618 = LINE('',#3619,#3620);
#3619 = CARTESIAN_POINT('',(31.181943085719,47.805041714195,27.2));
#3620 = VECTOR('',#3621,1.);
#3621 = DIRECTION('',(-0.271252331085,-0.962508271591,0.));
#3622 = PCURVE('',#266,#3623);
#3623 = DEFINITIONAL_REPRESENTATION('',(#3624),#3627);
#3624 = B_SPLINE_CURVE_WITH_KNOTS('',1,(#3625,#3626),.UNSPECIFIED.,.F.,
  .F.,(2,2),(-7.786116411737,-6.028319018003),.PIECEWISE_BEZIER_KNOTS.);
#3625 = CARTESIAN_POINT('',(-15.9560546875,18.849243164062));
#3626 = CARTESIAN_POINT('',(-16.43286132812,17.157348632812));
#3627 = ( GEOMETRIC_REPRESENTATION_CONTEXT(2) 
PARAMETRIC_REPRESENTATION_CONTEXT() REPRESENTATION_CONTEXT('2D SPACE',''
  ) );
#3628 = PCURVE('',#3629,#3634);
#3629 = PLANE('',#3630);
#3630 = AXIS2_PLACEMENT_3D('',#3631,#3632,#3633);
#3631 = CARTESIAN_POINT('',(32.817138671875,53.607348632813,26.8));
#3632 = DIRECTION('',(-0.962508271591,0.271252331085,0.));
#3633 = DIRECTION('',(0.271252331085,0.962508271591,0.));
#3634 = DEFINITIONAL_REPRESENTATION('',(#3635),#3638);
#3635 = B_SPLINE_CURVE_WITH_KNOTS('',1,(#3636,#3637),.UNSPECIFIED.,.F.,
  .F.,(2,2),(-7.786116411737,-6.028319018003),.PIECEWISE_BEZIER_KNOTS.);
#3636 = CARTESIAN_POINT('',(1.757797393734,-0.4));
#3637 = CARTESIAN_POINT('',(0.,-0.4));
#3638 = ( GEOMETRIC_REPRESENTATION_CONTEXT(2) 
PARAMETRIC_REPRESENTATION_CONTEXT() REPRESENTATION_CONTEXT('2D SPACE',''
  ) );
#3639 = ORIENTED_EDGE('',*,*,#3640,.F.);
#3640 = EDGE_CURVE('',#3641,#3615,#3643,.T.);
#3641 = VERTEX_POINT('',#3642);
#3642 = CARTESIAN_POINT('',(33.69384765625,55.299243164063,27.2));
#3643 = SURFACE_CURVE('',#3644,(#3648,#3654),.PCURVE_S1.);
#3644 = LINE('',#3645,#3646);
#3645 = CARTESIAN_POINT('',(41.27197265625,55.299243164063,27.2));
#3646 = VECTOR('',#3647,1.);
#3647 = DIRECTION('',(-1.,0.,0.));
#3648 = PCURVE('',#266,#3649);
#3649 = DEFINITIONAL_REPRESENTATION('',(#3650),#3653);
#3650 = B_SPLINE_CURVE_WITH_KNOTS('',1,(#3651,#3652),.UNSPECIFIED.,.F.,
  .F.,(2,2),(7.578125,7.97802734375),.PIECEWISE_BEZIER_KNOTS.);
#3651 = CARTESIAN_POINT('',(-15.55615234375,18.849243164062));
#3652 = CARTESIAN_POINT('',(-15.9560546875,18.849243164062));
#3653 = ( GEOMETRIC_REPRESENTATION_CONTEXT(2) 
PARAMETRIC_REPRESENTATION_CONTEXT() REPRESENTATION_CONTEXT('2D SPACE',''
  ) );
#3654 = PCURVE('',#3655,#3660);
#3655 = PLANE('',#3656);
#3656 = AXIS2_PLACEMENT_3D('',#3657,#3658,#3659);
#3657 = CARTESIAN_POINT('',(33.2939453125,55.299243164063,26.8));
#3658 = DIRECTION('',(0.,1.,0.));
#3659 = DIRECTION('',(1.,0.,0.));
#3660 = DEFINITIONAL_REPRESENTATION('',(#3661),#3664);
#3661 = B_SPLINE_CURVE_WITH_KNOTS('',1,(#3662,#3663),.UNSPECIFIED.,.F.,
  .F.,(2,2),(7.578125,7.97802734375),.PIECEWISE_BEZIER_KNOTS.);
#3662 = CARTESIAN_POINT('',(0.39990234375,-0.4));
#3663 = CARTESIAN_POINT('',(0.,-0.4));
#3664 = ( GEOMETRIC_REPRESENTATION_CONTEXT(2) 
PARAMETRIC_REPRESENTATION_CONTEXT() REPRESENTATION_CONTEXT('2D SPACE',''
  ) );
#3665 = ORIENTED_EDGE('',*,*,#3666,.F.);
#3666 = EDGE_CURVE('',#3667,#3641,#3669,.T.);
#3667 = VERTEX_POINT('',#3668);
#3668 = CARTESIAN_POINT('',(34.052734375,54.031176757813,27.2));
#3669 = SURFACE_CURVE('',#3670,(#3674,#3680),.PCURVE_S1.);
#3670 = LINE('',#3671,#3672);
#3671 = CARTESIAN_POINT('',(36.740202730867,44.535455233751,27.2));
#3672 = VECTOR('',#3673,1.);
#3673 = DIRECTION('',(-0.272322465799,0.962206045824,0.));
#3674 = PCURVE('',#266,#3675);
#3675 = DEFINITIONAL_REPRESENTATION('',(#3676),#3679);
#3676 = B_SPLINE_CURVE_WITH_KNOTS('',1,(#3677,#3678),.UNSPECIFIED.,.F.,
  .F.,(2,2),(9.868698669344,11.186572748137),.PIECEWISE_BEZIER_KNOTS.);
#3677 = CARTESIAN_POINT('',(-15.197265625,17.581176757812));
#3678 = CARTESIAN_POINT('',(-15.55615234375,18.849243164062));
#3679 = ( GEOMETRIC_REPRESENTATION_CONTEXT(2) 
PARAMETRIC_REPRESENTATION_CONTEXT() REPRESENTATION_CONTEXT('2D SPACE',''
  ) );
#3680 = PCURVE('',#3681,#3686);
#3681 = PLANE('',#3682);
#3682 = AXIS2_PLACEMENT_3D('',#3683,#3684,#3685);
#3683 = CARTESIAN_POINT('',(33.69384765625,55.299243164063,26.8));
#3684 = DIRECTION('',(0.962206045824,0.272322465799,0.));
#3685 = DIRECTION('',(0.272322465799,-0.962206045824,0.));
#3686 = DEFINITIONAL_REPRESENTATION('',(#3687),#3690);
#3687 = B_SPLINE_CURVE_WITH_KNOTS('',1,(#3688,#3689),.UNSPECIFIED.,.F.,
  .F.,(2,2),(9.868698669344,11.186572748137),.PIECEWISE_BEZIER_KNOTS.);
#3688 = CARTESIAN_POINT('',(1.317874078793,-0.4));
#3689 = CARTESIAN_POINT('',(0.,-0.4));
#3690 = ( GEOMETRIC_REPRESENTATION_CONTEXT(2) 
PARAMETRIC_REPRESENTATION_CONTEXT() REPRESENTATION_CONTEXT('2D SPACE',''
  ) );
#3691 = ORIENTED_EDGE('',*,*,#3692,.F.);
#3692 = EDGE_CURVE('',#3693,#3667,#3695,.T.);
#3693 = VERTEX_POINT('',#3694);
#3694 = CARTESIAN_POINT('',(34.24755859375,53.144213867188,27.2));
#3695 = SURFACE_CURVE('',#3696,(#3703,#3713),.PCURVE_S1.);
#3696 = B_SPLINE_CURVE_WITH_KNOTS('',5,(#3697,#3698,#3699,#3700,#3701,
    #3702),.UNSPECIFIED.,.F.,.F.,(6,6),(0.,1.),
  .PIECEWISE_BEZIER_KNOTS.);
#3697 = CARTESIAN_POINT('',(34.24755859375,53.144213867188,27.2));
#3698 = CARTESIAN_POINT('',(34.222786438064,53.316203405239,27.2));
#3699 = CARTESIAN_POINT('',(34.190373726221,53.491319216829,27.2));
#3700 = CARTESIAN_POINT('',(34.1508755171,53.669101828345,27.2));
#3701 = CARTESIAN_POINT('',(34.104833965023,53.849157936973,27.2));
#3702 = CARTESIAN_POINT('',(34.052734375,54.031176757813,27.2));
#3703 = PCURVE('',#266,#3704);
#3704 = DEFINITIONAL_REPRESENTATION('',(#3705),#3712);
#3705 = B_SPLINE_CURVE_WITH_KNOTS('',5,(#3706,#3707,#3708,#3709,#3710,
    #3711),.UNSPECIFIED.,.F.,.F.,(6,6),(0.,1.),
  .PIECEWISE_BEZIER_KNOTS.);
#3706 = CARTESIAN_POINT('',(-15.00244140625,16.694213867187));
#3707 = CARTESIAN_POINT('',(-15.02721356193,16.866203405239));
#3708 = CARTESIAN_POINT('',(-15.05962627377,17.041319216829));
#3709 = CARTESIAN_POINT('',(-15.0991244829,17.219101828345));
#3710 = CARTESIAN_POINT('',(-15.14516603497,17.399157936973));
#3711 = CARTESIAN_POINT('',(-15.197265625,17.581176757812));
#3712 = ( GEOMETRIC_REPRESENTATION_CONTEXT(2) 
PARAMETRIC_REPRESENTATION_CONTEXT() REPRESENTATION_CONTEXT('2D SPACE',''
  ) );
#3713 = PCURVE('',#3714,#3721);
#3714 = SURFACE_OF_LINEAR_EXTRUSION('',#3715,#3719);
#3715 = B_SPLINE_CURVE_WITH_KNOTS('',2,(#3716,#3717,#3718),
  .UNSPECIFIED.,.F.,.F.,(3,3),(0.,1.),.PIECEWISE_BEZIER_KNOTS.);
#3716 = CARTESIAN_POINT('',(34.052734375,54.031176757813,26.8));
#3717 = CARTESIAN_POINT('',(34.187744140625,53.559497070313,26.8));
#3718 = CARTESIAN_POINT('',(34.24755859375,53.144213867188,26.8));
#3719 = VECTOR('',#3720,1.);
#3720 = DIRECTION('',(-0.,-0.,-1.));
#3721 = DEFINITIONAL_REPRESENTATION('',(#3722),#3729);
#3722 = B_SPLINE_CURVE_WITH_KNOTS('',5,(#3723,#3724,#3725,#3726,#3727,
    #3728),.UNSPECIFIED.,.F.,.F.,(6,6),(0.,1.),
  .PIECEWISE_BEZIER_KNOTS.);
#3723 = CARTESIAN_POINT('',(1.,-0.4));
#3724 = CARTESIAN_POINT('',(0.792925000629,-0.4));
#3725 = CARTESIAN_POINT('',(0.589365101637,-0.4));
#3726 = CARTESIAN_POINT('',(0.389378587104,-0.4));
#3727 = CARTESIAN_POINT('',(0.192947487101,-0.4));
#3728 = CARTESIAN_POINT('',(0.,-0.4));
#3729 = ( GEOMETRIC_REPRESENTATION_CONTEXT(2) 
PARAMETRIC_REPRESENTATION_CONTEXT() REPRESENTATION_CONTEXT('2D SPACE',''
  ) );
#3730 = ORIENTED_EDGE('',*,*,#3731,.F.);
#3731 = EDGE_CURVE('',#3732,#3693,#3734,.T.);
#3732 = VERTEX_POINT('',#3733);
#3733 = CARTESIAN_POINT('',(34.372314453125,53.689379882813,27.2));
#3734 = SURFACE_CURVE('',#3735,(#3742,#3752),.PCURVE_S1.);
#3735 = B_SPLINE_CURVE_WITH_KNOTS('',5,(#3736,#3737,#3738,#3739,#3740,
    #3741),.UNSPECIFIED.,.F.,.F.,(6,6),(0.,1.),
  .PIECEWISE_BEZIER_KNOTS.);
#3736 = CARTESIAN_POINT('',(34.372314453125,53.689379882813,27.2));
#3737 = CARTESIAN_POINT('',(34.342532801844,53.57025327769,27.2));
#3738 = CARTESIAN_POINT('',(34.314985309543,53.45573832631,27.2));
#3739 = CARTESIAN_POINT('',(34.28984533708,53.346244818759,27.2));
#3740 = CARTESIAN_POINT('',(34.267304780963,53.242239582281,27.2));
#3741 = CARTESIAN_POINT('',(34.24755859375,53.144213867188,27.2));
#3742 = PCURVE('',#266,#3743);
#3743 = DEFINITIONAL_REPRESENTATION('',(#3744),#3751);
#3744 = B_SPLINE_CURVE_WITH_KNOTS('',5,(#3745,#3746,#3747,#3748,#3749,
    #3750),.UNSPECIFIED.,.F.,.F.,(6,6),(0.,1.),
  .PIECEWISE_BEZIER_KNOTS.);
#3745 = CARTESIAN_POINT('',(-14.87768554687,17.239379882812));
#3746 = CARTESIAN_POINT('',(-14.90746719815,17.12025327769));
#3747 = CARTESIAN_POINT('',(-14.93501469045,17.00573832631));
#3748 = CARTESIAN_POINT('',(-14.96015466292,16.896244818759));
#3749 = CARTESIAN_POINT('',(-14.98269521903,16.792239582281));
#3750 = CARTESIAN_POINT('',(-15.00244140625,16.694213867187));
#3751 = ( GEOMETRIC_REPRESENTATION_CONTEXT(2) 
PARAMETRIC_REPRESENTATION_CONTEXT() REPRESENTATION_CONTEXT('2D SPACE',''
  ) );
#3752 = PCURVE('',#3753,#3760);
#3753 = SURFACE_OF_LINEAR_EXTRUSION('',#3754,#3758);
#3754 = B_SPLINE_CURVE_WITH_KNOTS('',2,(#3755,#3756,#3757),
  .UNSPECIFIED.,.F.,.F.,(3,3),(0.,1.),.PIECEWISE_BEZIER_KNOTS.);
#3755 = CARTESIAN_POINT('',(34.24755859375,53.144213867188,26.8));
#3756 = CARTESIAN_POINT('',(34.29541015625,53.381762695313,26.8));
#3757 = CARTESIAN_POINT('',(34.372314453125,53.689379882813,26.8));
#3758 = VECTOR('',#3759,1.);
#3759 = DIRECTION('',(-0.,-0.,-1.));
#3760 = DEFINITIONAL_REPRESENTATION('',(#3761),#3768);
#3761 = B_SPLINE_CURVE_WITH_KNOTS('',5,(#3762,#3763,#3764,#3765,#3766,
    #3767),.UNSPECIFIED.,.F.,.F.,(6,6),(0.,1.),
  .PIECEWISE_BEZIER_KNOTS.);
#3762 = CARTESIAN_POINT('',(1.,-0.4));
#3763 = CARTESIAN_POINT('',(0.806371994213,-0.4));
#3764 = CARTESIAN_POINT('',(0.609564855629,-0.4));
#3765 = CARTESIAN_POINT('',(0.409544543916,-0.4));
#3766 = CARTESIAN_POINT('',(0.206327507206,-0.4));
#3767 = CARTESIAN_POINT('',(0.,-0.4));
#3768 = ( GEOMETRIC_REPRESENTATION_CONTEXT(2) 
PARAMETRIC_REPRESENTATION_CONTEXT() REPRESENTATION_CONTEXT('2D SPACE',''
  ) );
#3769 = ORIENTED_EDGE('',*,*,#3770,.F.);
#3770 = EDGE_CURVE('',#3771,#3732,#3773,.T.);
#3771 = VERTEX_POINT('',#3772);
#3772 = CARTESIAN_POINT('',(34.765380859375,55.299243164063,27.2));
#3773 = SURFACE_CURVE('',#3774,(#3778,#3784),.PCURVE_S1.);
#3774 = LINE('',#3775,#3776);
#3775 = CARTESIAN_POINT('',(32.804640650884,47.268733266678,27.2));
#3776 = VECTOR('',#3777,1.);
#3777 = DIRECTION('',(-0.237193580943,-0.971462405428,0.));
#3778 = PCURVE('',#266,#3779);
#3779 = DEFINITIONAL_REPRESENTATION('',(#3780),#3783);
#3780 = B_SPLINE_CURVE_WITH_KNOTS('',1,(#3781,#3782),.UNSPECIFIED.,.F.,
  .F.,(2,2),(-8.266413453075,-6.609258969015),.PIECEWISE_BEZIER_KNOTS.);
#3781 = CARTESIAN_POINT('',(-14.48461914062,18.849243164062));
#3782 = CARTESIAN_POINT('',(-14.87768554687,17.239379882812));
#3783 = ( GEOMETRIC_REPRESENTATION_CONTEXT(2) 
PARAMETRIC_REPRESENTATION_CONTEXT() REPRESENTATION_CONTEXT('2D SPACE',''
  ) );
#3784 = PCURVE('',#3785,#3790);
#3785 = PLANE('',#3786);
#3786 = AXIS2_PLACEMENT_3D('',#3787,#3788,#3789);
#3787 = CARTESIAN_POINT('',(34.372314453125,53.689379882813,26.8));
#3788 = DIRECTION('',(-0.971462405428,0.237193580943,0.));
#3789 = DIRECTION('',(0.237193580943,0.971462405428,0.));
#3790 = DEFINITIONAL_REPRESENTATION('',(#3791),#3794);
#3791 = B_SPLINE_CURVE_WITH_KNOTS('',1,(#3792,#3793),.UNSPECIFIED.,.F.,
  .F.,(2,2),(-8.266413453075,-6.609258969015),.PIECEWISE_BEZIER_KNOTS.);
#3792 = CARTESIAN_POINT('',(1.65715448406,-0.4));
#3793 = CARTESIAN_POINT('',(0.,-0.4));
#3794 = ( GEOMETRIC_REPRESENTATION_CONTEXT(2) 
PARAMETRIC_REPRESENTATION_CONTEXT() REPRESENTATION_CONTEXT('2D SPACE',''
  ) );
#3795 = ORIENTED_EDGE('',*,*,#3796,.F.);
#3796 = EDGE_CURVE('',#3797,#3771,#3799,.T.);
#3797 = VERTEX_POINT('',#3798);
#3798 = CARTESIAN_POINT('',(35.0986328125,55.299243164063,27.2));
#3799 = SURFACE_CURVE('',#3800,(#3804,#3810),.PCURVE_S1.);
#3800 = LINE('',#3801,#3802);
#3801 = CARTESIAN_POINT('',(42.007690429688,55.299243164063,27.2));
#3802 = VECTOR('',#3803,1.);
#3803 = DIRECTION('',(-1.,0.,0.));
#3804 = PCURVE('',#266,#3805);
#3805 = DEFINITIONAL_REPRESENTATION('',(#3806),#3809);
#3806 = B_SPLINE_CURVE_WITH_KNOTS('',1,(#3807,#3808),.UNSPECIFIED.,.F.,
  .F.,(2,2),(6.909057617188,7.242309570312),.PIECEWISE_BEZIER_KNOTS.);
#3807 = CARTESIAN_POINT('',(-14.1513671875,18.849243164062));
#3808 = CARTESIAN_POINT('',(-14.48461914062,18.849243164062));
#3809 = ( GEOMETRIC_REPRESENTATION_CONTEXT(2) 
PARAMETRIC_REPRESENTATION_CONTEXT() REPRESENTATION_CONTEXT('2D SPACE',''
  ) );
#3810 = PCURVE('',#3811,#3816);
#3811 = PLANE('',#3812);
#3812 = AXIS2_PLACEMENT_3D('',#3813,#3814,#3815);
#3813 = CARTESIAN_POINT('',(34.765380859375,55.299243164063,26.8));
#3814 = DIRECTION('',(0.,1.,0.));
#3815 = DIRECTION('',(1.,0.,0.));
#3816 = DEFINITIONAL_REPRESENTATION('',(#3817),#3820);
#3817 = B_SPLINE_CURVE_WITH_KNOTS('',1,(#3818,#3819),.UNSPECIFIED.,.F.,
  .F.,(2,2),(6.909057617188,7.242309570312),.PIECEWISE_BEZIER_KNOTS.);
#3818 = CARTESIAN_POINT('',(0.333251953125,-0.4));
#3819 = CARTESIAN_POINT('',(0.,-0.4));
#3820 = ( GEOMETRIC_REPRESENTATION_CONTEXT(2) 
PARAMETRIC_REPRESENTATION_CONTEXT() REPRESENTATION_CONTEXT('2D SPACE',''
  ) );
#3821 = ORIENTED_EDGE('',*,*,#3822,.F.);
#3822 = EDGE_CURVE('',#3823,#3797,#3825,.T.);
#3823 = VERTEX_POINT('',#3824);
#3824 = CARTESIAN_POINT('',(34.41162109375,52.793872070313,27.2));
#3825 = SURFACE_CURVE('',#3826,(#3830,#3836),.PCURVE_S1.);
#3826 = LINE('',#3827,#3828);
#3827 = CARTESIAN_POINT('',(33.189835570598,48.33830595852,27.2));
#3828 = VECTOR('',#3829,1.);
#3829 = DIRECTION('',(0.264453081847,0.964398552208,-0.));
#3830 = PCURVE('',#266,#3831);
#3831 = DEFINITIONAL_REPRESENTATION('',(#3832),#3835);
#3832 = B_SPLINE_CURVE_WITH_KNOTS('',1,(#3833,#3834),.UNSPECIFIED.,.F.,
  .F.,(2,2),(4.620046454435,7.217905076281),.PIECEWISE_BEZIER_KNOTS.);
#3833 = CARTESIAN_POINT('',(-14.83837890625,16.343872070312));
#3834 = CARTESIAN_POINT('',(-14.1513671875,18.849243164062));
#3835 = ( GEOMETRIC_REPRESENTATION_CONTEXT(2) 
PARAMETRIC_REPRESENTATION_CONTEXT() REPRESENTATION_CONTEXT('2D SPACE',''
  ) );
#3836 = PCURVE('',#3837,#3842);
#3837 = PLANE('',#3838);
#3838 = AXIS2_PLACEMENT_3D('',#3839,#3840,#3841);
#3839 = CARTESIAN_POINT('',(35.0986328125,55.299243164063,26.8));
#3840 = DIRECTION('',(0.964398552208,-0.264453081847,0.));
#3841 = DIRECTION('',(-0.264453081847,-0.964398552208,0.));
#3842 = DEFINITIONAL_REPRESENTATION('',(#3843),#3846);
#3843 = B_SPLINE_CURVE_WITH_KNOTS('',1,(#3844,#3845),.UNSPECIFIED.,.F.,
  .F.,(2,2),(4.620046454435,7.217905076281),.PIECEWISE_BEZIER_KNOTS.);
#3844 = CARTESIAN_POINT('',(2.597858621846,-0.4));
#3845 = CARTESIAN_POINT('',(0.,-0.4));
#3846 = ( GEOMETRIC_REPRESENTATION_CONTEXT(2) 
PARAMETRIC_REPRESENTATION_CONTEXT() REPRESENTATION_CONTEXT('2D SPACE',''
  ) );
#3847 = ORIENTED_EDGE('',*,*,#3848,.F.);
#3848 = EDGE_CURVE('',#3849,#3823,#3851,.T.);
#3849 = VERTEX_POINT('',#3850);
#3850 = CARTESIAN_POINT('',(34.092041015625,52.793872070313,27.2));
#3851 = SURFACE_CURVE('',#3852,(#3856,#3862),.PCURVE_S1.);
#3852 = LINE('',#3853,#3854);
#3853 = CARTESIAN_POINT('',(41.830810546875,52.793872070313,27.2));
#3854 = VECTOR('',#3855,1.);
#3855 = DIRECTION('',(1.,0.,-0.));
#3856 = PCURVE('',#266,#3857);
#3857 = DEFINITIONAL_REPRESENTATION('',(#3858),#3861);
#3858 = B_SPLINE_CURVE_WITH_KNOTS('',1,(#3859,#3860),.UNSPECIFIED.,.F.,
  .F.,(2,2),(-7.73876953125,-7.419189453125),.PIECEWISE_BEZIER_KNOTS.);
#3859 = CARTESIAN_POINT('',(-15.15795898437,16.343872070312));
#3860 = CARTESIAN_POINT('',(-14.83837890625,16.343872070312));
#3861 = ( GEOMETRIC_REPRESENTATION_CONTEXT(2) 
PARAMETRIC_REPRESENTATION_CONTEXT() REPRESENTATION_CONTEXT('2D SPACE',''
  ) );
#3862 = PCURVE('',#3863,#3868);
#3863 = PLANE('',#3864);
#3864 = AXIS2_PLACEMENT_3D('',#3865,#3866,#3867);
#3865 = CARTESIAN_POINT('',(34.41162109375,52.793872070313,26.8));
#3866 = DIRECTION('',(0.,-1.,0.));
#3867 = DIRECTION('',(-1.,0.,0.));
#3868 = DEFINITIONAL_REPRESENTATION('',(#3869),#3872);
#3869 = B_SPLINE_CURVE_WITH_KNOTS('',1,(#3870,#3871),.UNSPECIFIED.,.F.,
  .F.,(2,2),(-7.73876953125,-7.419189453125),.PIECEWISE_BEZIER_KNOTS.);
#3870 = CARTESIAN_POINT('',(0.319580078125,-0.4));
#3871 = CARTESIAN_POINT('',(0.,-0.4));
#3872 = ( GEOMETRIC_REPRESENTATION_CONTEXT(2) 
PARAMETRIC_REPRESENTATION_CONTEXT() REPRESENTATION_CONTEXT('2D SPACE',''
  ) );
#3873 = ORIENTED_EDGE('',*,*,#3874,.F.);
#3874 = EDGE_CURVE('',#3875,#3849,#3877,.T.);
#3875 = VERTEX_POINT('',#3876);
#3876 = CARTESIAN_POINT('',(33.56396484375,54.702807617188,27.2));
#3877 = SURFACE_CURVE('',#3878,(#3882,#3888),.PCURVE_S1.);
#3878 = LINE('',#3879,#3880);
#3879 = CARTESIAN_POINT('',(36.730736623207,43.255286330283,27.2));
#3880 = VECTOR('',#3881,1.);
#3881 = DIRECTION('',(0.26662016192,-0.963801685648,0.));
#3882 = PCURVE('',#266,#3883);
#3883 = DEFINITIONAL_REPRESENTATION('',(#3884),#3887);
#3884 = B_SPLINE_CURVE_WITH_KNOTS('',1,(#3885,#3886),.UNSPECIFIED.,.F.,
  .F.,(2,2),(-11.87746551741,-9.896834465088),.PIECEWISE_BEZIER_KNOTS.);
#3885 = CARTESIAN_POINT('',(-15.68603515625,18.252807617187));
#3886 = CARTESIAN_POINT('',(-15.15795898437,16.343872070312));
#3887 = ( GEOMETRIC_REPRESENTATION_CONTEXT(2) 
PARAMETRIC_REPRESENTATION_CONTEXT() REPRESENTATION_CONTEXT('2D SPACE',''
  ) );
#3888 = PCURVE('',#3889,#3894);
#3889 = PLANE('',#3890);
#3890 = AXIS2_PLACEMENT_3D('',#3891,#3892,#3893);
#3891 = CARTESIAN_POINT('',(34.092041015625,52.793872070313,26.8));
#3892 = DIRECTION('',(-0.963801685648,-0.26662016192,0.));
#3893 = DIRECTION('',(-0.26662016192,0.963801685648,0.));
#3894 = DEFINITIONAL_REPRESENTATION('',(#3895),#3898);
#3895 = B_SPLINE_CURVE_WITH_KNOTS('',1,(#3896,#3897),.UNSPECIFIED.,.F.,
  .F.,(2,2),(-11.87746551741,-9.896834465088),.PIECEWISE_BEZIER_KNOTS.);
#3896 = CARTESIAN_POINT('',(1.980631052323,-0.4));
#3897 = CARTESIAN_POINT('',(0.,-0.4));
#3898 = ( GEOMETRIC_REPRESENTATION_CONTEXT(2) 
PARAMETRIC_REPRESENTATION_CONTEXT() REPRESENTATION_CONTEXT('2D SPACE',''
  ) );
#3899 = ORIENTED_EDGE('',*,*,#3900,.F.);
#3900 = EDGE_CURVE('',#3901,#3875,#3903,.T.);
#3901 = VERTEX_POINT('',#3902);
#3902 = CARTESIAN_POINT('',(33.4853515625,54.996752929688,27.2));
#3903 = SURFACE_CURVE('',#3904,(#3912,#3923),.PCURVE_S1.);
#3904 = B_SPLINE_CURVE_WITH_KNOTS('',6,(#3905,#3906,#3907,#3908,#3909,
    #3910,#3911),.UNSPECIFIED.,.F.,.F.,(7,7),(0.,1.),
  .PIECEWISE_BEZIER_KNOTS.);
#3905 = CARTESIAN_POINT('',(33.4853515625,54.996752929688,27.2));
#3906 = CARTESIAN_POINT('',(33.489515301419,54.977718694629,27.2));
#3907 = CARTESIAN_POINT('',(33.497617365022,54.945436478802,27.2));
#3908 = CARTESIAN_POINT('',(33.50949278196,54.900503280006,27.2));
#3909 = CARTESIAN_POINT('',(33.524777282399,54.84417391484,27.2));
#3910 = CARTESIAN_POINT('',(33.54306264618,54.777841146926,27.2));
#3911 = CARTESIAN_POINT('',(33.56396484375,54.702807617188,27.2));
#3912 = PCURVE('',#266,#3913);
#3913 = DEFINITIONAL_REPRESENTATION('',(#3914),#3922);
#3914 = B_SPLINE_CURVE_WITH_KNOTS('',6,(#3915,#3916,#3917,#3918,#3919,
    #3920,#3921),.UNSPECIFIED.,.F.,.F.,(7,7),(0.,1.),
  .PIECEWISE_BEZIER_KNOTS.);
#3915 = CARTESIAN_POINT('',(-15.7646484375,18.546752929687));
#3916 = CARTESIAN_POINT('',(-15.76048469858,18.527718694629));
#3917 = CARTESIAN_POINT('',(-15.75238263497,18.495436478802));
#3918 = CARTESIAN_POINT('',(-15.74050721804,18.450503280006));
#3919 = CARTESIAN_POINT('',(-15.7252227176,18.39417391484));
#3920 = CARTESIAN_POINT('',(-15.70693735382,18.327841146926));
#3921 = CARTESIAN_POINT('',(-15.68603515625,18.252807617187));
#3922 = ( GEOMETRIC_REPRESENTATION_CONTEXT(2) 
PARAMETRIC_REPRESENTATION_CONTEXT() REPRESENTATION_CONTEXT('2D SPACE',''
  ) );
#3923 = PCURVE('',#3924,#3931);
#3924 = SURFACE_OF_LINEAR_EXTRUSION('',#3925,#3929);
#3925 = B_SPLINE_CURVE_WITH_KNOTS('',2,(#3926,#3927,#3928),
  .UNSPECIFIED.,.F.,.F.,(3,3),(0.,1.),.PIECEWISE_BEZIER_KNOTS.);
#3926 = CARTESIAN_POINT('',(33.56396484375,54.702807617188,26.8));
#3927 = CARTESIAN_POINT('',(33.497314453125,54.942065429688,26.8));
#3928 = CARTESIAN_POINT('',(33.4853515625,54.996752929688,26.8));
#3929 = VECTOR('',#3930,1.);
#3930 = DIRECTION('',(-0.,-0.,-1.));
#3931 = DEFINITIONAL_REPRESENTATION('',(#3932),#3940);
#3932 = B_SPLINE_CURVE_WITH_KNOTS('',6,(#3933,#3934,#3935,#3936,#3937,
    #3938,#3939),.UNSPECIFIED.,.F.,.F.,(7,7),(0.,1.),
  .PIECEWISE_BEZIER_KNOTS.);
#3933 = CARTESIAN_POINT('',(1.,-0.4));
#3934 = CARTESIAN_POINT('',(0.825972708037,-0.4));
#3935 = CARTESIAN_POINT('',(0.653477793094,-0.4));
#3936 = CARTESIAN_POINT('',(0.483920279024,-0.4));
#3937 = CARTESIAN_POINT('',(0.318187693504,-0.4));
#3938 = CARTESIAN_POINT('',(0.156804764187,-0.4));
#3939 = CARTESIAN_POINT('',(0.,-0.4));
#3940 = ( GEOMETRIC_REPRESENTATION_CONTEXT(2) 
PARAMETRIC_REPRESENTATION_CONTEXT() REPRESENTATION_CONTEXT('2D SPACE',''
  ) );
#3941 = ORIENTED_EDGE('',*,*,#3942,.F.);
#3942 = EDGE_CURVE('',#3943,#3901,#3945,.T.);
#3943 = VERTEX_POINT('',#3944);
#3944 = CARTESIAN_POINT('',(33.411865234375,54.702807617188,27.2));
#3945 = SURFACE_CURVE('',#3946,(#3953,#3963),.PCURVE_S1.);
#3946 = B_SPLINE_CURVE_WITH_KNOTS('',5,(#3947,#3948,#3949,#3950,#3951,
    #3952),.UNSPECIFIED.,.F.,.F.,(6,6),(0.,1.),
  .PIECEWISE_BEZIER_KNOTS.);
#3947 = CARTESIAN_POINT('',(33.411865234375,54.702807617188,27.2));
#3948 = CARTESIAN_POINT('',(33.425722575314,54.75200117752,27.2));
#3949 = CARTESIAN_POINT('',(33.440022163196,54.806161934268,27.2));
#3950 = CARTESIAN_POINT('',(33.45474200065,54.865128932376,27.2));
#3951 = CARTESIAN_POINT('',(33.469859291331,54.928721651944,27.2));
#3952 = CARTESIAN_POINT('',(33.4853515625,54.996752929688,27.2));
#3953 = PCURVE('',#266,#3954);
#3954 = DEFINITIONAL_REPRESENTATION('',(#3955),#3962);
#3955 = B_SPLINE_CURVE_WITH_KNOTS('',5,(#3956,#3957,#3958,#3959,#3960,
    #3961),.UNSPECIFIED.,.F.,.F.,(6,6),(0.,1.),
  .PIECEWISE_BEZIER_KNOTS.);
#3956 = CARTESIAN_POINT('',(-15.83813476562,18.252807617187));
#3957 = CARTESIAN_POINT('',(-15.82427742468,18.30200117752));
#3958 = CARTESIAN_POINT('',(-15.8099778368,18.356161934268));
#3959 = CARTESIAN_POINT('',(-15.79525799935,18.415128932376));
#3960 = CARTESIAN_POINT('',(-15.78014070866,18.478721651944));
#3961 = CARTESIAN_POINT('',(-15.7646484375,18.546752929687));
#3962 = ( GEOMETRIC_REPRESENTATION_CONTEXT(2) 
PARAMETRIC_REPRESENTATION_CONTEXT() REPRESENTATION_CONTEXT('2D SPACE',''
  ) );
#3963 = PCURVE('',#3964,#3971);
#3964 = SURFACE_OF_LINEAR_EXTRUSION('',#3965,#3969);
#3965 = B_SPLINE_CURVE_WITH_KNOTS('',2,(#3966,#3967,#3968),
  .UNSPECIFIED.,.F.,.F.,(3,3),(0.,1.),.PIECEWISE_BEZIER_KNOTS.);
#3966 = CARTESIAN_POINT('',(33.4853515625,54.996752929688,26.8));
#3967 = CARTESIAN_POINT('',(33.446044921875,54.824145507813,26.8));
#3968 = CARTESIAN_POINT('',(33.411865234375,54.702807617188,26.8));
#3969 = VECTOR('',#3970,1.);
#3970 = DIRECTION('',(-0.,-0.,-1.));
#3971 = DEFINITIONAL_REPRESENTATION('',(#3972),#3979);
#3972 = B_SPLINE_CURVE_WITH_KNOTS('',5,(#3973,#3974,#3975,#3976,#3977,
    #3978),.UNSPECIFIED.,.F.,.F.,(6,6),(0.,1.),
  .PIECEWISE_BEZIER_KNOTS.);
#3973 = CARTESIAN_POINT('',(1.,-0.4));
#3974 = CARTESIAN_POINT('',(0.797286898267,-0.4));
#3975 = CARTESIAN_POINT('',(0.595809234924,-0.4));
#3976 = CARTESIAN_POINT('',(0.395700864009,-0.4));
#3977 = CARTESIAN_POINT('',(0.197069387298,-0.4));
#3978 = CARTESIAN_POINT('',(0.,-0.4));
#3979 = ( GEOMETRIC_REPRESENTATION_CONTEXT(2) 
PARAMETRIC_REPRESENTATION_CONTEXT() REPRESENTATION_CONTEXT('2D SPACE',''
  ) );
#3980 = ORIENTED_EDGE('',*,*,#3981,.F.);
#3981 = EDGE_CURVE('',#3418,#3943,#3982,.T.);
#3982 = SURFACE_CURVE('',#3983,(#3987,#3993),.PCURVE_S1.);
#3983 = LINE('',#3984,#3985);
#3984 = CARTESIAN_POINT('',(31.623382611125,48.279222118249,27.2));
#3985 = VECTOR('',#3986,1.);
#3986 = DIRECTION('',(0.268222077464,0.963357107806,-0.));
#3987 = PCURVE('',#266,#3988);
#3988 = DEFINITIONAL_REPRESENTATION('',(#3989),#3992);
#3989 = B_SPLINE_CURVE_WITH_KNOTS('',1,(#3990,#3991),.UNSPECIFIED.,.F.,
  .F.,(2,2),(4.686372182735,6.66791727272),.PIECEWISE_BEZIER_KNOTS.);
#3990 = CARTESIAN_POINT('',(-16.36962890625,16.343872070312));
#3991 = CARTESIAN_POINT('',(-15.83813476562,18.252807617187));
#3992 = ( GEOMETRIC_REPRESENTATION_CONTEXT(2) 
PARAMETRIC_REPRESENTATION_CONTEXT() REPRESENTATION_CONTEXT('2D SPACE',''
  ) );
#3993 = PCURVE('',#3994,#3999);
#3994 = PLANE('',#3995);
#3995 = AXIS2_PLACEMENT_3D('',#3996,#3997,#3998);
#3996 = CARTESIAN_POINT('',(33.411865234375,54.702807617188,26.8));
#3997 = DIRECTION('',(0.963357107806,-0.268222077464,0.));
#3998 = DIRECTION('',(-0.268222077464,-0.963357107806,0.));
#3999 = DEFINITIONAL_REPRESENTATION('',(#4000),#4003);
#4000 = B_SPLINE_CURVE_WITH_KNOTS('',1,(#4001,#4002),.UNSPECIFIED.,.F.,
  .F.,(2,2),(4.686372182735,6.66791727272),.PIECEWISE_BEZIER_KNOTS.);
#4001 = CARTESIAN_POINT('',(1.981545089984,-0.4));
#4002 = CARTESIAN_POINT('',(0.,-0.4));
#4003 = ( GEOMETRIC_REPRESENTATION_CONTEXT(2) 
PARAMETRIC_REPRESENTATION_CONTEXT() REPRESENTATION_CONTEXT('2D SPACE',''
  ) );
#4004 = FACE_BOUND('',#4005,.T.);
#4005 = EDGE_LOOP('',(#4006,#4034,#4060,#4086,#4128,#4179,#4224,#4275,
    #4326,#4365,#4404,#4430,#4456,#4482,#4521,#4560,#4596,#4635,#4661));
#4006 = ORIENTED_EDGE('',*,*,#4007,.F.);
#4007 = EDGE_CURVE('',#4008,#4010,#4012,.T.);
#4008 = VERTEX_POINT('',#4009);
#4009 = CARTESIAN_POINT('',(35.4130859375,52.793872070313,27.2));
#4010 = VERTEX_POINT('',#4011);
#4011 = CARTESIAN_POINT('',(35.74462890625,52.793872070313,27.2));
#4012 = SURFACE_CURVE('',#4013,(#4017,#4023),.PCURVE_S1.);
#4013 = LINE('',#4014,#4015);
#4014 = CARTESIAN_POINT('',(42.497314453125,52.793872070313,27.2));
#4015 = VECTOR('',#4016,1.);
#4016 = DIRECTION('',(1.,0.,-0.));
#4017 = PCURVE('',#266,#4018);
#4018 = DEFINITIONAL_REPRESENTATION('',(#4019),#4022);
#4019 = B_SPLINE_CURVE_WITH_KNOTS('',1,(#4020,#4021),.UNSPECIFIED.,.F.,
  .F.,(2,2),(-7.084228515625,-6.752685546875),.PIECEWISE_BEZIER_KNOTS.);
#4020 = CARTESIAN_POINT('',(-13.8369140625,16.343872070312));
#4021 = CARTESIAN_POINT('',(-13.50537109375,16.343872070312));
#4022 = ( GEOMETRIC_REPRESENTATION_CONTEXT(2) 
PARAMETRIC_REPRESENTATION_CONTEXT() REPRESENTATION_CONTEXT('2D SPACE',''
  ) );
#4023 = PCURVE('',#4024,#4029);
#4024 = PLANE('',#4025);
#4025 = AXIS2_PLACEMENT_3D('',#4026,#4027,#4028);
#4026 = CARTESIAN_POINT('',(35.74462890625,52.793872070313,26.8));
#4027 = DIRECTION('',(0.,-1.,0.));
#4028 = DIRECTION('',(-1.,0.,0.));
#4029 = DEFINITIONAL_REPRESENTATION('',(#4030),#4033);
#4030 = B_SPLINE_CURVE_WITH_KNOTS('',1,(#4031,#4032),.UNSPECIFIED.,.F.,
  .F.,(2,2),(-7.084228515625,-6.752685546875),.PIECEWISE_BEZIER_KNOTS.);
#4031 = CARTESIAN_POINT('',(0.33154296875,-0.4));
#4032 = CARTESIAN_POINT('',(0.,-0.4));
#4033 = ( GEOMETRIC_REPRESENTATION_CONTEXT(2) 
PARAMETRIC_REPRESENTATION_CONTEXT() REPRESENTATION_CONTEXT('2D SPACE',''
  ) );
#4034 = ORIENTED_EDGE('',*,*,#4035,.F.);
#4035 = EDGE_CURVE('',#4036,#4008,#4038,.T.);
#4036 = VERTEX_POINT('',#4037);
#4037 = CARTESIAN_POINT('',(35.4130859375,55.299243164063,27.2));
#4038 = SURFACE_CURVE('',#4039,(#4043,#4049),.PCURVE_S1.);
#4039 = LINE('',#4040,#4041);
#4040 = CARTESIAN_POINT('',(35.4130859375,44.621936035156,27.2));
#4041 = VECTOR('',#4042,1.);
#4042 = DIRECTION('',(0.,-1.,0.));
#4043 = PCURVE('',#266,#4044);
#4044 = DEFINITIONAL_REPRESENTATION('',(#4045),#4048);
#4045 = B_SPLINE_CURVE_WITH_KNOTS('',1,(#4046,#4047),.UNSPECIFIED.,.F.,
  .F.,(2,2),(-10.6773071289,-8.171936035156),.PIECEWISE_BEZIER_KNOTS.);
#4046 = CARTESIAN_POINT('',(-13.8369140625,18.849243164062));
#4047 = CARTESIAN_POINT('',(-13.8369140625,16.343872070312));
#4048 = ( GEOMETRIC_REPRESENTATION_CONTEXT(2) 
PARAMETRIC_REPRESENTATION_CONTEXT() REPRESENTATION_CONTEXT('2D SPACE',''
  ) );
#4049 = PCURVE('',#4050,#4055);
#4050 = PLANE('',#4051);
#4051 = AXIS2_PLACEMENT_3D('',#4052,#4053,#4054);
#4052 = CARTESIAN_POINT('',(35.4130859375,52.793872070313,26.8));
#4053 = DIRECTION('',(-1.,0.,0.));
#4054 = DIRECTION('',(0.,1.,0.));
#4055 = DEFINITIONAL_REPRESENTATION('',(#4056),#4059);
#4056 = B_SPLINE_CURVE_WITH_KNOTS('',1,(#4057,#4058),.UNSPECIFIED.,.F.,
  .F.,(2,2),(-10.6773071289,-8.171936035156),.PIECEWISE_BEZIER_KNOTS.);
#4057 = CARTESIAN_POINT('',(2.50537109375,-0.4));
#4058 = CARTESIAN_POINT('',(0.,-0.4));
#4059 = ( GEOMETRIC_REPRESENTATION_CONTEXT(2) 
PARAMETRIC_REPRESENTATION_CONTEXT() REPRESENTATION_CONTEXT('2D SPACE',''
  ) );
#4060 = ORIENTED_EDGE('',*,*,#4061,.F.);
#4061 = EDGE_CURVE('',#4062,#4036,#4064,.T.);
#4062 = VERTEX_POINT('',#4063);
#4063 = CARTESIAN_POINT('',(36.52392578125,55.299243164063,27.2));
#4064 = SURFACE_CURVE('',#4065,(#4069,#4075),.PCURVE_S1.);
#4065 = LINE('',#4066,#4067);
#4066 = CARTESIAN_POINT('',(42.33154296875,55.299243164063,27.2));
#4067 = VECTOR('',#4068,1.);
#4068 = DIRECTION('',(-1.,0.,0.));
#4069 = PCURVE('',#266,#4070);
#4070 = DEFINITIONAL_REPRESENTATION('',(#4071),#4074);
#4071 = B_SPLINE_CURVE_WITH_KNOTS('',1,(#4072,#4073),.UNSPECIFIED.,.F.,
  .F.,(2,2),(5.8076171875,6.91845703125),.PIECEWISE_BEZIER_KNOTS.);
#4072 = CARTESIAN_POINT('',(-12.72607421875,18.849243164062));
#4073 = CARTESIAN_POINT('',(-13.8369140625,18.849243164062));
#4074 = ( GEOMETRIC_REPRESENTATION_CONTEXT(2) 
PARAMETRIC_REPRESENTATION_CONTEXT() REPRESENTATION_CONTEXT('2D SPACE',''
  ) );
#4075 = PCURVE('',#4076,#4081);
#4076 = PLANE('',#4077);
#4077 = AXIS2_PLACEMENT_3D('',#4078,#4079,#4080);
#4078 = CARTESIAN_POINT('',(35.4130859375,55.299243164063,26.8));
#4079 = DIRECTION('',(0.,1.,0.));
#4080 = DIRECTION('',(1.,0.,0.));
#4081 = DEFINITIONAL_REPRESENTATION('',(#4082),#4085);
#4082 = B_SPLINE_CURVE_WITH_KNOTS('',1,(#4083,#4084),.UNSPECIFIED.,.F.,
  .F.,(2,2),(5.8076171875,6.91845703125),.PIECEWISE_BEZIER_KNOTS.);
#4083 = CARTESIAN_POINT('',(1.11083984375,-0.4));
#4084 = CARTESIAN_POINT('',(0.,-0.4));
#4085 = ( GEOMETRIC_REPRESENTATION_CONTEXT(2) 
PARAMETRIC_REPRESENTATION_CONTEXT() REPRESENTATION_CONTEXT('2D SPACE',''
  ) );
#4086 = ORIENTED_EDGE('',*,*,#4087,.F.);
#4087 = EDGE_CURVE('',#4088,#4062,#4090,.T.);
#4088 = VERTEX_POINT('',#4089);
#4089 = CARTESIAN_POINT('',(37.033203125,55.23173828125,27.2));
#4090 = SURFACE_CURVE('',#4091,(#4099,#4110),.PCURVE_S1.);
#4091 = B_SPLINE_CURVE_WITH_KNOTS('',6,(#4092,#4093,#4094,#4095,#4096,
    #4097,#4098),.UNSPECIFIED.,.F.,.F.,(7,7),(0.,1.),
  .PIECEWISE_BEZIER_KNOTS.);
#4092 = CARTESIAN_POINT('',(37.033203125,55.23173828125,27.2));
#4093 = CARTESIAN_POINT('',(36.971805144154,55.255514950303,27.2));
#4094 = CARTESIAN_POINT('',(36.899523489347,55.273850751207,27.2));
#4095 = CARTESIAN_POINT('',(36.817410780903,55.286972538519,27.2));
#4096 = CARTESIAN_POINT('',(36.726708760639,55.295290836627,27.2));
#4097 = CARTESIAN_POINT('',(36.628562048147,55.299243164063,27.2));
#4098 = CARTESIAN_POINT('',(36.52392578125,55.299243164063,27.2));
#4099 = PCURVE('',#266,#4100);
#4100 = DEFINITIONAL_REPRESENTATION('',(#4101),#4109);
#4101 = B_SPLINE_CURVE_WITH_KNOTS('',6,(#4102,#4103,#4104,#4105,#4106,
    #4107,#4108),.UNSPECIFIED.,.F.,.F.,(7,7),(0.,1.),
  .PIECEWISE_BEZIER_KNOTS.);
#4102 = CARTESIAN_POINT('',(-12.216796875,18.78173828125));
#4103 = CARTESIAN_POINT('',(-12.27819485584,18.805514950303));
#4104 = CARTESIAN_POINT('',(-12.35047651065,18.823850751207));
#4105 = CARTESIAN_POINT('',(-12.43258921909,18.836972538519));
#4106 = CARTESIAN_POINT('',(-12.52329123936,18.845290836627));
#4107 = CARTESIAN_POINT('',(-12.62143795185,18.849243164062));
#4108 = CARTESIAN_POINT('',(-12.72607421875,18.849243164062));
#4109 = ( GEOMETRIC_REPRESENTATION_CONTEXT(2) 
PARAMETRIC_REPRESENTATION_CONTEXT() REPRESENTATION_CONTEXT('2D SPACE',''
  ) );
#4110 = PCURVE('',#4111,#4118);
#4111 = SURFACE_OF_LINEAR_EXTRUSION('',#4112,#4116);
#4112 = B_SPLINE_CURVE_WITH_KNOTS('',2,(#4113,#4114,#4115),
  .UNSPECIFIED.,.F.,.F.,(3,3),(0.,1.),.PIECEWISE_BEZIER_KNOTS.);
#4113 = CARTESIAN_POINT('',(36.52392578125,55.299243164063,26.8));
#4114 = CARTESIAN_POINT('',(36.85888671875,55.299243164063,26.8));
#4115 = CARTESIAN_POINT('',(37.033203125,55.23173828125,26.8));
#4116 = VECTOR('',#4117,1.);
#4117 = DIRECTION('',(-0.,-0.,-1.));
#4118 = DEFINITIONAL_REPRESENTATION('',(#4119),#4127);
#4119 = B_SPLINE_CURVE_WITH_KNOTS('',6,(#4120,#4121,#4122,#4123,#4124,
    #4125,#4126),.UNSPECIFIED.,.F.,.F.,(7,7),(0.,1.),
  .PIECEWISE_BEZIER_KNOTS.);
#4120 = CARTESIAN_POINT('',(1.,-0.4));
#4121 = CARTESIAN_POINT('',(0.823889265026,-0.4));
#4122 = CARTESIAN_POINT('',(0.650859806951,-0.4));
#4123 = CARTESIAN_POINT('',(0.481677034294,-0.4));
#4124 = CARTESIAN_POINT('',(0.3167362136,-0.4));
#4125 = CARTESIAN_POINT('',(0.15619174534,-0.4));
#4126 = CARTESIAN_POINT('',(0.,-0.4));
#4127 = ( GEOMETRIC_REPRESENTATION_CONTEXT(2) 
PARAMETRIC_REPRESENTATION_CONTEXT() REPRESENTATION_CONTEXT('2D SPACE',''
  ) );
#4128 = ORIENTED_EDGE('',*,*,#4129,.F.);
#4129 = EDGE_CURVE('',#4130,#4088,#4132,.T.);
#4130 = VERTEX_POINT('',#4131);
#4131 = CARTESIAN_POINT('',(37.311767578125,54.993334960938,27.2));
#4132 = SURFACE_CURVE('',#4133,(#4144,#4158),.PCURVE_S1.);
#4133 = B_SPLINE_CURVE_WITH_KNOTS('',5,(#4134,#4135,#4136,#4137,#4138,
    #4139,#4140,#4141,#4142,#4143),.UNSPECIFIED.,.F.,.F.,(6,4,6),(0.,
    0.663671635426,1.),.UNSPECIFIED.);
#4134 = CARTESIAN_POINT('',(37.311767578125,54.993334960938,27.2));
#4135 = CARTESIAN_POINT('',(37.28434075723,55.038296962405,27.2));
#4136 = CARTESIAN_POINT('',(37.253720939646,55.07905130112,27.2));
#4137 = CARTESIAN_POINT('',(37.219886414048,55.115410665122,27.2));
#4138 = CARTESIAN_POINT('',(37.182862909258,55.147245122936,27.2));
#4139 = CARTESIAN_POINT('',(37.122399092802,55.188308448881,27.2));
#4140 = CARTESIAN_POINT('',(37.101265823184,55.200942664705,27.2));
#4141 = CARTESIAN_POINT('',(37.079345704582,55.212393074415,27.2));
#4142 = CARTESIAN_POINT('',(37.056652522737,55.222657387028,27.2));
#4143 = CARTESIAN_POINT('',(37.033203125,55.23173828125,27.2));
#4144 = PCURVE('',#266,#4145);
#4145 = DEFINITIONAL_REPRESENTATION('',(#4146),#4157);
#4146 = B_SPLINE_CURVE_WITH_KNOTS('',5,(#4147,#4148,#4149,#4150,#4151,
    #4152,#4153,#4154,#4155,#4156),.UNSPECIFIED.,.F.,.F.,(6,4,6),(0.,
    0.663671635426,1.),.UNSPECIFIED.);
#4147 = CARTESIAN_POINT('',(-11.93823242187,18.543334960937));
#4148 = CARTESIAN_POINT('',(-11.96565924277,18.588296962405));
#4149 = CARTESIAN_POINT('',(-11.99627906035,18.62905130112));
#4150 = CARTESIAN_POINT('',(-12.03011358595,18.665410665122));
#4151 = CARTESIAN_POINT('',(-12.06713709074,18.697245122936));
#4152 = CARTESIAN_POINT('',(-12.12760090719,18.738308448881));
#4153 = CARTESIAN_POINT('',(-12.14873417681,18.750942664705));
#4154 = CARTESIAN_POINT('',(-12.17065429541,18.762393074415));
#4155 = CARTESIAN_POINT('',(-12.19334747726,18.772657387028));
#4156 = CARTESIAN_POINT('',(-12.216796875,18.78173828125));
#4157 = ( GEOMETRIC_REPRESENTATION_CONTEXT(2) 
PARAMETRIC_REPRESENTATION_CONTEXT() REPRESENTATION_CONTEXT('2D SPACE',''
  ) );
#4158 = PCURVE('',#4159,#4166);
#4159 = SURFACE_OF_LINEAR_EXTRUSION('',#4160,#4164);
#4160 = B_SPLINE_CURVE_WITH_KNOTS('',2,(#4161,#4162,#4163),
  .UNSPECIFIED.,.F.,.F.,(3,3),(0.,1.),.PIECEWISE_BEZIER_KNOTS.);
#4161 = CARTESIAN_POINT('',(37.033203125,55.23173828125,26.8));
#4162 = CARTESIAN_POINT('',(37.20751953125,55.164233398438,26.8));
#4163 = CARTESIAN_POINT('',(37.311767578125,54.993334960938,26.8));
#4164 = VECTOR('',#4165,1.);
#4165 = DIRECTION('',(-0.,-0.,-1.));
#4166 = DEFINITIONAL_REPRESENTATION('',(#4167),#4178);
#4167 = B_SPLINE_CURVE_WITH_KNOTS('',5,(#4168,#4169,#4170,#4171,#4172,
    #4173,#4174,#4175,#4176,#4177),.UNSPECIFIED.,.F.,.F.,(6,4,6),(0.,
    0.663671635426,1.),.UNSPECIFIED.);
#4168 = CARTESIAN_POINT('',(1.,-0.4));
#4169 = CARTESIAN_POINT('',(0.868454029991,-0.4));
#4170 = CARTESIAN_POINT('',(0.73613209593,-0.4));
#4171 = CARTESIAN_POINT('',(0.603273281877,-0.4));
#4172 = CARTESIAN_POINT('',(0.470136107642,-0.4));
#4173 = CARTESIAN_POINT('',(0.269530717061,-0.4));
#4174 = CARTESIAN_POINT('',(0.202060877916,-0.4));
#4175 = CARTESIAN_POINT('',(0.134626028185,-0.4));
#4176 = CARTESIAN_POINT('',(6.726101759901E-02,-0.4));
#4177 = CARTESIAN_POINT('',(0.,-0.4));
#4178 = ( GEOMETRIC_REPRESENTATION_CONTEXT(2) 
PARAMETRIC_REPRESENTATION_CONTEXT() REPRESENTATION_CONTEXT('2D SPACE',''
  ) );
#4179 = ORIENTED_EDGE('',*,*,#4180,.F.);
#4180 = EDGE_CURVE('',#4181,#4130,#4183,.T.);
#4181 = VERTEX_POINT('',#4182);
#4182 = CARTESIAN_POINT('',(37.416015625,54.615649414063,27.2));
#4183 = SURFACE_CURVE('',#4184,(#4193,#4205),.PCURVE_S1.);
#4184 = B_SPLINE_CURVE_WITH_KNOTS('',4,(#4185,#4186,#4187,#4188,#4189,
    #4190,#4191,#4192),.UNSPECIFIED.,.F.,.F.,(5,3,5),(0.,0.612364177668,
    1.),.UNSPECIFIED.);
#4185 = CARTESIAN_POINT('',(37.416015625,54.615649414063,27.2));
#4186 = CARTESIAN_POINT('',(37.416015625,54.67859826767,27.2));
#4187 = CARTESIAN_POINT('',(37.409575828924,54.739654846757,27.2));
#4188 = CARTESIAN_POINT('',(37.396543753666,54.798611673726,27.2));
#4189 = CARTESIAN_POINT('',(37.364579752752,54.891208983563,27.2));
#4190 = CARTESIAN_POINT('',(37.349568155752,54.926200394725,27.2));
#4191 = CARTESIAN_POINT('',(37.331948865767,54.960250882836,27.2));
#4192 = CARTESIAN_POINT('',(37.311767578125,54.993334960938,27.2));
#4193 = PCURVE('',#266,#4194);
#4194 = DEFINITIONAL_REPRESENTATION('',(#4195),#4204);
#4195 = B_SPLINE_CURVE_WITH_KNOTS('',4,(#4196,#4197,#4198,#4199,#4200,
    #4201,#4202,#4203),.UNSPECIFIED.,.F.,.F.,(5,3,5),(0.,0.612364177668,
    1.),.UNSPECIFIED.);
#4196 = CARTESIAN_POINT('',(-11.833984375,18.165649414062));
#4197 = CARTESIAN_POINT('',(-11.833984375,18.22859826767));
#4198 = CARTESIAN_POINT('',(-11.84042417107,18.289654846757));
#4199 = CARTESIAN_POINT('',(-11.85345624633,18.348611673726));
#4200 = CARTESIAN_POINT('',(-11.88542024724,18.441208983563));
#4201 = CARTESIAN_POINT('',(-11.90043184424,18.476200394725));
#4202 = CARTESIAN_POINT('',(-11.91805113423,18.510250882836));
#4203 = CARTESIAN_POINT('',(-11.93823242187,18.543334960937));
#4204 = ( GEOMETRIC_REPRESENTATION_CONTEXT(2) 
PARAMETRIC_REPRESENTATION_CONTEXT() REPRESENTATION_CONTEXT('2D SPACE',''
  ) );
#4205 = PCURVE('',#4206,#4213);
#4206 = SURFACE_OF_LINEAR_EXTRUSION('',#4207,#4211);
#4207 = B_SPLINE_CURVE_WITH_KNOTS('',2,(#4208,#4209,#4210),
  .UNSPECIFIED.,.F.,.F.,(3,3),(0.,1.),.PIECEWISE_BEZIER_KNOTS.);
#4208 = CARTESIAN_POINT('',(37.311767578125,54.993334960938,26.8));
#4209 = CARTESIAN_POINT('',(37.416015625,54.822436523438,26.8));
#4210 = CARTESIAN_POINT('',(37.416015625,54.615649414063,26.8));
#4211 = VECTOR('',#4212,1.);
#4212 = DIRECTION('',(-0.,-0.,-1.));
#4213 = DEFINITIONAL_REPRESENTATION('',(#4214),#4223);
#4214 = B_SPLINE_CURVE_WITH_KNOTS('',4,(#4215,#4216,#4217,#4218,#4219,
    #4220,#4221,#4222),.UNSPECIFIED.,.F.,.F.,(5,3,5),(0.,0.612364177668,
    1.),.UNSPECIFIED.);
#4215 = CARTESIAN_POINT('',(1.,-0.4));
#4216 = CARTESIAN_POINT('',(0.847793090688,-0.4));
#4217 = CARTESIAN_POINT('',(0.694801063632,-0.4));
#4218 = CARTESIAN_POINT('',(0.541398660312,-0.4));
#4219 = CARTESIAN_POINT('',(0.290896318885,-0.4));
#4220 = CARTESIAN_POINT('',(0.193793220631,-0.4));
#4221 = CARTESIAN_POINT('',(9.679455993113E-02,-0.4));
#4222 = CARTESIAN_POINT('',(0.,-0.4));
#4223 = ( GEOMETRIC_REPRESENTATION_CONTEXT(2) 
PARAMETRIC_REPRESENTATION_CONTEXT() REPRESENTATION_CONTEXT('2D SPACE',''
  ) );
#4224 = ORIENTED_EDGE('',*,*,#4225,.F.);
#4225 = EDGE_CURVE('',#4226,#4181,#4228,.T.);
#4226 = VERTEX_POINT('',#4227);
#4227 = CARTESIAN_POINT('',(37.243408203125,54.166186523438,27.2));
#4228 = SURFACE_CURVE('',#4229,(#4240,#4254),.PCURVE_S1.);
#4229 = B_SPLINE_CURVE_WITH_KNOTS('',5,(#4230,#4231,#4232,#4233,#4234,
    #4235,#4236,#4237,#4238,#4239),.UNSPECIFIED.,.F.,.F.,(6,4,6),(0.,
    0.392999674268,1.),.UNSPECIFIED.);
#4230 = CARTESIAN_POINT('',(37.243408203125,54.166186523438,27.2));
#4231 = CARTESIAN_POINT('',(37.270445391996,54.194829881944,27.2));
#4232 = CARTESIAN_POINT('',(37.294958676086,54.224887307519,27.2));
#4233 = CARTESIAN_POINT('',(37.316860177725,54.256341692448,27.2));
#4234 = CARTESIAN_POINT('',(37.336092347811,54.28915749692,27.2));
#4235 = CARTESIAN_POINT('',(37.378167746575,54.375985182381,27.2));
#4236 = CARTESIAN_POINT('',(37.397277456379,54.431812642178,27.2));
#4237 = CARTESIAN_POINT('',(37.409855498316,54.490557368506,27.2));
#4238 = CARTESIAN_POINT('',(37.416015625,54.551942250589,27.2));
#4239 = CARTESIAN_POINT('',(37.416015625,54.615649414063,27.2));
#4240 = PCURVE('',#266,#4241);
#4241 = DEFINITIONAL_REPRESENTATION('',(#4242),#4253);
#4242 = B_SPLINE_CURVE_WITH_KNOTS('',5,(#4243,#4244,#4245,#4246,#4247,
    #4248,#4249,#4250,#4251,#4252),.UNSPECIFIED.,.F.,.F.,(6,4,6),(0.,
    0.392999674268,1.),.UNSPECIFIED.);
#4243 = CARTESIAN_POINT('',(-12.00659179687,17.716186523437));
#4244 = CARTESIAN_POINT('',(-11.979554608,17.744829881944));
#4245 = CARTESIAN_POINT('',(-11.95504132391,17.774887307519));
#4246 = CARTESIAN_POINT('',(-11.93313982227,17.806341692448));
#4247 = CARTESIAN_POINT('',(-11.91390765218,17.83915749692));
#4248 = CARTESIAN_POINT('',(-11.87183225342,17.925985182381));
#4249 = CARTESIAN_POINT('',(-11.85272254362,17.981812642178));
#4250 = CARTESIAN_POINT('',(-11.84014450168,18.040557368506));
#4251 = CARTESIAN_POINT('',(-11.833984375,18.101942250589));
#4252 = CARTESIAN_POINT('',(-11.833984375,18.165649414062));
#4253 = ( GEOMETRIC_REPRESENTATION_CONTEXT(2) 
PARAMETRIC_REPRESENTATION_CONTEXT() REPRESENTATION_CONTEXT('2D SPACE',''
  ) );
#4254 = PCURVE('',#4255,#4262);
#4255 = SURFACE_OF_LINEAR_EXTRUSION('',#4256,#4260);
#4256 = B_SPLINE_CURVE_WITH_KNOTS('',2,(#4257,#4258,#4259),
  .UNSPECIFIED.,.F.,.F.,(3,3),(0.,1.),.PIECEWISE_BEZIER_KNOTS.);
#4257 = CARTESIAN_POINT('',(37.416015625,54.615649414063,26.8));
#4258 = CARTESIAN_POINT('',(37.416015625,54.349047851563,26.8));
#4259 = CARTESIAN_POINT('',(37.243408203125,54.166186523438,26.8));
#4260 = VECTOR('',#4261,1.);
#4261 = DIRECTION('',(-0.,-0.,-1.));
#4262 = DEFINITIONAL_REPRESENTATION('',(#4263),#4274);
#4263 = B_SPLINE_CURVE_WITH_KNOTS('',5,(#4264,#4265,#4266,#4267,#4268,
    #4269,#4270,#4271,#4272,#4273),.UNSPECIFIED.,.F.,.F.,(6,4,6),(0.,
    0.392999674268,1.),.UNSPECIFIED.);
#4264 = CARTESIAN_POINT('',(1.,-0.4));
#4265 = CARTESIAN_POINT('',(0.921680109184,-0.4));
#4266 = CARTESIAN_POINT('',(0.843004634531,-0.4));
#4267 = CARTESIAN_POINT('',(0.764085618589,-0.4));
#4268 = CARTESIAN_POINT('',(0.6850420773,-0.4));
#4269 = CARTESIAN_POINT('',(0.483917031975,-0.4));
#4270 = CARTESIAN_POINT('',(0.361827524102,-0.4));
#4271 = CARTESIAN_POINT('',(0.240209810977,-0.4));
#4272 = CARTESIAN_POINT('',(0.119480101459,-0.4));
#4273 = CARTESIAN_POINT('',(0.,-0.4));
#4274 = ( GEOMETRIC_REPRESENTATION_CONTEXT(2) 
PARAMETRIC_REPRESENTATION_CONTEXT() REPRESENTATION_CONTEXT('2D SPACE',''
  ) );
#4275 = ORIENTED_EDGE('',*,*,#4276,.F.);
#4276 = EDGE_CURVE('',#4277,#4226,#4279,.T.);
#4277 = VERTEX_POINT('',#4278);
#4278 = CARTESIAN_POINT('',(36.710205078125,53.933764648438,27.2));
#4279 = SURFACE_CURVE('',#4280,(#4291,#4305),.PCURVE_S1.);
#4280 = B_SPLINE_CURVE_WITH_KNOTS('',5,(#4281,#4282,#4283,#4284,#4285,
    #4286,#4287,#4288,#4289,#4290),.UNSPECIFIED.,.F.,.F.,(6,4,6),(0.,
    0.532602502195,1.),.UNSPECIFIED.);
#4281 = CARTESIAN_POINT('',(36.710205078125,53.933764648438,27.2));
#4282 = CARTESIAN_POINT('',(36.782495461894,53.9437002936,27.2));
#4283 = CARTESIAN_POINT('',(36.851513635918,53.957183802766,27.2));
#4284 = CARTESIAN_POINT('',(36.916825722189,53.974474824341,27.2));
#4285 = CARTESIAN_POINT('',(36.977937533013,53.995818904367,27.2));
#4286 = CARTESIAN_POINT('',(37.083935993177,54.043759430304,27.2));
#4287 = CARTESIAN_POINT('',(37.12989544883,54.069393815018,27.2));
#4288 = CARTESIAN_POINT('',(37.171956882982,54.098344149506,27.2));
#4289 = CARTESIAN_POINT('',(37.209851093991,54.130635922672,27.2));
#4290 = CARTESIAN_POINT('',(37.243408203125,54.166186523438,27.2));
#4291 = PCURVE('',#266,#4292);
#4292 = DEFINITIONAL_REPRESENTATION('',(#4293),#4304);
#4293 = B_SPLINE_CURVE_WITH_KNOTS('',5,(#4294,#4295,#4296,#4297,#4298,
    #4299,#4300,#4301,#4302,#4303),.UNSPECIFIED.,.F.,.F.,(6,4,6),(0.,
    0.532602502195,1.),.UNSPECIFIED.);
#4294 = CARTESIAN_POINT('',(-12.53979492187,17.483764648437));
#4295 = CARTESIAN_POINT('',(-12.4675045381,17.4937002936));
#4296 = CARTESIAN_POINT('',(-12.39848636408,17.507183802766));
#4297 = CARTESIAN_POINT('',(-12.33317427781,17.524474824341));
#4298 = CARTESIAN_POINT('',(-12.27206246698,17.545818904367));
#4299 = CARTESIAN_POINT('',(-12.16606400682,17.593759430304));
#4300 = CARTESIAN_POINT('',(-12.12010455117,17.619393815018));
#4301 = CARTESIAN_POINT('',(-12.07804311701,17.648344149505));
#4302 = CARTESIAN_POINT('',(-12.040148906,17.680635922672));
#4303 = CARTESIAN_POINT('',(-12.00659179687,17.716186523437));
#4304 = ( GEOMETRIC_REPRESENTATION_CONTEXT(2) 
PARAMETRIC_REPRESENTATION_CONTEXT() REPRESENTATION_CONTEXT('2D SPACE',''
  ) );
#4305 = PCURVE('',#4306,#4313);
#4306 = SURFACE_OF_LINEAR_EXTRUSION('',#4307,#4311);
#4307 = B_SPLINE_CURVE_WITH_KNOTS('',2,(#4308,#4309,#4310),
  .UNSPECIFIED.,.F.,.F.,(3,3),(0.,1.),.PIECEWISE_BEZIER_KNOTS.);
#4308 = CARTESIAN_POINT('',(37.243408203125,54.166186523438,26.8));
#4309 = CARTESIAN_POINT('',(37.07080078125,53.983325195313,26.8));
#4310 = CARTESIAN_POINT('',(36.710205078125,53.933764648438,26.8));
#4311 = VECTOR('',#4312,1.);
#4312 = DIRECTION('',(-0.,-0.,-1.));
#4313 = DEFINITIONAL_REPRESENTATION('',(#4314),#4325);
#4314 = B_SPLINE_CURVE_WITH_KNOTS('',5,(#4315,#4316,#4317,#4318,#4319,
    #4320,#4321,#4322,#4323,#4324),.UNSPECIFIED.,.F.,.F.,(6,4,6),(0.,
    0.532602502195,1.),.UNSPECIFIED.);
#4315 = CARTESIAN_POINT('',(1.,-0.4));
#4316 = CARTESIAN_POINT('',(0.899762555207,-0.4));
#4317 = CARTESIAN_POINT('',(0.797514386464,-0.4));
#4318 = CARTESIAN_POINT('',(0.693334133661,-0.4));
#4319 = CARTESIAN_POINT('',(0.587393583866,-0.4));
#4320 = CARTESIAN_POINT('',(0.385754306125,-0.4));
#4321 = CARTESIAN_POINT('',(0.290385373827,-0.4));
#4322 = CARTESIAN_POINT('',(0.194112448263,-0.4));
#4323 = CARTESIAN_POINT('',(9.720644908981E-02,-0.4));
#4324 = CARTESIAN_POINT('',(0.,-0.4));
#4325 = ( GEOMETRIC_REPRESENTATION_CONTEXT(2) 
PARAMETRIC_REPRESENTATION_CONTEXT() REPRESENTATION_CONTEXT('2D SPACE',''
  ) );
#4326 = ORIENTED_EDGE('',*,*,#4327,.F.);
#4327 = EDGE_CURVE('',#4328,#4277,#4330,.T.);
#4328 = VERTEX_POINT('',#4329);
#4329 = CARTESIAN_POINT('',(36.91015625,53.809008789063,27.2));
#4330 = SURFACE_CURVE('',#4331,(#4338,#4348),.PCURVE_S1.);
#4331 = B_SPLINE_CURVE_WITH_KNOTS('',5,(#4332,#4333,#4334,#4335,#4336,
    #4337),.UNSPECIFIED.,.F.,.F.,(6,6),(0.,1.),
  .PIECEWISE_BEZIER_KNOTS.);
#4332 = CARTESIAN_POINT('',(36.91015625,53.809008789063,27.2));
#4333 = CARTESIAN_POINT('',(36.882510126322,53.833890300372,27.2));
#4334 = CARTESIAN_POINT('',(36.848519687304,53.858838905995,27.2));
#4335 = CARTESIAN_POINT('',(36.808331030921,53.883820805026,27.2));
#4336 = CARTESIAN_POINT('',(36.762147603317,53.908805253215,27.2));
#4337 = CARTESIAN_POINT('',(36.710205078125,53.933764648438,27.2));
#4338 = PCURVE('',#266,#4339);
#4339 = DEFINITIONAL_REPRESENTATION('',(#4340),#4347);
#4340 = B_SPLINE_CURVE_WITH_KNOTS('',5,(#4341,#4342,#4343,#4344,#4345,
    #4346),.UNSPECIFIED.,.F.,.F.,(6,6),(0.,1.),
  .PIECEWISE_BEZIER_KNOTS.);
#4341 = CARTESIAN_POINT('',(-12.33984375,17.359008789062));
#4342 = CARTESIAN_POINT('',(-12.36748987367,17.383890300372));
#4343 = CARTESIAN_POINT('',(-12.40148031269,17.408838905995));
#4344 = CARTESIAN_POINT('',(-12.44166896907,17.433820805026));
#4345 = CARTESIAN_POINT('',(-12.48785239668,17.458805253215));
#4346 = CARTESIAN_POINT('',(-12.53979492187,17.483764648437));
#4347 = ( GEOMETRIC_REPRESENTATION_CONTEXT(2) 
PARAMETRIC_REPRESENTATION_CONTEXT() REPRESENTATION_CONTEXT('2D SPACE',''
  ) );
#4348 = PCURVE('',#4349,#4356);
#4349 = SURFACE_OF_LINEAR_EXTRUSION('',#4350,#4354);
#4350 = B_SPLINE_CURVE_WITH_KNOTS('',2,(#4351,#4352,#4353),
  .UNSPECIFIED.,.F.,.F.,(3,3),(0.,1.),.PIECEWISE_BEZIER_KNOTS.);
#4351 = CARTESIAN_POINT('',(36.710205078125,53.933764648438,26.8));
#4352 = CARTESIAN_POINT('',(36.841796875,53.870532226563,26.8));
#4353 = CARTESIAN_POINT('',(36.91015625,53.809008789063,26.8));
#4354 = VECTOR('',#4355,1.);
#4355 = DIRECTION('',(-0.,-0.,-1.));
#4356 = DEFINITIONAL_REPRESENTATION('',(#4357),#4364);
#4357 = B_SPLINE_CURVE_WITH_KNOTS('',5,(#4358,#4359,#4360,#4361,#4362,
    #4363),.UNSPECIFIED.,.F.,.F.,(6,6),(0.,1.),
  .PIECEWISE_BEZIER_KNOTS.);
#4358 = CARTESIAN_POINT('',(1.,-0.4));
#4359 = CARTESIAN_POINT('',(0.797788352528,-0.4));
#4360 = CARTESIAN_POINT('',(0.596451209612,-0.4));
#4361 = CARTESIAN_POINT('',(0.39623869162,-0.4));
#4362 = CARTESIAN_POINT('',(0.197362322067,-0.4));
#4363 = CARTESIAN_POINT('',(0.,-0.4));
#4364 = ( GEOMETRIC_REPRESENTATION_CONTEXT(2) 
PARAMETRIC_REPRESENTATION_CONTEXT() REPRESENTATION_CONTEXT('2D SPACE',''
  ) );
#4365 = ORIENTED_EDGE('',*,*,#4366,.F.);
#4366 = EDGE_CURVE('',#4367,#4328,#4369,.T.);
#4367 = VERTEX_POINT('',#4368);
#4368 = CARTESIAN_POINT('',(37.185302734375,53.475756835938,27.2));
#4369 = SURFACE_CURVE('',#4370,(#4377,#4387),.PCURVE_S1.);
#4370 = B_SPLINE_CURVE_WITH_KNOTS('',5,(#4371,#4372,#4373,#4374,#4375,
    #4376),.UNSPECIFIED.,.F.,.F.,(6,6),(0.,1.),
  .PIECEWISE_BEZIER_KNOTS.);
#4371 = CARTESIAN_POINT('',(37.185302734375,53.475756835938,27.2));
#4372 = CARTESIAN_POINT('',(37.134185379891,53.554450657972,27.2));
#4373 = CARTESIAN_POINT('',(37.081114475594,53.6274072858,27.2));
#4374 = CARTESIAN_POINT('',(37.026077089636,53.694328990141,27.2));
#4375 = CARTESIAN_POINT('',(36.969079333053,53.754938195202,27.2));
#4376 = CARTESIAN_POINT('',(36.91015625,53.809008789063,27.2));
#4377 = PCURVE('',#266,#4378);
#4378 = DEFINITIONAL_REPRESENTATION('',(#4379),#4386);
#4379 = B_SPLINE_CURVE_WITH_KNOTS('',5,(#4380,#4381,#4382,#4383,#4384,
    #4385),.UNSPECIFIED.,.F.,.F.,(6,6),(0.,1.),
  .PIECEWISE_BEZIER_KNOTS.);
#4380 = CARTESIAN_POINT('',(-12.06469726562,17.025756835937));
#4381 = CARTESIAN_POINT('',(-12.1158146201,17.104450657972));
#4382 = CARTESIAN_POINT('',(-12.1688855244,17.1774072858));
#4383 = CARTESIAN_POINT('',(-12.22392291036,17.244328990141));
#4384 = CARTESIAN_POINT('',(-12.28092066694,17.304938195202));
#4385 = CARTESIAN_POINT('',(-12.33984375,17.359008789062));
#4386 = ( GEOMETRIC_REPRESENTATION_CONTEXT(2) 
PARAMETRIC_REPRESENTATION_CONTEXT() REPRESENTATION_CONTEXT('2D SPACE',''
  ) );
#4387 = PCURVE('',#4388,#4395);
#4388 = SURFACE_OF_LINEAR_EXTRUSION('',#4389,#4393);
#4389 = B_SPLINE_CURVE_WITH_KNOTS('',2,(#4390,#4391,#4392),
  .UNSPECIFIED.,.F.,.F.,(3,3),(0.,1.),.PIECEWISE_BEZIER_KNOTS.);
#4390 = CARTESIAN_POINT('',(36.91015625,53.809008789063,26.8));
#4391 = CARTESIAN_POINT('',(37.055419921875,53.675708007813,26.8));
#4392 = CARTESIAN_POINT('',(37.185302734375,53.475756835938,26.8));
#4393 = VECTOR('',#4394,1.);
#4394 = DIRECTION('',(-0.,-0.,-1.));
#4395 = DEFINITIONAL_REPRESENTATION('',(#4396),#4403);
#4396 = B_SPLINE_CURVE_WITH_KNOTS('',5,(#4397,#4398,#4399,#4400,#4401,
    #4402),.UNSPECIFIED.,.F.,.F.,(6,6),(0.,1.),
  .PIECEWISE_BEZIER_KNOTS.);
#4397 = CARTESIAN_POINT('',(1.,-0.4));
#4398 = CARTESIAN_POINT('',(0.803217402288,-0.4));
#4399 = CARTESIAN_POINT('',(0.60464647757,-0.4));
#4400 = CARTESIAN_POINT('',(0.404445654439,-0.4));
#4401 = CARTESIAN_POINT('',(0.202814242171,-0.4));
#4402 = CARTESIAN_POINT('',(0.,-0.4));
#4403 = ( GEOMETRIC_REPRESENTATION_CONTEXT(2) 
PARAMETRIC_REPRESENTATION_CONTEXT() REPRESENTATION_CONTEXT('2D SPACE',''
  ) );
#4404 = ORIENTED_EDGE('',*,*,#4405,.F.);
#4405 = EDGE_CURVE('',#4406,#4367,#4408,.T.);
#4406 = VERTEX_POINT('',#4407);
#4407 = CARTESIAN_POINT('',(37.62109375,52.793872070313,27.2));
#4408 = SURFACE_CURVE('',#4409,(#4413,#4419),.PCURVE_S1.);
#4409 = LINE('',#4410,#4411);
#4410 = CARTESIAN_POINT('',(42.797481003108,44.694348486038,27.2));
#4411 = VECTOR('',#4412,1.);
#4412 = DIRECTION('',(-0.538514244673,0.84261640637,0.));
#4413 = PCURVE('',#266,#4414);
#4414 = DEFINITIONAL_REPRESENTATION('',(#4415),#4418);
#4415 = B_SPLINE_CURVE_WITH_KNOTS('',1,(#4416,#4417),.UNSPECIFIED.,.F.,
  .F.,(2,2),(9.612349727634,10.421596688019),.PIECEWISE_BEZIER_KNOTS.);
#4416 = CARTESIAN_POINT('',(-11.62890625,16.343872070312));
#4417 = CARTESIAN_POINT('',(-12.06469726562,17.025756835937));
#4418 = ( GEOMETRIC_REPRESENTATION_CONTEXT(2) 
PARAMETRIC_REPRESENTATION_CONTEXT() REPRESENTATION_CONTEXT('2D SPACE',''
  ) );
#4419 = PCURVE('',#4420,#4425);
#4420 = PLANE('',#4421);
#4421 = AXIS2_PLACEMENT_3D('',#4422,#4423,#4424);
#4422 = CARTESIAN_POINT('',(37.185302734375,53.475756835938,26.8));
#4423 = DIRECTION('',(0.84261640637,0.538514244673,0.));
#4424 = DIRECTION('',(0.538514244673,-0.84261640637,0.));
#4425 = DEFINITIONAL_REPRESENTATION('',(#4426),#4429);
#4426 = B_SPLINE_CURVE_WITH_KNOTS('',1,(#4427,#4428),.UNSPECIFIED.,.F.,
  .F.,(2,2),(9.612349727634,10.421596688019),.PIECEWISE_BEZIER_KNOTS.);
#4427 = CARTESIAN_POINT('',(0.809246960384,-0.4));
#4428 = CARTESIAN_POINT('',(0.,-0.4));
#4429 = ( GEOMETRIC_REPRESENTATION_CONTEXT(2) 
PARAMETRIC_REPRESENTATION_CONTEXT() REPRESENTATION_CONTEXT('2D SPACE',''
  ) );
#4430 = ORIENTED_EDGE('',*,*,#4431,.F.);
#4431 = EDGE_CURVE('',#4432,#4406,#4434,.T.);
#4432 = VERTEX_POINT('',#4433);
#4433 = CARTESIAN_POINT('',(37.2041015625,52.793872070313,27.2));
#4434 = SURFACE_CURVE('',#4435,(#4439,#4445),.PCURVE_S1.);
#4435 = LINE('',#4436,#4437);
#4436 = CARTESIAN_POINT('',(43.435546875,52.793872070313,27.2));
#4437 = VECTOR('',#4438,1.);
#4438 = DIRECTION('',(1.,0.,-0.));
#4439 = PCURVE('',#266,#4440);
#4440 = DEFINITIONAL_REPRESENTATION('',(#4441),#4444);
#4441 = B_SPLINE_CURVE_WITH_KNOTS('',1,(#4442,#4443),.UNSPECIFIED.,.F.,
  .F.,(2,2),(-6.2314453125,-5.814453125),.PIECEWISE_BEZIER_KNOTS.);
#4442 = CARTESIAN_POINT('',(-12.0458984375,16.343872070312));
#4443 = CARTESIAN_POINT('',(-11.62890625,16.343872070312));
#4444 = ( GEOMETRIC_REPRESENTATION_CONTEXT(2) 
PARAMETRIC_REPRESENTATION_CONTEXT() REPRESENTATION_CONTEXT('2D SPACE',''
  ) );
#4445 = PCURVE('',#4446,#4451);
#4446 = PLANE('',#4447);
#4447 = AXIS2_PLACEMENT_3D('',#4448,#4449,#4450);
#4448 = CARTESIAN_POINT('',(37.62109375,52.793872070313,26.8));
#4449 = DIRECTION('',(0.,-1.,0.));
#4450 = DIRECTION('',(-1.,0.,0.));
#4451 = DEFINITIONAL_REPRESENTATION('',(#4452),#4455);
#4452 = B_SPLINE_CURVE_WITH_KNOTS('',1,(#4453,#4454),.UNSPECIFIED.,.F.,
  .F.,(2,2),(-6.2314453125,-5.814453125),.PIECEWISE_BEZIER_KNOTS.);
#4453 = CARTESIAN_POINT('',(0.4169921875,-0.4));
#4454 = CARTESIAN_POINT('',(0.,-0.4));
#4455 = ( GEOMETRIC_REPRESENTATION_CONTEXT(2) 
PARAMETRIC_REPRESENTATION_CONTEXT() REPRESENTATION_CONTEXT('2D SPACE',''
  ) );
#4456 = ORIENTED_EDGE('',*,*,#4457,.F.);
#4457 = EDGE_CURVE('',#4458,#4432,#4460,.T.);
#4458 = VERTEX_POINT('',#4459);
#4459 = CARTESIAN_POINT('',(36.87255859375,53.315112304688,27.2));
#4460 = SURFACE_CURVE('',#4461,(#4465,#4471),.PCURVE_S1.);
#4461 = LINE('',#4462,#4463);
#4462 = CARTESIAN_POINT('',(42.639642175208,44.248305643117,27.2));
#4463 = VECTOR('',#4464,1.);
#4464 = DIRECTION('',(0.536696472795,-0.843775382486,0.));
#4465 = PCURVE('',#266,#4466);
#4466 = DEFINITIONAL_REPRESENTATION('',(#4467),#4470);
#4467 = B_SPLINE_CURVE_WITH_KNOTS('',1,(#4468,#4469),.UNSPECIFIED.,.F.,
  .F.,(2,2),(-10.74552167527,-10.12777405524),.PIECEWISE_BEZIER_KNOTS.);
#4468 = CARTESIAN_POINT('',(-12.37744140625,16.865112304687));
#4469 = CARTESIAN_POINT('',(-12.0458984375,16.343872070312));
#4470 = ( GEOMETRIC_REPRESENTATION_CONTEXT(2) 
PARAMETRIC_REPRESENTATION_CONTEXT() REPRESENTATION_CONTEXT('2D SPACE',''
  ) );
#4471 = PCURVE('',#4472,#4477);
#4472 = PLANE('',#4473);
#4473 = AXIS2_PLACEMENT_3D('',#4474,#4475,#4476);
#4474 = CARTESIAN_POINT('',(37.2041015625,52.793872070313,26.8));
#4475 = DIRECTION('',(-0.843775382486,-0.536696472795,0.));
#4476 = DIRECTION('',(-0.536696472795,0.843775382486,0.));
#4477 = DEFINITIONAL_REPRESENTATION('',(#4478),#4481);
#4478 = B_SPLINE_CURVE_WITH_KNOTS('',1,(#4479,#4480),.UNSPECIFIED.,.F.,
  .F.,(2,2),(-10.74552167527,-10.12777405524),.PIECEWISE_BEZIER_KNOTS.);
#4479 = CARTESIAN_POINT('',(0.617747620035,-0.4));
#4480 = CARTESIAN_POINT('',(0.,-0.4));
#4481 = ( GEOMETRIC_REPRESENTATION_CONTEXT(2) 
PARAMETRIC_REPRESENTATION_CONTEXT() REPRESENTATION_CONTEXT('2D SPACE',''
  ) );
#4482 = ORIENTED_EDGE('',*,*,#4483,.F.);
#4483 = EDGE_CURVE('',#4484,#4458,#4486,.T.);
#4484 = VERTEX_POINT('',#4485);
#4485 = CARTESIAN_POINT('',(36.63330078125,53.660327148438,27.2));
#4486 = SURFACE_CURVE('',#4487,(#4494,#4504),.PCURVE_S1.);
#4487 = B_SPLINE_CURVE_WITH_KNOTS('',5,(#4488,#4489,#4490,#4491,#4492,
    #4493),.UNSPECIFIED.,.F.,.F.,(6,6),(0.,1.),
  .PIECEWISE_BEZIER_KNOTS.);
#4488 = CARTESIAN_POINT('',(36.63330078125,53.660327148438,27.2));
#4489 = CARTESIAN_POINT('',(36.67237990558,53.610590081108,27.2));
#4490 = CARTESIAN_POINT('',(36.716346963583,53.550234100742,27.2));
#4491 = CARTESIAN_POINT('',(36.764710851594,53.480179504337,27.2));
#4492 = CARTESIAN_POINT('',(36.816933471764,53.401494847066,27.2));
#4493 = CARTESIAN_POINT('',(36.87255859375,53.315112304688,27.2));
#4494 = PCURVE('',#266,#4495);
#4495 = DEFINITIONAL_REPRESENTATION('',(#4496),#4503);
#4496 = B_SPLINE_CURVE_WITH_KNOTS('',5,(#4497,#4498,#4499,#4500,#4501,
    #4502),.UNSPECIFIED.,.F.,.F.,(6,6),(0.,1.),
  .PIECEWISE_BEZIER_KNOTS.);
#4497 = CARTESIAN_POINT('',(-12.61669921875,17.210327148437));
#4498 = CARTESIAN_POINT('',(-12.57762009442,17.160590081108));
#4499 = CARTESIAN_POINT('',(-12.53365303641,17.100234100742));
#4500 = CARTESIAN_POINT('',(-12.4852891484,17.030179504337));
#4501 = CARTESIAN_POINT('',(-12.43306652823,16.951494847066));
#4502 = CARTESIAN_POINT('',(-12.37744140625,16.865112304687));
#4503 = ( GEOMETRIC_REPRESENTATION_CONTEXT(2) 
PARAMETRIC_REPRESENTATION_CONTEXT() REPRESENTATION_CONTEXT('2D SPACE',''
  ) );
#4504 = PCURVE('',#4505,#4512);
#4505 = SURFACE_OF_LINEAR_EXTRUSION('',#4506,#4510);
#4506 = B_SPLINE_CURVE_WITH_KNOTS('',2,(#4507,#4508,#4509),
  .UNSPECIFIED.,.F.,.F.,(3,3),(0.,1.),.PIECEWISE_BEZIER_KNOTS.);
#4507 = CARTESIAN_POINT('',(36.87255859375,53.315112304688,26.8));
#4508 = CARTESIAN_POINT('',(36.727294921875,53.540698242188,26.8));
#4509 = CARTESIAN_POINT('',(36.63330078125,53.660327148438,26.8));
#4510 = VECTOR('',#4511,1.);
#4511 = DIRECTION('',(-0.,-0.,-1.));
#4512 = DEFINITIONAL_REPRESENTATION('',(#4513),#4520);
#4513 = B_SPLINE_CURVE_WITH_KNOTS('',5,(#4514,#4515,#4516,#4517,#4518,
    #4519),.UNSPECIFIED.,.F.,.F.,(6,6),(0.,1.),
  .PIECEWISE_BEZIER_KNOTS.);
#4514 = CARTESIAN_POINT('',(1.,-0.4));
#4515 = CARTESIAN_POINT('',(0.792119359407,-0.4));
#4516 = CARTESIAN_POINT('',(0.587703904303,-0.4));
#4517 = CARTESIAN_POINT('',(0.387387803878,-0.4));
#4518 = CARTESIAN_POINT('',(0.191462604752,-0.4));
#4519 = CARTESIAN_POINT('',(0.,-0.4));
#4520 = ( GEOMETRIC_REPRESENTATION_CONTEXT(2) 
PARAMETRIC_REPRESENTATION_CONTEXT() REPRESENTATION_CONTEXT('2D SPACE',''
  ) );
#4521 = ORIENTED_EDGE('',*,*,#4522,.F.);
#4522 = EDGE_CURVE('',#4523,#4484,#4525,.T.);
#4523 = VERTEX_POINT('',#4524);
#4524 = CARTESIAN_POINT('',(36.464965820312,53.827807617188,27.2));
#4525 = SURFACE_CURVE('',#4526,(#4533,#4543),.PCURVE_S1.);
#4526 = B_SPLINE_CURVE_WITH_KNOTS('',5,(#4527,#4528,#4529,#4530,#4531,
    #4532),.UNSPECIFIED.,.F.,.F.,(6,6),(0.,1.),
  .PIECEWISE_BEZIER_KNOTS.);
#4527 = CARTESIAN_POINT('',(36.464965820312,53.827807617188,27.2));
#4528 = CARTESIAN_POINT('',(36.495087319947,53.808419065699,27.2));
#4529 = CARTESIAN_POINT('',(36.527080859259,53.781758640748,27.2));
#4530 = CARTESIAN_POINT('',(36.560855030944,53.748001785649,27.2));
#4531 = CARTESIAN_POINT('',(36.596300323373,53.707418640281,27.2));
#4532 = CARTESIAN_POINT('',(36.63330078125,53.660327148438,27.2));
#4533 = PCURVE('',#266,#4534);
#4534 = DEFINITIONAL_REPRESENTATION('',(#4535),#4542);
#4535 = B_SPLINE_CURVE_WITH_KNOTS('',5,(#4536,#4537,#4538,#4539,#4540,
    #4541),.UNSPECIFIED.,.F.,.F.,(6,6),(0.,1.),
  .PIECEWISE_BEZIER_KNOTS.);
#4536 = CARTESIAN_POINT('',(-12.78503417968,17.377807617187));
#4537 = CARTESIAN_POINT('',(-12.75491268005,17.358419065699));
#4538 = CARTESIAN_POINT('',(-12.72291914074,17.331758640748));
#4539 = CARTESIAN_POINT('',(-12.68914496905,17.298001785649));
#4540 = CARTESIAN_POINT('',(-12.65369967662,17.257418640281));
#4541 = CARTESIAN_POINT('',(-12.61669921875,17.210327148437));
#4542 = ( GEOMETRIC_REPRESENTATION_CONTEXT(2) 
PARAMETRIC_REPRESENTATION_CONTEXT() REPRESENTATION_CONTEXT('2D SPACE',''
  ) );
#4543 = PCURVE('',#4544,#4551);
#4544 = SURFACE_OF_LINEAR_EXTRUSION('',#4545,#4549);
#4545 = B_SPLINE_CURVE_WITH_KNOTS('',2,(#4546,#4547,#4548),
  .UNSPECIFIED.,.F.,.F.,(3,3),(0.,1.),.PIECEWISE_BEZIER_KNOTS.);
#4546 = CARTESIAN_POINT('',(36.63330078125,53.660327148438,26.8));
#4547 = CARTESIAN_POINT('',(36.539306640625,53.779956054688,26.8));
#4548 = CARTESIAN_POINT('',(36.464965820312,53.827807617188,26.8));
#4549 = VECTOR('',#4550,1.);
#4550 = DIRECTION('',(-0.,-0.,-1.));
#4551 = DEFINITIONAL_REPRESENTATION('',(#4552),#4559);
#4552 = B_SPLINE_CURVE_WITH_KNOTS('',5,(#4553,#4554,#4555,#4556,#4557,
    #4558),.UNSPECIFIED.,.F.,.F.,(6,6),(0.,1.),
  .PIECEWISE_BEZIER_KNOTS.);
#4553 = CARTESIAN_POINT('',(1.,-0.4));
#4554 = CARTESIAN_POINT('',(0.797409421177,-0.4));
#4555 = CARTESIAN_POINT('',(0.595791011205,-0.4));
#4556 = CARTESIAN_POINT('',(0.395498870689,-0.4));
#4557 = CARTESIAN_POINT('',(0.196823214888,-0.4));
#4558 = CARTESIAN_POINT('',(0.,-0.4));
#4559 = ( GEOMETRIC_REPRESENTATION_CONTEXT(2) 
PARAMETRIC_REPRESENTATION_CONTEXT() REPRESENTATION_CONTEXT('2D SPACE',''
  ) );
#4560 = ORIENTED_EDGE('',*,*,#4561,.F.);
#4561 = EDGE_CURVE('',#4562,#4523,#4564,.T.);
#4562 = VERTEX_POINT('',#4563);
#4563 = CARTESIAN_POINT('',(36.313720703125,53.894458007813,27.2));
#4564 = SURFACE_CURVE('',#4565,(#4571,#4580),.PCURVE_S1.);
#4565 = B_SPLINE_CURVE_WITH_KNOTS('',4,(#4566,#4567,#4568,#4569,#4570),
  .UNSPECIFIED.,.F.,.F.,(5,5),(0.,1.),.PIECEWISE_BEZIER_KNOTS.);
#4566 = CARTESIAN_POINT('',(36.313720703125,53.894458007813,27.2));
#4567 = CARTESIAN_POINT('',(36.352220260705,53.885047004848,27.2));
#4568 = CARTESIAN_POINT('',(36.390274037498,53.870786174881,27.2));
#4569 = CARTESIAN_POINT('',(36.427861526201,53.851690840984,27.2));
#4570 = CARTESIAN_POINT('',(36.464965820312,53.827807617188,27.2));
#4571 = PCURVE('',#266,#4572);
#4572 = DEFINITIONAL_REPRESENTATION('',(#4573),#4579);
#4573 = B_SPLINE_CURVE_WITH_KNOTS('',4,(#4574,#4575,#4576,#4577,#4578),
  .UNSPECIFIED.,.F.,.F.,(5,5),(0.,1.),.PIECEWISE_BEZIER_KNOTS.);
#4574 = CARTESIAN_POINT('',(-12.93627929687,17.444458007812));
#4575 = CARTESIAN_POINT('',(-12.89777973929,17.435047004848));
#4576 = CARTESIAN_POINT('',(-12.8597259625,17.420786174881));
#4577 = CARTESIAN_POINT('',(-12.82213847379,17.401690840984));
#4578 = CARTESIAN_POINT('',(-12.78503417968,17.377807617187));
#4579 = ( GEOMETRIC_REPRESENTATION_CONTEXT(2) 
PARAMETRIC_REPRESENTATION_CONTEXT() REPRESENTATION_CONTEXT('2D SPACE',''
  ) );
#4580 = PCURVE('',#4581,#4588);
#4581 = SURFACE_OF_LINEAR_EXTRUSION('',#4582,#4586);
#4582 = B_SPLINE_CURVE_WITH_KNOTS('',2,(#4583,#4584,#4585),
  .UNSPECIFIED.,.F.,.F.,(3,3),(0.,1.),.PIECEWISE_BEZIER_KNOTS.);
#4583 = CARTESIAN_POINT('',(36.464965820312,53.827807617188,26.8));
#4584 = CARTESIAN_POINT('',(36.390625,53.875659179688,26.8));
#4585 = CARTESIAN_POINT('',(36.313720703125,53.894458007813,26.8));
#4586 = VECTOR('',#4587,1.);
#4587 = DIRECTION('',(-0.,-0.,-1.));
#4588 = DEFINITIONAL_REPRESENTATION('',(#4589),#4595);
#4589 = B_SPLINE_CURVE_WITH_KNOTS('',4,(#4590,#4591,#4592,#4593,#4594),
  .UNSPECIFIED.,.F.,.F.,(5,5),(0.,1.),.PIECEWISE_BEZIER_KNOTS.);
#4590 = CARTESIAN_POINT('',(1.,-0.4));
#4591 = CARTESIAN_POINT('',(0.74969176532,-0.4));
#4592 = CARTESIAN_POINT('',(0.499497164742,-0.4));
#4593 = CARTESIAN_POINT('',(0.249555318032,-0.4));
#4594 = CARTESIAN_POINT('',(0.,-0.4));
#4595 = ( GEOMETRIC_REPRESENTATION_CONTEXT(2) 
PARAMETRIC_REPRESENTATION_CONTEXT() REPRESENTATION_CONTEXT('2D SPACE',''
  ) );
#4596 = ORIENTED_EDGE('',*,*,#4597,.F.);
#4597 = EDGE_CURVE('',#4598,#4562,#4600,.T.);
#4598 = VERTEX_POINT('',#4599);
#4599 = CARTESIAN_POINT('',(36.129150390625,53.906420898438,27.2));
#4600 = SURFACE_CURVE('',#4601,(#4608,#4618),.PCURVE_S1.);
#4601 = B_SPLINE_CURVE_WITH_KNOTS('',5,(#4602,#4603,#4604,#4605,#4606,
    #4607),.UNSPECIFIED.,.F.,.F.,(6,6),(0.,1.),
  .PIECEWISE_BEZIER_KNOTS.);
#4602 = CARTESIAN_POINT('',(36.129150390625,53.906420898438,27.2));
#4603 = CARTESIAN_POINT('',(36.179697955094,53.906420898438,27.2));
#4604 = CARTESIAN_POINT('',(36.223699428145,53.905258060359,27.2));
#4605 = CARTESIAN_POINT('',(36.260853367831,53.90289275284,27.2));
#4606 = CARTESIAN_POINT('',(36.290911711824,53.899296278695,27.2));
#4607 = CARTESIAN_POINT('',(36.313720703125,53.894458007813,27.2));
#4608 = PCURVE('',#266,#4609);
#4609 = DEFINITIONAL_REPRESENTATION('',(#4610),#4617);
#4610 = B_SPLINE_CURVE_WITH_KNOTS('',5,(#4611,#4612,#4613,#4614,#4615,
    #4616),.UNSPECIFIED.,.F.,.F.,(6,6),(0.,1.),
  .PIECEWISE_BEZIER_KNOTS.);
#4611 = CARTESIAN_POINT('',(-13.12084960937,17.456420898437));
#4612 = CARTESIAN_POINT('',(-13.0703020449,17.456420898437));
#4613 = CARTESIAN_POINT('',(-13.02630057185,17.455258060359));
#4614 = CARTESIAN_POINT('',(-12.98914663216,17.45289275284));
#4615 = CARTESIAN_POINT('',(-12.95908828817,17.449296278694));
#4616 = CARTESIAN_POINT('',(-12.93627929687,17.444458007812));
#4617 = ( GEOMETRIC_REPRESENTATION_CONTEXT(2) 
PARAMETRIC_REPRESENTATION_CONTEXT() REPRESENTATION_CONTEXT('2D SPACE',''
  ) );
#4618 = PCURVE('',#4619,#4626);
#4619 = SURFACE_OF_LINEAR_EXTRUSION('',#4620,#4624);
#4620 = B_SPLINE_CURVE_WITH_KNOTS('',2,(#4621,#4622,#4623),
  .UNSPECIFIED.,.F.,.F.,(3,3),(0.,1.),.PIECEWISE_BEZIER_KNOTS.);
#4621 = CARTESIAN_POINT('',(36.313720703125,53.894458007813,26.8));
#4622 = CARTESIAN_POINT('',(36.25732421875,53.906420898438,26.8));
#4623 = CARTESIAN_POINT('',(36.129150390625,53.906420898438,26.8));
#4624 = VECTOR('',#4625,1.);
#4625 = DIRECTION('',(-0.,-0.,-1.));
#4626 = DEFINITIONAL_REPRESENTATION('',(#4627),#4634);
#4627 = B_SPLINE_CURVE_WITH_KNOTS('',5,(#4628,#4629,#4630,#4631,#4632,
    #4633),.UNSPECIFIED.,.F.,.F.,(6,6),(0.,1.),
  .PIECEWISE_BEZIER_KNOTS.);
#4628 = CARTESIAN_POINT('',(1.,-0.4));
#4629 = CARTESIAN_POINT('',(0.802816358034,-0.4));
#4630 = CARTESIAN_POINT('',(0.603951651144,-0.4));
#4631 = CARTESIAN_POINT('',(0.40365418967,-0.4));
#4632 = CARTESIAN_POINT('',(0.202219974823,-0.4));
#4633 = CARTESIAN_POINT('',(0.,-0.4));
#4634 = ( GEOMETRIC_REPRESENTATION_CONTEXT(2) 
PARAMETRIC_REPRESENTATION_CONTEXT() REPRESENTATION_CONTEXT('2D SPACE',''
  ) );
#4635 = ORIENTED_EDGE('',*,*,#4636,.F.);
#4636 = EDGE_CURVE('',#4637,#4598,#4639,.T.);
#4637 = VERTEX_POINT('',#4638);
#4638 = CARTESIAN_POINT('',(35.74462890625,53.906420898438,27.2));
#4639 = SURFACE_CURVE('',#4640,(#4644,#4650),.PCURVE_S1.);
#4640 = LINE('',#4641,#4642);
#4641 = CARTESIAN_POINT('',(42.689575195312,53.906420898438,27.2));
#4642 = VECTOR('',#4643,1.);
#4643 = DIRECTION('',(1.,0.,-0.));
#4644 = PCURVE('',#266,#4645);
#4645 = DEFINITIONAL_REPRESENTATION('',(#4646),#4649);
#4646 = B_SPLINE_CURVE_WITH_KNOTS('',1,(#4647,#4648),.UNSPECIFIED.,.F.,
  .F.,(2,2),(-6.944946289062,-6.560424804688),.PIECEWISE_BEZIER_KNOTS.);
#4647 = CARTESIAN_POINT('',(-13.50537109375,17.456420898437));
#4648 = CARTESIAN_POINT('',(-13.12084960937,17.456420898437));
#4649 = ( GEOMETRIC_REPRESENTATION_CONTEXT(2) 
PARAMETRIC_REPRESENTATION_CONTEXT() REPRESENTATION_CONTEXT('2D SPACE',''
  ) );
#4650 = PCURVE('',#4651,#4656);
#4651 = PLANE('',#4652);
#4652 = AXIS2_PLACEMENT_3D('',#4653,#4654,#4655);
#4653 = CARTESIAN_POINT('',(36.129150390625,53.906420898438,26.8));
#4654 = DIRECTION('',(0.,-1.,0.));
#4655 = DIRECTION('',(-1.,0.,0.));
#4656 = DEFINITIONAL_REPRESENTATION('',(#4657),#4660);
#4657 = B_SPLINE_CURVE_WITH_KNOTS('',1,(#4658,#4659),.UNSPECIFIED.,.F.,
  .F.,(2,2),(-6.944946289062,-6.560424804688),.PIECEWISE_BEZIER_KNOTS.);
#4658 = CARTESIAN_POINT('',(0.384521484375,-0.4));
#4659 = CARTESIAN_POINT('',(0.,-0.4));
#4660 = ( GEOMETRIC_REPRESENTATION_CONTEXT(2) 
PARAMETRIC_REPRESENTATION_CONTEXT() REPRESENTATION_CONTEXT('2D SPACE',''
  ) );
#4661 = ORIENTED_EDGE('',*,*,#4662,.F.);
#4662 = EDGE_CURVE('',#4010,#4637,#4663,.T.);
#4663 = SURFACE_CURVE('',#4664,(#4668,#4674),.PCURVE_S1.);
#4664 = LINE('',#4665,#4666);
#4665 = CARTESIAN_POINT('',(35.74462890625,45.178210449219,27.2));
#4666 = VECTOR('',#4667,1.);
#4667 = DIRECTION('',(0.,1.,0.));
#4668 = PCURVE('',#266,#4669);
#4669 = DEFINITIONAL_REPRESENTATION('',(#4670),#4673);
#4670 = B_SPLINE_CURVE_WITH_KNOTS('',1,(#4671,#4672),.UNSPECIFIED.,.F.,
  .F.,(2,2),(7.615661621094,8.728210449219),.PIECEWISE_BEZIER_KNOTS.);
#4671 = CARTESIAN_POINT('',(-13.50537109375,16.343872070312));
#4672 = CARTESIAN_POINT('',(-13.50537109375,17.456420898437));
#4673 = ( GEOMETRIC_REPRESENTATION_CONTEXT(2) 
PARAMETRIC_REPRESENTATION_CONTEXT() REPRESENTATION_CONTEXT('2D SPACE',''
  ) );
#4674 = PCURVE('',#4675,#4680);
#4675 = PLANE('',#4676);
#4676 = AXIS2_PLACEMENT_3D('',#4677,#4678,#4679);
#4677 = CARTESIAN_POINT('',(35.74462890625,53.906420898438,26.8));
#4678 = DIRECTION('',(1.,0.,0.));
#4679 = DIRECTION('',(0.,-1.,0.));
#4680 = DEFINITIONAL_REPRESENTATION('',(#4681),#4684);
#4681 = B_SPLINE_CURVE_WITH_KNOTS('',1,(#4682,#4683),.UNSPECIFIED.,.F.,
  .F.,(2,2),(7.615661621094,8.728210449219),.PIECEWISE_BEZIER_KNOTS.);
#4682 = CARTESIAN_POINT('',(1.112548828125,-0.4));
#4683 = CARTESIAN_POINT('',(0.,-0.4));
#4684 = ( GEOMETRIC_REPRESENTATION_CONTEXT(2) 
PARAMETRIC_REPRESENTATION_CONTEXT() REPRESENTATION_CONTEXT('2D SPACE',''
  ) );
#4685 = FACE_BOUND('',#4686,.T.);
#4686 = EDGE_LOOP('',(#4687));
#4687 = ORIENTED_EDGE('',*,*,#4688,.F.);
#4688 = EDGE_CURVE('',#4689,#4689,#4691,.T.);
#4689 = VERTEX_POINT('',#4690);
#4690 = CARTESIAN_POINT('',(4.7,71.4,27.2));
#4691 = SURFACE_CURVE('',#4692,(#4697,#4704),.PCURVE_S1.);
#4692 = CIRCLE('',#4693,3.2);
#4693 = AXIS2_PLACEMENT_3D('',#4694,#4695,#4696);
#4694 = CARTESIAN_POINT('',(1.5,71.4,27.2));
#4695 = DIRECTION('',(0.,0.,1.));
#4696 = DIRECTION('',(1.,0.,-0.));
#4697 = PCURVE('',#266,#4698);
#4698 = DEFINITIONAL_REPRESENTATION('',(#4699),#4703);
#4699 = CIRCLE('',#4700,3.2);
#4700 = AXIS2_PLACEMENT_2D('',#4701,#4702);
#4701 = CARTESIAN_POINT('',(-47.75,34.95));
#4702 = DIRECTION('',(1.,0.));
#4703 = ( GEOMETRIC_REPRESENTATION_CONTEXT(2) 
PARAMETRIC_REPRESENTATION_CONTEXT() REPRESENTATION_CONTEXT('2D SPACE',''
  ) );
#4704 = PCURVE('',#4705,#4710);
#4705 = CYLINDRICAL_SURFACE('',#4706,3.2);
#4706 = AXIS2_PLACEMENT_3D('',#4707,#4708,#4709);
#4707 = CARTESIAN_POINT('',(1.5,71.4,25.7));
#4708 = DIRECTION('',(0.,0.,1.));
#4709 = DIRECTION('',(1.,0.,-0.));
#4710 = DEFINITIONAL_REPRESENTATION('',(#4711),#4715);
#4711 = LINE('',#4712,#4713);
#4712 = CARTESIAN_POINT('',(0.,1.5));
#4713 = VECTOR('',#4714,1.);
#4714 = DIRECTION('',(1.,0.));
#4715 = ( GEOMETRIC_REPRESENTATION_CONTEXT(2) 
PARAMETRIC_REPRESENTATION_CONTEXT() REPRESENTATION_CONTEXT('2D SPACE',''
  ) );
#4716 = FACE_BOUND('',#4717,.T.);
#4717 = EDGE_LOOP('',(#4718));
#4718 = ORIENTED_EDGE('',*,*,#4719,.F.);
#4719 = EDGE_CURVE('',#4720,#4720,#4722,.T.);
#4720 = VERTEX_POINT('',#4721);
#4721 = CARTESIAN_POINT('',(52.45,71.4,27.2));
#4722 = SURFACE_CURVE('',#4723,(#4728,#4735),.PCURVE_S1.);
#4723 = CIRCLE('',#4724,3.2);
#4724 = AXIS2_PLACEMENT_3D('',#4725,#4726,#4727);
#4725 = CARTESIAN_POINT('',(49.25,71.4,27.2));
#4726 = DIRECTION('',(0.,0.,1.));
#4727 = DIRECTION('',(1.,0.,-0.));
#4728 = PCURVE('',#266,#4729);
#4729 = DEFINITIONAL_REPRESENTATION('',(#4730),#4734);
#4730 = CIRCLE('',#4731,3.2);
#4731 = AXIS2_PLACEMENT_2D('',#4732,#4733);
#4732 = CARTESIAN_POINT('',(-7.105427357601E-15,34.95));
#4733 = DIRECTION('',(1.,0.));
#4734 = ( GEOMETRIC_REPRESENTATION_CONTEXT(2) 
PARAMETRIC_REPRESENTATION_CONTEXT() REPRESENTATION_CONTEXT('2D SPACE',''
  ) );
#4735 = PCURVE('',#4736,#4741);
#4736 = CYLINDRICAL_SURFACE('',#4737,3.2);
#4737 = AXIS2_PLACEMENT_3D('',#4738,#4739,#4740);
#4738 = CARTESIAN_POINT('',(49.25,71.4,25.7));
#4739 = DIRECTION('',(0.,0.,1.));
#4740 = DIRECTION('',(1.,0.,-0.));
#4741 = DEFINITIONAL_REPRESENTATION('',(#4742),#4746);
#4742 = LINE('',#4743,#4744);
#4743 = CARTESIAN_POINT('',(0.,1.5));
#4744 = VECTOR('',#4745,1.);
#4745 = DIRECTION('',(1.,0.));
#4746 = ( GEOMETRIC_REPRESENTATION_CONTEXT(2) 
PARAMETRIC_REPRESENTATION_CONTEXT() REPRESENTATION_CONTEXT('2D SPACE',''
  ) );
#4747 = FACE_BOUND('',#4748,.T.);
#4748 = EDGE_LOOP('',(#4749));
#4749 = ORIENTED_EDGE('',*,*,#4750,.F.);
#4750 = EDGE_CURVE('',#4751,#4751,#4753,.T.);
#4751 = VERTEX_POINT('',#4752);
#4752 = CARTESIAN_POINT('',(100.2,71.4,27.2));
#4753 = SURFACE_CURVE('',#4754,(#4759,#4766),.PCURVE_S1.);
#4754 = CIRCLE('',#4755,3.2);
#4755 = AXIS2_PLACEMENT_3D('',#4756,#4757,#4758);
#4756 = CARTESIAN_POINT('',(97.,71.4,27.2));
#4757 = DIRECTION('',(0.,0.,1.));
#4758 = DIRECTION('',(1.,0.,-0.));
#4759 = PCURVE('',#266,#4760);
#4760 = DEFINITIONAL_REPRESENTATION('',(#4761),#4765);
#4761 = CIRCLE('',#4762,3.2);
#4762 = AXIS2_PLACEMENT_2D('',#4763,#4764);
#4763 = CARTESIAN_POINT('',(47.75,34.95));
#4764 = DIRECTION('',(1.,0.));
#4765 = ( GEOMETRIC_REPRESENTATION_CONTEXT(2) 
PARAMETRIC_REPRESENTATION_CONTEXT() REPRESENTATION_CONTEXT('2D SPACE',''
  ) );
#4766 = PCURVE('',#4767,#4772);
#4767 = CYLINDRICAL_SURFACE('',#4768,3.2);
#4768 = AXIS2_PLACEMENT_3D('',#4769,#4770,#4771);
#4769 = CARTESIAN_POINT('',(97.,71.4,25.7));
#4770 = DIRECTION('',(0.,0.,1.));
#4771 = DIRECTION('',(1.,0.,-0.));
#4772 = DEFINITIONAL_REPRESENTATION('',(#4773),#4777);
#4773 = LINE('',#4774,#4775);
#4774 = CARTESIAN_POINT('',(0.,1.5));
#4775 = VECTOR('',#4776,1.);
#4776 = DIRECTION('',(1.,0.));
#4777 = ( GEOMETRIC_REPRESENTATION_CONTEXT(2) 
PARAMETRIC_REPRESENTATION_CONTEXT() REPRESENTATION_CONTEXT('2D SPACE',''
  ) );
#4778 = ADVANCED_FACE('',(#4779),#292,.T.);
#4779 = FACE_BOUND('',#4780,.T.);
#4780 = EDGE_LOOP('',(#4781,#4782,#4783,#4803));
#4781 = ORIENTED_EDGE('',*,*,#278,.F.);
#4782 = ORIENTED_EDGE('',*,*,#1418,.T.);
#4783 = ORIENTED_EDGE('',*,*,#4784,.T.);
#4784 = EDGE_CURVE('',#1396,#1548,#4785,.T.);
#4785 = SURFACE_CURVE('',#4786,(#4791,#4797),.PCURVE_S1.);
#4786 = CIRCLE('',#4787,1.5);
#4787 = AXIS2_PLACEMENT_3D('',#4788,#4789,#4790);
#4788 = CARTESIAN_POINT('',(101.,3.,25.7));
#4789 = DIRECTION('',(-6.123233995737E-17,-1.,0.));
#4790 = DIRECTION('',(1.,-6.123233995737E-17,0.));
#4791 = PCURVE('',#292,#4792);
#4792 = DEFINITIONAL_REPRESENTATION('',(#4793),#4796);
#4793 = B_SPLINE_CURVE_WITH_KNOTS('',1,(#4794,#4795),.UNSPECIFIED.,.F.,
  .F.,(2,2),(0.,1.570796326795),.PIECEWISE_BEZIER_KNOTS.);
#4794 = CARTESIAN_POINT('',(1.570796326795,0.));
#4795 = CARTESIAN_POINT('',(1.570796326795,1.570796326795));
#4796 = ( GEOMETRIC_REPRESENTATION_CONTEXT(2) 
PARAMETRIC_REPRESENTATION_CONTEXT() REPRESENTATION_CONTEXT('2D SPACE',''
  ) );
#4797 = PCURVE('',#1587,#4798);
#4798 = DEFINITIONAL_REPRESENTATION('',(#4799),#4802);
#4799 = B_SPLINE_CURVE_WITH_KNOTS('',1,(#4800,#4801),.UNSPECIFIED.,.F.,
  .F.,(2,2),(0.,1.570796326795),.PIECEWISE_BEZIER_KNOTS.);
#4800 = CARTESIAN_POINT('',(0.,0.));
#4801 = CARTESIAN_POINT('',(-1.570796326795,0.));
#4802 = ( GEOMETRIC_REPRESENTATION_CONTEXT(2) 
PARAMETRIC_REPRESENTATION_CONTEXT() REPRESENTATION_CONTEXT('2D SPACE',''
  ) );
#4803 = ORIENTED_EDGE('',*,*,#1547,.F.);
#4804 = ADVANCED_FACE('',(#4805),#348,.F.);
#4805 = FACE_BOUND('',#4806,.F.);
#4806 = EDGE_LOOP('',(#4807,#4808,#4831,#4852));
#4807 = ORIENTED_EDGE('',*,*,#1395,.T.);
#4808 = ORIENTED_EDGE('',*,*,#4809,.T.);
#4809 = EDGE_CURVE('',#1396,#4810,#4812,.T.);
#4810 = VERTEX_POINT('',#4811);
#4811 = CARTESIAN_POINT('',(102.5,69.9,25.7));
#4812 = SURFACE_CURVE('',#4813,(#4817,#4824),.PCURVE_S1.);
#4813 = LINE('',#4814,#4815);
#4814 = CARTESIAN_POINT('',(102.5,3.,25.7));
#4815 = VECTOR('',#4816,1.);
#4816 = DIRECTION('',(0.,1.,0.));
#4817 = PCURVE('',#348,#4818);
#4818 = DEFINITIONAL_REPRESENTATION('',(#4819),#4823);
#4819 = LINE('',#4820,#4821);
#4820 = CARTESIAN_POINT('',(7.,-1.7));
#4821 = VECTOR('',#4822,1.);
#4822 = DIRECTION('',(1.,0.));
#4823 = ( GEOMETRIC_REPRESENTATION_CONTEXT(2) 
PARAMETRIC_REPRESENTATION_CONTEXT() REPRESENTATION_CONTEXT('2D SPACE',''
  ) );
#4824 = PCURVE('',#1587,#4825);
#4825 = DEFINITIONAL_REPRESENTATION('',(#4826),#4830);
#4826 = LINE('',#4827,#4828);
#4827 = CARTESIAN_POINT('',(-0.,0.));
#4828 = VECTOR('',#4829,1.);
#4829 = DIRECTION('',(-0.,1.));
#4830 = ( GEOMETRIC_REPRESENTATION_CONTEXT(2) 
PARAMETRIC_REPRESENTATION_CONTEXT() REPRESENTATION_CONTEXT('2D SPACE',''
  ) );
#4831 = ORIENTED_EDGE('',*,*,#4832,.F.);
#4832 = EDGE_CURVE('',#333,#4810,#4833,.T.);
#4833 = SURFACE_CURVE('',#4834,(#4838,#4845),.PCURVE_S1.);
#4834 = LINE('',#4835,#4836);
#4835 = CARTESIAN_POINT('',(102.5,69.9,24.));
#4836 = VECTOR('',#4837,1.);
#4837 = DIRECTION('',(0.,0.,1.));
#4838 = PCURVE('',#348,#4839);
#4839 = DEFINITIONAL_REPRESENTATION('',(#4840),#4844);
#4840 = LINE('',#4841,#4842);
#4841 = CARTESIAN_POINT('',(73.9,0.));
#4842 = VECTOR('',#4843,1.);
#4843 = DIRECTION('',(0.,-1.));
#4844 = ( GEOMETRIC_REPRESENTATION_CONTEXT(2) 
PARAMETRIC_REPRESENTATION_CONTEXT() REPRESENTATION_CONTEXT('2D SPACE',''
  ) );
#4845 = PCURVE('',#377,#4846);
#4846 = DEFINITIONAL_REPRESENTATION('',(#4847),#4851);
#4847 = LINE('',#4848,#4849);
#4848 = CARTESIAN_POINT('',(0.,0.));
#4849 = VECTOR('',#4850,1.);
#4850 = DIRECTION('',(0.,1.));
#4851 = ( GEOMETRIC_REPRESENTATION_CONTEXT(2) 
PARAMETRIC_REPRESENTATION_CONTEXT() REPRESENTATION_CONTEXT('2D SPACE',''
  ) );
#4852 = ORIENTED_EDGE('',*,*,#332,.F.);
#4853 = ADVANCED_FACE('',(#4854),#434,.T.);
#4854 = FACE_BOUND('',#4855,.T.);
#4855 = EDGE_LOOP('',(#4856,#4879,#4880,#4881));
#4856 = ORIENTED_EDGE('',*,*,#4857,.F.);
#4857 = EDGE_CURVE('',#390,#4858,#4860,.T.);
#4858 = VERTEX_POINT('',#4859);
#4859 = CARTESIAN_POINT('',(3.,76.9,25.7));
#4860 = SURFACE_CURVE('',#4861,(#4865,#4872),.PCURVE_S1.);
#4861 = LINE('',#4862,#4863);
#4862 = CARTESIAN_POINT('',(3.,76.9,24.));
#4863 = VECTOR('',#4864,1.);
#4864 = DIRECTION('',(0.,0.,1.));
#4865 = PCURVE('',#434,#4866);
#4866 = DEFINITIONAL_REPRESENTATION('',(#4867),#4871);
#4867 = LINE('',#4868,#4869);
#4868 = CARTESIAN_POINT('',(0.,0.));
#4869 = VECTOR('',#4870,1.);
#4870 = DIRECTION('',(0.,1.));
#4871 = ( GEOMETRIC_REPRESENTATION_CONTEXT(2) 
PARAMETRIC_REPRESENTATION_CONTEXT() REPRESENTATION_CONTEXT('2D SPACE',''
  ) );
#4872 = PCURVE('',#405,#4873);
#4873 = DEFINITIONAL_REPRESENTATION('',(#4874),#4878);
#4874 = LINE('',#4875,#4876);
#4875 = CARTESIAN_POINT('',(99.5,0.));
#4876 = VECTOR('',#4877,1.);
#4877 = DIRECTION('',(0.,-1.));
#4878 = ( GEOMETRIC_REPRESENTATION_CONTEXT(2) 
PARAMETRIC_REPRESENTATION_CONTEXT() REPRESENTATION_CONTEXT('2D SPACE',''
  ) );
#4879 = ORIENTED_EDGE('',*,*,#417,.T.);
#4880 = ORIENTED_EDGE('',*,*,#1497,.T.);
#4881 = ORIENTED_EDGE('',*,*,#4882,.F.);
#4882 = EDGE_CURVE('',#4858,#1498,#4883,.T.);
#4883 = SURFACE_CURVE('',#4884,(#4889,#4896),.PCURVE_S1.);
#4884 = CIRCLE('',#4885,7.);
#4885 = AXIS2_PLACEMENT_3D('',#4886,#4887,#4888);
#4886 = CARTESIAN_POINT('',(3.,69.9,25.7));
#4887 = DIRECTION('',(0.,0.,1.));
#4888 = DIRECTION('',(-1.268826313857E-16,1.,0.));
#4889 = PCURVE('',#434,#4890);
#4890 = DEFINITIONAL_REPRESENTATION('',(#4891),#4895);
#4891 = LINE('',#4892,#4893);
#4892 = CARTESIAN_POINT('',(0.,1.7));
#4893 = VECTOR('',#4894,1.);
#4894 = DIRECTION('',(1.,0.));
#4895 = ( GEOMETRIC_REPRESENTATION_CONTEXT(2) 
PARAMETRIC_REPRESENTATION_CONTEXT() REPRESENTATION_CONTEXT('2D SPACE',''
  ) );
#4896 = PCURVE('',#1673,#4897);
#4897 = DEFINITIONAL_REPRESENTATION('',(#4898),#4902);
#4898 = LINE('',#4899,#4900);
#4899 = CARTESIAN_POINT('',(0.,0.));
#4900 = VECTOR('',#4901,1.);
#4901 = DIRECTION('',(1.,0.));
#4902 = ( GEOMETRIC_REPRESENTATION_CONTEXT(2) 
PARAMETRIC_REPRESENTATION_CONTEXT() REPRESENTATION_CONTEXT('2D SPACE',''
  ) );
#4903 = ADVANCED_FACE('',(#4904),#377,.T.);
#4904 = FACE_BOUND('',#4905,.T.);
#4905 = EDGE_LOOP('',(#4906,#4907,#4908,#4931));
#4906 = ORIENTED_EDGE('',*,*,#4832,.F.);
#4907 = ORIENTED_EDGE('',*,*,#360,.T.);
#4908 = ORIENTED_EDGE('',*,*,#4909,.T.);
#4909 = EDGE_CURVE('',#361,#4910,#4912,.T.);
#4910 = VERTEX_POINT('',#4911);
#4911 = CARTESIAN_POINT('',(95.5,76.9,25.7));
#4912 = SURFACE_CURVE('',#4913,(#4917,#4924),.PCURVE_S1.);
#4913 = LINE('',#4914,#4915);
#4914 = CARTESIAN_POINT('',(95.5,76.9,24.));
#4915 = VECTOR('',#4916,1.);
#4916 = DIRECTION('',(0.,0.,1.));
#4917 = PCURVE('',#377,#4918);
#4918 = DEFINITIONAL_REPRESENTATION('',(#4919),#4923);
#4919 = LINE('',#4920,#4921);
#4920 = CARTESIAN_POINT('',(1.570796326795,0.));
#4921 = VECTOR('',#4922,1.);
#4922 = DIRECTION('',(0.,1.));
#4923 = ( GEOMETRIC_REPRESENTATION_CONTEXT(2) 
PARAMETRIC_REPRESENTATION_CONTEXT() REPRESENTATION_CONTEXT('2D SPACE',''
  ) );
#4924 = PCURVE('',#405,#4925);
#4925 = DEFINITIONAL_REPRESENTATION('',(#4926),#4930);
#4926 = LINE('',#4927,#4928);
#4927 = CARTESIAN_POINT('',(7.,0.));
#4928 = VECTOR('',#4929,1.);
#4929 = DIRECTION('',(0.,-1.));
#4930 = ( GEOMETRIC_REPRESENTATION_CONTEXT(2) 
PARAMETRIC_REPRESENTATION_CONTEXT() REPRESENTATION_CONTEXT('2D SPACE',''
  ) );
#4931 = ORIENTED_EDGE('',*,*,#4932,.F.);
#4932 = EDGE_CURVE('',#4810,#4910,#4933,.T.);
#4933 = SURFACE_CURVE('',#4934,(#4939,#4946),.PCURVE_S1.);
#4934 = CIRCLE('',#4935,7.);
#4935 = AXIS2_PLACEMENT_3D('',#4936,#4937,#4938);
#4936 = CARTESIAN_POINT('',(95.5,69.9,25.7));
#4937 = DIRECTION('',(0.,0.,1.));
#4938 = DIRECTION('',(1.,0.,-0.));
#4939 = PCURVE('',#377,#4940);
#4940 = DEFINITIONAL_REPRESENTATION('',(#4941),#4945);
#4941 = LINE('',#4942,#4943);
#4942 = CARTESIAN_POINT('',(0.,1.7));
#4943 = VECTOR('',#4944,1.);
#4944 = DIRECTION('',(1.,0.));
#4945 = ( GEOMETRIC_REPRESENTATION_CONTEXT(2) 
PARAMETRIC_REPRESENTATION_CONTEXT() REPRESENTATION_CONTEXT('2D SPACE',''
  ) );
#4946 = PCURVE('',#1616,#4947);
#4947 = DEFINITIONAL_REPRESENTATION('',(#4948),#4952);
#4948 = LINE('',#4949,#4950);
#4949 = CARTESIAN_POINT('',(0.,0.));
#4950 = VECTOR('',#4951,1.);
#4951 = DIRECTION('',(1.,0.));
#4952 = ( GEOMETRIC_REPRESENTATION_CONTEXT(2) 
PARAMETRIC_REPRESENTATION_CONTEXT() REPRESENTATION_CONTEXT('2D SPACE',''
  ) );
#4953 = ADVANCED_FACE('',(#4954),#405,.F.);
#4954 = FACE_BOUND('',#4955,.F.);
#4955 = EDGE_LOOP('',(#4956,#4957,#4978,#4979));
#4956 = ORIENTED_EDGE('',*,*,#4909,.T.);
#4957 = ORIENTED_EDGE('',*,*,#4958,.T.);
#4958 = EDGE_CURVE('',#4910,#4858,#4959,.T.);
#4959 = SURFACE_CURVE('',#4960,(#4964,#4971),.PCURVE_S1.);
#4960 = LINE('',#4961,#4962);
#4961 = CARTESIAN_POINT('',(95.5,76.9,25.7));
#4962 = VECTOR('',#4963,1.);
#4963 = DIRECTION('',(-1.,0.,0.));
#4964 = PCURVE('',#405,#4965);
#4965 = DEFINITIONAL_REPRESENTATION('',(#4966),#4970);
#4966 = LINE('',#4967,#4968);
#4967 = CARTESIAN_POINT('',(7.,-1.7));
#4968 = VECTOR('',#4969,1.);
#4969 = DIRECTION('',(1.,0.));
#4970 = ( GEOMETRIC_REPRESENTATION_CONTEXT(2) 
PARAMETRIC_REPRESENTATION_CONTEXT() REPRESENTATION_CONTEXT('2D SPACE',''
  ) );
#4971 = PCURVE('',#1644,#4972);
#4972 = DEFINITIONAL_REPRESENTATION('',(#4973),#4977);
#4973 = LINE('',#4974,#4975);
#4974 = CARTESIAN_POINT('',(-0.,0.));
#4975 = VECTOR('',#4976,1.);
#4976 = DIRECTION('',(-0.,1.));
#4977 = ( GEOMETRIC_REPRESENTATION_CONTEXT(2) 
PARAMETRIC_REPRESENTATION_CONTEXT() REPRESENTATION_CONTEXT('2D SPACE',''
  ) );
#4978 = ORIENTED_EDGE('',*,*,#4857,.F.);
#4979 = ORIENTED_EDGE('',*,*,#389,.F.);
#4980 = ADVANCED_FACE('',(#4981),#487,.F.);
#4981 = FACE_BOUND('',#4982,.F.);
#4982 = EDGE_LOOP('',(#4983,#5012,#5033,#5034));
#4983 = ORIENTED_EDGE('',*,*,#4984,.F.);
#4984 = EDGE_CURVE('',#4985,#4985,#4987,.T.);
#4985 = VERTEX_POINT('',#4986);
#4986 = CARTESIAN_POINT('',(3.2,1.5,25.7));
#4987 = SURFACE_CURVE('',#4988,(#4993,#5000),.PCURVE_S1.);
#4988 = CIRCLE('',#4989,1.7);
#4989 = AXIS2_PLACEMENT_3D('',#4990,#4991,#4992);
#4990 = CARTESIAN_POINT('',(1.5,1.5,25.7));
#4991 = DIRECTION('',(0.,0.,1.));
#4992 = DIRECTION('',(1.,0.,-0.));
#4993 = PCURVE('',#487,#4994);
#4994 = DEFINITIONAL_REPRESENTATION('',(#4995),#4999);
#4995 = LINE('',#4996,#4997);
#4996 = CARTESIAN_POINT('',(0.,2.7));
#4997 = VECTOR('',#4998,1.);
#4998 = DIRECTION('',(1.,0.));
#4999 = ( GEOMETRIC_REPRESENTATION_CONTEXT(2) 
PARAMETRIC_REPRESENTATION_CONTEXT() REPRESENTATION_CONTEXT('2D SPACE',''
  ) );
#5000 = PCURVE('',#5001,#5006);
#5001 = PLANE('',#5002);
#5002 = AXIS2_PLACEMENT_3D('',#5003,#5004,#5005);
#5003 = CARTESIAN_POINT('',(1.5,1.5,25.7));
#5004 = DIRECTION('',(0.,0.,1.));
#5005 = DIRECTION('',(1.,0.,-0.));
#5006 = DEFINITIONAL_REPRESENTATION('',(#5007),#5011);
#5007 = CIRCLE('',#5008,1.7);
#5008 = AXIS2_PLACEMENT_2D('',#5009,#5010);
#5009 = CARTESIAN_POINT('',(0.,0.));
#5010 = DIRECTION('',(1.,0.));
#5011 = ( GEOMETRIC_REPRESENTATION_CONTEXT(2) 
PARAMETRIC_REPRESENTATION_CONTEXT() REPRESENTATION_CONTEXT('2D SPACE',''
  ) );
#5012 = ORIENTED_EDGE('',*,*,#5013,.F.);
#5013 = EDGE_CURVE('',#471,#4985,#5014,.T.);
#5014 = SEAM_CURVE('',#5015,(#5019,#5026),.PCURVE_S1.);
#5015 = LINE('',#5016,#5017);
#5016 = CARTESIAN_POINT('',(3.2,1.5,23.));
#5017 = VECTOR('',#5018,1.);
#5018 = DIRECTION('',(0.,0.,1.));
#5019 = PCURVE('',#487,#5020);
#5020 = DEFINITIONAL_REPRESENTATION('',(#5021),#5025);
#5021 = LINE('',#5022,#5023);
#5022 = CARTESIAN_POINT('',(6.28318530718,-0.));
#5023 = VECTOR('',#5024,1.);
#5024 = DIRECTION('',(0.,1.));
#5025 = ( GEOMETRIC_REPRESENTATION_CONTEXT(2) 
PARAMETRIC_REPRESENTATION_CONTEXT() REPRESENTATION_CONTEXT('2D SPACE',''
  ) );
#5026 = PCURVE('',#487,#5027);
#5027 = DEFINITIONAL_REPRESENTATION('',(#5028),#5032);
#5028 = LINE('',#5029,#5030);
#5029 = CARTESIAN_POINT('',(0.,-0.));
#5030 = VECTOR('',#5031,1.);
#5031 = DIRECTION('',(0.,1.));
#5032 = ( GEOMETRIC_REPRESENTATION_CONTEXT(2) 
PARAMETRIC_REPRESENTATION_CONTEXT() REPRESENTATION_CONTEXT('2D SPACE',''
  ) );
#5033 = ORIENTED_EDGE('',*,*,#470,.T.);
#5034 = ORIENTED_EDGE('',*,*,#5013,.T.);
#5035 = ADVANCED_FACE('',(#5036),#518,.F.);
#5036 = FACE_BOUND('',#5037,.F.);
#5037 = EDGE_LOOP('',(#5038,#5067,#5088,#5089));
#5038 = ORIENTED_EDGE('',*,*,#5039,.F.);
#5039 = EDGE_CURVE('',#5040,#5040,#5042,.T.);
#5040 = VERTEX_POINT('',#5041);
#5041 = CARTESIAN_POINT('',(50.95,1.5,25.7));
#5042 = SURFACE_CURVE('',#5043,(#5048,#5055),.PCURVE_S1.);
#5043 = CIRCLE('',#5044,1.7);
#5044 = AXIS2_PLACEMENT_3D('',#5045,#5046,#5047);
#5045 = CARTESIAN_POINT('',(49.25,1.5,25.7));
#5046 = DIRECTION('',(0.,0.,1.));
#5047 = DIRECTION('',(1.,0.,-0.));
#5048 = PCURVE('',#518,#5049);
#5049 = DEFINITIONAL_REPRESENTATION('',(#5050),#5054);
#5050 = LINE('',#5051,#5052);
#5051 = CARTESIAN_POINT('',(0.,2.7));
#5052 = VECTOR('',#5053,1.);
#5053 = DIRECTION('',(1.,0.));
#5054 = ( GEOMETRIC_REPRESENTATION_CONTEXT(2) 
PARAMETRIC_REPRESENTATION_CONTEXT() REPRESENTATION_CONTEXT('2D SPACE',''
  ) );
#5055 = PCURVE('',#5056,#5061);
#5056 = PLANE('',#5057);
#5057 = AXIS2_PLACEMENT_3D('',#5058,#5059,#5060);
#5058 = CARTESIAN_POINT('',(49.25,1.5,25.7));
#5059 = DIRECTION('',(0.,0.,1.));
#5060 = DIRECTION('',(1.,0.,-0.));
#5061 = DEFINITIONAL_REPRESENTATION('',(#5062),#5066);
#5062 = CIRCLE('',#5063,1.7);
#5063 = AXIS2_PLACEMENT_2D('',#5064,#5065);
#5064 = CARTESIAN_POINT('',(0.,0.));
#5065 = DIRECTION('',(1.,0.));
#5066 = ( GEOMETRIC_REPRESENTATION_CONTEXT(2) 
PARAMETRIC_REPRESENTATION_CONTEXT() REPRESENTATION_CONTEXT('2D SPACE',''
  ) );
#5067 = ORIENTED_EDGE('',*,*,#5068,.F.);
#5068 = EDGE_CURVE('',#502,#5040,#5069,.T.);
#5069 = SEAM_CURVE('',#5070,(#5074,#5081),.PCURVE_S1.);
#5070 = LINE('',#5071,#5072);
#5071 = CARTESIAN_POINT('',(50.95,1.5,23.));
#5072 = VECTOR('',#5073,1.);
#5073 = DIRECTION('',(0.,0.,1.));
#5074 = PCURVE('',#518,#5075);
#5075 = DEFINITIONAL_REPRESENTATION('',(#5076),#5080);
#5076 = LINE('',#5077,#5078);
#5077 = CARTESIAN_POINT('',(6.28318530718,-0.));
#5078 = VECTOR('',#5079,1.);
#5079 = DIRECTION('',(0.,1.));
#5080 = ( GEOMETRIC_REPRESENTATION_CONTEXT(2) 
PARAMETRIC_REPRESENTATION_CONTEXT() REPRESENTATION_CONTEXT('2D SPACE',''
  ) );
#5081 = PCURVE('',#518,#5082);
#5082 = DEFINITIONAL_REPRESENTATION('',(#5083),#5087);
#5083 = LINE('',#5084,#5085);
#5084 = CARTESIAN_POINT('',(0.,-0.));
#5085 = VECTOR('',#5086,1.);
#5086 = DIRECTION('',(0.,1.));
#5087 = ( GEOMETRIC_REPRESENTATION_CONTEXT(2) 
PARAMETRIC_REPRESENTATION_CONTEXT() REPRESENTATION_CONTEXT('2D SPACE',''
  ) );
#5088 = ORIENTED_EDGE('',*,*,#501,.T.);
#5089 = ORIENTED_EDGE('',*,*,#5068,.T.);
#5090 = ADVANCED_FACE('',(#5091),#549,.F.);
#5091 = FACE_BOUND('',#5092,.F.);
#5092 = EDGE_LOOP('',(#5093,#5122,#5143,#5144));
#5093 = ORIENTED_EDGE('',*,*,#5094,.F.);
#5094 = EDGE_CURVE('',#5095,#5095,#5097,.T.);
#5095 = VERTEX_POINT('',#5096);
#5096 = CARTESIAN_POINT('',(98.7,1.5,25.7));
#5097 = SURFACE_CURVE('',#5098,(#5103,#5110),.PCURVE_S1.);
#5098 = CIRCLE('',#5099,1.7);
#5099 = AXIS2_PLACEMENT_3D('',#5100,#5101,#5102);
#5100 = CARTESIAN_POINT('',(97.,1.5,25.7));
#5101 = DIRECTION('',(0.,0.,1.));
#5102 = DIRECTION('',(1.,0.,-0.));
#5103 = PCURVE('',#549,#5104);
#5104 = DEFINITIONAL_REPRESENTATION('',(#5105),#5109);
#5105 = LINE('',#5106,#5107);
#5106 = CARTESIAN_POINT('',(0.,2.7));
#5107 = VECTOR('',#5108,1.);
#5108 = DIRECTION('',(1.,0.));
#5109 = ( GEOMETRIC_REPRESENTATION_CONTEXT(2) 
PARAMETRIC_REPRESENTATION_CONTEXT() REPRESENTATION_CONTEXT('2D SPACE',''
  ) );
#5110 = PCURVE('',#5111,#5116);
#5111 = PLANE('',#5112);
#5112 = AXIS2_PLACEMENT_3D('',#5113,#5114,#5115);
#5113 = CARTESIAN_POINT('',(97.,1.5,25.7));
#5114 = DIRECTION('',(0.,0.,1.));
#5115 = DIRECTION('',(1.,0.,-0.));
#5116 = DEFINITIONAL_REPRESENTATION('',(#5117),#5121);
#5117 = CIRCLE('',#5118,1.7);
#5118 = AXIS2_PLACEMENT_2D('',#5119,#5120);
#5119 = CARTESIAN_POINT('',(0.,0.));
#5120 = DIRECTION('',(1.,0.));
#5121 = ( GEOMETRIC_REPRESENTATION_CONTEXT(2) 
PARAMETRIC_REPRESENTATION_CONTEXT() REPRESENTATION_CONTEXT('2D SPACE',''
  ) );
#5122 = ORIENTED_EDGE('',*,*,#5123,.F.);
#5123 = EDGE_CURVE('',#533,#5095,#5124,.T.);
#5124 = SEAM_CURVE('',#5125,(#5129,#5136),.PCURVE_S1.);
#5125 = LINE('',#5126,#5127);
#5126 = CARTESIAN_POINT('',(98.7,1.5,23.));
#5127 = VECTOR('',#5128,1.);
#5128 = DIRECTION('',(0.,0.,1.));
#5129 = PCURVE('',#549,#5130);
#5130 = DEFINITIONAL_REPRESENTATION('',(#5131),#5135);
#5131 = LINE('',#5132,#5133);
#5132 = CARTESIAN_POINT('',(6.28318530718,-0.));
#5133 = VECTOR('',#5134,1.);
#5134 = DIRECTION('',(0.,1.));
#5135 = ( GEOMETRIC_REPRESENTATION_CONTEXT(2) 
PARAMETRIC_REPRESENTATION_CONTEXT() REPRESENTATION_CONTEXT('2D SPACE',''
  ) );
#5136 = PCURVE('',#549,#5137);
#5137 = DEFINITIONAL_REPRESENTATION('',(#5138),#5142);
#5138 = LINE('',#5139,#5140);
#5139 = CARTESIAN_POINT('',(0.,-0.));
#5140 = VECTOR('',#5141,1.);
#5141 = DIRECTION('',(0.,1.));
#5142 = ( GEOMETRIC_REPRESENTATION_CONTEXT(2) 
PARAMETRIC_REPRESENTATION_CONTEXT() REPRESENTATION_CONTEXT('2D SPACE',''
  ) );
#5143 = ORIENTED_EDGE('',*,*,#532,.T.);
#5144 = ORIENTED_EDGE('',*,*,#5123,.T.);
#5145 = ADVANCED_FACE('',(#5146),#586,.T.);
#5146 = FACE_BOUND('',#5147,.T.);
#5147 = EDGE_LOOP('',(#5148,#5171,#5172,#5195));
#5148 = ORIENTED_EDGE('',*,*,#5149,.T.);
#5149 = EDGE_CURVE('',#5150,#564,#5152,.T.);
#5150 = VERTEX_POINT('',#5151);
#5151 = CARTESIAN_POINT('',(10.374119674649,0.3,22.));
#5152 = SURFACE_CURVE('',#5153,(#5157,#5164),.PCURVE_S1.);
#5153 = LINE('',#5154,#5155);
#5154 = CARTESIAN_POINT('',(10.374119674649,0.3,22.));
#5155 = VECTOR('',#5156,1.);
#5156 = DIRECTION('',(0.,0.,1.));
#5157 = PCURVE('',#586,#5158);
#5158 = DEFINITIONAL_REPRESENTATION('',(#5159),#5163);
#5159 = LINE('',#5160,#5161);
#5160 = CARTESIAN_POINT('',(6.28318530718,0.));
#5161 = VECTOR('',#5162,1.);
#5162 = DIRECTION('',(0.,-1.));
#5163 = ( GEOMETRIC_REPRESENTATION_CONTEXT(2) 
PARAMETRIC_REPRESENTATION_CONTEXT() REPRESENTATION_CONTEXT('2D SPACE',''
  ) );
#5164 = PCURVE('',#1285,#5165);
#5165 = DEFINITIONAL_REPRESENTATION('',(#5166),#5170);
#5166 = LINE('',#5167,#5168);
#5167 = CARTESIAN_POINT('',(0.,0.));
#5168 = VECTOR('',#5169,1.);
#5169 = DIRECTION('',(0.,-1.));
#5170 = ( GEOMETRIC_REPRESENTATION_CONTEXT(2) 
PARAMETRIC_REPRESENTATION_CONTEXT() REPRESENTATION_CONTEXT('2D SPACE',''
  ) );
#5171 = ORIENTED_EDGE('',*,*,#563,.T.);
#5172 = ORIENTED_EDGE('',*,*,#5173,.F.);
#5173 = EDGE_CURVE('',#5174,#566,#5176,.T.);
#5174 = VERTEX_POINT('',#5175);
#5175 = CARTESIAN_POINT('',(7.711883772255,2.55,22.));
#5176 = SURFACE_CURVE('',#5177,(#5181,#5188),.PCURVE_S1.);
#5177 = LINE('',#5178,#5179);
#5178 = CARTESIAN_POINT('',(7.711883772255,2.55,22.));
#5179 = VECTOR('',#5180,1.);
#5180 = DIRECTION('',(0.,0.,1.));
#5181 = PCURVE('',#586,#5182);
#5182 = DEFINITIONAL_REPRESENTATION('',(#5183),#5187);
#5183 = LINE('',#5184,#5185);
#5184 = CARTESIAN_POINT('',(7.686533554755,0.));
#5185 = VECTOR('',#5186,1.);
#5186 = DIRECTION('',(0.,-1.));
#5187 = ( GEOMETRIC_REPRESENTATION_CONTEXT(2) 
PARAMETRIC_REPRESENTATION_CONTEXT() REPRESENTATION_CONTEXT('2D SPACE',''
  ) );
#5188 = PCURVE('',#615,#5189);
#5189 = DEFINITIONAL_REPRESENTATION('',(#5190),#5194);
#5190 = LINE('',#5191,#5192);
#5191 = CARTESIAN_POINT('',(-6.703313641541,0.));
#5192 = VECTOR('',#5193,1.);
#5193 = DIRECTION('',(-0.,-1.));
#5194 = ( GEOMETRIC_REPRESENTATION_CONTEXT(2) 
PARAMETRIC_REPRESENTATION_CONTEXT() REPRESENTATION_CONTEXT('2D SPACE',''
  ) );
#5195 = ORIENTED_EDGE('',*,*,#5196,.F.);
#5196 = EDGE_CURVE('',#5150,#5174,#5197,.T.);
#5197 = SURFACE_CURVE('',#5198,(#5203,#5210),.PCURVE_S1.);
#5198 = CIRCLE('',#5199,2.7);
#5199 = AXIS2_PLACEMENT_3D('',#5200,#5201,#5202);
#5200 = CARTESIAN_POINT('',(10.374119674649,3.,22.));
#5201 = DIRECTION('',(-0.,0.,-1.));
#5202 = DIRECTION('',(-0.,-1.,0.));
#5203 = PCURVE('',#586,#5204);
#5204 = DEFINITIONAL_REPRESENTATION('',(#5205),#5209);
#5205 = LINE('',#5206,#5207);
#5206 = CARTESIAN_POINT('',(0.,0.));
#5207 = VECTOR('',#5208,1.);
#5208 = DIRECTION('',(1.,0.));
#5209 = ( GEOMETRIC_REPRESENTATION_CONTEXT(2) 
PARAMETRIC_REPRESENTATION_CONTEXT() REPRESENTATION_CONTEXT('2D SPACE',''
  ) );
#5210 = PCURVE('',#5211,#5216);
#5211 = PLANE('',#5212);
#5212 = AXIS2_PLACEMENT_3D('',#5213,#5214,#5215);
#5213 = CARTESIAN_POINT('',(49.25,36.45,22.));
#5214 = DIRECTION('',(-0.,-0.,-1.));
#5215 = DIRECTION('',(-1.,0.,0.));
#5216 = DEFINITIONAL_REPRESENTATION('',(#5217),#5221);
#5217 = CIRCLE('',#5218,2.7);
#5218 = AXIS2_PLACEMENT_2D('',#5219,#5220);
#5219 = CARTESIAN_POINT('',(38.875880325351,-33.45));
#5220 = DIRECTION('',(0.,-1.));
#5221 = ( GEOMETRIC_REPRESENTATION_CONTEXT(2) 
PARAMETRIC_REPRESENTATION_CONTEXT() REPRESENTATION_CONTEXT('2D SPACE',''
  ) );
#5222 = ADVANCED_FACE('',(#5223),#1285,.F.);
#5223 = FACE_BOUND('',#5224,.F.);
#5224 = EDGE_LOOP('',(#5225,#5226,#5227,#5250));
#5225 = ORIENTED_EDGE('',*,*,#5149,.T.);
#5226 = ORIENTED_EDGE('',*,*,#1271,.T.);
#5227 = ORIENTED_EDGE('',*,*,#5228,.F.);
#5228 = EDGE_CURVE('',#5229,#1243,#5231,.T.);
#5229 = VERTEX_POINT('',#5230);
#5230 = CARTESIAN_POINT('',(40.375880325351,0.3,22.));
#5231 = SURFACE_CURVE('',#5232,(#5236,#5243),.PCURVE_S1.);
#5232 = LINE('',#5233,#5234);
#5233 = CARTESIAN_POINT('',(40.375880325351,0.3,22.));
#5234 = VECTOR('',#5235,1.);
#5235 = DIRECTION('',(0.,0.,1.));
#5236 = PCURVE('',#1285,#5237);
#5237 = DEFINITIONAL_REPRESENTATION('',(#5238),#5242);
#5238 = LINE('',#5239,#5240);
#5239 = CARTESIAN_POINT('',(30.001760650701,0.));
#5240 = VECTOR('',#5241,1.);
#5241 = DIRECTION('',(0.,-1.));
#5242 = ( GEOMETRIC_REPRESENTATION_CONTEXT(2) 
PARAMETRIC_REPRESENTATION_CONTEXT() REPRESENTATION_CONTEXT('2D SPACE',''
  ) );
#5243 = PCURVE('',#1259,#5244);
#5244 = DEFINITIONAL_REPRESENTATION('',(#5245),#5249);
#5245 = LINE('',#5246,#5247);
#5246 = CARTESIAN_POINT('',(-6.28318530718,0.));
#5247 = VECTOR('',#5248,1.);
#5248 = DIRECTION('',(-0.,-1.));
#5249 = ( GEOMETRIC_REPRESENTATION_CONTEXT(2) 
PARAMETRIC_REPRESENTATION_CONTEXT() REPRESENTATION_CONTEXT('2D SPACE',''
  ) );
#5250 = ORIENTED_EDGE('',*,*,#5251,.F.);
#5251 = EDGE_CURVE('',#5150,#5229,#5252,.T.);
#5252 = SURFACE_CURVE('',#5253,(#5257,#5264),.PCURVE_S1.);
#5253 = LINE('',#5254,#5255);
#5254 = CARTESIAN_POINT('',(0.,0.3,22.));
#5255 = VECTOR('',#5256,1.);
#5256 = DIRECTION('',(1.,0.,-0.));
#5257 = PCURVE('',#1285,#5258);
#5258 = DEFINITIONAL_REPRESENTATION('',(#5259),#5263);
#5259 = LINE('',#5260,#5261);
#5260 = CARTESIAN_POINT('',(-10.37411967464,0.));
#5261 = VECTOR('',#5262,1.);
#5262 = DIRECTION('',(1.,0.));
#5263 = ( GEOMETRIC_REPRESENTATION_CONTEXT(2) 
PARAMETRIC_REPRESENTATION_CONTEXT() REPRESENTATION_CONTEXT('2D SPACE',''
  ) );
#5264 = PCURVE('',#5211,#5265);
#5265 = DEFINITIONAL_REPRESENTATION('',(#5266),#5270);
#5266 = LINE('',#5267,#5268);
#5267 = CARTESIAN_POINT('',(49.25,-36.15));
#5268 = VECTOR('',#5269,1.);
#5269 = DIRECTION('',(-1.,0.));
#5270 = ( GEOMETRIC_REPRESENTATION_CONTEXT(2) 
PARAMETRIC_REPRESENTATION_CONTEXT() REPRESENTATION_CONTEXT('2D SPACE',''
  ) );
#5271 = ADVANCED_FACE('',(#5272),#615,.F.);
#5272 = FACE_BOUND('',#5273,.T.);
#5273 = EDGE_LOOP('',(#5274,#5275,#5276,#5299));
#5274 = ORIENTED_EDGE('',*,*,#5173,.T.);
#5275 = ORIENTED_EDGE('',*,*,#598,.T.);
#5276 = ORIENTED_EDGE('',*,*,#5277,.F.);
#5277 = EDGE_CURVE('',#5278,#599,#5280,.T.);
#5278 = VERTEX_POINT('',#5279);
#5279 = CARTESIAN_POINT('',(2.55,7.711883772255,22.));
#5280 = SURFACE_CURVE('',#5281,(#5285,#5292),.PCURVE_S1.);
#5281 = LINE('',#5282,#5283);
#5282 = CARTESIAN_POINT('',(2.55,7.711883772255,22.));
#5283 = VECTOR('',#5284,1.);
#5284 = DIRECTION('',(0.,0.,1.));
#5285 = PCURVE('',#615,#5286);
#5286 = DEFINITIONAL_REPRESENTATION('',(#5287),#5291);
#5287 = LINE('',#5288,#5289);
#5288 = CARTESIAN_POINT('',(-7.939213809897,0.));
#5289 = VECTOR('',#5290,1.);
#5290 = DIRECTION('',(-0.,-1.));
#5291 = ( GEOMETRIC_REPRESENTATION_CONTEXT(2) 
PARAMETRIC_REPRESENTATION_CONTEXT() REPRESENTATION_CONTEXT('2D SPACE',''
  ) );
#5292 = PCURVE('',#648,#5293);
#5293 = DEFINITIONAL_REPRESENTATION('',(#5294),#5298);
#5294 = LINE('',#5295,#5296);
#5295 = CARTESIAN_POINT('',(6.450633386399,0.));
#5296 = VECTOR('',#5297,1.);
#5297 = DIRECTION('',(0.,-1.));
#5298 = ( GEOMETRIC_REPRESENTATION_CONTEXT(2) 
PARAMETRIC_REPRESENTATION_CONTEXT() REPRESENTATION_CONTEXT('2D SPACE',''
  ) );
#5299 = ORIENTED_EDGE('',*,*,#5300,.F.);
#5300 = EDGE_CURVE('',#5174,#5278,#5301,.T.);
#5301 = SURFACE_CURVE('',#5302,(#5307,#5314),.PCURVE_S1.);
#5302 = CIRCLE('',#5303,6.3);
#5303 = AXIS2_PLACEMENT_3D('',#5304,#5305,#5306);
#5304 = CARTESIAN_POINT('',(1.5,1.5,22.));
#5305 = DIRECTION('',(0.,0.,1.));
#5306 = DIRECTION('',(0.968245836552,-0.25,0.));
#5307 = PCURVE('',#615,#5308);
#5308 = DEFINITIONAL_REPRESENTATION('',(#5309),#5313);
#5309 = LINE('',#5310,#5311);
#5310 = CARTESIAN_POINT('',(-0.,0.));
#5311 = VECTOR('',#5312,1.);
#5312 = DIRECTION('',(-1.,0.));
#5313 = ( GEOMETRIC_REPRESENTATION_CONTEXT(2) 
PARAMETRIC_REPRESENTATION_CONTEXT() REPRESENTATION_CONTEXT('2D SPACE',''
  ) );
#5314 = PCURVE('',#5211,#5315);
#5315 = DEFINITIONAL_REPRESENTATION('',(#5316),#5324);
#5316 = ( BOUNDED_CURVE() B_SPLINE_CURVE(2,(#5317,#5318,#5319,#5320,
#5321,#5322,#5323),.UNSPECIFIED.,.T.,.F.) B_SPLINE_CURVE_WITH_KNOTS((1,2
    ,2,2,2,1),(-2.094395102393,0.,2.094395102393,4.188790204786,
6.28318530718,8.377580409573),.UNSPECIFIED.) CURVE() 
GEOMETRIC_REPRESENTATION_ITEM() RATIONAL_B_SPLINE_CURVE((1.,0.5,1.,0.5,
1.,0.5,1.)) REPRESENTATION_ITEM('') );
#5317 = CARTESIAN_POINT('',(41.650051229723,-36.525));
#5318 = CARTESIAN_POINT('',(38.922071207802,-25.95957880631));
#5319 = CARTESIAN_POINT('',(49.435984374178,-28.87978940315));
#5320 = CARTESIAN_POINT('',(59.949897540553,-31.8));
#5321 = CARTESIAN_POINT('',(52.163964396099,-39.44521059684));
#5322 = CARTESIAN_POINT('',(44.378031251644,-47.09042119368));
#5323 = CARTESIAN_POINT('',(41.650051229723,-36.525));
#5324 = ( GEOMETRIC_REPRESENTATION_CONTEXT(2) 
PARAMETRIC_REPRESENTATION_CONTEXT() REPRESENTATION_CONTEXT('2D SPACE',''
  ) );
#5325 = ADVANCED_FACE('',(#5326),#1259,.T.);
#5326 = FACE_BOUND('',#5327,.F.);
#5327 = EDGE_LOOP('',(#5328,#5329,#5330,#5353));
#5328 = ORIENTED_EDGE('',*,*,#5228,.T.);
#5329 = ORIENTED_EDGE('',*,*,#1242,.T.);
#5330 = ORIENTED_EDGE('',*,*,#5331,.F.);
#5331 = EDGE_CURVE('',#5332,#1214,#5334,.T.);
#5332 = VERTEX_POINT('',#5333);
#5333 = CARTESIAN_POINT('',(43.038116227745,2.55,22.));
#5334 = SURFACE_CURVE('',#5335,(#5339,#5346),.PCURVE_S1.);
#5335 = LINE('',#5336,#5337);
#5336 = CARTESIAN_POINT('',(43.038116227745,2.55,22.));
#5337 = VECTOR('',#5338,1.);
#5338 = DIRECTION('',(0.,0.,1.));
#5339 = PCURVE('',#1259,#5340);
#5340 = DEFINITIONAL_REPRESENTATION('',(#5341),#5345);
#5341 = LINE('',#5342,#5343);
#5342 = CARTESIAN_POINT('',(-7.686533554755,0.));
#5343 = VECTOR('',#5344,1.);
#5344 = DIRECTION('',(-0.,-1.));
#5345 = ( GEOMETRIC_REPRESENTATION_CONTEXT(2) 
PARAMETRIC_REPRESENTATION_CONTEXT() REPRESENTATION_CONTEXT('2D SPACE',''
  ) );
#5346 = PCURVE('',#1230,#5347);
#5347 = DEFINITIONAL_REPRESENTATION('',(#5348),#5352);
#5348 = LINE('',#5349,#5350);
#5349 = CARTESIAN_POINT('',(-9.510010136692,0.));
#5350 = VECTOR('',#5351,1.);
#5351 = DIRECTION('',(-0.,-1.));
#5352 = ( GEOMETRIC_REPRESENTATION_CONTEXT(2) 
PARAMETRIC_REPRESENTATION_CONTEXT() REPRESENTATION_CONTEXT('2D SPACE',''
  ) );
#5353 = ORIENTED_EDGE('',*,*,#5354,.F.);
#5354 = EDGE_CURVE('',#5229,#5332,#5355,.T.);
#5355 = SURFACE_CURVE('',#5356,(#5361,#5368),.PCURVE_S1.);
#5356 = CIRCLE('',#5357,2.7);
#5357 = AXIS2_PLACEMENT_3D('',#5358,#5359,#5360);
#5358 = CARTESIAN_POINT('',(40.375880325351,3.,22.));
#5359 = DIRECTION('',(0.,0.,1.));
#5360 = DIRECTION('',(0.,-1.,0.));
#5361 = PCURVE('',#1259,#5362);
#5362 = DEFINITIONAL_REPRESENTATION('',(#5363),#5367);
#5363 = LINE('',#5364,#5365);
#5364 = CARTESIAN_POINT('',(-0.,0.));
#5365 = VECTOR('',#5366,1.);
#5366 = DIRECTION('',(-1.,0.));
#5367 = ( GEOMETRIC_REPRESENTATION_CONTEXT(2) 
PARAMETRIC_REPRESENTATION_CONTEXT() REPRESENTATION_CONTEXT('2D SPACE',''
  ) );
#5368 = PCURVE('',#5211,#5369);
#5369 = DEFINITIONAL_REPRESENTATION('',(#5370),#5378);
#5370 = ( BOUNDED_CURVE() B_SPLINE_CURVE(2,(#5371,#5372,#5373,#5374,
#5375,#5376,#5377),.UNSPECIFIED.,.T.,.F.) B_SPLINE_CURVE_WITH_KNOTS((1,2
    ,2,2,2,1),(-2.094395102393,0.,2.094395102393,4.188790204786,
6.28318530718,8.377580409573),.UNSPECIFIED.) CURVE() 
GEOMETRIC_REPRESENTATION_ITEM() RATIONAL_B_SPLINE_CURVE((1.,0.5,1.,0.5,
1.,0.5,1.)) REPRESENTATION_ITEM('') );
#5371 = CARTESIAN_POINT('',(8.874119674649,-36.15));
#5372 = CARTESIAN_POINT('',(4.197582494213,-36.15));
#5373 = CARTESIAN_POINT('',(6.535851084431,-32.1));
#5374 = CARTESIAN_POINT('',(8.874119674649,-28.05));
#5375 = CARTESIAN_POINT('',(11.212388264867,-32.1));
#5376 = CARTESIAN_POINT('',(13.550656855085,-36.15));
#5377 = CARTESIAN_POINT('',(8.874119674649,-36.15));
#5378 = ( GEOMETRIC_REPRESENTATION_CONTEXT(2) 
PARAMETRIC_REPRESENTATION_CONTEXT() REPRESENTATION_CONTEXT('2D SPACE',''
  ) );
#5379 = ADVANCED_FACE('',(#5380),#648,.T.);
#5380 = FACE_BOUND('',#5381,.T.);
#5381 = EDGE_LOOP('',(#5382,#5383,#5384,#5407));
#5382 = ORIENTED_EDGE('',*,*,#5277,.T.);
#5383 = ORIENTED_EDGE('',*,*,#627,.T.);
#5384 = ORIENTED_EDGE('',*,*,#5385,.F.);
#5385 = EDGE_CURVE('',#5386,#628,#5388,.T.);
#5386 = VERTEX_POINT('',#5387);
#5387 = CARTESIAN_POINT('',(0.3,10.374119674649,22.));
#5388 = SURFACE_CURVE('',#5389,(#5393,#5400),.PCURVE_S1.);
#5389 = LINE('',#5390,#5391);
#5390 = CARTESIAN_POINT('',(0.3,10.374119674649,22.));
#5391 = VECTOR('',#5392,1.);
#5392 = DIRECTION('',(0.,0.,1.));
#5393 = PCURVE('',#648,#5394);
#5394 = DEFINITIONAL_REPRESENTATION('',(#5395),#5399);
#5395 = LINE('',#5396,#5397);
#5396 = CARTESIAN_POINT('',(7.853981633974,0.));
#5397 = VECTOR('',#5398,1.);
#5398 = DIRECTION('',(0.,-1.));
#5399 = ( GEOMETRIC_REPRESENTATION_CONTEXT(2) 
PARAMETRIC_REPRESENTATION_CONTEXT() REPRESENTATION_CONTEXT('2D SPACE',''
  ) );
#5400 = PCURVE('',#676,#5401);
#5401 = DEFINITIONAL_REPRESENTATION('',(#5402),#5406);
#5402 = LINE('',#5403,#5404);
#5403 = CARTESIAN_POINT('',(52.151760650701,0.));
#5404 = VECTOR('',#5405,1.);
#5405 = DIRECTION('',(0.,-1.));
#5406 = ( GEOMETRIC_REPRESENTATION_CONTEXT(2) 
PARAMETRIC_REPRESENTATION_CONTEXT() REPRESENTATION_CONTEXT('2D SPACE',''
  ) );
#5407 = ORIENTED_EDGE('',*,*,#5408,.F.);
#5408 = EDGE_CURVE('',#5278,#5386,#5409,.T.);
#5409 = SURFACE_CURVE('',#5410,(#5415,#5422),.PCURVE_S1.);
#5410 = CIRCLE('',#5411,2.7);
#5411 = AXIS2_PLACEMENT_3D('',#5412,#5413,#5414);
#5412 = CARTESIAN_POINT('',(3.,10.374119674649,22.));
#5413 = DIRECTION('',(-0.,0.,-1.));
#5414 = DIRECTION('',(-0.,-1.,0.));
#5415 = PCURVE('',#648,#5416);
#5416 = DEFINITIONAL_REPRESENTATION('',(#5417),#5421);
#5417 = LINE('',#5418,#5419);
#5418 = CARTESIAN_POINT('',(0.,0.));
#5419 = VECTOR('',#5420,1.);
#5420 = DIRECTION('',(1.,0.));
#5421 = ( GEOMETRIC_REPRESENTATION_CONTEXT(2) 
PARAMETRIC_REPRESENTATION_CONTEXT() REPRESENTATION_CONTEXT('2D SPACE',''
  ) );
#5422 = PCURVE('',#5211,#5423);
#5423 = DEFINITIONAL_REPRESENTATION('',(#5424),#5428);
#5424 = CIRCLE('',#5425,2.7);
#5425 = AXIS2_PLACEMENT_2D('',#5426,#5427);
#5426 = CARTESIAN_POINT('',(46.25,-26.07588032535));
#5427 = DIRECTION('',(0.,-1.));
#5428 = ( GEOMETRIC_REPRESENTATION_CONTEXT(2) 
PARAMETRIC_REPRESENTATION_CONTEXT() REPRESENTATION_CONTEXT('2D SPACE',''
  ) );
#5429 = ADVANCED_FACE('',(#5430),#1230,.F.);
#5430 = FACE_BOUND('',#5431,.T.);
#5431 = EDGE_LOOP('',(#5432,#5455,#5456,#5457));
#5432 = ORIENTED_EDGE('',*,*,#5433,.T.);
#5433 = EDGE_CURVE('',#5434,#1181,#5436,.T.);
#5434 = VERTEX_POINT('',#5435);
#5435 = CARTESIAN_POINT('',(55.461883772255,2.55,22.));
#5436 = SURFACE_CURVE('',#5437,(#5441,#5448),.PCURVE_S1.);
#5437 = LINE('',#5438,#5439);
#5438 = CARTESIAN_POINT('',(55.461883772255,2.55,22.));
#5439 = VECTOR('',#5440,1.);
#5440 = DIRECTION('',(0.,0.,1.));
#5441 = PCURVE('',#1230,#5442);
#5442 = DEFINITIONAL_REPRESENTATION('',(#5443),#5447);
#5443 = LINE('',#5444,#5445);
#5444 = CARTESIAN_POINT('',(-6.703313641541,0.));
#5445 = VECTOR('',#5446,1.);
#5446 = DIRECTION('',(-0.,-1.));
#5447 = ( GEOMETRIC_REPRESENTATION_CONTEXT(2) 
PARAMETRIC_REPRESENTATION_CONTEXT() REPRESENTATION_CONTEXT('2D SPACE',''
  ) );
#5448 = PCURVE('',#1201,#5449);
#5449 = DEFINITIONAL_REPRESENTATION('',(#5450),#5454);
#5450 = LINE('',#5451,#5452);
#5451 = CARTESIAN_POINT('',(7.686533554755,0.));
#5452 = VECTOR('',#5453,1.);
#5453 = DIRECTION('',(0.,-1.));
#5454 = ( GEOMETRIC_REPRESENTATION_CONTEXT(2) 
PARAMETRIC_REPRESENTATION_CONTEXT() REPRESENTATION_CONTEXT('2D SPACE',''
  ) );
#5455 = ORIENTED_EDGE('',*,*,#1213,.T.);
#5456 = ORIENTED_EDGE('',*,*,#5331,.F.);
#5457 = ORIENTED_EDGE('',*,*,#5458,.F.);
#5458 = EDGE_CURVE('',#5434,#5332,#5459,.T.);
#5459 = SURFACE_CURVE('',#5460,(#5465,#5472),.PCURVE_S1.);
#5460 = CIRCLE('',#5461,6.3);
#5461 = AXIS2_PLACEMENT_3D('',#5462,#5463,#5464);
#5462 = CARTESIAN_POINT('',(49.25,1.5,22.));
#5463 = DIRECTION('',(0.,0.,1.));
#5464 = DIRECTION('',(0.968245836552,-0.25,0.));
#5465 = PCURVE('',#1230,#5466);
#5466 = DEFINITIONAL_REPRESENTATION('',(#5467),#5471);
#5467 = LINE('',#5468,#5469);
#5468 = CARTESIAN_POINT('',(-0.,0.));
#5469 = VECTOR('',#5470,1.);
#5470 = DIRECTION('',(-1.,0.));
#5471 = ( GEOMETRIC_REPRESENTATION_CONTEXT(2) 
PARAMETRIC_REPRESENTATION_CONTEXT() REPRESENTATION_CONTEXT('2D SPACE',''
  ) );
#5472 = PCURVE('',#5211,#5473);
#5473 = DEFINITIONAL_REPRESENTATION('',(#5474),#5482);
#5474 = ( BOUNDED_CURVE() B_SPLINE_CURVE(2,(#5475,#5476,#5477,#5478,
#5479,#5480,#5481),.UNSPECIFIED.,.T.,.F.) B_SPLINE_CURVE_WITH_KNOTS((1,2
    ,2,2,2,1),(-2.094395102393,0.,2.094395102393,4.188790204786,
6.28318530718,8.377580409573),.UNSPECIFIED.) CURVE() 
GEOMETRIC_REPRESENTATION_ITEM() RATIONAL_B_SPLINE_CURVE((1.,0.5,1.,0.5,
1.,0.5,1.)) REPRESENTATION_ITEM('') );
#5475 = CARTESIAN_POINT('',(-6.099948770277,-36.525));
#5476 = CARTESIAN_POINT('',(-8.827928792198,-25.95957880631));
#5477 = CARTESIAN_POINT('',(1.685984374178,-28.87978940315));
#5478 = CARTESIAN_POINT('',(12.199897540553,-31.8));
#5479 = CARTESIAN_POINT('',(4.413964396099,-39.44521059684));
#5480 = CARTESIAN_POINT('',(-3.371968748356,-47.09042119368));
#5481 = CARTESIAN_POINT('',(-6.099948770277,-36.525));
#5482 = ( GEOMETRIC_REPRESENTATION_CONTEXT(2) 
PARAMETRIC_REPRESENTATION_CONTEXT() REPRESENTATION_CONTEXT('2D SPACE',''
  ) );
#5483 = ADVANCED_FACE('',(#5484),#676,.F.);
#5484 = FACE_BOUND('',#5485,.F.);
#5485 = EDGE_LOOP('',(#5486,#5509,#5510,#5511));
#5486 = ORIENTED_EDGE('',*,*,#5487,.T.);
#5487 = EDGE_CURVE('',#5488,#661,#5490,.T.);
#5488 = VERTEX_POINT('',#5489);
#5489 = CARTESIAN_POINT('',(0.3,62.525880325351,22.));
#5490 = SURFACE_CURVE('',#5491,(#5495,#5502),.PCURVE_S1.);
#5491 = LINE('',#5492,#5493);
#5492 = CARTESIAN_POINT('',(0.3,62.525880325351,22.));
#5493 = VECTOR('',#5494,1.);
#5494 = DIRECTION('',(0.,0.,1.));
#5495 = PCURVE('',#676,#5496);
#5496 = DEFINITIONAL_REPRESENTATION('',(#5497),#5501);
#5497 = LINE('',#5498,#5499);
#5498 = CARTESIAN_POINT('',(0.,0.));
#5499 = VECTOR('',#5500,1.);
#5500 = DIRECTION('',(0.,-1.));
#5501 = ( GEOMETRIC_REPRESENTATION_CONTEXT(2) 
PARAMETRIC_REPRESENTATION_CONTEXT() REPRESENTATION_CONTEXT('2D SPACE',''
  ) );
#5502 = PCURVE('',#709,#5503);
#5503 = DEFINITIONAL_REPRESENTATION('',(#5504),#5508);
#5504 = LINE('',#5505,#5506);
#5505 = CARTESIAN_POINT('',(1.570796326795,0.));
#5506 = VECTOR('',#5507,1.);
#5507 = DIRECTION('',(0.,-1.));
#5508 = ( GEOMETRIC_REPRESENTATION_CONTEXT(2) 
PARAMETRIC_REPRESENTATION_CONTEXT() REPRESENTATION_CONTEXT('2D SPACE',''
  ) );
#5509 = ORIENTED_EDGE('',*,*,#660,.T.);
#5510 = ORIENTED_EDGE('',*,*,#5385,.F.);
#5511 = ORIENTED_EDGE('',*,*,#5512,.F.);
#5512 = EDGE_CURVE('',#5488,#5386,#5513,.T.);
#5513 = SURFACE_CURVE('',#5514,(#5518,#5525),.PCURVE_S1.);
#5514 = LINE('',#5515,#5516);
#5515 = CARTESIAN_POINT('',(0.3,72.9,22.));
#5516 = VECTOR('',#5517,1.);
#5517 = DIRECTION('',(-0.,-1.,0.));
#5518 = PCURVE('',#676,#5519);
#5519 = DEFINITIONAL_REPRESENTATION('',(#5520),#5524);
#5520 = LINE('',#5521,#5522);
#5521 = CARTESIAN_POINT('',(-10.37411967464,0.));
#5522 = VECTOR('',#5523,1.);
#5523 = DIRECTION('',(1.,0.));
#5524 = ( GEOMETRIC_REPRESENTATION_CONTEXT(2) 
PARAMETRIC_REPRESENTATION_CONTEXT() REPRESENTATION_CONTEXT('2D SPACE',''
  ) );
#5525 = PCURVE('',#5211,#5526);
#5526 = DEFINITIONAL_REPRESENTATION('',(#5527),#5531);
#5527 = LINE('',#5528,#5529);
#5528 = CARTESIAN_POINT('',(48.95,36.45));
#5529 = VECTOR('',#5530,1.);
#5530 = DIRECTION('',(0.,-1.));
#5531 = ( GEOMETRIC_REPRESENTATION_CONTEXT(2) 
PARAMETRIC_REPRESENTATION_CONTEXT() REPRESENTATION_CONTEXT('2D SPACE',''
  ) );
#5532 = ADVANCED_FACE('',(#5533),#1201,.T.);
#5533 = FACE_BOUND('',#5534,.T.);
#5534 = EDGE_LOOP('',(#5535,#5558,#5559,#5560));
#5535 = ORIENTED_EDGE('',*,*,#5536,.T.);
#5536 = EDGE_CURVE('',#5537,#1153,#5539,.T.);
#5537 = VERTEX_POINT('',#5538);
#5538 = CARTESIAN_POINT('',(58.124119674649,0.3,22.));
#5539 = SURFACE_CURVE('',#5540,(#5544,#5551),.PCURVE_S1.);
#5540 = LINE('',#5541,#5542);
#5541 = CARTESIAN_POINT('',(58.124119674649,0.3,22.));
#5542 = VECTOR('',#5543,1.);
#5543 = DIRECTION('',(0.,0.,1.));
#5544 = PCURVE('',#1201,#5545);
#5545 = DEFINITIONAL_REPRESENTATION('',(#5546),#5550);
#5546 = LINE('',#5547,#5548);
#5547 = CARTESIAN_POINT('',(6.28318530718,0.));
#5548 = VECTOR('',#5549,1.);
#5549 = DIRECTION('',(0.,-1.));
#5550 = ( GEOMETRIC_REPRESENTATION_CONTEXT(2) 
PARAMETRIC_REPRESENTATION_CONTEXT() REPRESENTATION_CONTEXT('2D SPACE',''
  ) );
#5551 = PCURVE('',#1168,#5552);
#5552 = DEFINITIONAL_REPRESENTATION('',(#5553),#5557);
#5553 = LINE('',#5554,#5555);
#5554 = CARTESIAN_POINT('',(0.,0.));
#5555 = VECTOR('',#5556,1.);
#5556 = DIRECTION('',(0.,-1.));
#5557 = ( GEOMETRIC_REPRESENTATION_CONTEXT(2) 
PARAMETRIC_REPRESENTATION_CONTEXT() REPRESENTATION_CONTEXT('2D SPACE',''
  ) );
#5558 = ORIENTED_EDGE('',*,*,#1180,.T.);
#5559 = ORIENTED_EDGE('',*,*,#5433,.F.);
#5560 = ORIENTED_EDGE('',*,*,#5561,.F.);
#5561 = EDGE_CURVE('',#5537,#5434,#5562,.T.);
#5562 = SURFACE_CURVE('',#5563,(#5568,#5575),.PCURVE_S1.);
#5563 = CIRCLE('',#5564,2.7);
#5564 = AXIS2_PLACEMENT_3D('',#5565,#5566,#5567);
#5565 = CARTESIAN_POINT('',(58.124119674649,3.,22.));
#5566 = DIRECTION('',(-0.,0.,-1.));
#5567 = DIRECTION('',(-0.,-1.,0.));
#5568 = PCURVE('',#1201,#5569);
#5569 = DEFINITIONAL_REPRESENTATION('',(#5570),#5574);
#5570 = LINE('',#5571,#5572);
#5571 = CARTESIAN_POINT('',(0.,0.));
#5572 = VECTOR('',#5573,1.);
#5573 = DIRECTION('',(1.,0.));
#5574 = ( GEOMETRIC_REPRESENTATION_CONTEXT(2) 
PARAMETRIC_REPRESENTATION_CONTEXT() REPRESENTATION_CONTEXT('2D SPACE',''
  ) );
#5575 = PCURVE('',#5211,#5576);
#5576 = DEFINITIONAL_REPRESENTATION('',(#5577),#5581);
#5577 = CIRCLE('',#5578,2.7);
#5578 = AXIS2_PLACEMENT_2D('',#5579,#5580);
#5579 = CARTESIAN_POINT('',(-8.874119674649,-33.45));
#5580 = DIRECTION('',(0.,-1.));
#5581 = ( GEOMETRIC_REPRESENTATION_CONTEXT(2) 
PARAMETRIC_REPRESENTATION_CONTEXT() REPRESENTATION_CONTEXT('2D SPACE',''
  ) );
#5582 = ADVANCED_FACE('',(#5583),#709,.T.);
#5583 = FACE_BOUND('',#5584,.T.);
#5584 = EDGE_LOOP('',(#5585,#5586,#5587,#5610));
#5585 = ORIENTED_EDGE('',*,*,#5487,.T.);
#5586 = ORIENTED_EDGE('',*,*,#688,.T.);
#5587 = ORIENTED_EDGE('',*,*,#5588,.F.);
#5588 = EDGE_CURVE('',#5589,#689,#5591,.T.);
#5589 = VERTEX_POINT('',#5590);
#5590 = CARTESIAN_POINT('',(2.55,65.188116227745,22.));
#5591 = SURFACE_CURVE('',#5592,(#5596,#5603),.PCURVE_S1.);
#5592 = LINE('',#5593,#5594);
#5593 = CARTESIAN_POINT('',(2.55,65.188116227745,22.));
#5594 = VECTOR('',#5595,1.);
#5595 = DIRECTION('',(0.,0.,1.));
#5596 = PCURVE('',#709,#5597);
#5597 = DEFINITIONAL_REPRESENTATION('',(#5598),#5602);
#5598 = LINE('',#5599,#5600);
#5599 = CARTESIAN_POINT('',(2.97414457437,0.));
#5600 = VECTOR('',#5601,1.);
#5601 = DIRECTION('',(0.,-1.));
#5602 = ( GEOMETRIC_REPRESENTATION_CONTEXT(2) 
PARAMETRIC_REPRESENTATION_CONTEXT() REPRESENTATION_CONTEXT('2D SPACE',''
  ) );
#5603 = PCURVE('',#738,#5604);
#5604 = DEFINITIONAL_REPRESENTATION('',(#5605),#5609);
#5605 = LINE('',#5606,#5607);
#5606 = CARTESIAN_POINT('',(-6.703313641541,0.));
#5607 = VECTOR('',#5608,1.);
#5608 = DIRECTION('',(-0.,-1.));
#5609 = ( GEOMETRIC_REPRESENTATION_CONTEXT(2) 
PARAMETRIC_REPRESENTATION_CONTEXT() REPRESENTATION_CONTEXT('2D SPACE',''
  ) );
#5610 = ORIENTED_EDGE('',*,*,#5611,.F.);
#5611 = EDGE_CURVE('',#5488,#5589,#5612,.T.);
#5612 = SURFACE_CURVE('',#5613,(#5618,#5625),.PCURVE_S1.);
#5613 = CIRCLE('',#5614,2.7);
#5614 = AXIS2_PLACEMENT_3D('',#5615,#5616,#5617);
#5615 = CARTESIAN_POINT('',(3.,62.525880325351,22.));
#5616 = DIRECTION('',(-0.,0.,-1.));
#5617 = DIRECTION('',(-0.,-1.,0.));
#5618 = PCURVE('',#709,#5619);
#5619 = DEFINITIONAL_REPRESENTATION('',(#5620),#5624);
#5620 = LINE('',#5621,#5622);
#5621 = CARTESIAN_POINT('',(0.,0.));
#5622 = VECTOR('',#5623,1.);
#5623 = DIRECTION('',(1.,0.));
#5624 = ( GEOMETRIC_REPRESENTATION_CONTEXT(2) 
PARAMETRIC_REPRESENTATION_CONTEXT() REPRESENTATION_CONTEXT('2D SPACE',''
  ) );
#5625 = PCURVE('',#5211,#5626);
#5626 = DEFINITIONAL_REPRESENTATION('',(#5627),#5631);
#5627 = CIRCLE('',#5628,2.7);
#5628 = AXIS2_PLACEMENT_2D('',#5629,#5630);
#5629 = CARTESIAN_POINT('',(46.25,26.075880325351));
#5630 = DIRECTION('',(0.,-1.));
#5631 = ( GEOMETRIC_REPRESENTATION_CONTEXT(2) 
PARAMETRIC_REPRESENTATION_CONTEXT() REPRESENTATION_CONTEXT('2D SPACE',''
  ) );
#5632 = ADVANCED_FACE('',(#5633),#1168,.F.);
#5633 = FACE_BOUND('',#5634,.F.);
#5634 = EDGE_LOOP('',(#5635,#5636,#5637,#5660));
#5635 = ORIENTED_EDGE('',*,*,#5536,.T.);
#5636 = ORIENTED_EDGE('',*,*,#1152,.T.);
#5637 = ORIENTED_EDGE('',*,*,#5638,.F.);
#5638 = EDGE_CURVE('',#5639,#1120,#5641,.T.);
#5639 = VERTEX_POINT('',#5640);
#5640 = CARTESIAN_POINT('',(88.125880325351,0.3,22.));
#5641 = SURFACE_CURVE('',#5642,(#5646,#5653),.PCURVE_S1.);
#5642 = LINE('',#5643,#5644);
#5643 = CARTESIAN_POINT('',(88.125880325351,0.3,22.));
#5644 = VECTOR('',#5645,1.);
#5645 = DIRECTION('',(0.,0.,1.));
#5646 = PCURVE('',#1168,#5647);
#5647 = DEFINITIONAL_REPRESENTATION('',(#5648),#5652);
#5648 = LINE('',#5649,#5650);
#5649 = CARTESIAN_POINT('',(30.001760650701,0.));
#5650 = VECTOR('',#5651,1.);
#5651 = DIRECTION('',(0.,-1.));
#5652 = ( GEOMETRIC_REPRESENTATION_CONTEXT(2) 
PARAMETRIC_REPRESENTATION_CONTEXT() REPRESENTATION_CONTEXT('2D SPACE',''
  ) );
#5653 = PCURVE('',#1140,#5654);
#5654 = DEFINITIONAL_REPRESENTATION('',(#5655),#5659);
#5655 = LINE('',#5656,#5657);
#5656 = CARTESIAN_POINT('',(6.28318530718,0.));
#5657 = VECTOR('',#5658,1.);
#5658 = DIRECTION('',(0.,-1.));
#5659 = ( GEOMETRIC_REPRESENTATION_CONTEXT(2) 
PARAMETRIC_REPRESENTATION_CONTEXT() REPRESENTATION_CONTEXT('2D SPACE',''
  ) );
#5660 = ORIENTED_EDGE('',*,*,#5661,.F.);
#5661 = EDGE_CURVE('',#5537,#5639,#5662,.T.);
#5662 = SURFACE_CURVE('',#5663,(#5667,#5674),.PCURVE_S1.);
#5663 = LINE('',#5664,#5665);
#5664 = CARTESIAN_POINT('',(0.,0.3,22.));
#5665 = VECTOR('',#5666,1.);
#5666 = DIRECTION('',(1.,0.,-0.));
#5667 = PCURVE('',#1168,#5668);
#5668 = DEFINITIONAL_REPRESENTATION('',(#5669),#5673);
#5669 = LINE('',#5670,#5671);
#5670 = CARTESIAN_POINT('',(-58.12411967464,0.));
#5671 = VECTOR('',#5672,1.);
#5672 = DIRECTION('',(1.,0.));
#5673 = ( GEOMETRIC_REPRESENTATION_CONTEXT(2) 
PARAMETRIC_REPRESENTATION_CONTEXT() REPRESENTATION_CONTEXT('2D SPACE',''
  ) );
#5674 = PCURVE('',#5211,#5675);
#5675 = DEFINITIONAL_REPRESENTATION('',(#5676),#5680);
#5676 = LINE('',#5677,#5678);
#5677 = CARTESIAN_POINT('',(49.25,-36.15));
#5678 = VECTOR('',#5679,1.);
#5679 = DIRECTION('',(-1.,0.));
#5680 = ( GEOMETRIC_REPRESENTATION_CONTEXT(2) 
PARAMETRIC_REPRESENTATION_CONTEXT() REPRESENTATION_CONTEXT('2D SPACE',''
  ) );
#5681 = ADVANCED_FACE('',(#5682),#738,.F.);
#5682 = FACE_BOUND('',#5683,.T.);
#5683 = EDGE_LOOP('',(#5684,#5685,#5686,#5709));
#5684 = ORIENTED_EDGE('',*,*,#5588,.T.);
#5685 = ORIENTED_EDGE('',*,*,#721,.T.);
#5686 = ORIENTED_EDGE('',*,*,#5687,.F.);
#5687 = EDGE_CURVE('',#5688,#722,#5690,.T.);
#5688 = VERTEX_POINT('',#5689);
#5689 = CARTESIAN_POINT('',(7.711883772255,70.35,22.));
#5690 = SURFACE_CURVE('',#5691,(#5695,#5702),.PCURVE_S1.);
#5691 = LINE('',#5692,#5693);
#5692 = CARTESIAN_POINT('',(7.711883772255,70.35,22.));
#5693 = VECTOR('',#5694,1.);
#5694 = DIRECTION('',(0.,0.,1.));
#5695 = PCURVE('',#738,#5696);
#5696 = DEFINITIONAL_REPRESENTATION('',(#5697),#5701);
#5697 = LINE('',#5698,#5699);
#5698 = CARTESIAN_POINT('',(-7.939213809897,0.));
#5699 = VECTOR('',#5700,1.);
#5700 = DIRECTION('',(-0.,-1.));
#5701 = ( GEOMETRIC_REPRESENTATION_CONTEXT(2) 
PARAMETRIC_REPRESENTATION_CONTEXT() REPRESENTATION_CONTEXT('2D SPACE',''
  ) );
#5702 = PCURVE('',#771,#5703);
#5703 = DEFINITIONAL_REPRESENTATION('',(#5704),#5708);
#5704 = LINE('',#5705,#5706);
#5705 = CARTESIAN_POINT('',(1.738244406015,0.));
#5706 = VECTOR('',#5707,1.);
#5707 = DIRECTION('',(0.,-1.));
#5708 = ( GEOMETRIC_REPRESENTATION_CONTEXT(2) 
PARAMETRIC_REPRESENTATION_CONTEXT() REPRESENTATION_CONTEXT('2D SPACE',''
  ) );
#5709 = ORIENTED_EDGE('',*,*,#5710,.F.);
#5710 = EDGE_CURVE('',#5589,#5688,#5711,.T.);
#5711 = SURFACE_CURVE('',#5712,(#5717,#5724),.PCURVE_S1.);
#5712 = CIRCLE('',#5713,6.3);
#5713 = AXIS2_PLACEMENT_3D('',#5714,#5715,#5716);
#5714 = CARTESIAN_POINT('',(1.5,71.4,22.));
#5715 = DIRECTION('',(0.,0.,1.));
#5716 = DIRECTION('',(-0.25,-0.968245836552,0.));
#5717 = PCURVE('',#738,#5718);
#5718 = DEFINITIONAL_REPRESENTATION('',(#5719),#5723);
#5719 = LINE('',#5720,#5721);
#5720 = CARTESIAN_POINT('',(-0.,0.));
#5721 = VECTOR('',#5722,1.);
#5722 = DIRECTION('',(-1.,0.));
#5723 = ( GEOMETRIC_REPRESENTATION_CONTEXT(2) 
PARAMETRIC_REPRESENTATION_CONTEXT() REPRESENTATION_CONTEXT('2D SPACE',''
  ) );
#5724 = PCURVE('',#5211,#5725);
#5725 = DEFINITIONAL_REPRESENTATION('',(#5726),#5734);
#5726 = ( BOUNDED_CURVE() B_SPLINE_CURVE(2,(#5727,#5728,#5729,#5730,
#5731,#5732,#5733),.UNSPECIFIED.,.T.,.F.) B_SPLINE_CURVE_WITH_KNOTS((1,2
    ,2,2,2,1),(-2.094395102393,0.,2.094395102393,4.188790204786,
6.28318530718,8.377580409573),.UNSPECIFIED.) CURVE() 
GEOMETRIC_REPRESENTATION_ITEM() RATIONAL_B_SPLINE_CURVE((1.,0.5,1.,0.5,
1.,0.5,1.)) REPRESENTATION_ITEM('') );
#5727 = CARTESIAN_POINT('',(49.325,28.850051229723));
#5728 = CARTESIAN_POINT('',(38.759578806314,26.122071207802));
#5729 = CARTESIAN_POINT('',(41.679789403157,36.635984374178));
#5730 = CARTESIAN_POINT('',(44.6,47.149897540553));
#5731 = CARTESIAN_POINT('',(52.245210596843,39.363964396099));
#5732 = CARTESIAN_POINT('',(59.890421193687,31.578031251644));
#5733 = CARTESIAN_POINT('',(49.325,28.850051229723));
#5734 = ( GEOMETRIC_REPRESENTATION_CONTEXT(2) 
PARAMETRIC_REPRESENTATION_CONTEXT() REPRESENTATION_CONTEXT('2D SPACE',''
  ) );
#5735 = ADVANCED_FACE('',(#5736),#1140,.T.);
#5736 = FACE_BOUND('',#5737,.T.);
#5737 = EDGE_LOOP('',(#5738,#5761,#5762,#5763));
#5738 = ORIENTED_EDGE('',*,*,#5739,.T.);
#5739 = EDGE_CURVE('',#5740,#1091,#5742,.T.);
#5740 = VERTEX_POINT('',#5741);
#5741 = CARTESIAN_POINT('',(90.788116227745,2.55,22.));
#5742 = SURFACE_CURVE('',#5743,(#5747,#5754),.PCURVE_S1.);
#5743 = LINE('',#5744,#5745);
#5744 = CARTESIAN_POINT('',(90.788116227745,2.55,22.));
#5745 = VECTOR('',#5746,1.);
#5746 = DIRECTION('',(0.,0.,1.));
#5747 = PCURVE('',#1140,#5748);
#5748 = DEFINITIONAL_REPRESENTATION('',(#5749),#5753);
#5749 = LINE('',#5750,#5751);
#5750 = CARTESIAN_POINT('',(4.879837059604,0.));
#5751 = VECTOR('',#5752,1.);
#5752 = DIRECTION('',(0.,-1.));
#5753 = ( GEOMETRIC_REPRESENTATION_CONTEXT(2) 
PARAMETRIC_REPRESENTATION_CONTEXT() REPRESENTATION_CONTEXT('2D SPACE',''
  ) );
#5754 = PCURVE('',#1107,#5755);
#5755 = DEFINITIONAL_REPRESENTATION('',(#5756),#5760);
#5756 = LINE('',#5757,#5758);
#5757 = CARTESIAN_POINT('',(-2.97414457437,0.));
#5758 = VECTOR('',#5759,1.);
#5759 = DIRECTION('',(-0.,-1.));
#5760 = ( GEOMETRIC_REPRESENTATION_CONTEXT(2) 
PARAMETRIC_REPRESENTATION_CONTEXT() REPRESENTATION_CONTEXT('2D SPACE',''
  ) );
#5761 = ORIENTED_EDGE('',*,*,#1119,.T.);
#5762 = ORIENTED_EDGE('',*,*,#5638,.F.);
#5763 = ORIENTED_EDGE('',*,*,#5764,.F.);
#5764 = EDGE_CURVE('',#5740,#5639,#5765,.T.);
#5765 = SURFACE_CURVE('',#5766,(#5771,#5778),.PCURVE_S1.);
#5766 = CIRCLE('',#5767,2.7);
#5767 = AXIS2_PLACEMENT_3D('',#5768,#5769,#5770);
#5768 = CARTESIAN_POINT('',(88.125880325351,3.,22.));
#5769 = DIRECTION('',(-0.,0.,-1.));
#5770 = DIRECTION('',(-0.,-1.,0.));
#5771 = PCURVE('',#1140,#5772);
#5772 = DEFINITIONAL_REPRESENTATION('',(#5773),#5777);
#5773 = LINE('',#5774,#5775);
#5774 = CARTESIAN_POINT('',(0.,0.));
#5775 = VECTOR('',#5776,1.);
#5776 = DIRECTION('',(1.,0.));
#5777 = ( GEOMETRIC_REPRESENTATION_CONTEXT(2) 
PARAMETRIC_REPRESENTATION_CONTEXT() REPRESENTATION_CONTEXT('2D SPACE',''
  ) );
#5778 = PCURVE('',#5211,#5779);
#5779 = DEFINITIONAL_REPRESENTATION('',(#5780),#5784);
#5780 = CIRCLE('',#5781,2.7);
#5781 = AXIS2_PLACEMENT_2D('',#5782,#5783);
#5782 = CARTESIAN_POINT('',(-38.87588032535,-33.45));
#5783 = DIRECTION('',(0.,-1.));
#5784 = ( GEOMETRIC_REPRESENTATION_CONTEXT(2) 
PARAMETRIC_REPRESENTATION_CONTEXT() REPRESENTATION_CONTEXT('2D SPACE',''
  ) );
#5785 = ADVANCED_FACE('',(#5786),#771,.T.);
#5786 = FACE_BOUND('',#5787,.T.);
#5787 = EDGE_LOOP('',(#5788,#5789,#5790,#5813));
#5788 = ORIENTED_EDGE('',*,*,#5687,.T.);
#5789 = ORIENTED_EDGE('',*,*,#750,.T.);
#5790 = ORIENTED_EDGE('',*,*,#5791,.F.);
#5791 = EDGE_CURVE('',#5792,#751,#5794,.T.);
#5792 = VERTEX_POINT('',#5793);
#5793 = CARTESIAN_POINT('',(10.374119674649,72.6,22.));
#5794 = SURFACE_CURVE('',#5795,(#5799,#5806),.PCURVE_S1.);
#5795 = LINE('',#5796,#5797);
#5796 = CARTESIAN_POINT('',(10.374119674649,72.6,22.));
#5797 = VECTOR('',#5798,1.);
#5798 = DIRECTION('',(0.,0.,1.));
#5799 = PCURVE('',#771,#5800);
#5800 = DEFINITIONAL_REPRESENTATION('',(#5801),#5805);
#5801 = LINE('',#5802,#5803);
#5802 = CARTESIAN_POINT('',(3.14159265359,0.));
#5803 = VECTOR('',#5804,1.);
#5804 = DIRECTION('',(0.,-1.));
#5805 = ( GEOMETRIC_REPRESENTATION_CONTEXT(2) 
PARAMETRIC_REPRESENTATION_CONTEXT() REPRESENTATION_CONTEXT('2D SPACE',''
  ) );
#5806 = PCURVE('',#799,#5807);
#5807 = DEFINITIONAL_REPRESENTATION('',(#5808),#5812);
#5808 = LINE('',#5809,#5810);
#5809 = CARTESIAN_POINT('',(30.001760650701,0.));
#5810 = VECTOR('',#5811,1.);
#5811 = DIRECTION('',(0.,-1.));
#5812 = ( GEOMETRIC_REPRESENTATION_CONTEXT(2) 
PARAMETRIC_REPRESENTATION_CONTEXT() REPRESENTATION_CONTEXT('2D SPACE',''
  ) );
#5813 = ORIENTED_EDGE('',*,*,#5814,.F.);
#5814 = EDGE_CURVE('',#5688,#5792,#5815,.T.);
#5815 = SURFACE_CURVE('',#5816,(#5821,#5828),.PCURVE_S1.);
#5816 = CIRCLE('',#5817,2.7);
#5817 = AXIS2_PLACEMENT_3D('',#5818,#5819,#5820);
#5818 = CARTESIAN_POINT('',(10.374119674649,69.9,22.));
#5819 = DIRECTION('',(-0.,0.,-1.));
#5820 = DIRECTION('',(-0.,-1.,0.));
#5821 = PCURVE('',#771,#5822);
#5822 = DEFINITIONAL_REPRESENTATION('',(#5823),#5827);
#5823 = LINE('',#5824,#5825);
#5824 = CARTESIAN_POINT('',(0.,0.));
#5825 = VECTOR('',#5826,1.);
#5826 = DIRECTION('',(1.,0.));
#5827 = ( GEOMETRIC_REPRESENTATION_CONTEXT(2) 
PARAMETRIC_REPRESENTATION_CONTEXT() REPRESENTATION_CONTEXT('2D SPACE',''
  ) );
#5828 = PCURVE('',#5211,#5829);
#5829 = DEFINITIONAL_REPRESENTATION('',(#5830),#5834);
#5830 = CIRCLE('',#5831,2.7);
#5831 = AXIS2_PLACEMENT_2D('',#5832,#5833);
#5832 = CARTESIAN_POINT('',(38.875880325351,33.45));
#5833 = DIRECTION('',(0.,-1.));
#5834 = ( GEOMETRIC_REPRESENTATION_CONTEXT(2) 
PARAMETRIC_REPRESENTATION_CONTEXT() REPRESENTATION_CONTEXT('2D SPACE',''
  ) );
#5835 = ADVANCED_FACE('',(#5836),#1107,.F.);
#5836 = FACE_BOUND('',#5837,.T.);
#5837 = EDGE_LOOP('',(#5838,#5861,#5862,#5863));
#5838 = ORIENTED_EDGE('',*,*,#5839,.T.);
#5839 = EDGE_CURVE('',#5840,#1058,#5842,.T.);
#5840 = VERTEX_POINT('',#5841);
#5841 = CARTESIAN_POINT('',(95.95,7.711883772255,22.));
#5842 = SURFACE_CURVE('',#5843,(#5847,#5854),.PCURVE_S1.);
#5843 = LINE('',#5844,#5845);
#5844 = CARTESIAN_POINT('',(95.95,7.711883772255,22.));
#5845 = VECTOR('',#5846,1.);
#5846 = DIRECTION('',(0.,0.,1.));
#5847 = PCURVE('',#1107,#5848);
#5848 = DEFINITIONAL_REPRESENTATION('',(#5849),#5853);
#5849 = LINE('',#5850,#5851);
#5850 = CARTESIAN_POINT('',(-1.738244406015,0.));
#5851 = VECTOR('',#5852,1.);
#5852 = DIRECTION('',(-0.,-1.));
#5853 = ( GEOMETRIC_REPRESENTATION_CONTEXT(2) 
PARAMETRIC_REPRESENTATION_CONTEXT() REPRESENTATION_CONTEXT('2D SPACE',''
  ) );
#5854 = PCURVE('',#1078,#5855);
#5855 = DEFINITIONAL_REPRESENTATION('',(#5856),#5860);
#5856 = LINE('',#5857,#5858);
#5857 = CARTESIAN_POINT('',(6.11573722796,0.));
#5858 = VECTOR('',#5859,1.);
#5859 = DIRECTION('',(0.,-1.));
#5860 = ( GEOMETRIC_REPRESENTATION_CONTEXT(2) 
PARAMETRIC_REPRESENTATION_CONTEXT() REPRESENTATION_CONTEXT('2D SPACE',''
  ) );
#5861 = ORIENTED_EDGE('',*,*,#1090,.T.);
#5862 = ORIENTED_EDGE('',*,*,#5739,.F.);
#5863 = ORIENTED_EDGE('',*,*,#5864,.F.);
#5864 = EDGE_CURVE('',#5840,#5740,#5865,.T.);
#5865 = SURFACE_CURVE('',#5866,(#5871,#5878),.PCURVE_S1.);
#5866 = CIRCLE('',#5867,6.3);
#5867 = AXIS2_PLACEMENT_3D('',#5868,#5869,#5870);
#5868 = CARTESIAN_POINT('',(97.,1.5,22.));
#5869 = DIRECTION('',(0.,-0.,1.));
#5870 = DIRECTION('',(1.,0.,0.));
#5871 = PCURVE('',#1107,#5872);
#5872 = DEFINITIONAL_REPRESENTATION('',(#5873),#5877);
#5873 = LINE('',#5874,#5875);
#5874 = CARTESIAN_POINT('',(-0.,0.));
#5875 = VECTOR('',#5876,1.);
#5876 = DIRECTION('',(-1.,0.));
#5877 = ( GEOMETRIC_REPRESENTATION_CONTEXT(2) 
PARAMETRIC_REPRESENTATION_CONTEXT() REPRESENTATION_CONTEXT('2D SPACE',''
  ) );
#5878 = PCURVE('',#5211,#5879);
#5879 = DEFINITIONAL_REPRESENTATION('',(#5880),#5888);
#5880 = ( BOUNDED_CURVE() B_SPLINE_CURVE(2,(#5881,#5882,#5883,#5884,
#5885,#5886,#5887),.UNSPECIFIED.,.T.,.F.) B_SPLINE_CURVE_WITH_KNOTS((1,2
    ,2,2,2,1),(-2.094395102393,0.,2.094395102393,4.188790204786,
6.28318530718,8.377580409573),.UNSPECIFIED.) CURVE() 
GEOMETRIC_REPRESENTATION_ITEM() RATIONAL_B_SPLINE_CURVE((1.,0.5,1.,0.5,
1.,0.5,1.)) REPRESENTATION_ITEM('') );
#5881 = CARTESIAN_POINT('',(-54.05,-34.95));
#5882 = CARTESIAN_POINT('',(-54.05,-24.03807991231));
#5883 = CARTESIAN_POINT('',(-44.6,-29.49403995615));
#5884 = CARTESIAN_POINT('',(-35.15,-34.95));
#5885 = CARTESIAN_POINT('',(-44.6,-40.40596004384));
#5886 = CARTESIAN_POINT('',(-54.05,-45.86192008768));
#5887 = CARTESIAN_POINT('',(-54.05,-34.95));
#5888 = ( GEOMETRIC_REPRESENTATION_CONTEXT(2) 
PARAMETRIC_REPRESENTATION_CONTEXT() REPRESENTATION_CONTEXT('2D SPACE',''
  ) );
#5889 = ADVANCED_FACE('',(#5890),#799,.F.);
#5890 = FACE_BOUND('',#5891,.F.);
#5891 = EDGE_LOOP('',(#5892,#5915,#5916,#5917));
#5892 = ORIENTED_EDGE('',*,*,#5893,.T.);
#5893 = EDGE_CURVE('',#5894,#784,#5896,.T.);
#5894 = VERTEX_POINT('',#5895);
#5895 = CARTESIAN_POINT('',(40.375880325351,72.6,22.));
#5896 = SURFACE_CURVE('',#5897,(#5901,#5908),.PCURVE_S1.);
#5897 = LINE('',#5898,#5899);
#5898 = CARTESIAN_POINT('',(40.375880325351,72.6,22.));
#5899 = VECTOR('',#5900,1.);
#5900 = DIRECTION('',(0.,0.,1.));
#5901 = PCURVE('',#799,#5902);
#5902 = DEFINITIONAL_REPRESENTATION('',(#5903),#5907);
#5903 = LINE('',#5904,#5905);
#5904 = CARTESIAN_POINT('',(0.,-0.));
#5905 = VECTOR('',#5906,1.);
#5906 = DIRECTION('',(0.,-1.));
#5907 = ( GEOMETRIC_REPRESENTATION_CONTEXT(2) 
PARAMETRIC_REPRESENTATION_CONTEXT() REPRESENTATION_CONTEXT('2D SPACE',''
  ) );
#5908 = PCURVE('',#832,#5909);
#5909 = DEFINITIONAL_REPRESENTATION('',(#5910),#5914);
#5910 = LINE('',#5911,#5912);
#5911 = CARTESIAN_POINT('',(3.14159265359,0.));
#5912 = VECTOR('',#5913,1.);
#5913 = DIRECTION('',(0.,-1.));
#5914 = ( GEOMETRIC_REPRESENTATION_CONTEXT(2) 
PARAMETRIC_REPRESENTATION_CONTEXT() REPRESENTATION_CONTEXT('2D SPACE',''
  ) );
#5915 = ORIENTED_EDGE('',*,*,#783,.T.);
#5916 = ORIENTED_EDGE('',*,*,#5791,.F.);
#5917 = ORIENTED_EDGE('',*,*,#5918,.F.);
#5918 = EDGE_CURVE('',#5894,#5792,#5919,.T.);
#5919 = SURFACE_CURVE('',#5920,(#5924,#5931),.PCURVE_S1.);
#5920 = LINE('',#5921,#5922);
#5921 = CARTESIAN_POINT('',(98.5,72.6,22.));
#5922 = VECTOR('',#5923,1.);
#5923 = DIRECTION('',(-1.,0.,0.));
#5924 = PCURVE('',#799,#5925);
#5925 = DEFINITIONAL_REPRESENTATION('',(#5926),#5930);
#5926 = LINE('',#5927,#5928);
#5927 = CARTESIAN_POINT('',(-58.12411967464,-0.));
#5928 = VECTOR('',#5929,1.);
#5929 = DIRECTION('',(1.,0.));
#5930 = ( GEOMETRIC_REPRESENTATION_CONTEXT(2) 
PARAMETRIC_REPRESENTATION_CONTEXT() REPRESENTATION_CONTEXT('2D SPACE',''
  ) );
#5931 = PCURVE('',#5211,#5932);
#5932 = DEFINITIONAL_REPRESENTATION('',(#5933),#5937);
#5933 = LINE('',#5934,#5935);
#5934 = CARTESIAN_POINT('',(-49.25,36.15));
#5935 = VECTOR('',#5936,1.);
#5936 = DIRECTION('',(1.,0.));
#5937 = ( GEOMETRIC_REPRESENTATION_CONTEXT(2) 
PARAMETRIC_REPRESENTATION_CONTEXT() REPRESENTATION_CONTEXT('2D SPACE',''
  ) );
#5938 = ADVANCED_FACE('',(#5939),#1078,.T.);
#5939 = FACE_BOUND('',#5940,.T.);
#5940 = EDGE_LOOP('',(#5941,#5964,#5965,#5966));
#5941 = ORIENTED_EDGE('',*,*,#5942,.T.);
#5942 = EDGE_CURVE('',#5943,#1030,#5945,.T.);
#5943 = VERTEX_POINT('',#5944);
#5944 = CARTESIAN_POINT('',(98.2,10.374119674649,22.));
#5945 = SURFACE_CURVE('',#5946,(#5950,#5957),.PCURVE_S1.);
#5946 = LINE('',#5947,#5948);
#5947 = CARTESIAN_POINT('',(98.2,10.374119674649,22.));
#5948 = VECTOR('',#5949,1.);
#5949 = DIRECTION('',(0.,0.,1.));
#5950 = PCURVE('',#1078,#5951);
#5951 = DEFINITIONAL_REPRESENTATION('',(#5952),#5956);
#5952 = LINE('',#5953,#5954);
#5953 = CARTESIAN_POINT('',(4.712388980385,0.));
#5954 = VECTOR('',#5955,1.);
#5955 = DIRECTION('',(0.,-1.));
#5956 = ( GEOMETRIC_REPRESENTATION_CONTEXT(2) 
PARAMETRIC_REPRESENTATION_CONTEXT() REPRESENTATION_CONTEXT('2D SPACE',''
  ) );
#5957 = PCURVE('',#1045,#5958);
#5958 = DEFINITIONAL_REPRESENTATION('',(#5959),#5963);
#5959 = LINE('',#5960,#5961);
#5960 = CARTESIAN_POINT('',(0.,0.));
#5961 = VECTOR('',#5962,1.);
#5962 = DIRECTION('',(0.,-1.));
#5963 = ( GEOMETRIC_REPRESENTATION_CONTEXT(2) 
PARAMETRIC_REPRESENTATION_CONTEXT() REPRESENTATION_CONTEXT('2D SPACE',''
  ) );
#5964 = ORIENTED_EDGE('',*,*,#1057,.T.);
#5965 = ORIENTED_EDGE('',*,*,#5839,.F.);
#5966 = ORIENTED_EDGE('',*,*,#5967,.F.);
#5967 = EDGE_CURVE('',#5943,#5840,#5968,.T.);
#5968 = SURFACE_CURVE('',#5969,(#5974,#5981),.PCURVE_S1.);
#5969 = CIRCLE('',#5970,2.7);
#5970 = AXIS2_PLACEMENT_3D('',#5971,#5972,#5973);
#5971 = CARTESIAN_POINT('',(95.5,10.374119674649,22.));
#5972 = DIRECTION('',(-0.,0.,-1.));
#5973 = DIRECTION('',(-0.,-1.,0.));
#5974 = PCURVE('',#1078,#5975);
#5975 = DEFINITIONAL_REPRESENTATION('',(#5976),#5980);
#5976 = LINE('',#5977,#5978);
#5977 = CARTESIAN_POINT('',(0.,0.));
#5978 = VECTOR('',#5979,1.);
#5979 = DIRECTION('',(1.,0.));
#5980 = ( GEOMETRIC_REPRESENTATION_CONTEXT(2) 
PARAMETRIC_REPRESENTATION_CONTEXT() REPRESENTATION_CONTEXT('2D SPACE',''
  ) );
#5981 = PCURVE('',#5211,#5982);
#5982 = DEFINITIONAL_REPRESENTATION('',(#5983),#5987);
#5983 = CIRCLE('',#5984,2.7);
#5984 = AXIS2_PLACEMENT_2D('',#5985,#5986);
#5985 = CARTESIAN_POINT('',(-46.25,-26.07588032535));
#5986 = DIRECTION('',(0.,-1.));
#5987 = ( GEOMETRIC_REPRESENTATION_CONTEXT(2) 
PARAMETRIC_REPRESENTATION_CONTEXT() REPRESENTATION_CONTEXT('2D SPACE',''
  ) );
#5988 = ADVANCED_FACE('',(#5989),#832,.T.);
#5989 = FACE_BOUND('',#5990,.T.);
#5990 = EDGE_LOOP('',(#5991,#5992,#5993,#6016));
#5991 = ORIENTED_EDGE('',*,*,#5893,.T.);
#5992 = ORIENTED_EDGE('',*,*,#811,.T.);
#5993 = ORIENTED_EDGE('',*,*,#5994,.F.);
#5994 = EDGE_CURVE('',#5995,#812,#5997,.T.);
#5995 = VERTEX_POINT('',#5996);
#5996 = CARTESIAN_POINT('',(43.038116227745,70.35,22.));
#5997 = SURFACE_CURVE('',#5998,(#6002,#6009),.PCURVE_S1.);
#5998 = LINE('',#5999,#6000);
#5999 = CARTESIAN_POINT('',(43.038116227745,70.35,22.));
#6000 = VECTOR('',#6001,1.);
#6001 = DIRECTION('',(0.,0.,1.));
#6002 = PCURVE('',#832,#6003);
#6003 = DEFINITIONAL_REPRESENTATION('',(#6004),#6008);
#6004 = LINE('',#6005,#6006);
#6005 = CARTESIAN_POINT('',(4.544940901165,0.));
#6006 = VECTOR('',#6007,1.);
#6007 = DIRECTION('',(0.,-1.));
#6008 = ( GEOMETRIC_REPRESENTATION_CONTEXT(2) 
PARAMETRIC_REPRESENTATION_CONTEXT() REPRESENTATION_CONTEXT('2D SPACE',''
  ) );
#6009 = PCURVE('',#861,#6010);
#6010 = DEFINITIONAL_REPRESENTATION('',(#6011),#6015);
#6011 = LINE('',#6012,#6013);
#6012 = CARTESIAN_POINT('',(-6.703313641541,0.));
#6013 = VECTOR('',#6014,1.);
#6014 = DIRECTION('',(-0.,-1.));
#6015 = ( GEOMETRIC_REPRESENTATION_CONTEXT(2) 
PARAMETRIC_REPRESENTATION_CONTEXT() REPRESENTATION_CONTEXT('2D SPACE',''
  ) );
#6016 = ORIENTED_EDGE('',*,*,#6017,.F.);
#6017 = EDGE_CURVE('',#5894,#5995,#6018,.T.);
#6018 = SURFACE_CURVE('',#6019,(#6024,#6031),.PCURVE_S1.);
#6019 = CIRCLE('',#6020,2.7);
#6020 = AXIS2_PLACEMENT_3D('',#6021,#6022,#6023);
#6021 = CARTESIAN_POINT('',(40.375880325351,69.9,22.));
#6022 = DIRECTION('',(-0.,0.,-1.));
#6023 = DIRECTION('',(-0.,-1.,0.));
#6024 = PCURVE('',#832,#6025);
#6025 = DEFINITIONAL_REPRESENTATION('',(#6026),#6030);
#6026 = LINE('',#6027,#6028);
#6027 = CARTESIAN_POINT('',(0.,0.));
#6028 = VECTOR('',#6029,1.);
#6029 = DIRECTION('',(1.,0.));
#6030 = ( GEOMETRIC_REPRESENTATION_CONTEXT(2) 
PARAMETRIC_REPRESENTATION_CONTEXT() REPRESENTATION_CONTEXT('2D SPACE',''
  ) );
#6031 = PCURVE('',#5211,#6032);
#6032 = DEFINITIONAL_REPRESENTATION('',(#6033),#6037);
#6033 = CIRCLE('',#6034,2.7);
#6034 = AXIS2_PLACEMENT_2D('',#6035,#6036);
#6035 = CARTESIAN_POINT('',(8.874119674649,33.45));
#6036 = DIRECTION('',(0.,-1.));
#6037 = ( GEOMETRIC_REPRESENTATION_CONTEXT(2) 
PARAMETRIC_REPRESENTATION_CONTEXT() REPRESENTATION_CONTEXT('2D SPACE',''
  ) );
#6038 = ADVANCED_FACE('',(#6039),#1045,.F.);
#6039 = FACE_BOUND('',#6040,.F.);
#6040 = EDGE_LOOP('',(#6041,#6042,#6043,#6066));
#6041 = ORIENTED_EDGE('',*,*,#5942,.T.);
#6042 = ORIENTED_EDGE('',*,*,#1029,.T.);
#6043 = ORIENTED_EDGE('',*,*,#6044,.F.);
#6044 = EDGE_CURVE('',#6045,#997,#6047,.T.);
#6045 = VERTEX_POINT('',#6046);
#6046 = CARTESIAN_POINT('',(98.2,62.525880325351,22.));
#6047 = SURFACE_CURVE('',#6048,(#6052,#6059),.PCURVE_S1.);
#6048 = LINE('',#6049,#6050);
#6049 = CARTESIAN_POINT('',(98.2,62.525880325351,22.));
#6050 = VECTOR('',#6051,1.);
#6051 = DIRECTION('',(0.,0.,1.));
#6052 = PCURVE('',#1045,#6053);
#6053 = DEFINITIONAL_REPRESENTATION('',(#6054),#6058);
#6054 = LINE('',#6055,#6056);
#6055 = CARTESIAN_POINT('',(52.151760650701,0.));
#6056 = VECTOR('',#6057,1.);
#6057 = DIRECTION('',(0.,-1.));
#6058 = ( GEOMETRIC_REPRESENTATION_CONTEXT(2) 
PARAMETRIC_REPRESENTATION_CONTEXT() REPRESENTATION_CONTEXT('2D SPACE',''
  ) );
#6059 = PCURVE('',#1017,#6060);
#6060 = DEFINITIONAL_REPRESENTATION('',(#6061),#6065);
#6061 = LINE('',#6062,#6063);
#6062 = CARTESIAN_POINT('',(4.712388980385,0.));
#6063 = VECTOR('',#6064,1.);
#6064 = DIRECTION('',(0.,-1.));
#6065 = ( GEOMETRIC_REPRESENTATION_CONTEXT(2) 
PARAMETRIC_REPRESENTATION_CONTEXT() REPRESENTATION_CONTEXT('2D SPACE',''
  ) );
#6066 = ORIENTED_EDGE('',*,*,#6067,.F.);
#6067 = EDGE_CURVE('',#5943,#6045,#6068,.T.);
#6068 = SURFACE_CURVE('',#6069,(#6073,#6080),.PCURVE_S1.);
#6069 = LINE('',#6070,#6071);
#6070 = CARTESIAN_POINT('',(98.2,0.,22.));
#6071 = VECTOR('',#6072,1.);
#6072 = DIRECTION('',(0.,1.,0.));
#6073 = PCURVE('',#1045,#6074);
#6074 = DEFINITIONAL_REPRESENTATION('',(#6075),#6079);
#6075 = LINE('',#6076,#6077);
#6076 = CARTESIAN_POINT('',(-10.37411967464,0.));
#6077 = VECTOR('',#6078,1.);
#6078 = DIRECTION('',(1.,0.));
#6079 = ( GEOMETRIC_REPRESENTATION_CONTEXT(2) 
PARAMETRIC_REPRESENTATION_CONTEXT() REPRESENTATION_CONTEXT('2D SPACE',''
  ) );
#6080 = PCURVE('',#5211,#6081);
#6081 = DEFINITIONAL_REPRESENTATION('',(#6082),#6086);
#6082 = LINE('',#6083,#6084);
#6083 = CARTESIAN_POINT('',(-48.95,-36.45));
#6084 = VECTOR('',#6085,1.);
#6085 = DIRECTION('',(0.,1.));
#6086 = ( GEOMETRIC_REPRESENTATION_CONTEXT(2) 
PARAMETRIC_REPRESENTATION_CONTEXT() REPRESENTATION_CONTEXT('2D SPACE',''
  ) );
#6087 = ADVANCED_FACE('',(#6088),#861,.F.);
#6088 = FACE_BOUND('',#6089,.T.);
#6089 = EDGE_LOOP('',(#6090,#6091,#6092,#6115));
#6090 = ORIENTED_EDGE('',*,*,#5994,.T.);
#6091 = ORIENTED_EDGE('',*,*,#844,.T.);
#6092 = ORIENTED_EDGE('',*,*,#6093,.F.);
#6093 = EDGE_CURVE('',#6094,#845,#6096,.T.);
#6094 = VERTEX_POINT('',#6095);
#6095 = CARTESIAN_POINT('',(55.461883772255,70.35,22.));
#6096 = SURFACE_CURVE('',#6097,(#6101,#6108),.PCURVE_S1.);
#6097 = LINE('',#6098,#6099);
#6098 = CARTESIAN_POINT('',(55.461883772255,70.35,22.));
#6099 = VECTOR('',#6100,1.);
#6100 = DIRECTION('',(0.,0.,1.));
#6101 = PCURVE('',#861,#6102);
#6102 = DEFINITIONAL_REPRESENTATION('',(#6103),#6107);
#6103 = LINE('',#6104,#6105);
#6104 = CARTESIAN_POINT('',(-9.510010136692,0.));
#6105 = VECTOR('',#6106,1.);
#6106 = DIRECTION('',(-0.,-1.));
#6107 = ( GEOMETRIC_REPRESENTATION_CONTEXT(2) 
PARAMETRIC_REPRESENTATION_CONTEXT() REPRESENTATION_CONTEXT('2D SPACE',''
  ) );
#6108 = PCURVE('',#894,#6109);
#6109 = DEFINITIONAL_REPRESENTATION('',(#6110),#6114);
#6110 = LINE('',#6111,#6112);
#6111 = CARTESIAN_POINT('',(1.738244406015,0.));
#6112 = VECTOR('',#6113,1.);
#6113 = DIRECTION('',(0.,-1.));
#6114 = ( GEOMETRIC_REPRESENTATION_CONTEXT(2) 
PARAMETRIC_REPRESENTATION_CONTEXT() REPRESENTATION_CONTEXT('2D SPACE',''
  ) );
#6115 = ORIENTED_EDGE('',*,*,#6116,.F.);
#6116 = EDGE_CURVE('',#5995,#6094,#6117,.T.);
#6117 = SURFACE_CURVE('',#6118,(#6123,#6130),.PCURVE_S1.);
#6118 = CIRCLE('',#6119,6.3);
#6119 = AXIS2_PLACEMENT_3D('',#6120,#6121,#6122);
#6120 = CARTESIAN_POINT('',(49.25,71.4,22.));
#6121 = DIRECTION('',(0.,0.,1.));
#6122 = DIRECTION('',(-0.968245836552,0.25,0.));
#6123 = PCURVE('',#861,#6124);
#6124 = DEFINITIONAL_REPRESENTATION('',(#6125),#6129);
#6125 = LINE('',#6126,#6127);
#6126 = CARTESIAN_POINT('',(-0.,0.));
#6127 = VECTOR('',#6128,1.);
#6128 = DIRECTION('',(-1.,0.));
#6129 = ( GEOMETRIC_REPRESENTATION_CONTEXT(2) 
PARAMETRIC_REPRESENTATION_CONTEXT() REPRESENTATION_CONTEXT('2D SPACE',''
  ) );
#6130 = PCURVE('',#5211,#6131);
#6131 = DEFINITIONAL_REPRESENTATION('',(#6132),#6140);
#6132 = ( BOUNDED_CURVE() B_SPLINE_CURVE(2,(#6133,#6134,#6135,#6136,
#6137,#6138,#6139),.UNSPECIFIED.,.T.,.F.) B_SPLINE_CURVE_WITH_KNOTS((1,2
    ,2,2,2,1),(-2.094395102393,0.,2.094395102393,4.188790204786,
6.28318530718,8.377580409573),.UNSPECIFIED.) CURVE() 
GEOMETRIC_REPRESENTATION_ITEM() RATIONAL_B_SPLINE_CURVE((1.,0.5,1.,0.5,
1.,0.5,1.)) REPRESENTATION_ITEM('') );
#6133 = CARTESIAN_POINT('',(6.099948770277,36.525));
#6134 = CARTESIAN_POINT('',(8.827928792198,25.959578806313));
#6135 = CARTESIAN_POINT('',(-1.685984374178,28.879789403157));
#6136 = CARTESIAN_POINT('',(-12.19989754055,31.8));
#6137 = CARTESIAN_POINT('',(-4.413964396099,39.445210596843));
#6138 = CARTESIAN_POINT('',(3.371968748356,47.090421193686));
#6139 = CARTESIAN_POINT('',(6.099948770277,36.525));
#6140 = ( GEOMETRIC_REPRESENTATION_CONTEXT(2) 
PARAMETRIC_REPRESENTATION_CONTEXT() REPRESENTATION_CONTEXT('2D SPACE',''
  ) );
#6141 = ADVANCED_FACE('',(#6142),#1017,.T.);
#6142 = FACE_BOUND('',#6143,.T.);
#6143 = EDGE_LOOP('',(#6144,#6167,#6168,#6169));
#6144 = ORIENTED_EDGE('',*,*,#6145,.T.);
#6145 = EDGE_CURVE('',#6146,#968,#6148,.T.);
#6146 = VERTEX_POINT('',#6147);
#6147 = CARTESIAN_POINT('',(95.95,65.188116227745,22.));
#6148 = SURFACE_CURVE('',#6149,(#6153,#6160),.PCURVE_S1.);
#6149 = LINE('',#6150,#6151);
#6150 = CARTESIAN_POINT('',(95.95,65.188116227745,22.));
#6151 = VECTOR('',#6152,1.);
#6152 = DIRECTION('',(0.,0.,1.));
#6153 = PCURVE('',#1017,#6154);
#6154 = DEFINITIONAL_REPRESENTATION('',(#6155),#6159);
#6155 = LINE('',#6156,#6157);
#6156 = CARTESIAN_POINT('',(3.309040732809,0.));
#6157 = VECTOR('',#6158,1.);
#6158 = DIRECTION('',(0.,-1.));
#6159 = ( GEOMETRIC_REPRESENTATION_CONTEXT(2) 
PARAMETRIC_REPRESENTATION_CONTEXT() REPRESENTATION_CONTEXT('2D SPACE',''
  ) );
#6160 = PCURVE('',#984,#6161);
#6161 = DEFINITIONAL_REPRESENTATION('',(#6162),#6166);
#6162 = LINE('',#6163,#6164);
#6163 = CARTESIAN_POINT('',(-4.544940901165,0.));
#6164 = VECTOR('',#6165,1.);
#6165 = DIRECTION('',(-0.,-1.));
#6166 = ( GEOMETRIC_REPRESENTATION_CONTEXT(2) 
PARAMETRIC_REPRESENTATION_CONTEXT() REPRESENTATION_CONTEXT('2D SPACE',''
  ) );
#6167 = ORIENTED_EDGE('',*,*,#996,.T.);
#6168 = ORIENTED_EDGE('',*,*,#6044,.F.);
#6169 = ORIENTED_EDGE('',*,*,#6170,.F.);
#6170 = EDGE_CURVE('',#6146,#6045,#6171,.T.);
#6171 = SURFACE_CURVE('',#6172,(#6177,#6184),.PCURVE_S1.);
#6172 = CIRCLE('',#6173,2.7);
#6173 = AXIS2_PLACEMENT_3D('',#6174,#6175,#6176);
#6174 = CARTESIAN_POINT('',(95.5,62.525880325351,22.));
#6175 = DIRECTION('',(-0.,0.,-1.));
#6176 = DIRECTION('',(-0.,-1.,0.));
#6177 = PCURVE('',#1017,#6178);
#6178 = DEFINITIONAL_REPRESENTATION('',(#6179),#6183);
#6179 = LINE('',#6180,#6181);
#6180 = CARTESIAN_POINT('',(0.,0.));
#6181 = VECTOR('',#6182,1.);
#6182 = DIRECTION('',(1.,0.));
#6183 = ( GEOMETRIC_REPRESENTATION_CONTEXT(2) 
PARAMETRIC_REPRESENTATION_CONTEXT() REPRESENTATION_CONTEXT('2D SPACE',''
  ) );
#6184 = PCURVE('',#5211,#6185);
#6185 = DEFINITIONAL_REPRESENTATION('',(#6186),#6190);
#6186 = CIRCLE('',#6187,2.7);
#6187 = AXIS2_PLACEMENT_2D('',#6188,#6189);
#6188 = CARTESIAN_POINT('',(-46.25,26.075880325351));
#6189 = DIRECTION('',(0.,-1.));
#6190 = ( GEOMETRIC_REPRESENTATION_CONTEXT(2) 
PARAMETRIC_REPRESENTATION_CONTEXT() REPRESENTATION_CONTEXT('2D SPACE',''
  ) );
#6191 = ADVANCED_FACE('',(#6192),#894,.T.);
#6192 = FACE_BOUND('',#6193,.T.);
#6193 = EDGE_LOOP('',(#6194,#6195,#6196,#6219));
#6194 = ORIENTED_EDGE('',*,*,#6093,.T.);
#6195 = ORIENTED_EDGE('',*,*,#873,.T.);
#6196 = ORIENTED_EDGE('',*,*,#6197,.F.);
#6197 = EDGE_CURVE('',#6198,#874,#6200,.T.);
#6198 = VERTEX_POINT('',#6199);
#6199 = CARTESIAN_POINT('',(58.124119674649,72.6,22.));
#6200 = SURFACE_CURVE('',#6201,(#6205,#6212),.PCURVE_S1.);
#6201 = LINE('',#6202,#6203);
#6202 = CARTESIAN_POINT('',(58.124119674649,72.6,22.));
#6203 = VECTOR('',#6204,1.);
#6204 = DIRECTION('',(0.,0.,1.));
#6205 = PCURVE('',#894,#6206);
#6206 = DEFINITIONAL_REPRESENTATION('',(#6207),#6211);
#6207 = LINE('',#6208,#6209);
#6208 = CARTESIAN_POINT('',(3.14159265359,0.));
#6209 = VECTOR('',#6210,1.);
#6210 = DIRECTION('',(0.,-1.));
#6211 = ( GEOMETRIC_REPRESENTATION_CONTEXT(2) 
PARAMETRIC_REPRESENTATION_CONTEXT() REPRESENTATION_CONTEXT('2D SPACE',''
  ) );
#6212 = PCURVE('',#922,#6213);
#6213 = DEFINITIONAL_REPRESENTATION('',(#6214),#6218);
#6214 = LINE('',#6215,#6216);
#6215 = CARTESIAN_POINT('',(30.001760650701,0.));
#6216 = VECTOR('',#6217,1.);
#6217 = DIRECTION('',(0.,-1.));
#6218 = ( GEOMETRIC_REPRESENTATION_CONTEXT(2) 
PARAMETRIC_REPRESENTATION_CONTEXT() REPRESENTATION_CONTEXT('2D SPACE',''
  ) );
#6219 = ORIENTED_EDGE('',*,*,#6220,.F.);
#6220 = EDGE_CURVE('',#6094,#6198,#6221,.T.);
#6221 = SURFACE_CURVE('',#6222,(#6227,#6234),.PCURVE_S1.);
#6222 = CIRCLE('',#6223,2.7);
#6223 = AXIS2_PLACEMENT_3D('',#6224,#6225,#6226);
#6224 = CARTESIAN_POINT('',(58.124119674649,69.9,22.));
#6225 = DIRECTION('',(-0.,0.,-1.));
#6226 = DIRECTION('',(-0.,-1.,0.));
#6227 = PCURVE('',#894,#6228);
#6228 = DEFINITIONAL_REPRESENTATION('',(#6229),#6233);
#6229 = LINE('',#6230,#6231);
#6230 = CARTESIAN_POINT('',(0.,0.));
#6231 = VECTOR('',#6232,1.);
#6232 = DIRECTION('',(1.,0.));
#6233 = ( GEOMETRIC_REPRESENTATION_CONTEXT(2) 
PARAMETRIC_REPRESENTATION_CONTEXT() REPRESENTATION_CONTEXT('2D SPACE',''
  ) );
#6234 = PCURVE('',#5211,#6235);
#6235 = DEFINITIONAL_REPRESENTATION('',(#6236),#6240);
#6236 = CIRCLE('',#6237,2.7);
#6237 = AXIS2_PLACEMENT_2D('',#6238,#6239);
#6238 = CARTESIAN_POINT('',(-8.874119674649,33.45));
#6239 = DIRECTION('',(0.,-1.));
#6240 = ( GEOMETRIC_REPRESENTATION_CONTEXT(2) 
PARAMETRIC_REPRESENTATION_CONTEXT() REPRESENTATION_CONTEXT('2D SPACE',''
  ) );
#6241 = ADVANCED_FACE('',(#6242),#984,.F.);
#6242 = FACE_BOUND('',#6243,.T.);
#6243 = EDGE_LOOP('',(#6244,#6267,#6268,#6269));
#6244 = ORIENTED_EDGE('',*,*,#6245,.T.);
#6245 = EDGE_CURVE('',#6246,#935,#6248,.T.);
#6246 = VERTEX_POINT('',#6247);
#6247 = CARTESIAN_POINT('',(90.788116227745,70.35,22.));
#6248 = SURFACE_CURVE('',#6249,(#6253,#6260),.PCURVE_S1.);
#6249 = LINE('',#6250,#6251);
#6250 = CARTESIAN_POINT('',(90.788116227745,70.35,22.));
#6251 = VECTOR('',#6252,1.);
#6252 = DIRECTION('',(0.,0.,1.));
#6253 = PCURVE('',#984,#6254);
#6254 = DEFINITIONAL_REPRESENTATION('',(#6255),#6259);
#6255 = LINE('',#6256,#6257);
#6256 = CARTESIAN_POINT('',(-3.309040732809,0.));
#6257 = VECTOR('',#6258,1.);
#6258 = DIRECTION('',(-0.,-1.));
#6259 = ( GEOMETRIC_REPRESENTATION_CONTEXT(2) 
PARAMETRIC_REPRESENTATION_CONTEXT() REPRESENTATION_CONTEXT('2D SPACE',''
  ) );
#6260 = PCURVE('',#955,#6261);
#6261 = DEFINITIONAL_REPRESENTATION('',(#6262),#6266);
#6262 = LINE('',#6263,#6264);
#6263 = CARTESIAN_POINT('',(4.544940901165,0.));
#6264 = VECTOR('',#6265,1.);
#6265 = DIRECTION('',(0.,-1.));
#6266 = ( GEOMETRIC_REPRESENTATION_CONTEXT(2) 
PARAMETRIC_REPRESENTATION_CONTEXT() REPRESENTATION_CONTEXT('2D SPACE',''
  ) );
#6267 = ORIENTED_EDGE('',*,*,#967,.T.);
#6268 = ORIENTED_EDGE('',*,*,#6145,.F.);
#6269 = ORIENTED_EDGE('',*,*,#6270,.F.);
#6270 = EDGE_CURVE('',#6246,#6146,#6271,.T.);
#6271 = SURFACE_CURVE('',#6272,(#6277,#6284),.PCURVE_S1.);
#6272 = CIRCLE('',#6273,6.3);
#6273 = AXIS2_PLACEMENT_3D('',#6274,#6275,#6276);
#6274 = CARTESIAN_POINT('',(97.,71.4,22.));
#6275 = DIRECTION('',(0.,-0.,1.));
#6276 = DIRECTION('',(1.,0.,0.));
#6277 = PCURVE('',#984,#6278);
#6278 = DEFINITIONAL_REPRESENTATION('',(#6279),#6283);
#6279 = LINE('',#6280,#6281);
#6280 = CARTESIAN_POINT('',(-0.,0.));
#6281 = VECTOR('',#6282,1.);
#6282 = DIRECTION('',(-1.,0.));
#6283 = ( GEOMETRIC_REPRESENTATION_CONTEXT(2) 
PARAMETRIC_REPRESENTATION_CONTEXT() REPRESENTATION_CONTEXT('2D SPACE',''
  ) );
#6284 = PCURVE('',#5211,#6285);
#6285 = DEFINITIONAL_REPRESENTATION('',(#6286),#6294);
#6286 = ( BOUNDED_CURVE() B_SPLINE_CURVE(2,(#6287,#6288,#6289,#6290,
#6291,#6292,#6293),.UNSPECIFIED.,.T.,.F.) B_SPLINE_CURVE_WITH_KNOTS((1,2
    ,2,2,2,1),(-2.094395102393,0.,2.094395102393,4.188790204786,
6.28318530718,8.377580409573),.UNSPECIFIED.) CURVE() 
GEOMETRIC_REPRESENTATION_ITEM() RATIONAL_B_SPLINE_CURVE((1.,0.5,1.,0.5,
1.,0.5,1.)) REPRESENTATION_ITEM('') );
#6287 = CARTESIAN_POINT('',(-54.05,34.95));
#6288 = CARTESIAN_POINT('',(-54.05,45.861920087684));
#6289 = CARTESIAN_POINT('',(-44.6,40.405960043842));
#6290 = CARTESIAN_POINT('',(-35.15,34.95));
#6291 = CARTESIAN_POINT('',(-44.6,29.494039956158));
#6292 = CARTESIAN_POINT('',(-54.05,24.038079912316));
#6293 = CARTESIAN_POINT('',(-54.05,34.95));
#6294 = ( GEOMETRIC_REPRESENTATION_CONTEXT(2) 
PARAMETRIC_REPRESENTATION_CONTEXT() REPRESENTATION_CONTEXT('2D SPACE',''
  ) );
#6295 = ADVANCED_FACE('',(#6296),#922,.F.);
#6296 = FACE_BOUND('',#6297,.F.);
#6297 = EDGE_LOOP('',(#6298,#6321,#6322,#6323));
#6298 = ORIENTED_EDGE('',*,*,#6299,.T.);
#6299 = EDGE_CURVE('',#6300,#907,#6302,.T.);
#6300 = VERTEX_POINT('',#6301);
#6301 = CARTESIAN_POINT('',(88.125880325351,72.6,22.));
#6302 = SURFACE_CURVE('',#6303,(#6307,#6314),.PCURVE_S1.);
#6303 = LINE('',#6304,#6305);
#6304 = CARTESIAN_POINT('',(88.125880325351,72.6,22.));
#6305 = VECTOR('',#6306,1.);
#6306 = DIRECTION('',(0.,0.,1.));
#6307 = PCURVE('',#922,#6308);
#6308 = DEFINITIONAL_REPRESENTATION('',(#6309),#6313);
#6309 = LINE('',#6310,#6311);
#6310 = CARTESIAN_POINT('',(0.,-0.));
#6311 = VECTOR('',#6312,1.);
#6312 = DIRECTION('',(0.,-1.));
#6313 = ( GEOMETRIC_REPRESENTATION_CONTEXT(2) 
PARAMETRIC_REPRESENTATION_CONTEXT() REPRESENTATION_CONTEXT('2D SPACE',''
  ) );
#6314 = PCURVE('',#955,#6315);
#6315 = DEFINITIONAL_REPRESENTATION('',(#6316),#6320);
#6316 = LINE('',#6317,#6318);
#6317 = CARTESIAN_POINT('',(3.14159265359,0.));
#6318 = VECTOR('',#6319,1.);
#6319 = DIRECTION('',(0.,-1.));
#6320 = ( GEOMETRIC_REPRESENTATION_CONTEXT(2) 
PARAMETRIC_REPRESENTATION_CONTEXT() REPRESENTATION_CONTEXT('2D SPACE',''
  ) );
#6321 = ORIENTED_EDGE('',*,*,#906,.T.);
#6322 = ORIENTED_EDGE('',*,*,#6197,.F.);
#6323 = ORIENTED_EDGE('',*,*,#6324,.F.);
#6324 = EDGE_CURVE('',#6300,#6198,#6325,.T.);
#6325 = SURFACE_CURVE('',#6326,(#6330,#6337),.PCURVE_S1.);
#6326 = LINE('',#6327,#6328);
#6327 = CARTESIAN_POINT('',(98.5,72.6,22.));
#6328 = VECTOR('',#6329,1.);
#6329 = DIRECTION('',(-1.,0.,0.));
#6330 = PCURVE('',#922,#6331);
#6331 = DEFINITIONAL_REPRESENTATION('',(#6332),#6336);
#6332 = LINE('',#6333,#6334);
#6333 = CARTESIAN_POINT('',(-10.37411967464,-0.));
#6334 = VECTOR('',#6335,1.);
#6335 = DIRECTION('',(1.,0.));
#6336 = ( GEOMETRIC_REPRESENTATION_CONTEXT(2) 
PARAMETRIC_REPRESENTATION_CONTEXT() REPRESENTATION_CONTEXT('2D SPACE',''
  ) );
#6337 = PCURVE('',#5211,#6338);
#6338 = DEFINITIONAL_REPRESENTATION('',(#6339),#6343);
#6339 = LINE('',#6340,#6341);
#6340 = CARTESIAN_POINT('',(-49.25,36.15));
#6341 = VECTOR('',#6342,1.);
#6342 = DIRECTION('',(1.,0.));
#6343 = ( GEOMETRIC_REPRESENTATION_CONTEXT(2) 
PARAMETRIC_REPRESENTATION_CONTEXT() REPRESENTATION_CONTEXT('2D SPACE',''
  ) );
#6344 = ADVANCED_FACE('',(#6345),#955,.T.);
#6345 = FACE_BOUND('',#6346,.T.);
#6346 = EDGE_LOOP('',(#6347,#6348,#6349,#6350));
#6347 = ORIENTED_EDGE('',*,*,#6299,.T.);
#6348 = ORIENTED_EDGE('',*,*,#934,.T.);
#6349 = ORIENTED_EDGE('',*,*,#6245,.F.);
#6350 = ORIENTED_EDGE('',*,*,#6351,.F.);
#6351 = EDGE_CURVE('',#6300,#6246,#6352,.T.);
#6352 = SURFACE_CURVE('',#6353,(#6358,#6365),.PCURVE_S1.);
#6353 = CIRCLE('',#6354,2.7);
#6354 = AXIS2_PLACEMENT_3D('',#6355,#6356,#6357);
#6355 = CARTESIAN_POINT('',(88.125880325351,69.9,22.));
#6356 = DIRECTION('',(-0.,0.,-1.));
#6357 = DIRECTION('',(-0.,-1.,0.));
#6358 = PCURVE('',#955,#6359);
#6359 = DEFINITIONAL_REPRESENTATION('',(#6360),#6364);
#6360 = LINE('',#6361,#6362);
#6361 = CARTESIAN_POINT('',(0.,0.));
#6362 = VECTOR('',#6363,1.);
#6363 = DIRECTION('',(1.,0.));
#6364 = ( GEOMETRIC_REPRESENTATION_CONTEXT(2) 
PARAMETRIC_REPRESENTATION_CONTEXT() REPRESENTATION_CONTEXT('2D SPACE',''
  ) );
#6365 = PCURVE('',#5211,#6366);
#6366 = DEFINITIONAL_REPRESENTATION('',(#6367),#6371);
#6367 = CIRCLE('',#6368,2.7);
#6368 = AXIS2_PLACEMENT_2D('',#6369,#6370);
#6369 = CARTESIAN_POINT('',(-38.87588032535,33.45));
#6370 = DIRECTION('',(0.,-1.));
#6371 = ( GEOMETRIC_REPRESENTATION_CONTEXT(2) 
PARAMETRIC_REPRESENTATION_CONTEXT() REPRESENTATION_CONTEXT('2D SPACE',''
  ) );
#6372 = ADVANCED_FACE('',(#6373),#1316,.F.);
#6373 = FACE_BOUND('',#6374,.F.);
#6374 = EDGE_LOOP('',(#6375,#6404,#6425,#6426));
#6375 = ORIENTED_EDGE('',*,*,#6376,.F.);
#6376 = EDGE_CURVE('',#6377,#6377,#6379,.T.);
#6377 = VERTEX_POINT('',#6378);
#6378 = CARTESIAN_POINT('',(3.2,71.4,25.7));
#6379 = SURFACE_CURVE('',#6380,(#6385,#6392),.PCURVE_S1.);
#6380 = CIRCLE('',#6381,1.7);
#6381 = AXIS2_PLACEMENT_3D('',#6382,#6383,#6384);
#6382 = CARTESIAN_POINT('',(1.5,71.4,25.7));
#6383 = DIRECTION('',(0.,0.,1.));
#6384 = DIRECTION('',(1.,0.,-0.));
#6385 = PCURVE('',#1316,#6386);
#6386 = DEFINITIONAL_REPRESENTATION('',(#6387),#6391);
#6387 = LINE('',#6388,#6389);
#6388 = CARTESIAN_POINT('',(0.,2.7));
#6389 = VECTOR('',#6390,1.);
#6390 = DIRECTION('',(1.,0.));
#6391 = ( GEOMETRIC_REPRESENTATION_CONTEXT(2) 
PARAMETRIC_REPRESENTATION_CONTEXT() REPRESENTATION_CONTEXT('2D SPACE',''
  ) );
#6392 = PCURVE('',#6393,#6398);
#6393 = PLANE('',#6394);
#6394 = AXIS2_PLACEMENT_3D('',#6395,#6396,#6397);
#6395 = CARTESIAN_POINT('',(1.5,71.4,25.7));
#6396 = DIRECTION('',(0.,0.,1.));
#6397 = DIRECTION('',(1.,0.,-0.));
#6398 = DEFINITIONAL_REPRESENTATION('',(#6399),#6403);
#6399 = CIRCLE('',#6400,1.7);
#6400 = AXIS2_PLACEMENT_2D('',#6401,#6402);
#6401 = CARTESIAN_POINT('',(0.,0.));
#6402 = DIRECTION('',(1.,0.));
#6403 = ( GEOMETRIC_REPRESENTATION_CONTEXT(2) 
PARAMETRIC_REPRESENTATION_CONTEXT() REPRESENTATION_CONTEXT('2D SPACE',''
  ) );
#6404 = ORIENTED_EDGE('',*,*,#6405,.F.);
#6405 = EDGE_CURVE('',#1300,#6377,#6406,.T.);
#6406 = SEAM_CURVE('',#6407,(#6411,#6418),.PCURVE_S1.);
#6407 = LINE('',#6408,#6409);
#6408 = CARTESIAN_POINT('',(3.2,71.4,23.));
#6409 = VECTOR('',#6410,1.);
#6410 = DIRECTION('',(0.,0.,1.));
#6411 = PCURVE('',#1316,#6412);
#6412 = DEFINITIONAL_REPRESENTATION('',(#6413),#6417);
#6413 = LINE('',#6414,#6415);
#6414 = CARTESIAN_POINT('',(6.28318530718,-0.));
#6415 = VECTOR('',#6416,1.);
#6416 = DIRECTION('',(0.,1.));
#6417 = ( GEOMETRIC_REPRESENTATION_CONTEXT(2) 
PARAMETRIC_REPRESENTATION_CONTEXT() REPRESENTATION_CONTEXT('2D SPACE',''
  ) );
#6418 = PCURVE('',#1316,#6419);
#6419 = DEFINITIONAL_REPRESENTATION('',(#6420),#6424);
#6420 = LINE('',#6421,#6422);
#6421 = CARTESIAN_POINT('',(0.,-0.));
#6422 = VECTOR('',#6423,1.);
#6423 = DIRECTION('',(0.,1.));
#6424 = ( GEOMETRIC_REPRESENTATION_CONTEXT(2) 
PARAMETRIC_REPRESENTATION_CONTEXT() REPRESENTATION_CONTEXT('2D SPACE',''
  ) );
#6425 = ORIENTED_EDGE('',*,*,#1299,.T.);
#6426 = ORIENTED_EDGE('',*,*,#6405,.T.);
#6427 = ADVANCED_FACE('',(#6428),#1347,.F.);
#6428 = FACE_BOUND('',#6429,.F.);
#6429 = EDGE_LOOP('',(#6430,#6459,#6480,#6481));
#6430 = ORIENTED_EDGE('',*,*,#6431,.F.);
#6431 = EDGE_CURVE('',#6432,#6432,#6434,.T.);
#6432 = VERTEX_POINT('',#6433);
#6433 = CARTESIAN_POINT('',(50.95,71.4,25.7));
#6434 = SURFACE_CURVE('',#6435,(#6440,#6447),.PCURVE_S1.);
#6435 = CIRCLE('',#6436,1.7);
#6436 = AXIS2_PLACEMENT_3D('',#6437,#6438,#6439);
#6437 = CARTESIAN_POINT('',(49.25,71.4,25.7));
#6438 = DIRECTION('',(0.,0.,1.));
#6439 = DIRECTION('',(1.,0.,-0.));
#6440 = PCURVE('',#1347,#6441);
#6441 = DEFINITIONAL_REPRESENTATION('',(#6442),#6446);
#6442 = LINE('',#6443,#6444);
#6443 = CARTESIAN_POINT('',(0.,2.7));
#6444 = VECTOR('',#6445,1.);
#6445 = DIRECTION('',(1.,0.));
#6446 = ( GEOMETRIC_REPRESENTATION_CONTEXT(2) 
PARAMETRIC_REPRESENTATION_CONTEXT() REPRESENTATION_CONTEXT('2D SPACE',''
  ) );
#6447 = PCURVE('',#6448,#6453);
#6448 = PLANE('',#6449);
#6449 = AXIS2_PLACEMENT_3D('',#6450,#6451,#6452);
#6450 = CARTESIAN_POINT('',(49.25,71.4,25.7));
#6451 = DIRECTION('',(0.,0.,1.));
#6452 = DIRECTION('',(1.,0.,-0.));
#6453 = DEFINITIONAL_REPRESENTATION('',(#6454),#6458);
#6454 = CIRCLE('',#6455,1.7);
#6455 = AXIS2_PLACEMENT_2D('',#6456,#6457);
#6456 = CARTESIAN_POINT('',(0.,0.));
#6457 = DIRECTION('',(1.,0.));
#6458 = ( GEOMETRIC_REPRESENTATION_CONTEXT(2) 
PARAMETRIC_REPRESENTATION_CONTEXT() REPRESENTATION_CONTEXT('2D SPACE',''
  ) );
#6459 = ORIENTED_EDGE('',*,*,#6460,.F.);
#6460 = EDGE_CURVE('',#1331,#6432,#6461,.T.);
#6461 = SEAM_CURVE('',#6462,(#6466,#6473),.PCURVE_S1.);
#6462 = LINE('',#6463,#6464);
#6463 = CARTESIAN_POINT('',(50.95,71.4,23.));
#6464 = VECTOR('',#6465,1.);
#6465 = DIRECTION('',(0.,0.,1.));
#6466 = PCURVE('',#1347,#6467);
#6467 = DEFINITIONAL_REPRESENTATION('',(#6468),#6472);
#6468 = LINE('',#6469,#6470);
#6469 = CARTESIAN_POINT('',(6.28318530718,-0.));
#6470 = VECTOR('',#6471,1.);
#6471 = DIRECTION('',(0.,1.));
#6472 = ( GEOMETRIC_REPRESENTATION_CONTEXT(2) 
PARAMETRIC_REPRESENTATION_CONTEXT() REPRESENTATION_CONTEXT('2D SPACE',''
  ) );
#6473 = PCURVE('',#1347,#6474);
#6474 = DEFINITIONAL_REPRESENTATION('',(#6475),#6479);
#6475 = LINE('',#6476,#6477);
#6476 = CARTESIAN_POINT('',(0.,-0.));
#6477 = VECTOR('',#6478,1.);
#6478 = DIRECTION('',(0.,1.));
#6479 = ( GEOMETRIC_REPRESENTATION_CONTEXT(2) 
PARAMETRIC_REPRESENTATION_CONTEXT() REPRESENTATION_CONTEXT('2D SPACE',''
  ) );
#6480 = ORIENTED_EDGE('',*,*,#1330,.T.);
#6481 = ORIENTED_EDGE('',*,*,#6460,.T.);
#6482 = ADVANCED_FACE('',(#6483),#1378,.F.);
#6483 = FACE_BOUND('',#6484,.F.);
#6484 = EDGE_LOOP('',(#6485,#6514,#6535,#6536));
#6485 = ORIENTED_EDGE('',*,*,#6486,.F.);
#6486 = EDGE_CURVE('',#6487,#6487,#6489,.T.);
#6487 = VERTEX_POINT('',#6488);
#6488 = CARTESIAN_POINT('',(98.7,71.4,25.7));
#6489 = SURFACE_CURVE('',#6490,(#6495,#6502),.PCURVE_S1.);
#6490 = CIRCLE('',#6491,1.7);
#6491 = AXIS2_PLACEMENT_3D('',#6492,#6493,#6494);
#6492 = CARTESIAN_POINT('',(97.,71.4,25.7));
#6493 = DIRECTION('',(0.,0.,1.));
#6494 = DIRECTION('',(1.,0.,-0.));
#6495 = PCURVE('',#1378,#6496);
#6496 = DEFINITIONAL_REPRESENTATION('',(#6497),#6501);
#6497 = LINE('',#6498,#6499);
#6498 = CARTESIAN_POINT('',(0.,2.7));
#6499 = VECTOR('',#6500,1.);
#6500 = DIRECTION('',(1.,0.));
#6501 = ( GEOMETRIC_REPRESENTATION_CONTEXT(2) 
PARAMETRIC_REPRESENTATION_CONTEXT() REPRESENTATION_CONTEXT('2D SPACE',''
  ) );
#6502 = PCURVE('',#6503,#6508);
#6503 = PLANE('',#6504);
#6504 = AXIS2_PLACEMENT_3D('',#6505,#6506,#6507);
#6505 = CARTESIAN_POINT('',(97.,71.4,25.7));
#6506 = DIRECTION('',(0.,0.,1.));
#6507 = DIRECTION('',(1.,0.,-0.));
#6508 = DEFINITIONAL_REPRESENTATION('',(#6509),#6513);
#6509 = CIRCLE('',#6510,1.7);
#6510 = AXIS2_PLACEMENT_2D('',#6511,#6512);
#6511 = CARTESIAN_POINT('',(0.,0.));
#6512 = DIRECTION('',(1.,0.));
#6513 = ( GEOMETRIC_REPRESENTATION_CONTEXT(2) 
PARAMETRIC_REPRESENTATION_CONTEXT() REPRESENTATION_CONTEXT('2D SPACE',''
  ) );
#6514 = ORIENTED_EDGE('',*,*,#6515,.F.);
#6515 = EDGE_CURVE('',#1362,#6487,#6516,.T.);
#6516 = SEAM_CURVE('',#6517,(#6521,#6528),.PCURVE_S1.);
#6517 = LINE('',#6518,#6519);
#6518 = CARTESIAN_POINT('',(98.7,71.4,23.));
#6519 = VECTOR('',#6520,1.);
#6520 = DIRECTION('',(0.,0.,1.));
#6521 = PCURVE('',#1378,#6522);
#6522 = DEFINITIONAL_REPRESENTATION('',(#6523),#6527);
#6523 = LINE('',#6524,#6525);
#6524 = CARTESIAN_POINT('',(6.28318530718,-0.));
#6525 = VECTOR('',#6526,1.);
#6526 = DIRECTION('',(0.,1.));
#6527 = ( GEOMETRIC_REPRESENTATION_CONTEXT(2) 
PARAMETRIC_REPRESENTATION_CONTEXT() REPRESENTATION_CONTEXT('2D SPACE',''
  ) );
#6528 = PCURVE('',#1378,#6529);
#6529 = DEFINITIONAL_REPRESENTATION('',(#6530),#6534);
#6530 = LINE('',#6531,#6532);
#6531 = CARTESIAN_POINT('',(0.,-0.));
#6532 = VECTOR('',#6533,1.);
#6533 = DIRECTION('',(0.,1.));
#6534 = ( GEOMETRIC_REPRESENTATION_CONTEXT(2) 
PARAMETRIC_REPRESENTATION_CONTEXT() REPRESENTATION_CONTEXT('2D SPACE',''
  ) );
#6535 = ORIENTED_EDGE('',*,*,#1361,.T.);
#6536 = ORIENTED_EDGE('',*,*,#6515,.T.);
#6537 = ADVANCED_FACE('',(#6538),#1459,.T.);
#6538 = FACE_BOUND('',#6539,.F.);
#6539 = EDGE_LOOP('',(#6540,#6560,#6561,#6562));
#6540 = ORIENTED_EDGE('',*,*,#6541,.T.);
#6541 = EDGE_CURVE('',#1498,#1657,#6542,.T.);
#6542 = SURFACE_CURVE('',#6543,(#6548,#6554),.PCURVE_S1.);
#6543 = CIRCLE('',#6544,1.5);
#6544 = AXIS2_PLACEMENT_3D('',#6545,#6546,#6547);
#6545 = CARTESIAN_POINT('',(-2.5,69.9,25.7));
#6546 = DIRECTION('',(-6.565029142836E-17,1.,0.));
#6547 = DIRECTION('',(-1.,-6.565029142836E-17,0.));
#6548 = PCURVE('',#1459,#6549);
#6549 = DEFINITIONAL_REPRESENTATION('',(#6550),#6553);
#6550 = B_SPLINE_CURVE_WITH_KNOTS('',1,(#6551,#6552),.UNSPECIFIED.,.F.,
  .F.,(2,2),(0.,1.570796326795),.PIECEWISE_BEZIER_KNOTS.);
#6551 = CARTESIAN_POINT('',(0.,0.));
#6552 = CARTESIAN_POINT('',(-1.570796326795,0.));
#6553 = ( GEOMETRIC_REPRESENTATION_CONTEXT(2) 
PARAMETRIC_REPRESENTATION_CONTEXT() REPRESENTATION_CONTEXT('2D SPACE',''
  ) );
#6554 = PCURVE('',#1673,#6555);
#6555 = DEFINITIONAL_REPRESENTATION('',(#6556),#6559);
#6556 = B_SPLINE_CURVE_WITH_KNOTS('',1,(#6557,#6558),.UNSPECIFIED.,.F.,
  .F.,(2,2),(0.,1.570796326795),.PIECEWISE_BEZIER_KNOTS.);
#6557 = CARTESIAN_POINT('',(1.570796326795,0.));
#6558 = CARTESIAN_POINT('',(1.570796326795,1.570796326795));
#6559 = ( GEOMETRIC_REPRESENTATION_CONTEXT(2) 
PARAMETRIC_REPRESENTATION_CONTEXT() REPRESENTATION_CONTEXT('2D SPACE',''
  ) );
#6560 = ORIENTED_EDGE('',*,*,#1685,.T.);
#6561 = ORIENTED_EDGE('',*,*,#1443,.F.);
#6562 = ORIENTED_EDGE('',*,*,#1520,.F.);
#6563 = ADVANCED_FACE('',(#6564),#1587,.T.);
#6564 = FACE_BOUND('',#6565,.F.);
#6565 = EDGE_LOOP('',(#6566,#6567,#6568,#6588));
#6566 = ORIENTED_EDGE('',*,*,#4784,.T.);
#6567 = ORIENTED_EDGE('',*,*,#1571,.T.);
#6568 = ORIENTED_EDGE('',*,*,#6569,.F.);
#6569 = EDGE_CURVE('',#4810,#1572,#6570,.T.);
#6570 = SURFACE_CURVE('',#6571,(#6576,#6582),.PCURVE_S1.);
#6571 = CIRCLE('',#6572,1.5);
#6572 = AXIS2_PLACEMENT_3D('',#6573,#6574,#6575);
#6573 = CARTESIAN_POINT('',(101.,69.9,25.7));
#6574 = DIRECTION('',(0.,-1.,-0.));
#6575 = DIRECTION('',(1.,0.,-0.));
#6576 = PCURVE('',#1587,#6577);
#6577 = DEFINITIONAL_REPRESENTATION('',(#6578),#6581);
#6578 = B_SPLINE_CURVE_WITH_KNOTS('',1,(#6579,#6580),.UNSPECIFIED.,.F.,
  .F.,(2,2),(0.,1.570796326795),.PIECEWISE_BEZIER_KNOTS.);
#6579 = CARTESIAN_POINT('',(0.,66.9));
#6580 = CARTESIAN_POINT('',(-1.570796326795,66.9));
#6581 = ( GEOMETRIC_REPRESENTATION_CONTEXT(2) 
PARAMETRIC_REPRESENTATION_CONTEXT() REPRESENTATION_CONTEXT('2D SPACE',''
  ) );
#6582 = PCURVE('',#1616,#6583);
#6583 = DEFINITIONAL_REPRESENTATION('',(#6584),#6587);
#6584 = B_SPLINE_CURVE_WITH_KNOTS('',1,(#6585,#6586),.UNSPECIFIED.,.F.,
  .F.,(2,2),(0.,1.570796326795),.PIECEWISE_BEZIER_KNOTS.);
#6585 = CARTESIAN_POINT('',(0.,0.));
#6586 = CARTESIAN_POINT('',(0.,1.570796326795));
#6587 = ( GEOMETRIC_REPRESENTATION_CONTEXT(2) 
PARAMETRIC_REPRESENTATION_CONTEXT() REPRESENTATION_CONTEXT('2D SPACE',''
  ) );
#6588 = ORIENTED_EDGE('',*,*,#4809,.F.);
#6589 = ADVANCED_FACE('',(#6590),#1673,.T.);
#6590 = FACE_BOUND('',#6591,.T.);
#6591 = EDGE_LOOP('',(#6592,#6612,#6613,#6614));
#6592 = ORIENTED_EDGE('',*,*,#6593,.F.);
#6593 = EDGE_CURVE('',#4858,#1629,#6594,.T.);
#6594 = SURFACE_CURVE('',#6595,(#6600,#6606),.PCURVE_S1.);
#6595 = CIRCLE('',#6596,1.5);
#6596 = AXIS2_PLACEMENT_3D('',#6597,#6598,#6599);
#6597 = CARTESIAN_POINT('',(3.,75.4,25.7));
#6598 = DIRECTION('',(1.,0.,-0.));
#6599 = DIRECTION('',(0.,1.,0.));
#6600 = PCURVE('',#1673,#6601);
#6601 = DEFINITIONAL_REPRESENTATION('',(#6602),#6605);
#6602 = B_SPLINE_CURVE_WITH_KNOTS('',1,(#6603,#6604),.UNSPECIFIED.,.F.,
  .F.,(2,2),(0.,1.570796326795),.PIECEWISE_BEZIER_KNOTS.);
#6603 = CARTESIAN_POINT('',(0.,0.));
#6604 = CARTESIAN_POINT('',(0.,1.570796326795));
#6605 = ( GEOMETRIC_REPRESENTATION_CONTEXT(2) 
PARAMETRIC_REPRESENTATION_CONTEXT() REPRESENTATION_CONTEXT('2D SPACE',''
  ) );
#6606 = PCURVE('',#1644,#6607);
#6607 = DEFINITIONAL_REPRESENTATION('',(#6608),#6611);
#6608 = B_SPLINE_CURVE_WITH_KNOTS('',1,(#6609,#6610),.UNSPECIFIED.,.F.,
  .F.,(2,2),(0.,1.570796326795),.PIECEWISE_BEZIER_KNOTS.);
#6609 = CARTESIAN_POINT('',(0.,92.5));
#6610 = CARTESIAN_POINT('',(-1.570796326795,92.5));
#6611 = ( GEOMETRIC_REPRESENTATION_CONTEXT(2) 
PARAMETRIC_REPRESENTATION_CONTEXT() REPRESENTATION_CONTEXT('2D SPACE',''
  ) );
#6612 = ORIENTED_EDGE('',*,*,#4882,.T.);
#6613 = ORIENTED_EDGE('',*,*,#6541,.T.);
#6614 = ORIENTED_EDGE('',*,*,#1656,.F.);
#6615 = ADVANCED_FACE('',(#6616),#1616,.T.);
#6616 = FACE_BOUND('',#6617,.T.);
#6617 = EDGE_LOOP('',(#6618,#6619,#6620,#6640));
#6618 = ORIENTED_EDGE('',*,*,#6569,.F.);
#6619 = ORIENTED_EDGE('',*,*,#4932,.T.);
#6620 = ORIENTED_EDGE('',*,*,#6621,.T.);
#6621 = EDGE_CURVE('',#4910,#1600,#6622,.T.);
#6622 = SURFACE_CURVE('',#6623,(#6628,#6634),.PCURVE_S1.);
#6623 = CIRCLE('',#6624,1.5);
#6624 = AXIS2_PLACEMENT_3D('',#6625,#6626,#6627);
#6625 = CARTESIAN_POINT('',(95.5,75.4,25.7));
#6626 = DIRECTION('',(1.,-6.123233995737E-17,0.));
#6627 = DIRECTION('',(6.123233995737E-17,1.,0.));
#6628 = PCURVE('',#1616,#6629);
#6629 = DEFINITIONAL_REPRESENTATION('',(#6630),#6633);
#6630 = B_SPLINE_CURVE_WITH_KNOTS('',1,(#6631,#6632),.UNSPECIFIED.,.F.,
  .F.,(2,2),(0.,1.570796326795),.PIECEWISE_BEZIER_KNOTS.);
#6631 = CARTESIAN_POINT('',(1.570796326795,0.));
#6632 = CARTESIAN_POINT('',(1.570796326795,1.570796326795));
#6633 = ( GEOMETRIC_REPRESENTATION_CONTEXT(2) 
PARAMETRIC_REPRESENTATION_CONTEXT() REPRESENTATION_CONTEXT('2D SPACE',''
  ) );
#6634 = PCURVE('',#1644,#6635);
#6635 = DEFINITIONAL_REPRESENTATION('',(#6636),#6639);
#6636 = B_SPLINE_CURVE_WITH_KNOTS('',1,(#6637,#6638),.UNSPECIFIED.,.F.,
  .F.,(2,2),(0.,1.570796326795),.PIECEWISE_BEZIER_KNOTS.);
#6637 = CARTESIAN_POINT('',(0.,0.));
#6638 = CARTESIAN_POINT('',(-1.570796326795,0.));
#6639 = ( GEOMETRIC_REPRESENTATION_CONTEXT(2) 
PARAMETRIC_REPRESENTATION_CONTEXT() REPRESENTATION_CONTEXT('2D SPACE',''
  ) );
#6640 = ORIENTED_EDGE('',*,*,#1599,.F.);
#6641 = ADVANCED_FACE('',(#6642),#1644,.T.);
#6642 = FACE_BOUND('',#6643,.F.);
#6643 = EDGE_LOOP('',(#6644,#6645,#6646,#6647));
#6644 = ORIENTED_EDGE('',*,*,#6621,.T.);
#6645 = ORIENTED_EDGE('',*,*,#1628,.T.);
#6646 = ORIENTED_EDGE('',*,*,#6593,.F.);
#6647 = ORIENTED_EDGE('',*,*,#4958,.F.);
#6648 = ADVANCED_FACE('',(#6649),#1726,.F.);
#6649 = FACE_BOUND('',#6650,.F.);
#6650 = EDGE_LOOP('',(#6651,#6652,#6675,#6697));
#6651 = ORIENTED_EDGE('',*,*,#1709,.F.);
#6652 = ORIENTED_EDGE('',*,*,#6653,.F.);
#6653 = EDGE_CURVE('',#6654,#1710,#6656,.T.);
#6654 = VERTEX_POINT('',#6655);
#6655 = CARTESIAN_POINT('',(4.7,1.5,25.7));
#6656 = SEAM_CURVE('',#6657,(#6661,#6668),.PCURVE_S1.);
#6657 = LINE('',#6658,#6659);
#6658 = CARTESIAN_POINT('',(4.7,1.5,25.7));
#6659 = VECTOR('',#6660,1.);
#6660 = DIRECTION('',(0.,0.,1.));
#6661 = PCURVE('',#1726,#6662);
#6662 = DEFINITIONAL_REPRESENTATION('',(#6663),#6667);
#6663 = LINE('',#6664,#6665);
#6664 = CARTESIAN_POINT('',(6.28318530718,-0.));
#6665 = VECTOR('',#6666,1.);
#6666 = DIRECTION('',(0.,1.));
#6667 = ( GEOMETRIC_REPRESENTATION_CONTEXT(2) 
PARAMETRIC_REPRESENTATION_CONTEXT() REPRESENTATION_CONTEXT('2D SPACE',''
  ) );
#6668 = PCURVE('',#1726,#6669);
#6669 = DEFINITIONAL_REPRESENTATION('',(#6670),#6674);
#6670 = LINE('',#6671,#6672);
#6671 = CARTESIAN_POINT('',(0.,-0.));
#6672 = VECTOR('',#6673,1.);
#6673 = DIRECTION('',(0.,1.));
#6674 = ( GEOMETRIC_REPRESENTATION_CONTEXT(2) 
PARAMETRIC_REPRESENTATION_CONTEXT() REPRESENTATION_CONTEXT('2D SPACE',''
  ) );
#6675 = ORIENTED_EDGE('',*,*,#6676,.T.);
#6676 = EDGE_CURVE('',#6654,#6654,#6677,.T.);
#6677 = SURFACE_CURVE('',#6678,(#6683,#6690),.PCURVE_S1.);
#6678 = CIRCLE('',#6679,3.2);
#6679 = AXIS2_PLACEMENT_3D('',#6680,#6681,#6682);
#6680 = CARTESIAN_POINT('',(1.5,1.5,25.7));
#6681 = DIRECTION('',(0.,0.,1.));
#6682 = DIRECTION('',(1.,0.,-0.));
#6683 = PCURVE('',#1726,#6684);
#6684 = DEFINITIONAL_REPRESENTATION('',(#6685),#6689);
#6685 = LINE('',#6686,#6687);
#6686 = CARTESIAN_POINT('',(0.,0.));
#6687 = VECTOR('',#6688,1.);
#6688 = DIRECTION('',(1.,0.));
#6689 = ( GEOMETRIC_REPRESENTATION_CONTEXT(2) 
PARAMETRIC_REPRESENTATION_CONTEXT() REPRESENTATION_CONTEXT('2D SPACE',''
  ) );
#6690 = PCURVE('',#5001,#6691);
#6691 = DEFINITIONAL_REPRESENTATION('',(#6692),#6696);
#6692 = CIRCLE('',#6693,3.2);
#6693 = AXIS2_PLACEMENT_2D('',#6694,#6695);
#6694 = CARTESIAN_POINT('',(0.,0.));
#6695 = DIRECTION('',(1.,0.));
#6696 = ( GEOMETRIC_REPRESENTATION_CONTEXT(2) 
PARAMETRIC_REPRESENTATION_CONTEXT() REPRESENTATION_CONTEXT('2D SPACE',''
  ) );
#6697 = ORIENTED_EDGE('',*,*,#6653,.T.);
#6698 = ADVANCED_FACE('',(#6699),#1757,.F.);
#6699 = FACE_BOUND('',#6700,.F.);
#6700 = EDGE_LOOP('',(#6701,#6702,#6725,#6747));
#6701 = ORIENTED_EDGE('',*,*,#1740,.F.);
#6702 = ORIENTED_EDGE('',*,*,#6703,.F.);
#6703 = EDGE_CURVE('',#6704,#1741,#6706,.T.);
#6704 = VERTEX_POINT('',#6705);
#6705 = CARTESIAN_POINT('',(52.45,1.5,25.7));
#6706 = SEAM_CURVE('',#6707,(#6711,#6718),.PCURVE_S1.);
#6707 = LINE('',#6708,#6709);
#6708 = CARTESIAN_POINT('',(52.45,1.5,25.7));
#6709 = VECTOR('',#6710,1.);
#6710 = DIRECTION('',(0.,0.,1.));
#6711 = PCURVE('',#1757,#6712);
#6712 = DEFINITIONAL_REPRESENTATION('',(#6713),#6717);
#6713 = LINE('',#6714,#6715);
#6714 = CARTESIAN_POINT('',(6.28318530718,-0.));
#6715 = VECTOR('',#6716,1.);
#6716 = DIRECTION('',(0.,1.));
#6717 = ( GEOMETRIC_REPRESENTATION_CONTEXT(2) 
PARAMETRIC_REPRESENTATION_CONTEXT() REPRESENTATION_CONTEXT('2D SPACE',''
  ) );
#6718 = PCURVE('',#1757,#6719);
#6719 = DEFINITIONAL_REPRESENTATION('',(#6720),#6724);
#6720 = LINE('',#6721,#6722);
#6721 = CARTESIAN_POINT('',(0.,-0.));
#6722 = VECTOR('',#6723,1.);
#6723 = DIRECTION('',(0.,1.));
#6724 = ( GEOMETRIC_REPRESENTATION_CONTEXT(2) 
PARAMETRIC_REPRESENTATION_CONTEXT() REPRESENTATION_CONTEXT('2D SPACE',''
  ) );
#6725 = ORIENTED_EDGE('',*,*,#6726,.T.);
#6726 = EDGE_CURVE('',#6704,#6704,#6727,.T.);
#6727 = SURFACE_CURVE('',#6728,(#6733,#6740),.PCURVE_S1.);
#6728 = CIRCLE('',#6729,3.2);
#6729 = AXIS2_PLACEMENT_3D('',#6730,#6731,#6732);
#6730 = CARTESIAN_POINT('',(49.25,1.5,25.7));
#6731 = DIRECTION('',(0.,0.,1.));
#6732 = DIRECTION('',(1.,0.,-0.));
#6733 = PCURVE('',#1757,#6734);
#6734 = DEFINITIONAL_REPRESENTATION('',(#6735),#6739);
#6735 = LINE('',#6736,#6737);
#6736 = CARTESIAN_POINT('',(0.,0.));
#6737 = VECTOR('',#6738,1.);
#6738 = DIRECTION('',(1.,0.));
#6739 = ( GEOMETRIC_REPRESENTATION_CONTEXT(2) 
PARAMETRIC_REPRESENTATION_CONTEXT() REPRESENTATION_CONTEXT('2D SPACE',''
  ) );
#6740 = PCURVE('',#5056,#6741);
#6741 = DEFINITIONAL_REPRESENTATION('',(#6742),#6746);
#6742 = CIRCLE('',#6743,3.2);
#6743 = AXIS2_PLACEMENT_2D('',#6744,#6745);
#6744 = CARTESIAN_POINT('',(0.,0.));
#6745 = DIRECTION('',(1.,0.));
#6746 = ( GEOMETRIC_REPRESENTATION_CONTEXT(2) 
PARAMETRIC_REPRESENTATION_CONTEXT() REPRESENTATION_CONTEXT('2D SPACE',''
  ) );
#6747 = ORIENTED_EDGE('',*,*,#6703,.T.);
#6748 = ADVANCED_FACE('',(#6749),#1788,.F.);
#6749 = FACE_BOUND('',#6750,.F.);
#6750 = EDGE_LOOP('',(#6751,#6752,#6775,#6797));
#6751 = ORIENTED_EDGE('',*,*,#1771,.F.);
#6752 = ORIENTED_EDGE('',*,*,#6753,.F.);
#6753 = EDGE_CURVE('',#6754,#1772,#6756,.T.);
#6754 = VERTEX_POINT('',#6755);
#6755 = CARTESIAN_POINT('',(100.2,1.5,25.7));
#6756 = SEAM_CURVE('',#6757,(#6761,#6768),.PCURVE_S1.);
#6757 = LINE('',#6758,#6759);
#6758 = CARTESIAN_POINT('',(100.2,1.5,25.7));
#6759 = VECTOR('',#6760,1.);
#6760 = DIRECTION('',(0.,0.,1.));
#6761 = PCURVE('',#1788,#6762);
#6762 = DEFINITIONAL_REPRESENTATION('',(#6763),#6767);
#6763 = LINE('',#6764,#6765);
#6764 = CARTESIAN_POINT('',(6.28318530718,-0.));
#6765 = VECTOR('',#6766,1.);
#6766 = DIRECTION('',(0.,1.));
#6767 = ( GEOMETRIC_REPRESENTATION_CONTEXT(2) 
PARAMETRIC_REPRESENTATION_CONTEXT() REPRESENTATION_CONTEXT('2D SPACE',''
  ) );
#6768 = PCURVE('',#1788,#6769);
#6769 = DEFINITIONAL_REPRESENTATION('',(#6770),#6774);
#6770 = LINE('',#6771,#6772);
#6771 = CARTESIAN_POINT('',(0.,-0.));
#6772 = VECTOR('',#6773,1.);
#6773 = DIRECTION('',(0.,1.));
#6774 = ( GEOMETRIC_REPRESENTATION_CONTEXT(2) 
PARAMETRIC_REPRESENTATION_CONTEXT() REPRESENTATION_CONTEXT('2D SPACE',''
  ) );
#6775 = ORIENTED_EDGE('',*,*,#6776,.T.);
#6776 = EDGE_CURVE('',#6754,#6754,#6777,.T.);
#6777 = SURFACE_CURVE('',#6778,(#6783,#6790),.PCURVE_S1.);
#6778 = CIRCLE('',#6779,3.2);
#6779 = AXIS2_PLACEMENT_3D('',#6780,#6781,#6782);
#6780 = CARTESIAN_POINT('',(97.,1.5,25.7));
#6781 = DIRECTION('',(0.,0.,1.));
#6782 = DIRECTION('',(1.,0.,-0.));
#6783 = PCURVE('',#1788,#6784);
#6784 = DEFINITIONAL_REPRESENTATION('',(#6785),#6789);
#6785 = LINE('',#6786,#6787);
#6786 = CARTESIAN_POINT('',(0.,0.));
#6787 = VECTOR('',#6788,1.);
#6788 = DIRECTION('',(1.,0.));
#6789 = ( GEOMETRIC_REPRESENTATION_CONTEXT(2) 
PARAMETRIC_REPRESENTATION_CONTEXT() REPRESENTATION_CONTEXT('2D SPACE',''
  ) );
#6790 = PCURVE('',#5111,#6791);
#6791 = DEFINITIONAL_REPRESENTATION('',(#6792),#6796);
#6792 = CIRCLE('',#6793,3.2);
#6793 = AXIS2_PLACEMENT_2D('',#6794,#6795);
#6794 = CARTESIAN_POINT('',(0.,0.));
#6795 = DIRECTION('',(1.,0.));
#6796 = ( GEOMETRIC_REPRESENTATION_CONTEXT(2) 
PARAMETRIC_REPRESENTATION_CONTEXT() REPRESENTATION_CONTEXT('2D SPACE',''
  ) );
#6797 = ORIENTED_EDGE('',*,*,#6753,.T.);
#6798 = ADVANCED_FACE('',(#6799),#1819,.F.);
#6799 = FACE_BOUND('',#6800,.F.);
#6800 = EDGE_LOOP('',(#6801,#6831,#6852,#6853));
#6801 = ORIENTED_EDGE('',*,*,#6802,.F.);
#6802 = EDGE_CURVE('',#6803,#6805,#6807,.T.);
#6803 = VERTEX_POINT('',#6804);
#6804 = CARTESIAN_POINT('',(30.106689453125,43.793872070313,26.8));
#6805 = VERTEX_POINT('',#6806);
#6806 = CARTESIAN_POINT('',(29.775146484375,43.793872070313,26.8));
#6807 = SURFACE_CURVE('',#6808,(#6812,#6819),.PCURVE_S1.);
#6808 = LINE('',#6809,#6810);
#6809 = CARTESIAN_POINT('',(30.106689453125,43.793872070313,26.8));
#6810 = VECTOR('',#6811,1.);
#6811 = DIRECTION('',(-1.,0.,0.));
#6812 = PCURVE('',#1819,#6813);
#6813 = DEFINITIONAL_REPRESENTATION('',(#6814),#6818);
#6814 = LINE('',#6815,#6816);
#6815 = CARTESIAN_POINT('',(0.,-0.));
#6816 = VECTOR('',#6817,1.);
#6817 = DIRECTION('',(1.,0.));
#6818 = ( GEOMETRIC_REPRESENTATION_CONTEXT(2) 
PARAMETRIC_REPRESENTATION_CONTEXT() REPRESENTATION_CONTEXT('2D SPACE',''
  ) );
#6819 = PCURVE('',#6820,#6825);
#6820 = PLANE('',#6821);
#6821 = AXIS2_PLACEMENT_3D('',#6822,#6823,#6824);
#6822 = CARTESIAN_POINT('',(29.5,43.793872070313,26.8));
#6823 = DIRECTION('',(0.,0.,1.));
#6824 = DIRECTION('',(1.,0.,0.));
#6825 = DEFINITIONAL_REPRESENTATION('',(#6826),#6830);
#6826 = LINE('',#6827,#6828);
#6827 = CARTESIAN_POINT('',(0.606689453125,0.));
#6828 = VECTOR('',#6829,1.);
#6829 = DIRECTION('',(-1.,0.));
#6830 = ( GEOMETRIC_REPRESENTATION_CONTEXT(2) 
PARAMETRIC_REPRESENTATION_CONTEXT() REPRESENTATION_CONTEXT('2D SPACE',''
  ) );
#6831 = ORIENTED_EDGE('',*,*,#6832,.T.);
#6832 = EDGE_CURVE('',#6803,#1805,#6833,.T.);
#6833 = SURFACE_CURVE('',#6834,(#6838,#6845),.PCURVE_S1.);
#6834 = LINE('',#6835,#6836);
#6835 = CARTESIAN_POINT('',(30.106689453125,43.793872070313,26.8));
#6836 = VECTOR('',#6837,1.);
#6837 = DIRECTION('',(0.,0.,1.));
#6838 = PCURVE('',#1819,#6839);
#6839 = DEFINITIONAL_REPRESENTATION('',(#6840),#6844);
#6840 = LINE('',#6841,#6842);
#6841 = CARTESIAN_POINT('',(0.,-0.));
#6842 = VECTOR('',#6843,1.);
#6843 = DIRECTION('',(0.,-1.));
#6844 = ( GEOMETRIC_REPRESENTATION_CONTEXT(2) 
PARAMETRIC_REPRESENTATION_CONTEXT() REPRESENTATION_CONTEXT('2D SPACE',''
  ) );
#6845 = PCURVE('',#2470,#6846);
#6846 = DEFINITIONAL_REPRESENTATION('',(#6847),#6851);
#6847 = LINE('',#6848,#6849);
#6848 = CARTESIAN_POINT('',(1.112548828125,0.));
#6849 = VECTOR('',#6850,1.);
#6850 = DIRECTION('',(0.,-1.));
#6851 = ( GEOMETRIC_REPRESENTATION_CONTEXT(2) 
PARAMETRIC_REPRESENTATION_CONTEXT() REPRESENTATION_CONTEXT('2D SPACE',''
  ) );
#6852 = ORIENTED_EDGE('',*,*,#1802,.F.);
#6853 = ORIENTED_EDGE('',*,*,#6854,.F.);
#6854 = EDGE_CURVE('',#6805,#1803,#6855,.T.);
#6855 = SURFACE_CURVE('',#6856,(#6860,#6867),.PCURVE_S1.);
#6856 = LINE('',#6857,#6858);
#6857 = CARTESIAN_POINT('',(29.775146484375,43.793872070313,26.8));
#6858 = VECTOR('',#6859,1.);
#6859 = DIRECTION('',(0.,0.,1.));
#6860 = PCURVE('',#1819,#6861);
#6861 = DEFINITIONAL_REPRESENTATION('',(#6862),#6866);
#6862 = LINE('',#6863,#6864);
#6863 = CARTESIAN_POINT('',(0.33154296875,0.));
#6864 = VECTOR('',#6865,1.);
#6865 = DIRECTION('',(0.,-1.));
#6866 = ( GEOMETRIC_REPRESENTATION_CONTEXT(2) 
PARAMETRIC_REPRESENTATION_CONTEXT() REPRESENTATION_CONTEXT('2D SPACE',''
  ) );
#6867 = PCURVE('',#1845,#6868);
#6868 = DEFINITIONAL_REPRESENTATION('',(#6869),#6873);
#6869 = LINE('',#6870,#6871);
#6870 = CARTESIAN_POINT('',(0.,0.));
#6871 = VECTOR('',#6872,1.);
#6872 = DIRECTION('',(0.,-1.));
#6873 = ( GEOMETRIC_REPRESENTATION_CONTEXT(2) 
PARAMETRIC_REPRESENTATION_CONTEXT() REPRESENTATION_CONTEXT('2D SPACE',''
  ) );
#6874 = ADVANCED_FACE('',(#6875),#2470,.F.);
#6875 = FACE_BOUND('',#6876,.F.);
#6876 = EDGE_LOOP('',(#6877,#6900,#6921,#6922));
#6877 = ORIENTED_EDGE('',*,*,#6878,.F.);
#6878 = EDGE_CURVE('',#6879,#6803,#6881,.T.);
#6879 = VERTEX_POINT('',#6880);
#6880 = CARTESIAN_POINT('',(30.106689453125,44.906420898438,26.8));
#6881 = SURFACE_CURVE('',#6882,(#6886,#6893),.PCURVE_S1.);
#6882 = LINE('',#6883,#6884);
#6883 = CARTESIAN_POINT('',(30.106689453125,44.906420898438,26.8));
#6884 = VECTOR('',#6885,1.);
#6885 = DIRECTION('',(0.,-1.,0.));
#6886 = PCURVE('',#2470,#6887);
#6887 = DEFINITIONAL_REPRESENTATION('',(#6888),#6892);
#6888 = LINE('',#6889,#6890);
#6889 = CARTESIAN_POINT('',(0.,0.));
#6890 = VECTOR('',#6891,1.);
#6891 = DIRECTION('',(1.,0.));
#6892 = ( GEOMETRIC_REPRESENTATION_CONTEXT(2) 
PARAMETRIC_REPRESENTATION_CONTEXT() REPRESENTATION_CONTEXT('2D SPACE',''
  ) );
#6893 = PCURVE('',#6820,#6894);
#6894 = DEFINITIONAL_REPRESENTATION('',(#6895),#6899);
#6895 = LINE('',#6896,#6897);
#6896 = CARTESIAN_POINT('',(0.606689453125,1.112548828125));
#6897 = VECTOR('',#6898,1.);
#6898 = DIRECTION('',(0.,-1.));
#6899 = ( GEOMETRIC_REPRESENTATION_CONTEXT(2) 
PARAMETRIC_REPRESENTATION_CONTEXT() REPRESENTATION_CONTEXT('2D SPACE',''
  ) );
#6900 = ORIENTED_EDGE('',*,*,#6901,.T.);
#6901 = EDGE_CURVE('',#6879,#2432,#6902,.T.);
#6902 = SURFACE_CURVE('',#6903,(#6907,#6914),.PCURVE_S1.);
#6903 = LINE('',#6904,#6905);
#6904 = CARTESIAN_POINT('',(30.106689453125,44.906420898438,26.8));
#6905 = VECTOR('',#6906,1.);
#6906 = DIRECTION('',(0.,0.,1.));
#6907 = PCURVE('',#2470,#6908);
#6908 = DEFINITIONAL_REPRESENTATION('',(#6909),#6913);
#6909 = LINE('',#6910,#6911);
#6910 = CARTESIAN_POINT('',(0.,0.));
#6911 = VECTOR('',#6912,1.);
#6912 = DIRECTION('',(0.,-1.));
#6913 = ( GEOMETRIC_REPRESENTATION_CONTEXT(2) 
PARAMETRIC_REPRESENTATION_CONTEXT() REPRESENTATION_CONTEXT('2D SPACE',''
  ) );
#6914 = PCURVE('',#2446,#6915);
#6915 = DEFINITIONAL_REPRESENTATION('',(#6916),#6920);
#6916 = LINE('',#6917,#6918);
#6917 = CARTESIAN_POINT('',(0.384521484375,0.));
#6918 = VECTOR('',#6919,1.);
#6919 = DIRECTION('',(0.,-1.));
#6920 = ( GEOMETRIC_REPRESENTATION_CONTEXT(2) 
PARAMETRIC_REPRESENTATION_CONTEXT() REPRESENTATION_CONTEXT('2D SPACE',''
  ) );
#6921 = ORIENTED_EDGE('',*,*,#2457,.F.);
#6922 = ORIENTED_EDGE('',*,*,#6832,.F.);
#6923 = ADVANCED_FACE('',(#6924),#2446,.F.);
#6924 = FACE_BOUND('',#6925,.F.);
#6925 = EDGE_LOOP('',(#6926,#6949,#6970,#6971));
#6926 = ORIENTED_EDGE('',*,*,#6927,.F.);
#6927 = EDGE_CURVE('',#6928,#6879,#6930,.T.);
#6928 = VERTEX_POINT('',#6929);
#6929 = CARTESIAN_POINT('',(30.4912109375,44.906420898438,26.8));
#6930 = SURFACE_CURVE('',#6931,(#6935,#6942),.PCURVE_S1.);
#6931 = LINE('',#6932,#6933);
#6932 = CARTESIAN_POINT('',(30.4912109375,44.906420898438,26.8));
#6933 = VECTOR('',#6934,1.);
#6934 = DIRECTION('',(-1.,0.,0.));
#6935 = PCURVE('',#2446,#6936);
#6936 = DEFINITIONAL_REPRESENTATION('',(#6937),#6941);
#6937 = LINE('',#6938,#6939);
#6938 = CARTESIAN_POINT('',(0.,-0.));
#6939 = VECTOR('',#6940,1.);
#6940 = DIRECTION('',(1.,0.));
#6941 = ( GEOMETRIC_REPRESENTATION_CONTEXT(2) 
PARAMETRIC_REPRESENTATION_CONTEXT() REPRESENTATION_CONTEXT('2D SPACE',''
  ) );
#6942 = PCURVE('',#6820,#6943);
#6943 = DEFINITIONAL_REPRESENTATION('',(#6944),#6948);
#6944 = LINE('',#6945,#6946);
#6945 = CARTESIAN_POINT('',(0.9912109375,1.112548828125));
#6946 = VECTOR('',#6947,1.);
#6947 = DIRECTION('',(-1.,0.));
#6948 = ( GEOMETRIC_REPRESENTATION_CONTEXT(2) 
PARAMETRIC_REPRESENTATION_CONTEXT() REPRESENTATION_CONTEXT('2D SPACE',''
  ) );
#6949 = ORIENTED_EDGE('',*,*,#6950,.T.);
#6950 = EDGE_CURVE('',#6928,#2393,#6951,.T.);
#6951 = SURFACE_CURVE('',#6952,(#6956,#6963),.PCURVE_S1.);
#6952 = LINE('',#6953,#6954);
#6953 = CARTESIAN_POINT('',(30.4912109375,44.906420898438,26.8));
#6954 = VECTOR('',#6955,1.);
#6955 = DIRECTION('',(0.,0.,1.));
#6956 = PCURVE('',#2446,#6957);
#6957 = DEFINITIONAL_REPRESENTATION('',(#6958),#6962);
#6958 = LINE('',#6959,#6960);
#6959 = CARTESIAN_POINT('',(0.,-0.));
#6960 = VECTOR('',#6961,1.);
#6961 = DIRECTION('',(0.,-1.));
#6962 = ( GEOMETRIC_REPRESENTATION_CONTEXT(2) 
PARAMETRIC_REPRESENTATION_CONTEXT() REPRESENTATION_CONTEXT('2D SPACE',''
  ) );
#6963 = PCURVE('',#2414,#6964);
#6964 = DEFINITIONAL_REPRESENTATION('',(#6965),#6969);
#6965 = LINE('',#6966,#6967);
#6966 = CARTESIAN_POINT('',(1.,0.));
#6967 = VECTOR('',#6968,1.);
#6968 = DIRECTION('',(0.,-1.));
#6969 = ( GEOMETRIC_REPRESENTATION_CONTEXT(2) 
PARAMETRIC_REPRESENTATION_CONTEXT() REPRESENTATION_CONTEXT('2D SPACE',''
  ) );
#6970 = ORIENTED_EDGE('',*,*,#2431,.F.);
#6971 = ORIENTED_EDGE('',*,*,#6901,.F.);
#6972 = ADVANCED_FACE('',(#6973),#2414,.F.);
#6973 = FACE_BOUND('',#6974,.F.);
#6974 = EDGE_LOOP('',(#6975,#6998,#7019,#7020));
#6975 = ORIENTED_EDGE('',*,*,#6976,.F.);
#6976 = EDGE_CURVE('',#6977,#6928,#6979,.T.);
#6977 = VERTEX_POINT('',#6978);
#6978 = CARTESIAN_POINT('',(30.67578125,44.894458007813,26.8));
#6979 = SURFACE_CURVE('',#6980,(#6984,#6991),.PCURVE_S1.);
#6980 = B_SPLINE_CURVE_WITH_KNOTS('',2,(#6981,#6982,#6983),
  .UNSPECIFIED.,.F.,.F.,(3,3),(0.,1.),.PIECEWISE_BEZIER_KNOTS.);
#6981 = CARTESIAN_POINT('',(30.67578125,44.894458007813,26.8));
#6982 = CARTESIAN_POINT('',(30.619384765625,44.906420898438,26.8));
#6983 = CARTESIAN_POINT('',(30.4912109375,44.906420898438,26.8));
#6984 = PCURVE('',#2414,#6985);
#6985 = DEFINITIONAL_REPRESENTATION('',(#6986),#6990);
#6986 = LINE('',#6987,#6988);
#6987 = CARTESIAN_POINT('',(0.,0.));
#6988 = VECTOR('',#6989,1.);
#6989 = DIRECTION('',(1.,0.));
#6990 = ( GEOMETRIC_REPRESENTATION_CONTEXT(2) 
PARAMETRIC_REPRESENTATION_CONTEXT() REPRESENTATION_CONTEXT('2D SPACE',''
  ) );
#6991 = PCURVE('',#6820,#6992);
#6992 = DEFINITIONAL_REPRESENTATION('',(#6993),#6997);
#6993 = B_SPLINE_CURVE_WITH_KNOTS('',2,(#6994,#6995,#6996),
  .UNSPECIFIED.,.F.,.F.,(3,3),(0.,1.),.PIECEWISE_BEZIER_KNOTS.);
#6994 = CARTESIAN_POINT('',(1.17578125,1.1005859375));
#6995 = CARTESIAN_POINT('',(1.119384765625,1.112548828125));
#6996 = CARTESIAN_POINT('',(0.9912109375,1.112548828125));
#6997 = ( GEOMETRIC_REPRESENTATION_CONTEXT(2) 
PARAMETRIC_REPRESENTATION_CONTEXT() REPRESENTATION_CONTEXT('2D SPACE',''
  ) );
#6998 = ORIENTED_EDGE('',*,*,#6999,.T.);
#6999 = EDGE_CURVE('',#6977,#2357,#7000,.T.);
#7000 = SURFACE_CURVE('',#7001,(#7005,#7012),.PCURVE_S1.);
#7001 = LINE('',#7002,#7003);
#7002 = CARTESIAN_POINT('',(30.67578125,44.894458007813,26.8));
#7003 = VECTOR('',#7004,1.);
#7004 = DIRECTION('',(0.,0.,1.));
#7005 = PCURVE('',#2414,#7006);
#7006 = DEFINITIONAL_REPRESENTATION('',(#7007),#7011);
#7007 = LINE('',#7008,#7009);
#7008 = CARTESIAN_POINT('',(0.,0.));
#7009 = VECTOR('',#7010,1.);
#7010 = DIRECTION('',(0.,-1.));
#7011 = ( GEOMETRIC_REPRESENTATION_CONTEXT(2) 
PARAMETRIC_REPRESENTATION_CONTEXT() REPRESENTATION_CONTEXT('2D SPACE',''
  ) );
#7012 = PCURVE('',#2376,#7013);
#7013 = DEFINITIONAL_REPRESENTATION('',(#7014),#7018);
#7014 = LINE('',#7015,#7016);
#7015 = CARTESIAN_POINT('',(1.,0.));
#7016 = VECTOR('',#7017,1.);
#7017 = DIRECTION('',(0.,-1.));
#7018 = ( GEOMETRIC_REPRESENTATION_CONTEXT(2) 
PARAMETRIC_REPRESENTATION_CONTEXT() REPRESENTATION_CONTEXT('2D SPACE',''
  ) );
#7019 = ORIENTED_EDGE('',*,*,#2392,.F.);
#7020 = ORIENTED_EDGE('',*,*,#6950,.F.);
#7021 = ADVANCED_FACE('',(#7022),#2376,.F.);
#7022 = FACE_BOUND('',#7023,.F.);
#7023 = EDGE_LOOP('',(#7024,#7047,#7068,#7069));
#7024 = ORIENTED_EDGE('',*,*,#7025,.F.);
#7025 = EDGE_CURVE('',#7026,#6977,#7028,.T.);
#7026 = VERTEX_POINT('',#7027);
#7027 = CARTESIAN_POINT('',(30.827026367188,44.827807617188,26.8));
#7028 = SURFACE_CURVE('',#7029,(#7033,#7040),.PCURVE_S1.);
#7029 = B_SPLINE_CURVE_WITH_KNOTS('',2,(#7030,#7031,#7032),
  .UNSPECIFIED.,.F.,.F.,(3,3),(0.,1.),.PIECEWISE_BEZIER_KNOTS.);
#7030 = CARTESIAN_POINT('',(30.827026367188,44.827807617188,26.8));
#7031 = CARTESIAN_POINT('',(30.752685546875,44.875659179688,26.8));
#7032 = CARTESIAN_POINT('',(30.67578125,44.894458007813,26.8));
#7033 = PCURVE('',#2376,#7034);
#7034 = DEFINITIONAL_REPRESENTATION('',(#7035),#7039);
#7035 = LINE('',#7036,#7037);
#7036 = CARTESIAN_POINT('',(0.,0.));
#7037 = VECTOR('',#7038,1.);
#7038 = DIRECTION('',(1.,0.));
#7039 = ( GEOMETRIC_REPRESENTATION_CONTEXT(2) 
PARAMETRIC_REPRESENTATION_CONTEXT() REPRESENTATION_CONTEXT('2D SPACE',''
  ) );
#7040 = PCURVE('',#6820,#7041);
#7041 = DEFINITIONAL_REPRESENTATION('',(#7042),#7046);
#7042 = B_SPLINE_CURVE_WITH_KNOTS('',2,(#7043,#7044,#7045),
  .UNSPECIFIED.,.F.,.F.,(3,3),(0.,1.),.PIECEWISE_BEZIER_KNOTS.);
#7043 = CARTESIAN_POINT('',(1.327026367188,1.033935546875));
#7044 = CARTESIAN_POINT('',(1.252685546875,1.081787109375));
#7045 = CARTESIAN_POINT('',(1.17578125,1.1005859375));
#7046 = ( GEOMETRIC_REPRESENTATION_CONTEXT(2) 
PARAMETRIC_REPRESENTATION_CONTEXT() REPRESENTATION_CONTEXT('2D SPACE',''
  ) );
#7047 = ORIENTED_EDGE('',*,*,#7048,.T.);
#7048 = EDGE_CURVE('',#7026,#2318,#7049,.T.);
#7049 = SURFACE_CURVE('',#7050,(#7054,#7061),.PCURVE_S1.);
#7050 = LINE('',#7051,#7052);
#7051 = CARTESIAN_POINT('',(30.827026367188,44.827807617188,26.8));
#7052 = VECTOR('',#7053,1.);
#7053 = DIRECTION('',(0.,0.,1.));
#7054 = PCURVE('',#2376,#7055);
#7055 = DEFINITIONAL_REPRESENTATION('',(#7056),#7060);
#7056 = LINE('',#7057,#7058);
#7057 = CARTESIAN_POINT('',(0.,0.));
#7058 = VECTOR('',#7059,1.);
#7059 = DIRECTION('',(0.,-1.));
#7060 = ( GEOMETRIC_REPRESENTATION_CONTEXT(2) 
PARAMETRIC_REPRESENTATION_CONTEXT() REPRESENTATION_CONTEXT('2D SPACE',''
  ) );
#7061 = PCURVE('',#2339,#7062);
#7062 = DEFINITIONAL_REPRESENTATION('',(#7063),#7067);
#7063 = LINE('',#7064,#7065);
#7064 = CARTESIAN_POINT('',(1.,0.));
#7065 = VECTOR('',#7066,1.);
#7066 = DIRECTION('',(0.,-1.));
#7067 = ( GEOMETRIC_REPRESENTATION_CONTEXT(2) 
PARAMETRIC_REPRESENTATION_CONTEXT() REPRESENTATION_CONTEXT('2D SPACE',''
  ) );
#7068 = ORIENTED_EDGE('',*,*,#2356,.F.);
#7069 = ORIENTED_EDGE('',*,*,#6999,.F.);
#7070 = ADVANCED_FACE('',(#7071),#2339,.F.);
#7071 = FACE_BOUND('',#7072,.F.);
#7072 = EDGE_LOOP('',(#7073,#7096,#7117,#7118));
#7073 = ORIENTED_EDGE('',*,*,#7074,.F.);
#7074 = EDGE_CURVE('',#7075,#7026,#7077,.T.);
#7075 = VERTEX_POINT('',#7076);
#7076 = CARTESIAN_POINT('',(30.995361328125,44.660327148438,26.8));
#7077 = SURFACE_CURVE('',#7078,(#7082,#7089),.PCURVE_S1.);
#7078 = B_SPLINE_CURVE_WITH_KNOTS('',2,(#7079,#7080,#7081),
  .UNSPECIFIED.,.F.,.F.,(3,3),(0.,1.),.PIECEWISE_BEZIER_KNOTS.);
#7079 = CARTESIAN_POINT('',(30.995361328125,44.660327148438,26.8));
#7080 = CARTESIAN_POINT('',(30.9013671875,44.779956054688,26.8));
#7081 = CARTESIAN_POINT('',(30.827026367188,44.827807617188,26.8));
#7082 = PCURVE('',#2339,#7083);
#7083 = DEFINITIONAL_REPRESENTATION('',(#7084),#7088);
#7084 = LINE('',#7085,#7086);
#7085 = CARTESIAN_POINT('',(0.,0.));
#7086 = VECTOR('',#7087,1.);
#7087 = DIRECTION('',(1.,0.));
#7088 = ( GEOMETRIC_REPRESENTATION_CONTEXT(2) 
PARAMETRIC_REPRESENTATION_CONTEXT() REPRESENTATION_CONTEXT('2D SPACE',''
  ) );
#7089 = PCURVE('',#6820,#7090);
#7090 = DEFINITIONAL_REPRESENTATION('',(#7091),#7095);
#7091 = B_SPLINE_CURVE_WITH_KNOTS('',2,(#7092,#7093,#7094),
  .UNSPECIFIED.,.F.,.F.,(3,3),(0.,1.),.PIECEWISE_BEZIER_KNOTS.);
#7092 = CARTESIAN_POINT('',(1.495361328125,0.866455078125));
#7093 = CARTESIAN_POINT('',(1.4013671875,0.986083984375));
#7094 = CARTESIAN_POINT('',(1.327026367188,1.033935546875));
#7095 = ( GEOMETRIC_REPRESENTATION_CONTEXT(2) 
PARAMETRIC_REPRESENTATION_CONTEXT() REPRESENTATION_CONTEXT('2D SPACE',''
  ) );
#7096 = ORIENTED_EDGE('',*,*,#7097,.T.);
#7097 = EDGE_CURVE('',#7075,#2279,#7098,.T.);
#7098 = SURFACE_CURVE('',#7099,(#7103,#7110),.PCURVE_S1.);
#7099 = LINE('',#7100,#7101);
#7100 = CARTESIAN_POINT('',(30.995361328125,44.660327148438,26.8));
#7101 = VECTOR('',#7102,1.);
#7102 = DIRECTION('',(0.,0.,1.));
#7103 = PCURVE('',#2339,#7104);
#7104 = DEFINITIONAL_REPRESENTATION('',(#7105),#7109);
#7105 = LINE('',#7106,#7107);
#7106 = CARTESIAN_POINT('',(0.,0.));
#7107 = VECTOR('',#7108,1.);
#7108 = DIRECTION('',(0.,-1.));
#7109 = ( GEOMETRIC_REPRESENTATION_CONTEXT(2) 
PARAMETRIC_REPRESENTATION_CONTEXT() REPRESENTATION_CONTEXT('2D SPACE',''
  ) );
#7110 = PCURVE('',#2300,#7111);
#7111 = DEFINITIONAL_REPRESENTATION('',(#7112),#7116);
#7112 = LINE('',#7113,#7114);
#7113 = CARTESIAN_POINT('',(1.,0.));
#7114 = VECTOR('',#7115,1.);
#7115 = DIRECTION('',(0.,-1.));
#7116 = ( GEOMETRIC_REPRESENTATION_CONTEXT(2) 
PARAMETRIC_REPRESENTATION_CONTEXT() REPRESENTATION_CONTEXT('2D SPACE',''
  ) );
#7117 = ORIENTED_EDGE('',*,*,#2317,.F.);
#7118 = ORIENTED_EDGE('',*,*,#7048,.F.);
#7119 = ADVANCED_FACE('',(#7120),#2300,.F.);
#7120 = FACE_BOUND('',#7121,.F.);
#7121 = EDGE_LOOP('',(#7122,#7145,#7166,#7167));
#7122 = ORIENTED_EDGE('',*,*,#7123,.F.);
#7123 = EDGE_CURVE('',#7124,#7075,#7126,.T.);
#7124 = VERTEX_POINT('',#7125);
#7125 = CARTESIAN_POINT('',(31.234619140625,44.315112304688,26.8));
#7126 = SURFACE_CURVE('',#7127,(#7131,#7138),.PCURVE_S1.);
#7127 = B_SPLINE_CURVE_WITH_KNOTS('',2,(#7128,#7129,#7130),
  .UNSPECIFIED.,.F.,.F.,(3,3),(0.,1.),.PIECEWISE_BEZIER_KNOTS.);
#7128 = CARTESIAN_POINT('',(31.234619140625,44.315112304688,26.8));
#7129 = CARTESIAN_POINT('',(31.08935546875,44.540698242188,26.8));
#7130 = CARTESIAN_POINT('',(30.995361328125,44.660327148438,26.8));
#7131 = PCURVE('',#2300,#7132);
#7132 = DEFINITIONAL_REPRESENTATION('',(#7133),#7137);
#7133 = LINE('',#7134,#7135);
#7134 = CARTESIAN_POINT('',(0.,0.));
#7135 = VECTOR('',#7136,1.);
#7136 = DIRECTION('',(1.,0.));
#7137 = ( GEOMETRIC_REPRESENTATION_CONTEXT(2) 
PARAMETRIC_REPRESENTATION_CONTEXT() REPRESENTATION_CONTEXT('2D SPACE',''
  ) );
#7138 = PCURVE('',#6820,#7139);
#7139 = DEFINITIONAL_REPRESENTATION('',(#7140),#7144);
#7140 = B_SPLINE_CURVE_WITH_KNOTS('',2,(#7141,#7142,#7143),
  .UNSPECIFIED.,.F.,.F.,(3,3),(0.,1.),.PIECEWISE_BEZIER_KNOTS.);
#7141 = CARTESIAN_POINT('',(1.734619140625,0.521240234375));
#7142 = CARTESIAN_POINT('',(1.58935546875,0.746826171875));
#7143 = CARTESIAN_POINT('',(1.495361328125,0.866455078125));
#7144 = ( GEOMETRIC_REPRESENTATION_CONTEXT(2) 
PARAMETRIC_REPRESENTATION_CONTEXT() REPRESENTATION_CONTEXT('2D SPACE',''
  ) );
#7145 = ORIENTED_EDGE('',*,*,#7146,.T.);
#7146 = EDGE_CURVE('',#7124,#2253,#7147,.T.);
#7147 = SURFACE_CURVE('',#7148,(#7152,#7159),.PCURVE_S1.);
#7148 = LINE('',#7149,#7150);
#7149 = CARTESIAN_POINT('',(31.234619140625,44.315112304688,26.8));
#7150 = VECTOR('',#7151,1.);
#7151 = DIRECTION('',(0.,0.,1.));
#7152 = PCURVE('',#2300,#7153);
#7153 = DEFINITIONAL_REPRESENTATION('',(#7154),#7158);
#7154 = LINE('',#7155,#7156);
#7155 = CARTESIAN_POINT('',(0.,0.));
#7156 = VECTOR('',#7157,1.);
#7157 = DIRECTION('',(0.,-1.));
#7158 = ( GEOMETRIC_REPRESENTATION_CONTEXT(2) 
PARAMETRIC_REPRESENTATION_CONTEXT() REPRESENTATION_CONTEXT('2D SPACE',''
  ) );
#7159 = PCURVE('',#2267,#7160);
#7160 = DEFINITIONAL_REPRESENTATION('',(#7161),#7165);
#7161 = LINE('',#7162,#7163);
#7162 = CARTESIAN_POINT('',(0.617747620035,0.));
#7163 = VECTOR('',#7164,1.);
#7164 = DIRECTION('',(0.,-1.));
#7165 = ( GEOMETRIC_REPRESENTATION_CONTEXT(2) 
PARAMETRIC_REPRESENTATION_CONTEXT() REPRESENTATION_CONTEXT('2D SPACE',''
  ) );
#7166 = ORIENTED_EDGE('',*,*,#2278,.F.);
#7167 = ORIENTED_EDGE('',*,*,#7097,.F.);
#7168 = ADVANCED_FACE('',(#7169),#2267,.F.);
#7169 = FACE_BOUND('',#7170,.F.);
#7170 = EDGE_LOOP('',(#7171,#7194,#7215,#7216));
#7171 = ORIENTED_EDGE('',*,*,#7172,.F.);
#7172 = EDGE_CURVE('',#7173,#7124,#7175,.T.);
#7173 = VERTEX_POINT('',#7174);
#7174 = CARTESIAN_POINT('',(31.566162109375,43.793872070313,26.8));
#7175 = SURFACE_CURVE('',#7176,(#7180,#7187),.PCURVE_S1.);
#7176 = LINE('',#7177,#7178);
#7177 = CARTESIAN_POINT('',(31.566162109375,43.793872070313,26.8));
#7178 = VECTOR('',#7179,1.);
#7179 = DIRECTION('',(-0.536696472795,0.843775382486,0.));
#7180 = PCURVE('',#2267,#7181);
#7181 = DEFINITIONAL_REPRESENTATION('',(#7182),#7186);
#7182 = LINE('',#7183,#7184);
#7183 = CARTESIAN_POINT('',(0.,0.));
#7184 = VECTOR('',#7185,1.);
#7185 = DIRECTION('',(1.,0.));
#7186 = ( GEOMETRIC_REPRESENTATION_CONTEXT(2) 
PARAMETRIC_REPRESENTATION_CONTEXT() REPRESENTATION_CONTEXT('2D SPACE',''
  ) );
#7187 = PCURVE('',#6820,#7188);
#7188 = DEFINITIONAL_REPRESENTATION('',(#7189),#7193);
#7189 = LINE('',#7190,#7191);
#7190 = CARTESIAN_POINT('',(2.066162109375,0.));
#7191 = VECTOR('',#7192,1.);
#7192 = DIRECTION('',(-0.536696472795,0.843775382486));
#7193 = ( GEOMETRIC_REPRESENTATION_CONTEXT(2) 
PARAMETRIC_REPRESENTATION_CONTEXT() REPRESENTATION_CONTEXT('2D SPACE',''
  ) );
#7194 = ORIENTED_EDGE('',*,*,#7195,.T.);
#7195 = EDGE_CURVE('',#7173,#2227,#7196,.T.);
#7196 = SURFACE_CURVE('',#7197,(#7201,#7208),.PCURVE_S1.);
#7197 = LINE('',#7198,#7199);
#7198 = CARTESIAN_POINT('',(31.566162109375,43.793872070313,26.8));
#7199 = VECTOR('',#7200,1.);
#7200 = DIRECTION('',(0.,0.,1.));
#7201 = PCURVE('',#2267,#7202);
#7202 = DEFINITIONAL_REPRESENTATION('',(#7203),#7207);
#7203 = LINE('',#7204,#7205);
#7204 = CARTESIAN_POINT('',(0.,0.));
#7205 = VECTOR('',#7206,1.);
#7206 = DIRECTION('',(0.,-1.));
#7207 = ( GEOMETRIC_REPRESENTATION_CONTEXT(2) 
PARAMETRIC_REPRESENTATION_CONTEXT() REPRESENTATION_CONTEXT('2D SPACE',''
  ) );
#7208 = PCURVE('',#2241,#7209);
#7209 = DEFINITIONAL_REPRESENTATION('',(#7210),#7214);
#7210 = LINE('',#7211,#7212);
#7211 = CARTESIAN_POINT('',(0.4169921875,0.));
#7212 = VECTOR('',#7213,1.);
#7213 = DIRECTION('',(0.,-1.));
#7214 = ( GEOMETRIC_REPRESENTATION_CONTEXT(2) 
PARAMETRIC_REPRESENTATION_CONTEXT() REPRESENTATION_CONTEXT('2D SPACE',''
  ) );
#7215 = ORIENTED_EDGE('',*,*,#2252,.F.);
#7216 = ORIENTED_EDGE('',*,*,#7146,.F.);
#7217 = ADVANCED_FACE('',(#7218),#2241,.F.);
#7218 = FACE_BOUND('',#7219,.F.);
#7219 = EDGE_LOOP('',(#7220,#7243,#7264,#7265));
#7220 = ORIENTED_EDGE('',*,*,#7221,.F.);
#7221 = EDGE_CURVE('',#7222,#7173,#7224,.T.);
#7222 = VERTEX_POINT('',#7223);
#7223 = CARTESIAN_POINT('',(31.983154296875,43.793872070313,26.8));
#7224 = SURFACE_CURVE('',#7225,(#7229,#7236),.PCURVE_S1.);
#7225 = LINE('',#7226,#7227);
#7226 = CARTESIAN_POINT('',(31.983154296875,43.793872070313,26.8));
#7227 = VECTOR('',#7228,1.);
#7228 = DIRECTION('',(-1.,0.,0.));
#7229 = PCURVE('',#2241,#7230);
#7230 = DEFINITIONAL_REPRESENTATION('',(#7231),#7235);
#7231 = LINE('',#7232,#7233);
#7232 = CARTESIAN_POINT('',(0.,-0.));
#7233 = VECTOR('',#7234,1.);
#7234 = DIRECTION('',(1.,0.));
#7235 = ( GEOMETRIC_REPRESENTATION_CONTEXT(2) 
PARAMETRIC_REPRESENTATION_CONTEXT() REPRESENTATION_CONTEXT('2D SPACE',''
  ) );
#7236 = PCURVE('',#6820,#7237);
#7237 = DEFINITIONAL_REPRESENTATION('',(#7238),#7242);
#7238 = LINE('',#7239,#7240);
#7239 = CARTESIAN_POINT('',(2.483154296875,0.));
#7240 = VECTOR('',#7241,1.);
#7241 = DIRECTION('',(-1.,0.));
#7242 = ( GEOMETRIC_REPRESENTATION_CONTEXT(2) 
PARAMETRIC_REPRESENTATION_CONTEXT() REPRESENTATION_CONTEXT('2D SPACE',''
  ) );
#7243 = ORIENTED_EDGE('',*,*,#7244,.T.);
#7244 = EDGE_CURVE('',#7222,#2201,#7245,.T.);
#7245 = SURFACE_CURVE('',#7246,(#7250,#7257),.PCURVE_S1.);
#7246 = LINE('',#7247,#7248);
#7247 = CARTESIAN_POINT('',(31.983154296875,43.793872070313,26.8));
#7248 = VECTOR('',#7249,1.);
#7249 = DIRECTION('',(0.,0.,1.));
#7250 = PCURVE('',#2241,#7251);
#7251 = DEFINITIONAL_REPRESENTATION('',(#7252),#7256);
#7252 = LINE('',#7253,#7254);
#7253 = CARTESIAN_POINT('',(0.,-0.));
#7254 = VECTOR('',#7255,1.);
#7255 = DIRECTION('',(0.,-1.));
#7256 = ( GEOMETRIC_REPRESENTATION_CONTEXT(2) 
PARAMETRIC_REPRESENTATION_CONTEXT() REPRESENTATION_CONTEXT('2D SPACE',''
  ) );
#7257 = PCURVE('',#2215,#7258);
#7258 = DEFINITIONAL_REPRESENTATION('',(#7259),#7263);
#7259 = LINE('',#7260,#7261);
#7260 = CARTESIAN_POINT('',(0.809246960384,0.));
#7261 = VECTOR('',#7262,1.);
#7262 = DIRECTION('',(0.,-1.));
#7263 = ( GEOMETRIC_REPRESENTATION_CONTEXT(2) 
PARAMETRIC_REPRESENTATION_CONTEXT() REPRESENTATION_CONTEXT('2D SPACE',''
  ) );
#7264 = ORIENTED_EDGE('',*,*,#2226,.F.);
#7265 = ORIENTED_EDGE('',*,*,#7195,.F.);
#7266 = ADVANCED_FACE('',(#7267),#2215,.F.);
#7267 = FACE_BOUND('',#7268,.F.);
#7268 = EDGE_LOOP('',(#7269,#7292,#7313,#7314));
#7269 = ORIENTED_EDGE('',*,*,#7270,.F.);
#7270 = EDGE_CURVE('',#7271,#7222,#7273,.T.);
#7271 = VERTEX_POINT('',#7272);
#7272 = CARTESIAN_POINT('',(31.54736328125,44.475756835938,26.8));
#7273 = SURFACE_CURVE('',#7274,(#7278,#7285),.PCURVE_S1.);
#7274 = LINE('',#7275,#7276);
#7275 = CARTESIAN_POINT('',(31.54736328125,44.475756835938,26.8));
#7276 = VECTOR('',#7277,1.);
#7277 = DIRECTION('',(0.538514244673,-0.84261640637,0.));
#7278 = PCURVE('',#2215,#7279);
#7279 = DEFINITIONAL_REPRESENTATION('',(#7280),#7284);
#7280 = LINE('',#7281,#7282);
#7281 = CARTESIAN_POINT('',(0.,0.));
#7282 = VECTOR('',#7283,1.);
#7283 = DIRECTION('',(1.,0.));
#7284 = ( GEOMETRIC_REPRESENTATION_CONTEXT(2) 
PARAMETRIC_REPRESENTATION_CONTEXT() REPRESENTATION_CONTEXT('2D SPACE',''
  ) );
#7285 = PCURVE('',#6820,#7286);
#7286 = DEFINITIONAL_REPRESENTATION('',(#7287),#7291);
#7287 = LINE('',#7288,#7289);
#7288 = CARTESIAN_POINT('',(2.04736328125,0.681884765625));
#7289 = VECTOR('',#7290,1.);
#7290 = DIRECTION('',(0.538514244673,-0.84261640637));
#7291 = ( GEOMETRIC_REPRESENTATION_CONTEXT(2) 
PARAMETRIC_REPRESENTATION_CONTEXT() REPRESENTATION_CONTEXT('2D SPACE',''
  ) );
#7292 = ORIENTED_EDGE('',*,*,#7293,.T.);
#7293 = EDGE_CURVE('',#7271,#2162,#7294,.T.);
#7294 = SURFACE_CURVE('',#7295,(#7299,#7306),.PCURVE_S1.);
#7295 = LINE('',#7296,#7297);
#7296 = CARTESIAN_POINT('',(31.54736328125,44.475756835938,26.8));
#7297 = VECTOR('',#7298,1.);
#7298 = DIRECTION('',(0.,0.,1.));
#7299 = PCURVE('',#2215,#7300);
#7300 = DEFINITIONAL_REPRESENTATION('',(#7301),#7305);
#7301 = LINE('',#7302,#7303);
#7302 = CARTESIAN_POINT('',(0.,0.));
#7303 = VECTOR('',#7304,1.);
#7304 = DIRECTION('',(0.,-1.));
#7305 = ( GEOMETRIC_REPRESENTATION_CONTEXT(2) 
PARAMETRIC_REPRESENTATION_CONTEXT() REPRESENTATION_CONTEXT('2D SPACE',''
  ) );
#7306 = PCURVE('',#2183,#7307);
#7307 = DEFINITIONAL_REPRESENTATION('',(#7308),#7312);
#7308 = LINE('',#7309,#7310);
#7309 = CARTESIAN_POINT('',(1.,0.));
#7310 = VECTOR('',#7311,1.);
#7311 = DIRECTION('',(0.,-1.));
#7312 = ( GEOMETRIC_REPRESENTATION_CONTEXT(2) 
PARAMETRIC_REPRESENTATION_CONTEXT() REPRESENTATION_CONTEXT('2D SPACE',''
  ) );
#7313 = ORIENTED_EDGE('',*,*,#2200,.F.);
#7314 = ORIENTED_EDGE('',*,*,#7244,.F.);
#7315 = ADVANCED_FACE('',(#7316),#2183,.F.);
#7316 = FACE_BOUND('',#7317,.F.);
#7317 = EDGE_LOOP('',(#7318,#7341,#7362,#7363));
#7318 = ORIENTED_EDGE('',*,*,#7319,.F.);
#7319 = EDGE_CURVE('',#7320,#7271,#7322,.T.);
#7320 = VERTEX_POINT('',#7321);
#7321 = CARTESIAN_POINT('',(31.272216796875,44.809008789063,26.8));
#7322 = SURFACE_CURVE('',#7323,(#7327,#7334),.PCURVE_S1.);
#7323 = B_SPLINE_CURVE_WITH_KNOTS('',2,(#7324,#7325,#7326),
  .UNSPECIFIED.,.F.,.F.,(3,3),(0.,1.),.PIECEWISE_BEZIER_KNOTS.);
#7324 = CARTESIAN_POINT('',(31.272216796875,44.809008789063,26.8));
#7325 = CARTESIAN_POINT('',(31.41748046875,44.675708007813,26.8));
#7326 = CARTESIAN_POINT('',(31.54736328125,44.475756835938,26.8));
#7327 = PCURVE('',#2183,#7328);
#7328 = DEFINITIONAL_REPRESENTATION('',(#7329),#7333);
#7329 = LINE('',#7330,#7331);
#7330 = CARTESIAN_POINT('',(0.,0.));
#7331 = VECTOR('',#7332,1.);
#7332 = DIRECTION('',(1.,0.));
#7333 = ( GEOMETRIC_REPRESENTATION_CONTEXT(2) 
PARAMETRIC_REPRESENTATION_CONTEXT() REPRESENTATION_CONTEXT('2D SPACE',''
  ) );
#7334 = PCURVE('',#6820,#7335);
#7335 = DEFINITIONAL_REPRESENTATION('',(#7336),#7340);
#7336 = B_SPLINE_CURVE_WITH_KNOTS('',2,(#7337,#7338,#7339),
  .UNSPECIFIED.,.F.,.F.,(3,3),(0.,1.),.PIECEWISE_BEZIER_KNOTS.);
#7337 = CARTESIAN_POINT('',(1.772216796875,1.01513671875));
#7338 = CARTESIAN_POINT('',(1.91748046875,0.8818359375));
#7339 = CARTESIAN_POINT('',(2.04736328125,0.681884765625));
#7340 = ( GEOMETRIC_REPRESENTATION_CONTEXT(2) 
PARAMETRIC_REPRESENTATION_CONTEXT() REPRESENTATION_CONTEXT('2D SPACE',''
  ) );
#7341 = ORIENTED_EDGE('',*,*,#7342,.T.);
#7342 = EDGE_CURVE('',#7320,#2123,#7343,.T.);
#7343 = SURFACE_CURVE('',#7344,(#7348,#7355),.PCURVE_S1.);
#7344 = LINE('',#7345,#7346);
#7345 = CARTESIAN_POINT('',(31.272216796875,44.809008789063,26.8));
#7346 = VECTOR('',#7347,1.);
#7347 = DIRECTION('',(0.,0.,1.));
#7348 = PCURVE('',#2183,#7349);
#7349 = DEFINITIONAL_REPRESENTATION('',(#7350),#7354);
#7350 = LINE('',#7351,#7352);
#7351 = CARTESIAN_POINT('',(0.,0.));
#7352 = VECTOR('',#7353,1.);
#7353 = DIRECTION('',(0.,-1.));
#7354 = ( GEOMETRIC_REPRESENTATION_CONTEXT(2) 
PARAMETRIC_REPRESENTATION_CONTEXT() REPRESENTATION_CONTEXT('2D SPACE',''
  ) );
#7355 = PCURVE('',#2144,#7356);
#7356 = DEFINITIONAL_REPRESENTATION('',(#7357),#7361);
#7357 = LINE('',#7358,#7359);
#7358 = CARTESIAN_POINT('',(1.,0.));
#7359 = VECTOR('',#7360,1.);
#7360 = DIRECTION('',(0.,-1.));
#7361 = ( GEOMETRIC_REPRESENTATION_CONTEXT(2) 
PARAMETRIC_REPRESENTATION_CONTEXT() REPRESENTATION_CONTEXT('2D SPACE',''
  ) );
#7362 = ORIENTED_EDGE('',*,*,#2161,.F.);
#7363 = ORIENTED_EDGE('',*,*,#7293,.F.);
#7364 = ADVANCED_FACE('',(#7365),#2144,.F.);
#7365 = FACE_BOUND('',#7366,.F.);
#7366 = EDGE_LOOP('',(#7367,#7390,#7411,#7412));
#7367 = ORIENTED_EDGE('',*,*,#7368,.F.);
#7368 = EDGE_CURVE('',#7369,#7320,#7371,.T.);
#7369 = VERTEX_POINT('',#7370);
#7370 = CARTESIAN_POINT('',(31.072265625,44.933764648438,26.8));
#7371 = SURFACE_CURVE('',#7372,(#7376,#7383),.PCURVE_S1.);
#7372 = B_SPLINE_CURVE_WITH_KNOTS('',2,(#7373,#7374,#7375),
  .UNSPECIFIED.,.F.,.F.,(3,3),(0.,1.),.PIECEWISE_BEZIER_KNOTS.);
#7373 = CARTESIAN_POINT('',(31.072265625,44.933764648438,26.8));
#7374 = CARTESIAN_POINT('',(31.203857421875,44.870532226563,26.8));
#7375 = CARTESIAN_POINT('',(31.272216796875,44.809008789063,26.8));
#7376 = PCURVE('',#2144,#7377);
#7377 = DEFINITIONAL_REPRESENTATION('',(#7378),#7382);
#7378 = LINE('',#7379,#7380);
#7379 = CARTESIAN_POINT('',(0.,0.));
#7380 = VECTOR('',#7381,1.);
#7381 = DIRECTION('',(1.,0.));
#7382 = ( GEOMETRIC_REPRESENTATION_CONTEXT(2) 
PARAMETRIC_REPRESENTATION_CONTEXT() REPRESENTATION_CONTEXT('2D SPACE',''
  ) );
#7383 = PCURVE('',#6820,#7384);
#7384 = DEFINITIONAL_REPRESENTATION('',(#7385),#7389);
#7385 = B_SPLINE_CURVE_WITH_KNOTS('',2,(#7386,#7387,#7388),
  .UNSPECIFIED.,.F.,.F.,(3,3),(0.,1.),.PIECEWISE_BEZIER_KNOTS.);
#7386 = CARTESIAN_POINT('',(1.572265625,1.139892578125));
#7387 = CARTESIAN_POINT('',(1.703857421875,1.07666015625));
#7388 = CARTESIAN_POINT('',(1.772216796875,1.01513671875));
#7389 = ( GEOMETRIC_REPRESENTATION_CONTEXT(2) 
PARAMETRIC_REPRESENTATION_CONTEXT() REPRESENTATION_CONTEXT('2D SPACE',''
  ) );
#7390 = ORIENTED_EDGE('',*,*,#7391,.T.);
#7391 = EDGE_CURVE('',#7369,#2072,#7392,.T.);
#7392 = SURFACE_CURVE('',#7393,(#7397,#7404),.PCURVE_S1.);
#7393 = LINE('',#7394,#7395);
#7394 = CARTESIAN_POINT('',(31.072265625,44.933764648438,26.8));
#7395 = VECTOR('',#7396,1.);
#7396 = DIRECTION('',(0.,0.,1.));
#7397 = PCURVE('',#2144,#7398);
#7398 = DEFINITIONAL_REPRESENTATION('',(#7399),#7403);
#7399 = LINE('',#7400,#7401);
#7400 = CARTESIAN_POINT('',(0.,0.));
#7401 = VECTOR('',#7402,1.);
#7402 = DIRECTION('',(0.,-1.));
#7403 = ( GEOMETRIC_REPRESENTATION_CONTEXT(2) 
PARAMETRIC_REPRESENTATION_CONTEXT() REPRESENTATION_CONTEXT('2D SPACE',''
  ) );
#7404 = PCURVE('',#2101,#7405);
#7405 = DEFINITIONAL_REPRESENTATION('',(#7406),#7410);
#7406 = LINE('',#7407,#7408);
#7407 = CARTESIAN_POINT('',(1.,0.));
#7408 = VECTOR('',#7409,1.);
#7409 = DIRECTION('',(0.,-1.));
#7410 = ( GEOMETRIC_REPRESENTATION_CONTEXT(2) 
PARAMETRIC_REPRESENTATION_CONTEXT() REPRESENTATION_CONTEXT('2D SPACE',''
  ) );
#7411 = ORIENTED_EDGE('',*,*,#2122,.F.);
#7412 = ORIENTED_EDGE('',*,*,#7342,.F.);
#7413 = ADVANCED_FACE('',(#7414),#2101,.F.);
#7414 = FACE_BOUND('',#7415,.F.);
#7415 = EDGE_LOOP('',(#7416,#7439,#7460,#7461));
#7416 = ORIENTED_EDGE('',*,*,#7417,.F.);
#7417 = EDGE_CURVE('',#7418,#7369,#7420,.T.);
#7418 = VERTEX_POINT('',#7419);
#7419 = CARTESIAN_POINT('',(31.60546875,45.166186523438,26.8));
#7420 = SURFACE_CURVE('',#7421,(#7425,#7432),.PCURVE_S1.);
#7421 = B_SPLINE_CURVE_WITH_KNOTS('',2,(#7422,#7423,#7424),
  .UNSPECIFIED.,.F.,.F.,(3,3),(0.,1.),.PIECEWISE_BEZIER_KNOTS.);
#7422 = CARTESIAN_POINT('',(31.60546875,45.166186523438,26.8));
#7423 = CARTESIAN_POINT('',(31.432861328125,44.983325195313,26.8));
#7424 = CARTESIAN_POINT('',(31.072265625,44.933764648438,26.8));
#7425 = PCURVE('',#2101,#7426);
#7426 = DEFINITIONAL_REPRESENTATION('',(#7427),#7431);
#7427 = LINE('',#7428,#7429);
#7428 = CARTESIAN_POINT('',(0.,0.));
#7429 = VECTOR('',#7430,1.);
#7430 = DIRECTION('',(1.,0.));
#7431 = ( GEOMETRIC_REPRESENTATION_CONTEXT(2) 
PARAMETRIC_REPRESENTATION_CONTEXT() REPRESENTATION_CONTEXT('2D SPACE',''
  ) );
#7432 = PCURVE('',#6820,#7433);
#7433 = DEFINITIONAL_REPRESENTATION('',(#7434),#7438);
#7434 = B_SPLINE_CURVE_WITH_KNOTS('',2,(#7435,#7436,#7437),
  .UNSPECIFIED.,.F.,.F.,(3,3),(0.,1.),.PIECEWISE_BEZIER_KNOTS.);
#7435 = CARTESIAN_POINT('',(2.10546875,1.372314453125));
#7436 = CARTESIAN_POINT('',(1.932861328125,1.189453125));
#7437 = CARTESIAN_POINT('',(1.572265625,1.139892578125));
#7438 = ( GEOMETRIC_REPRESENTATION_CONTEXT(2) 
PARAMETRIC_REPRESENTATION_CONTEXT() REPRESENTATION_CONTEXT('2D SPACE',''
  ) );
#7439 = ORIENTED_EDGE('',*,*,#7440,.T.);
#7440 = EDGE_CURVE('',#7418,#2021,#7441,.T.);
#7441 = SURFACE_CURVE('',#7442,(#7446,#7453),.PCURVE_S1.);
#7442 = LINE('',#7443,#7444);
#7443 = CARTESIAN_POINT('',(31.60546875,45.166186523438,26.8));
#7444 = VECTOR('',#7445,1.);
#7445 = DIRECTION('',(0.,0.,1.));
#7446 = PCURVE('',#2101,#7447);
#7447 = DEFINITIONAL_REPRESENTATION('',(#7448),#7452);
#7448 = LINE('',#7449,#7450);
#7449 = CARTESIAN_POINT('',(0.,0.));
#7450 = VECTOR('',#7451,1.);
#7451 = DIRECTION('',(0.,-1.));
#7452 = ( GEOMETRIC_REPRESENTATION_CONTEXT(2) 
PARAMETRIC_REPRESENTATION_CONTEXT() REPRESENTATION_CONTEXT('2D SPACE',''
  ) );
#7453 = PCURVE('',#2050,#7454);
#7454 = DEFINITIONAL_REPRESENTATION('',(#7455),#7459);
#7455 = LINE('',#7456,#7457);
#7456 = CARTESIAN_POINT('',(1.,0.));
#7457 = VECTOR('',#7458,1.);
#7458 = DIRECTION('',(0.,-1.));
#7459 = ( GEOMETRIC_REPRESENTATION_CONTEXT(2) 
PARAMETRIC_REPRESENTATION_CONTEXT() REPRESENTATION_CONTEXT('2D SPACE',''
  ) );
#7460 = ORIENTED_EDGE('',*,*,#2071,.F.);
#7461 = ORIENTED_EDGE('',*,*,#7391,.F.);
#7462 = ADVANCED_FACE('',(#7463),#2050,.F.);
#7463 = FACE_BOUND('',#7464,.F.);
#7464 = EDGE_LOOP('',(#7465,#7488,#7509,#7510));
#7465 = ORIENTED_EDGE('',*,*,#7466,.F.);
#7466 = EDGE_CURVE('',#7467,#7418,#7469,.T.);
#7467 = VERTEX_POINT('',#7468);
#7468 = CARTESIAN_POINT('',(31.778076171875,45.615649414063,26.8));
#7469 = SURFACE_CURVE('',#7470,(#7474,#7481),.PCURVE_S1.);
#7470 = B_SPLINE_CURVE_WITH_KNOTS('',2,(#7471,#7472,#7473),
  .UNSPECIFIED.,.F.,.F.,(3,3),(0.,1.),.PIECEWISE_BEZIER_KNOTS.);
#7471 = CARTESIAN_POINT('',(31.778076171875,45.615649414063,26.8));
#7472 = CARTESIAN_POINT('',(31.778076171875,45.349047851563,26.8));
#7473 = CARTESIAN_POINT('',(31.60546875,45.166186523438,26.8));
#7474 = PCURVE('',#2050,#7475);
#7475 = DEFINITIONAL_REPRESENTATION('',(#7476),#7480);
#7476 = LINE('',#7477,#7478);
#7477 = CARTESIAN_POINT('',(0.,0.));
#7478 = VECTOR('',#7479,1.);
#7479 = DIRECTION('',(1.,0.));
#7480 = ( GEOMETRIC_REPRESENTATION_CONTEXT(2) 
PARAMETRIC_REPRESENTATION_CONTEXT() REPRESENTATION_CONTEXT('2D SPACE',''
  ) );
#7481 = PCURVE('',#6820,#7482);
#7482 = DEFINITIONAL_REPRESENTATION('',(#7483),#7487);
#7483 = B_SPLINE_CURVE_WITH_KNOTS('',2,(#7484,#7485,#7486),
  .UNSPECIFIED.,.F.,.F.,(3,3),(0.,1.),.PIECEWISE_BEZIER_KNOTS.);
#7484 = CARTESIAN_POINT('',(2.278076171875,1.82177734375));
#7485 = CARTESIAN_POINT('',(2.278076171875,1.55517578125));
#7486 = CARTESIAN_POINT('',(2.10546875,1.372314453125));
#7487 = ( GEOMETRIC_REPRESENTATION_CONTEXT(2) 
PARAMETRIC_REPRESENTATION_CONTEXT() REPRESENTATION_CONTEXT('2D SPACE',''
  ) );
#7488 = ORIENTED_EDGE('',*,*,#7489,.T.);
#7489 = EDGE_CURVE('',#7467,#1976,#7490,.T.);
#7490 = SURFACE_CURVE('',#7491,(#7495,#7502),.PCURVE_S1.);
#7491 = LINE('',#7492,#7493);
#7492 = CARTESIAN_POINT('',(31.778076171875,45.615649414063,26.8));
#7493 = VECTOR('',#7494,1.);
#7494 = DIRECTION('',(0.,0.,1.));
#7495 = PCURVE('',#2050,#7496);
#7496 = DEFINITIONAL_REPRESENTATION('',(#7497),#7501);
#7497 = LINE('',#7498,#7499);
#7498 = CARTESIAN_POINT('',(0.,0.));
#7499 = VECTOR('',#7500,1.);
#7500 = DIRECTION('',(0.,-1.));
#7501 = ( GEOMETRIC_REPRESENTATION_CONTEXT(2) 
PARAMETRIC_REPRESENTATION_CONTEXT() REPRESENTATION_CONTEXT('2D SPACE',''
  ) );
#7502 = PCURVE('',#2001,#7503);
#7503 = DEFINITIONAL_REPRESENTATION('',(#7504),#7508);
#7504 = LINE('',#7505,#7506);
#7505 = CARTESIAN_POINT('',(1.,0.));
#7506 = VECTOR('',#7507,1.);
#7507 = DIRECTION('',(0.,-1.));
#7508 = ( GEOMETRIC_REPRESENTATION_CONTEXT(2) 
PARAMETRIC_REPRESENTATION_CONTEXT() REPRESENTATION_CONTEXT('2D SPACE',''
  ) );
#7509 = ORIENTED_EDGE('',*,*,#2020,.F.);
#7510 = ORIENTED_EDGE('',*,*,#7440,.F.);
#7511 = ADVANCED_FACE('',(#7512),#2001,.F.);
#7512 = FACE_BOUND('',#7513,.F.);
#7513 = EDGE_LOOP('',(#7514,#7537,#7558,#7559));
#7514 = ORIENTED_EDGE('',*,*,#7515,.F.);
#7515 = EDGE_CURVE('',#7516,#7467,#7518,.T.);
#7516 = VERTEX_POINT('',#7517);
#7517 = CARTESIAN_POINT('',(31.673828125,45.993334960938,26.8));
#7518 = SURFACE_CURVE('',#7519,(#7523,#7530),.PCURVE_S1.);
#7519 = B_SPLINE_CURVE_WITH_KNOTS('',2,(#7520,#7521,#7522),
  .UNSPECIFIED.,.F.,.F.,(3,3),(0.,1.),.PIECEWISE_BEZIER_KNOTS.);
#7520 = CARTESIAN_POINT('',(31.673828125,45.993334960938,26.8));
#7521 = CARTESIAN_POINT('',(31.778076171875,45.822436523438,26.8));
#7522 = CARTESIAN_POINT('',(31.778076171875,45.615649414063,26.8));
#7523 = PCURVE('',#2001,#7524);
#7524 = DEFINITIONAL_REPRESENTATION('',(#7525),#7529);
#7525 = LINE('',#7526,#7527);
#7526 = CARTESIAN_POINT('',(0.,0.));
#7527 = VECTOR('',#7528,1.);
#7528 = DIRECTION('',(1.,0.));
#7529 = ( GEOMETRIC_REPRESENTATION_CONTEXT(2) 
PARAMETRIC_REPRESENTATION_CONTEXT() REPRESENTATION_CONTEXT('2D SPACE',''
  ) );
#7530 = PCURVE('',#6820,#7531);
#7531 = DEFINITIONAL_REPRESENTATION('',(#7532),#7536);
#7532 = B_SPLINE_CURVE_WITH_KNOTS('',2,(#7533,#7534,#7535),
  .UNSPECIFIED.,.F.,.F.,(3,3),(0.,1.),.PIECEWISE_BEZIER_KNOTS.);
#7533 = CARTESIAN_POINT('',(2.173828125,2.199462890625));
#7534 = CARTESIAN_POINT('',(2.278076171875,2.028564453125));
#7535 = CARTESIAN_POINT('',(2.278076171875,1.82177734375));
#7536 = ( GEOMETRIC_REPRESENTATION_CONTEXT(2) 
PARAMETRIC_REPRESENTATION_CONTEXT() REPRESENTATION_CONTEXT('2D SPACE',''
  ) );
#7537 = ORIENTED_EDGE('',*,*,#7538,.T.);
#7538 = EDGE_CURVE('',#7516,#1925,#7539,.T.);
#7539 = SURFACE_CURVE('',#7540,(#7544,#7551),.PCURVE_S1.);
#7540 = LINE('',#7541,#7542);
#7541 = CARTESIAN_POINT('',(31.673828125,45.993334960938,26.8));
#7542 = VECTOR('',#7543,1.);
#7543 = DIRECTION('',(0.,0.,1.));
#7544 = PCURVE('',#2001,#7545);
#7545 = DEFINITIONAL_REPRESENTATION('',(#7546),#7550);
#7546 = LINE('',#7547,#7548);
#7547 = CARTESIAN_POINT('',(0.,0.));
#7548 = VECTOR('',#7549,1.);
#7549 = DIRECTION('',(0.,-1.));
#7550 = ( GEOMETRIC_REPRESENTATION_CONTEXT(2) 
PARAMETRIC_REPRESENTATION_CONTEXT() REPRESENTATION_CONTEXT('2D SPACE',''
  ) );
#7551 = PCURVE('',#1954,#7552);
#7552 = DEFINITIONAL_REPRESENTATION('',(#7553),#7557);
#7553 = LINE('',#7554,#7555);
#7554 = CARTESIAN_POINT('',(1.,0.));
#7555 = VECTOR('',#7556,1.);
#7556 = DIRECTION('',(0.,-1.));
#7557 = ( GEOMETRIC_REPRESENTATION_CONTEXT(2) 
PARAMETRIC_REPRESENTATION_CONTEXT() REPRESENTATION_CONTEXT('2D SPACE',''
  ) );
#7558 = ORIENTED_EDGE('',*,*,#1975,.F.);
#7559 = ORIENTED_EDGE('',*,*,#7489,.F.);
#7560 = ADVANCED_FACE('',(#7561),#1954,.F.);
#7561 = FACE_BOUND('',#7562,.F.);
#7562 = EDGE_LOOP('',(#7563,#7586,#7607,#7608));
#7563 = ORIENTED_EDGE('',*,*,#7564,.F.);
#7564 = EDGE_CURVE('',#7565,#7516,#7567,.T.);
#7565 = VERTEX_POINT('',#7566);
#7566 = CARTESIAN_POINT('',(31.395263671875,46.23173828125,26.8));
#7567 = SURFACE_CURVE('',#7568,(#7572,#7579),.PCURVE_S1.);
#7568 = B_SPLINE_CURVE_WITH_KNOTS('',2,(#7569,#7570,#7571),
  .UNSPECIFIED.,.F.,.F.,(3,3),(0.,1.),.PIECEWISE_BEZIER_KNOTS.);
#7569 = CARTESIAN_POINT('',(31.395263671875,46.23173828125,26.8));
#7570 = CARTESIAN_POINT('',(31.569580078125,46.164233398438,26.8));
#7571 = CARTESIAN_POINT('',(31.673828125,45.993334960938,26.8));
#7572 = PCURVE('',#1954,#7573);
#7573 = DEFINITIONAL_REPRESENTATION('',(#7574),#7578);
#7574 = LINE('',#7575,#7576);
#7575 = CARTESIAN_POINT('',(0.,0.));
#7576 = VECTOR('',#7577,1.);
#7577 = DIRECTION('',(1.,0.));
#7578 = ( GEOMETRIC_REPRESENTATION_CONTEXT(2) 
PARAMETRIC_REPRESENTATION_CONTEXT() REPRESENTATION_CONTEXT('2D SPACE',''
  ) );
#7579 = PCURVE('',#6820,#7580);
#7580 = DEFINITIONAL_REPRESENTATION('',(#7581),#7585);
#7581 = B_SPLINE_CURVE_WITH_KNOTS('',2,(#7582,#7583,#7584),
  .UNSPECIFIED.,.F.,.F.,(3,3),(0.,1.),.PIECEWISE_BEZIER_KNOTS.);
#7582 = CARTESIAN_POINT('',(1.895263671875,2.437866210938));
#7583 = CARTESIAN_POINT('',(2.069580078125,2.370361328125));
#7584 = CARTESIAN_POINT('',(2.173828125,2.199462890625));
#7585 = ( GEOMETRIC_REPRESENTATION_CONTEXT(2) 
PARAMETRIC_REPRESENTATION_CONTEXT() REPRESENTATION_CONTEXT('2D SPACE',''
  ) );
#7586 = ORIENTED_EDGE('',*,*,#7587,.T.);
#7587 = EDGE_CURVE('',#7565,#1883,#7588,.T.);
#7588 = SURFACE_CURVE('',#7589,(#7593,#7600),.PCURVE_S1.);
#7589 = LINE('',#7590,#7591);
#7590 = CARTESIAN_POINT('',(31.395263671875,46.23173828125,26.8));
#7591 = VECTOR('',#7592,1.);
#7592 = DIRECTION('',(0.,0.,1.));
#7593 = PCURVE('',#1954,#7594);
#7594 = DEFINITIONAL_REPRESENTATION('',(#7595),#7599);
#7595 = LINE('',#7596,#7597);
#7596 = CARTESIAN_POINT('',(0.,0.));
#7597 = VECTOR('',#7598,1.);
#7598 = DIRECTION('',(0.,-1.));
#7599 = ( GEOMETRIC_REPRESENTATION_CONTEXT(2) 
PARAMETRIC_REPRESENTATION_CONTEXT() REPRESENTATION_CONTEXT('2D SPACE',''
  ) );
#7600 = PCURVE('',#1906,#7601);
#7601 = DEFINITIONAL_REPRESENTATION('',(#7602),#7606);
#7602 = LINE('',#7603,#7604);
#7603 = CARTESIAN_POINT('',(1.,0.));
#7604 = VECTOR('',#7605,1.);
#7605 = DIRECTION('',(0.,-1.));
#7606 = ( GEOMETRIC_REPRESENTATION_CONTEXT(2) 
PARAMETRIC_REPRESENTATION_CONTEXT() REPRESENTATION_CONTEXT('2D SPACE',''
  ) );
#7607 = ORIENTED_EDGE('',*,*,#1924,.F.);
#7608 = ORIENTED_EDGE('',*,*,#7538,.F.);
#7609 = ADVANCED_FACE('',(#7610),#1906,.F.);
#7610 = FACE_BOUND('',#7611,.F.);
#7611 = EDGE_LOOP('',(#7612,#7635,#7656,#7657));
#7612 = ORIENTED_EDGE('',*,*,#7613,.F.);
#7613 = EDGE_CURVE('',#7614,#7565,#7616,.T.);
#7614 = VERTEX_POINT('',#7615);
#7615 = CARTESIAN_POINT('',(30.885986328125,46.299243164063,26.8));
#7616 = SURFACE_CURVE('',#7617,(#7621,#7628),.PCURVE_S1.);
#7617 = B_SPLINE_CURVE_WITH_KNOTS('',2,(#7618,#7619,#7620),
  .UNSPECIFIED.,.F.,.F.,(3,3),(0.,1.),.PIECEWISE_BEZIER_KNOTS.);
#7618 = CARTESIAN_POINT('',(30.885986328125,46.299243164063,26.8));
#7619 = CARTESIAN_POINT('',(31.220947265625,46.299243164063,26.8));
#7620 = CARTESIAN_POINT('',(31.395263671875,46.23173828125,26.8));
#7621 = PCURVE('',#1906,#7622);
#7622 = DEFINITIONAL_REPRESENTATION('',(#7623),#7627);
#7623 = LINE('',#7624,#7625);
#7624 = CARTESIAN_POINT('',(0.,0.));
#7625 = VECTOR('',#7626,1.);
#7626 = DIRECTION('',(1.,0.));
#7627 = ( GEOMETRIC_REPRESENTATION_CONTEXT(2) 
PARAMETRIC_REPRESENTATION_CONTEXT() REPRESENTATION_CONTEXT('2D SPACE',''
  ) );
#7628 = PCURVE('',#6820,#7629);
#7629 = DEFINITIONAL_REPRESENTATION('',(#7630),#7634);
#7630 = B_SPLINE_CURVE_WITH_KNOTS('',2,(#7631,#7632,#7633),
  .UNSPECIFIED.,.F.,.F.,(3,3),(0.,1.),.PIECEWISE_BEZIER_KNOTS.);
#7631 = CARTESIAN_POINT('',(1.385986328125,2.50537109375));
#7632 = CARTESIAN_POINT('',(1.720947265625,2.50537109375));
#7633 = CARTESIAN_POINT('',(1.895263671875,2.437866210938));
#7634 = ( GEOMETRIC_REPRESENTATION_CONTEXT(2) 
PARAMETRIC_REPRESENTATION_CONTEXT() REPRESENTATION_CONTEXT('2D SPACE',''
  ) );
#7635 = ORIENTED_EDGE('',*,*,#7636,.T.);
#7636 = EDGE_CURVE('',#7614,#1857,#7637,.T.);
#7637 = SURFACE_CURVE('',#7638,(#7642,#7649),.PCURVE_S1.);
#7638 = LINE('',#7639,#7640);
#7639 = CARTESIAN_POINT('',(30.885986328125,46.299243164063,26.8));
#7640 = VECTOR('',#7641,1.);
#7641 = DIRECTION('',(0.,0.,1.));
#7642 = PCURVE('',#1906,#7643);
#7643 = DEFINITIONAL_REPRESENTATION('',(#7644),#7648);
#7644 = LINE('',#7645,#7646);
#7645 = CARTESIAN_POINT('',(0.,0.));
#7646 = VECTOR('',#7647,1.);
#7647 = DIRECTION('',(0.,-1.));
#7648 = ( GEOMETRIC_REPRESENTATION_CONTEXT(2) 
PARAMETRIC_REPRESENTATION_CONTEXT() REPRESENTATION_CONTEXT('2D SPACE',''
  ) );
#7649 = PCURVE('',#1871,#7650);
#7650 = DEFINITIONAL_REPRESENTATION('',(#7651),#7655);
#7651 = LINE('',#7652,#7653);
#7652 = CARTESIAN_POINT('',(1.11083984375,0.));
#7653 = VECTOR('',#7654,1.);
#7654 = DIRECTION('',(0.,-1.));
#7655 = ( GEOMETRIC_REPRESENTATION_CONTEXT(2) 
PARAMETRIC_REPRESENTATION_CONTEXT() REPRESENTATION_CONTEXT('2D SPACE',''
  ) );
#7656 = ORIENTED_EDGE('',*,*,#1882,.F.);
#7657 = ORIENTED_EDGE('',*,*,#7587,.F.);
#7658 = ADVANCED_FACE('',(#7659),#1871,.F.);
#7659 = FACE_BOUND('',#7660,.F.);
#7660 = EDGE_LOOP('',(#7661,#7684,#7705,#7706));
#7661 = ORIENTED_EDGE('',*,*,#7662,.F.);
#7662 = EDGE_CURVE('',#7663,#7614,#7665,.T.);
#7663 = VERTEX_POINT('',#7664);
#7664 = CARTESIAN_POINT('',(29.775146484375,46.299243164063,26.8));
#7665 = SURFACE_CURVE('',#7666,(#7670,#7677),.PCURVE_S1.);
#7666 = LINE('',#7667,#7668);
#7667 = CARTESIAN_POINT('',(29.775146484375,46.299243164063,26.8));
#7668 = VECTOR('',#7669,1.);
#7669 = DIRECTION('',(1.,0.,0.));
#7670 = PCURVE('',#1871,#7671);
#7671 = DEFINITIONAL_REPRESENTATION('',(#7672),#7676);
#7672 = LINE('',#7673,#7674);
#7673 = CARTESIAN_POINT('',(0.,0.));
#7674 = VECTOR('',#7675,1.);
#7675 = DIRECTION('',(1.,0.));
#7676 = ( GEOMETRIC_REPRESENTATION_CONTEXT(2) 
PARAMETRIC_REPRESENTATION_CONTEXT() REPRESENTATION_CONTEXT('2D SPACE',''
  ) );
#7677 = PCURVE('',#6820,#7678);
#7678 = DEFINITIONAL_REPRESENTATION('',(#7679),#7683);
#7679 = LINE('',#7680,#7681);
#7680 = CARTESIAN_POINT('',(0.275146484375,2.50537109375));
#7681 = VECTOR('',#7682,1.);
#7682 = DIRECTION('',(1.,0.));
#7683 = ( GEOMETRIC_REPRESENTATION_CONTEXT(2) 
PARAMETRIC_REPRESENTATION_CONTEXT() REPRESENTATION_CONTEXT('2D SPACE',''
  ) );
#7684 = ORIENTED_EDGE('',*,*,#7685,.T.);
#7685 = EDGE_CURVE('',#7663,#1831,#7686,.T.);
#7686 = SURFACE_CURVE('',#7687,(#7691,#7698),.PCURVE_S1.);
#7687 = LINE('',#7688,#7689);
#7688 = CARTESIAN_POINT('',(29.775146484375,46.299243164063,26.8));
#7689 = VECTOR('',#7690,1.);
#7690 = DIRECTION('',(0.,0.,1.));
#7691 = PCURVE('',#1871,#7692);
#7692 = DEFINITIONAL_REPRESENTATION('',(#7693),#7697);
#7693 = LINE('',#7694,#7695);
#7694 = CARTESIAN_POINT('',(0.,0.));
#7695 = VECTOR('',#7696,1.);
#7696 = DIRECTION('',(0.,-1.));
#7697 = ( GEOMETRIC_REPRESENTATION_CONTEXT(2) 
PARAMETRIC_REPRESENTATION_CONTEXT() REPRESENTATION_CONTEXT('2D SPACE',''
  ) );
#7698 = PCURVE('',#1845,#7699);
#7699 = DEFINITIONAL_REPRESENTATION('',(#7700),#7704);
#7700 = LINE('',#7701,#7702);
#7701 = CARTESIAN_POINT('',(2.50537109375,0.));
#7702 = VECTOR('',#7703,1.);
#7703 = DIRECTION('',(0.,-1.));
#7704 = ( GEOMETRIC_REPRESENTATION_CONTEXT(2) 
PARAMETRIC_REPRESENTATION_CONTEXT() REPRESENTATION_CONTEXT('2D SPACE',''
  ) );
#7705 = ORIENTED_EDGE('',*,*,#1856,.F.);
#7706 = ORIENTED_EDGE('',*,*,#7636,.F.);
#7707 = ADVANCED_FACE('',(#7708),#1845,.F.);
#7708 = FACE_BOUND('',#7709,.F.);
#7709 = EDGE_LOOP('',(#7710,#7731,#7732,#7733));
#7710 = ORIENTED_EDGE('',*,*,#7711,.F.);
#7711 = EDGE_CURVE('',#6805,#7663,#7712,.T.);
#7712 = SURFACE_CURVE('',#7713,(#7717,#7724),.PCURVE_S1.);
#7713 = LINE('',#7714,#7715);
#7714 = CARTESIAN_POINT('',(29.775146484375,43.793872070313,26.8));
#7715 = VECTOR('',#7716,1.);
#7716 = DIRECTION('',(0.,1.,0.));
#7717 = PCURVE('',#1845,#7718);
#7718 = DEFINITIONAL_REPRESENTATION('',(#7719),#7723);
#7719 = LINE('',#7720,#7721);
#7720 = CARTESIAN_POINT('',(0.,0.));
#7721 = VECTOR('',#7722,1.);
#7722 = DIRECTION('',(1.,0.));
#7723 = ( GEOMETRIC_REPRESENTATION_CONTEXT(2) 
PARAMETRIC_REPRESENTATION_CONTEXT() REPRESENTATION_CONTEXT('2D SPACE',''
  ) );
#7724 = PCURVE('',#6820,#7725);
#7725 = DEFINITIONAL_REPRESENTATION('',(#7726),#7730);
#7726 = LINE('',#7727,#7728);
#7727 = CARTESIAN_POINT('',(0.275146484375,0.));
#7728 = VECTOR('',#7729,1.);
#7729 = DIRECTION('',(0.,1.));
#7730 = ( GEOMETRIC_REPRESENTATION_CONTEXT(2) 
PARAMETRIC_REPRESENTATION_CONTEXT() REPRESENTATION_CONTEXT('2D SPACE',''
  ) );
#7731 = ORIENTED_EDGE('',*,*,#6854,.T.);
#7732 = ORIENTED_EDGE('',*,*,#1830,.F.);
#7733 = ORIENTED_EDGE('',*,*,#7685,.F.);
#7734 = ADVANCED_FACE('',(#7735),#2500,.F.);
#7735 = FACE_BOUND('',#7736,.F.);
#7736 = EDGE_LOOP('',(#7737,#7767,#7788,#7789));
#7737 = ORIENTED_EDGE('',*,*,#7738,.F.);
#7738 = EDGE_CURVE('',#7739,#7741,#7743,.T.);
#7739 = VERTEX_POINT('',#7740);
#7740 = CARTESIAN_POINT('',(33.203369140625,43.793872070313,26.8));
#7741 = VERTEX_POINT('',#7742);
#7742 = CARTESIAN_POINT('',(32.871826171875,43.793872070313,26.8));
#7743 = SURFACE_CURVE('',#7744,(#7748,#7755),.PCURVE_S1.);
#7744 = LINE('',#7745,#7746);
#7745 = CARTESIAN_POINT('',(33.203369140625,43.793872070313,26.8));
#7746 = VECTOR('',#7747,1.);
#7747 = DIRECTION('',(-1.,0.,0.));
#7748 = PCURVE('',#2500,#7749);
#7749 = DEFINITIONAL_REPRESENTATION('',(#7750),#7754);
#7750 = LINE('',#7751,#7752);
#7751 = CARTESIAN_POINT('',(0.,-0.));
#7752 = VECTOR('',#7753,1.);
#7753 = DIRECTION('',(1.,0.));
#7754 = ( GEOMETRIC_REPRESENTATION_CONTEXT(2) 
PARAMETRIC_REPRESENTATION_CONTEXT() REPRESENTATION_CONTEXT('2D SPACE',''
  ) );
#7755 = PCURVE('',#7756,#7761);
#7756 = PLANE('',#7757);
#7757 = AXIS2_PLACEMENT_3D('',#7758,#7759,#7760);
#7758 = CARTESIAN_POINT('',(31.96435546875,43.793872070313,26.8));
#7759 = DIRECTION('',(0.,0.,1.));
#7760 = DIRECTION('',(1.,0.,0.));
#7761 = DEFINITIONAL_REPRESENTATION('',(#7762),#7766);
#7762 = LINE('',#7763,#7764);
#7763 = CARTESIAN_POINT('',(1.239013671875,0.));
#7764 = VECTOR('',#7765,1.);
#7765 = DIRECTION('',(-1.,0.));
#7766 = ( GEOMETRIC_REPRESENTATION_CONTEXT(2) 
PARAMETRIC_REPRESENTATION_CONTEXT() REPRESENTATION_CONTEXT('2D SPACE',''
  ) );
#7767 = ORIENTED_EDGE('',*,*,#7768,.T.);
#7768 = EDGE_CURVE('',#7739,#2486,#7769,.T.);
#7769 = SURFACE_CURVE('',#7770,(#7774,#7781),.PCURVE_S1.);
#7770 = LINE('',#7771,#7772);
#7771 = CARTESIAN_POINT('',(33.203369140625,43.793872070313,26.8));
#7772 = VECTOR('',#7773,1.);
#7773 = DIRECTION('',(0.,0.,1.));
#7774 = PCURVE('',#2500,#7775);
#7775 = DEFINITIONAL_REPRESENTATION('',(#7776),#7780);
#7776 = LINE('',#7777,#7778);
#7777 = CARTESIAN_POINT('',(0.,-0.));
#7778 = VECTOR('',#7779,1.);
#7779 = DIRECTION('',(0.,-1.));
#7780 = ( GEOMETRIC_REPRESENTATION_CONTEXT(2) 
PARAMETRIC_REPRESENTATION_CONTEXT() REPRESENTATION_CONTEXT('2D SPACE',''
  ) );
#7781 = PCURVE('',#2680,#7782);
#7782 = DEFINITIONAL_REPRESENTATION('',(#7783),#7787);
#7783 = LINE('',#7784,#7785);
#7784 = CARTESIAN_POINT('',(2.209716796875,0.));
#7785 = VECTOR('',#7786,1.);
#7786 = DIRECTION('',(0.,-1.));
#7787 = ( GEOMETRIC_REPRESENTATION_CONTEXT(2) 
PARAMETRIC_REPRESENTATION_CONTEXT() REPRESENTATION_CONTEXT('2D SPACE',''
  ) );
#7788 = ORIENTED_EDGE('',*,*,#2483,.F.);
#7789 = ORIENTED_EDGE('',*,*,#7790,.F.);
#7790 = EDGE_CURVE('',#7741,#2484,#7791,.T.);
#7791 = SURFACE_CURVE('',#7792,(#7796,#7803),.PCURVE_S1.);
#7792 = LINE('',#7793,#7794);
#7793 = CARTESIAN_POINT('',(32.871826171875,43.793872070313,26.8));
#7794 = VECTOR('',#7795,1.);
#7795 = DIRECTION('',(0.,0.,1.));
#7796 = PCURVE('',#2500,#7797);
#7797 = DEFINITIONAL_REPRESENTATION('',(#7798),#7802);
#7798 = LINE('',#7799,#7800);
#7799 = CARTESIAN_POINT('',(0.33154296875,0.));
#7800 = VECTOR('',#7801,1.);
#7801 = DIRECTION('',(0.,-1.));
#7802 = ( GEOMETRIC_REPRESENTATION_CONTEXT(2) 
PARAMETRIC_REPRESENTATION_CONTEXT() REPRESENTATION_CONTEXT('2D SPACE',''
  ) );
#7803 = PCURVE('',#2526,#7804);
#7804 = DEFINITIONAL_REPRESENTATION('',(#7805),#7809);
#7805 = LINE('',#7806,#7807);
#7806 = CARTESIAN_POINT('',(0.,0.));
#7807 = VECTOR('',#7808,1.);
#7808 = DIRECTION('',(0.,-1.));
#7809 = ( GEOMETRIC_REPRESENTATION_CONTEXT(2) 
PARAMETRIC_REPRESENTATION_CONTEXT() REPRESENTATION_CONTEXT('2D SPACE',''
  ) );
#7810 = ADVANCED_FACE('',(#7811),#2680,.F.);
#7811 = FACE_BOUND('',#7812,.F.);
#7812 = EDGE_LOOP('',(#7813,#7836,#7857,#7858));
#7813 = ORIENTED_EDGE('',*,*,#7814,.F.);
#7814 = EDGE_CURVE('',#7815,#7739,#7817,.T.);
#7815 = VERTEX_POINT('',#7816);
#7816 = CARTESIAN_POINT('',(33.203369140625,46.003588867188,26.8));
#7817 = SURFACE_CURVE('',#7818,(#7822,#7829),.PCURVE_S1.);
#7818 = LINE('',#7819,#7820);
#7819 = CARTESIAN_POINT('',(33.203369140625,46.003588867188,26.8));
#7820 = VECTOR('',#7821,1.);
#7821 = DIRECTION('',(0.,-1.,0.));
#7822 = PCURVE('',#2680,#7823);
#7823 = DEFINITIONAL_REPRESENTATION('',(#7824),#7828);
#7824 = LINE('',#7825,#7826);
#7825 = CARTESIAN_POINT('',(0.,0.));
#7826 = VECTOR('',#7827,1.);
#7827 = DIRECTION('',(1.,0.));
#7828 = ( GEOMETRIC_REPRESENTATION_CONTEXT(2) 
PARAMETRIC_REPRESENTATION_CONTEXT() REPRESENTATION_CONTEXT('2D SPACE',''
  ) );
#7829 = PCURVE('',#7756,#7830);
#7830 = DEFINITIONAL_REPRESENTATION('',(#7831),#7835);
#7831 = LINE('',#7832,#7833);
#7832 = CARTESIAN_POINT('',(1.239013671875,2.209716796875));
#7833 = VECTOR('',#7834,1.);
#7834 = DIRECTION('',(0.,-1.));
#7835 = ( GEOMETRIC_REPRESENTATION_CONTEXT(2) 
PARAMETRIC_REPRESENTATION_CONTEXT() REPRESENTATION_CONTEXT('2D SPACE',''
  ) );
#7836 = ORIENTED_EDGE('',*,*,#7837,.T.);
#7837 = EDGE_CURVE('',#7815,#2642,#7838,.T.);
#7838 = SURFACE_CURVE('',#7839,(#7843,#7850),.PCURVE_S1.);
#7839 = LINE('',#7840,#7841);
#7840 = CARTESIAN_POINT('',(33.203369140625,46.003588867188,26.8));
#7841 = VECTOR('',#7842,1.);
#7842 = DIRECTION('',(0.,0.,1.));
#7843 = PCURVE('',#2680,#7844);
#7844 = DEFINITIONAL_REPRESENTATION('',(#7845),#7849);
#7845 = LINE('',#7846,#7847);
#7846 = CARTESIAN_POINT('',(0.,0.));
#7847 = VECTOR('',#7848,1.);
#7848 = DIRECTION('',(0.,-1.));
#7849 = ( GEOMETRIC_REPRESENTATION_CONTEXT(2) 
PARAMETRIC_REPRESENTATION_CONTEXT() REPRESENTATION_CONTEXT('2D SPACE',''
  ) );
#7850 = PCURVE('',#2656,#7851);
#7851 = DEFINITIONAL_REPRESENTATION('',(#7852),#7856);
#7852 = LINE('',#7853,#7854);
#7853 = CARTESIAN_POINT('',(0.828857421875,0.));
#7854 = VECTOR('',#7855,1.);
#7855 = DIRECTION('',(0.,-1.));
#7856 = ( GEOMETRIC_REPRESENTATION_CONTEXT(2) 
PARAMETRIC_REPRESENTATION_CONTEXT() REPRESENTATION_CONTEXT('2D SPACE',''
  ) );
#7857 = ORIENTED_EDGE('',*,*,#2667,.F.);
#7858 = ORIENTED_EDGE('',*,*,#7768,.F.);
#7859 = ADVANCED_FACE('',(#7860),#2656,.F.);
#7860 = FACE_BOUND('',#7861,.F.);
#7861 = EDGE_LOOP('',(#7862,#7885,#7906,#7907));
#7862 = ORIENTED_EDGE('',*,*,#7863,.F.);
#7863 = EDGE_CURVE('',#7864,#7815,#7866,.T.);
#7864 = VERTEX_POINT('',#7865);
#7865 = CARTESIAN_POINT('',(34.0322265625,46.003588867188,26.8));
#7866 = SURFACE_CURVE('',#7867,(#7871,#7878),.PCURVE_S1.);
#7867 = LINE('',#7868,#7869);
#7868 = CARTESIAN_POINT('',(34.0322265625,46.003588867188,26.8));
#7869 = VECTOR('',#7870,1.);
#7870 = DIRECTION('',(-1.,0.,0.));
#7871 = PCURVE('',#2656,#7872);
#7872 = DEFINITIONAL_REPRESENTATION('',(#7873),#7877);
#7873 = LINE('',#7874,#7875);
#7874 = CARTESIAN_POINT('',(0.,-0.));
#7875 = VECTOR('',#7876,1.);
#7876 = DIRECTION('',(1.,0.));
#7877 = ( GEOMETRIC_REPRESENTATION_CONTEXT(2) 
PARAMETRIC_REPRESENTATION_CONTEXT() REPRESENTATION_CONTEXT('2D SPACE',''
  ) );
#7878 = PCURVE('',#7756,#7879);
#7879 = DEFINITIONAL_REPRESENTATION('',(#7880),#7884);
#7880 = LINE('',#7881,#7882);
#7881 = CARTESIAN_POINT('',(2.06787109375,2.209716796875));
#7882 = VECTOR('',#7883,1.);
#7883 = DIRECTION('',(-1.,0.));
#7884 = ( GEOMETRIC_REPRESENTATION_CONTEXT(2) 
PARAMETRIC_REPRESENTATION_CONTEXT() REPRESENTATION_CONTEXT('2D SPACE',''
  ) );
#7885 = ORIENTED_EDGE('',*,*,#7886,.T.);
#7886 = EDGE_CURVE('',#7864,#2616,#7887,.T.);
#7887 = SURFACE_CURVE('',#7888,(#7892,#7899),.PCURVE_S1.);
#7888 = LINE('',#7889,#7890);
#7889 = CARTESIAN_POINT('',(34.0322265625,46.003588867188,26.8));
#7890 = VECTOR('',#7891,1.);
#7891 = DIRECTION('',(0.,0.,1.));
#7892 = PCURVE('',#2656,#7893);
#7893 = DEFINITIONAL_REPRESENTATION('',(#7894),#7898);
#7894 = LINE('',#7895,#7896);
#7895 = CARTESIAN_POINT('',(0.,-0.));
#7896 = VECTOR('',#7897,1.);
#7897 = DIRECTION('',(0.,-1.));
#7898 = ( GEOMETRIC_REPRESENTATION_CONTEXT(2) 
PARAMETRIC_REPRESENTATION_CONTEXT() REPRESENTATION_CONTEXT('2D SPACE',''
  ) );
#7899 = PCURVE('',#2630,#7900);
#7900 = DEFINITIONAL_REPRESENTATION('',(#7901),#7905);
#7901 = LINE('',#7902,#7903);
#7902 = CARTESIAN_POINT('',(0.295654296875,0.));
#7903 = VECTOR('',#7904,1.);
#7904 = DIRECTION('',(0.,-1.));
#7905 = ( GEOMETRIC_REPRESENTATION_CONTEXT(2) 
PARAMETRIC_REPRESENTATION_CONTEXT() REPRESENTATION_CONTEXT('2D SPACE',''
  ) );
#7906 = ORIENTED_EDGE('',*,*,#2641,.F.);
#7907 = ORIENTED_EDGE('',*,*,#7837,.F.);
#7908 = ADVANCED_FACE('',(#7909),#2630,.F.);
#7909 = FACE_BOUND('',#7910,.F.);
#7910 = EDGE_LOOP('',(#7911,#7934,#7955,#7956));
#7911 = ORIENTED_EDGE('',*,*,#7912,.F.);
#7912 = EDGE_CURVE('',#7913,#7864,#7915,.T.);
#7913 = VERTEX_POINT('',#7914);
#7914 = CARTESIAN_POINT('',(34.0322265625,46.299243164063,26.8));
#7915 = SURFACE_CURVE('',#7916,(#7920,#7927),.PCURVE_S1.);
#7916 = LINE('',#7917,#7918);
#7917 = CARTESIAN_POINT('',(34.0322265625,46.299243164063,26.8));
#7918 = VECTOR('',#7919,1.);
#7919 = DIRECTION('',(0.,-1.,0.));
#7920 = PCURVE('',#2630,#7921);
#7921 = DEFINITIONAL_REPRESENTATION('',(#7922),#7926);
#7922 = LINE('',#7923,#7924);
#7923 = CARTESIAN_POINT('',(0.,0.));
#7924 = VECTOR('',#7925,1.);
#7925 = DIRECTION('',(1.,0.));
#7926 = ( GEOMETRIC_REPRESENTATION_CONTEXT(2) 
PARAMETRIC_REPRESENTATION_CONTEXT() REPRESENTATION_CONTEXT('2D SPACE',''
  ) );
#7927 = PCURVE('',#7756,#7928);
#7928 = DEFINITIONAL_REPRESENTATION('',(#7929),#7933);
#7929 = LINE('',#7930,#7931);
#7930 = CARTESIAN_POINT('',(2.06787109375,2.50537109375));
#7931 = VECTOR('',#7932,1.);
#7932 = DIRECTION('',(0.,-1.));
#7933 = ( GEOMETRIC_REPRESENTATION_CONTEXT(2) 
PARAMETRIC_REPRESENTATION_CONTEXT() REPRESENTATION_CONTEXT('2D SPACE',''
  ) );
#7934 = ORIENTED_EDGE('',*,*,#7935,.T.);
#7935 = EDGE_CURVE('',#7913,#2590,#7936,.T.);
#7936 = SURFACE_CURVE('',#7937,(#7941,#7948),.PCURVE_S1.);
#7937 = LINE('',#7938,#7939);
#7938 = CARTESIAN_POINT('',(34.0322265625,46.299243164063,26.8));
#7939 = VECTOR('',#7940,1.);
#7940 = DIRECTION('',(0.,0.,1.));
#7941 = PCURVE('',#2630,#7942);
#7942 = DEFINITIONAL_REPRESENTATION('',(#7943),#7947);
#7943 = LINE('',#7944,#7945);
#7944 = CARTESIAN_POINT('',(0.,0.));
#7945 = VECTOR('',#7946,1.);
#7946 = DIRECTION('',(0.,-1.));
#7947 = ( GEOMETRIC_REPRESENTATION_CONTEXT(2) 
PARAMETRIC_REPRESENTATION_CONTEXT() REPRESENTATION_CONTEXT('2D SPACE',''
  ) );
#7948 = PCURVE('',#2604,#7949);
#7949 = DEFINITIONAL_REPRESENTATION('',(#7950),#7954);
#7950 = LINE('',#7951,#7952);
#7951 = CARTESIAN_POINT('',(1.98583984375,0.));
#7952 = VECTOR('',#7953,1.);
#7953 = DIRECTION('',(0.,-1.));
#7954 = ( GEOMETRIC_REPRESENTATION_CONTEXT(2) 
PARAMETRIC_REPRESENTATION_CONTEXT() REPRESENTATION_CONTEXT('2D SPACE',''
  ) );
#7955 = ORIENTED_EDGE('',*,*,#2615,.F.);
#7956 = ORIENTED_EDGE('',*,*,#7886,.F.);
#7957 = ADVANCED_FACE('',(#7958),#2604,.F.);
#7958 = FACE_BOUND('',#7959,.F.);
#7959 = EDGE_LOOP('',(#7960,#7983,#8004,#8005));
#7960 = ORIENTED_EDGE('',*,*,#7961,.F.);
#7961 = EDGE_CURVE('',#7962,#7913,#7964,.T.);
#7962 = VERTEX_POINT('',#7963);
#7963 = CARTESIAN_POINT('',(32.04638671875,46.299243164063,26.8));
#7964 = SURFACE_CURVE('',#7965,(#7969,#7976),.PCURVE_S1.);
#7965 = LINE('',#7966,#7967);
#7966 = CARTESIAN_POINT('',(32.04638671875,46.299243164063,26.8));
#7967 = VECTOR('',#7968,1.);
#7968 = DIRECTION('',(1.,0.,0.));
#7969 = PCURVE('',#2604,#7970);
#7970 = DEFINITIONAL_REPRESENTATION('',(#7971),#7975);
#7971 = LINE('',#7972,#7973);
#7972 = CARTESIAN_POINT('',(0.,0.));
#7973 = VECTOR('',#7974,1.);
#7974 = DIRECTION('',(1.,0.));
#7975 = ( GEOMETRIC_REPRESENTATION_CONTEXT(2) 
PARAMETRIC_REPRESENTATION_CONTEXT() REPRESENTATION_CONTEXT('2D SPACE',''
  ) );
#7976 = PCURVE('',#7756,#7977);
#7977 = DEFINITIONAL_REPRESENTATION('',(#7978),#7982);
#7978 = LINE('',#7979,#7980);
#7979 = CARTESIAN_POINT('',(8.203125E-02,2.50537109375));
#7980 = VECTOR('',#7981,1.);
#7981 = DIRECTION('',(1.,0.));
#7982 = ( GEOMETRIC_REPRESENTATION_CONTEXT(2) 
PARAMETRIC_REPRESENTATION_CONTEXT() REPRESENTATION_CONTEXT('2D SPACE',''
  ) );
#7983 = ORIENTED_EDGE('',*,*,#7984,.T.);
#7984 = EDGE_CURVE('',#7962,#2564,#7985,.T.);
#7985 = SURFACE_CURVE('',#7986,(#7990,#7997),.PCURVE_S1.);
#7986 = LINE('',#7987,#7988);
#7987 = CARTESIAN_POINT('',(32.04638671875,46.299243164063,26.8));
#7988 = VECTOR('',#7989,1.);
#7989 = DIRECTION('',(0.,0.,1.));
#7990 = PCURVE('',#2604,#7991);
#7991 = DEFINITIONAL_REPRESENTATION('',(#7992),#7996);
#7992 = LINE('',#7993,#7994);
#7993 = CARTESIAN_POINT('',(0.,0.));
#7994 = VECTOR('',#7995,1.);
#7995 = DIRECTION('',(0.,-1.));
#7996 = ( GEOMETRIC_REPRESENTATION_CONTEXT(2) 
PARAMETRIC_REPRESENTATION_CONTEXT() REPRESENTATION_CONTEXT('2D SPACE',''
  ) );
#7997 = PCURVE('',#2578,#7998);
#7998 = DEFINITIONAL_REPRESENTATION('',(#7999),#8003);
#7999 = LINE('',#8000,#8001);
#8000 = CARTESIAN_POINT('',(0.295654296875,0.));
#8001 = VECTOR('',#8002,1.);
#8002 = DIRECTION('',(0.,-1.));
#8003 = ( GEOMETRIC_REPRESENTATION_CONTEXT(2) 
PARAMETRIC_REPRESENTATION_CONTEXT() REPRESENTATION_CONTEXT('2D SPACE',''
  ) );
#8004 = ORIENTED_EDGE('',*,*,#2589,.F.);
#8005 = ORIENTED_EDGE('',*,*,#7935,.F.);
#8006 = ADVANCED_FACE('',(#8007),#2578,.F.);
#8007 = FACE_BOUND('',#8008,.F.);
#8008 = EDGE_LOOP('',(#8009,#8032,#8053,#8054));
#8009 = ORIENTED_EDGE('',*,*,#8010,.F.);
#8010 = EDGE_CURVE('',#8011,#7962,#8013,.T.);
#8011 = VERTEX_POINT('',#8012);
#8012 = CARTESIAN_POINT('',(32.04638671875,46.003588867188,26.8));
#8013 = SURFACE_CURVE('',#8014,(#8018,#8025),.PCURVE_S1.);
#8014 = LINE('',#8015,#8016);
#8015 = CARTESIAN_POINT('',(32.04638671875,46.003588867188,26.8));
#8016 = VECTOR('',#8017,1.);
#8017 = DIRECTION('',(0.,1.,0.));
#8018 = PCURVE('',#2578,#8019);
#8019 = DEFINITIONAL_REPRESENTATION('',(#8020),#8024);
#8020 = LINE('',#8021,#8022);
#8021 = CARTESIAN_POINT('',(0.,0.));
#8022 = VECTOR('',#8023,1.);
#8023 = DIRECTION('',(1.,0.));
#8024 = ( GEOMETRIC_REPRESENTATION_CONTEXT(2) 
PARAMETRIC_REPRESENTATION_CONTEXT() REPRESENTATION_CONTEXT('2D SPACE',''
  ) );
#8025 = PCURVE('',#7756,#8026);
#8026 = DEFINITIONAL_REPRESENTATION('',(#8027),#8031);
#8027 = LINE('',#8028,#8029);
#8028 = CARTESIAN_POINT('',(8.203125E-02,2.209716796875));
#8029 = VECTOR('',#8030,1.);
#8030 = DIRECTION('',(0.,1.));
#8031 = ( GEOMETRIC_REPRESENTATION_CONTEXT(2) 
PARAMETRIC_REPRESENTATION_CONTEXT() REPRESENTATION_CONTEXT('2D SPACE',''
  ) );
#8032 = ORIENTED_EDGE('',*,*,#8033,.T.);
#8033 = EDGE_CURVE('',#8011,#2538,#8034,.T.);
#8034 = SURFACE_CURVE('',#8035,(#8039,#8046),.PCURVE_S1.);
#8035 = LINE('',#8036,#8037);
#8036 = CARTESIAN_POINT('',(32.04638671875,46.003588867188,26.8));
#8037 = VECTOR('',#8038,1.);
#8038 = DIRECTION('',(0.,0.,1.));
#8039 = PCURVE('',#2578,#8040);
#8040 = DEFINITIONAL_REPRESENTATION('',(#8041),#8045);
#8041 = LINE('',#8042,#8043);
#8042 = CARTESIAN_POINT('',(0.,0.));
#8043 = VECTOR('',#8044,1.);
#8044 = DIRECTION('',(0.,-1.));
#8045 = ( GEOMETRIC_REPRESENTATION_CONTEXT(2) 
PARAMETRIC_REPRESENTATION_CONTEXT() REPRESENTATION_CONTEXT('2D SPACE',''
  ) );
#8046 = PCURVE('',#2552,#8047);
#8047 = DEFINITIONAL_REPRESENTATION('',(#8048),#8052);
#8048 = LINE('',#8049,#8050);
#8049 = CARTESIAN_POINT('',(0.825439453125,0.));
#8050 = VECTOR('',#8051,1.);
#8051 = DIRECTION('',(0.,-1.));
#8052 = ( GEOMETRIC_REPRESENTATION_CONTEXT(2) 
PARAMETRIC_REPRESENTATION_CONTEXT() REPRESENTATION_CONTEXT('2D SPACE',''
  ) );
#8053 = ORIENTED_EDGE('',*,*,#2563,.F.);
#8054 = ORIENTED_EDGE('',*,*,#7984,.F.);
#8055 = ADVANCED_FACE('',(#8056),#2552,.F.);
#8056 = FACE_BOUND('',#8057,.F.);
#8057 = EDGE_LOOP('',(#8058,#8081,#8102,#8103));
#8058 = ORIENTED_EDGE('',*,*,#8059,.F.);
#8059 = EDGE_CURVE('',#8060,#8011,#8062,.T.);
#8060 = VERTEX_POINT('',#8061);
#8061 = CARTESIAN_POINT('',(32.871826171875,46.003588867188,26.8));
#8062 = SURFACE_CURVE('',#8063,(#8067,#8074),.PCURVE_S1.);
#8063 = LINE('',#8064,#8065);
#8064 = CARTESIAN_POINT('',(32.871826171875,46.003588867188,26.8));
#8065 = VECTOR('',#8066,1.);
#8066 = DIRECTION('',(-1.,0.,0.));
#8067 = PCURVE('',#2552,#8068);
#8068 = DEFINITIONAL_REPRESENTATION('',(#8069),#8073);
#8069 = LINE('',#8070,#8071);
#8070 = CARTESIAN_POINT('',(0.,-0.));
#8071 = VECTOR('',#8072,1.);
#8072 = DIRECTION('',(1.,0.));
#8073 = ( GEOMETRIC_REPRESENTATION_CONTEXT(2) 
PARAMETRIC_REPRESENTATION_CONTEXT() REPRESENTATION_CONTEXT('2D SPACE',''
  ) );
#8074 = PCURVE('',#7756,#8075);
#8075 = DEFINITIONAL_REPRESENTATION('',(#8076),#8080);
#8076 = LINE('',#8077,#8078);
#8077 = CARTESIAN_POINT('',(0.907470703125,2.209716796875));
#8078 = VECTOR('',#8079,1.);
#8079 = DIRECTION('',(-1.,0.));
#8080 = ( GEOMETRIC_REPRESENTATION_CONTEXT(2) 
PARAMETRIC_REPRESENTATION_CONTEXT() REPRESENTATION_CONTEXT('2D SPACE',''
  ) );
#8081 = ORIENTED_EDGE('',*,*,#8082,.T.);
#8082 = EDGE_CURVE('',#8060,#2512,#8083,.T.);
#8083 = SURFACE_CURVE('',#8084,(#8088,#8095),.PCURVE_S1.);
#8084 = LINE('',#8085,#8086);
#8085 = CARTESIAN_POINT('',(32.871826171875,46.003588867188,26.8));
#8086 = VECTOR('',#8087,1.);
#8087 = DIRECTION('',(0.,0.,1.));
#8088 = PCURVE('',#2552,#8089);
#8089 = DEFINITIONAL_REPRESENTATION('',(#8090),#8094);
#8090 = LINE('',#8091,#8092);
#8091 = CARTESIAN_POINT('',(0.,-0.));
#8092 = VECTOR('',#8093,1.);
#8093 = DIRECTION('',(0.,-1.));
#8094 = ( GEOMETRIC_REPRESENTATION_CONTEXT(2) 
PARAMETRIC_REPRESENTATION_CONTEXT() REPRESENTATION_CONTEXT('2D SPACE',''
  ) );
#8095 = PCURVE('',#2526,#8096);
#8096 = DEFINITIONAL_REPRESENTATION('',(#8097),#8101);
#8097 = LINE('',#8098,#8099);
#8098 = CARTESIAN_POINT('',(2.209716796875,0.));
#8099 = VECTOR('',#8100,1.);
#8100 = DIRECTION('',(0.,-1.));
#8101 = ( GEOMETRIC_REPRESENTATION_CONTEXT(2) 
PARAMETRIC_REPRESENTATION_CONTEXT() REPRESENTATION_CONTEXT('2D SPACE',''
  ) );
#8102 = ORIENTED_EDGE('',*,*,#2537,.F.);
#8103 = ORIENTED_EDGE('',*,*,#8033,.F.);
#8104 = ADVANCED_FACE('',(#8105),#2526,.F.);
#8105 = FACE_BOUND('',#8106,.F.);
#8106 = EDGE_LOOP('',(#8107,#8128,#8129,#8130));
#8107 = ORIENTED_EDGE('',*,*,#8108,.F.);
#8108 = EDGE_CURVE('',#7741,#8060,#8109,.T.);
#8109 = SURFACE_CURVE('',#8110,(#8114,#8121),.PCURVE_S1.);
#8110 = LINE('',#8111,#8112);
#8111 = CARTESIAN_POINT('',(32.871826171875,43.793872070313,26.8));
#8112 = VECTOR('',#8113,1.);
#8113 = DIRECTION('',(0.,1.,0.));
#8114 = PCURVE('',#2526,#8115);
#8115 = DEFINITIONAL_REPRESENTATION('',(#8116),#8120);
#8116 = LINE('',#8117,#8118);
#8117 = CARTESIAN_POINT('',(0.,0.));
#8118 = VECTOR('',#8119,1.);
#8119 = DIRECTION('',(1.,0.));
#8120 = ( GEOMETRIC_REPRESENTATION_CONTEXT(2) 
PARAMETRIC_REPRESENTATION_CONTEXT() REPRESENTATION_CONTEXT('2D SPACE',''
  ) );
#8121 = PCURVE('',#7756,#8122);
#8122 = DEFINITIONAL_REPRESENTATION('',(#8123),#8127);
#8123 = LINE('',#8124,#8125);
#8124 = CARTESIAN_POINT('',(0.907470703125,0.));
#8125 = VECTOR('',#8126,1.);
#8126 = DIRECTION('',(0.,1.));
#8127 = ( GEOMETRIC_REPRESENTATION_CONTEXT(2) 
PARAMETRIC_REPRESENTATION_CONTEXT() REPRESENTATION_CONTEXT('2D SPACE',''
  ) );
#8128 = ORIENTED_EDGE('',*,*,#7790,.T.);
#8129 = ORIENTED_EDGE('',*,*,#2511,.F.);
#8130 = ORIENTED_EDGE('',*,*,#8082,.F.);
#8131 = ADVANCED_FACE('',(#8132),#2710,.F.);
#8132 = FACE_BOUND('',#8133,.F.);
#8133 = EDGE_LOOP('',(#8134,#8164,#8185,#8186));
#8134 = ORIENTED_EDGE('',*,*,#8135,.F.);
#8135 = EDGE_CURVE('',#8136,#8138,#8140,.T.);
#8136 = VERTEX_POINT('',#8137);
#8137 = CARTESIAN_POINT('',(34.690185546875,43.793872070313,26.8));
#8138 = VERTEX_POINT('',#8139);
#8139 = CARTESIAN_POINT('',(34.358642578125,43.793872070313,26.8));
#8140 = SURFACE_CURVE('',#8141,(#8145,#8152),.PCURVE_S1.);
#8141 = LINE('',#8142,#8143);
#8142 = CARTESIAN_POINT('',(34.690185546875,43.793872070313,26.8));
#8143 = VECTOR('',#8144,1.);
#8144 = DIRECTION('',(-1.,0.,0.));
#8145 = PCURVE('',#2710,#8146);
#8146 = DEFINITIONAL_REPRESENTATION('',(#8147),#8151);
#8147 = LINE('',#8148,#8149);
#8148 = CARTESIAN_POINT('',(0.,-0.));
#8149 = VECTOR('',#8150,1.);
#8150 = DIRECTION('',(1.,0.));
#8151 = ( GEOMETRIC_REPRESENTATION_CONTEXT(2) 
PARAMETRIC_REPRESENTATION_CONTEXT() REPRESENTATION_CONTEXT('2D SPACE',''
  ) );
#8152 = PCURVE('',#8153,#8158);
#8153 = PLANE('',#8154);
#8154 = AXIS2_PLACEMENT_3D('',#8155,#8156,#8157);
#8155 = CARTESIAN_POINT('',(34.102294921875,43.793872070313,26.8));
#8156 = DIRECTION('',(0.,0.,1.));
#8157 = DIRECTION('',(1.,0.,0.));
#8158 = DEFINITIONAL_REPRESENTATION('',(#8159),#8163);
#8159 = LINE('',#8160,#8161);
#8160 = CARTESIAN_POINT('',(0.587890625,0.));
#8161 = VECTOR('',#8162,1.);
#8162 = DIRECTION('',(-1.,0.));
#8163 = ( GEOMETRIC_REPRESENTATION_CONTEXT(2) 
PARAMETRIC_REPRESENTATION_CONTEXT() REPRESENTATION_CONTEXT('2D SPACE',''
  ) );
#8164 = ORIENTED_EDGE('',*,*,#8165,.T.);
#8165 = EDGE_CURVE('',#8136,#2696,#8166,.T.);
#8166 = SURFACE_CURVE('',#8167,(#8171,#8178),.PCURVE_S1.);
#8167 = LINE('',#8168,#8169);
#8168 = CARTESIAN_POINT('',(34.690185546875,43.793872070313,26.8));
#8169 = VECTOR('',#8170,1.);
#8170 = DIRECTION('',(0.,0.,1.));
#8171 = PCURVE('',#2710,#8172);
#8172 = DEFINITIONAL_REPRESENTATION('',(#8173),#8177);
#8173 = LINE('',#8174,#8175);
#8174 = CARTESIAN_POINT('',(0.,-0.));
#8175 = VECTOR('',#8176,1.);
#8176 = DIRECTION('',(0.,-1.));
#8177 = ( GEOMETRIC_REPRESENTATION_CONTEXT(2) 
PARAMETRIC_REPRESENTATION_CONTEXT() REPRESENTATION_CONTEXT('2D SPACE',''
  ) );
#8178 = PCURVE('',#2994,#8179);
#8179 = DEFINITIONAL_REPRESENTATION('',(#8180),#8184);
#8180 = LINE('',#8181,#8182);
#8181 = CARTESIAN_POINT('',(0.8681640625,0.));
#8182 = VECTOR('',#8183,1.);
#8183 = DIRECTION('',(0.,-1.));
#8184 = ( GEOMETRIC_REPRESENTATION_CONTEXT(2) 
PARAMETRIC_REPRESENTATION_CONTEXT() REPRESENTATION_CONTEXT('2D SPACE',''
  ) );
#8185 = ORIENTED_EDGE('',*,*,#2693,.F.);
#8186 = ORIENTED_EDGE('',*,*,#8187,.F.);
#8187 = EDGE_CURVE('',#8138,#2694,#8188,.T.);
#8188 = SURFACE_CURVE('',#8189,(#8193,#8200),.PCURVE_S1.);
#8189 = LINE('',#8190,#8191);
#8190 = CARTESIAN_POINT('',(34.358642578125,43.793872070313,26.8));
#8191 = VECTOR('',#8192,1.);
#8192 = DIRECTION('',(0.,0.,1.));
#8193 = PCURVE('',#2710,#8194);
#8194 = DEFINITIONAL_REPRESENTATION('',(#8195),#8199);
#8195 = LINE('',#8196,#8197);
#8196 = CARTESIAN_POINT('',(0.33154296875,0.));
#8197 = VECTOR('',#8198,1.);
#8198 = DIRECTION('',(0.,-1.));
#8199 = ( GEOMETRIC_REPRESENTATION_CONTEXT(2) 
PARAMETRIC_REPRESENTATION_CONTEXT() REPRESENTATION_CONTEXT('2D SPACE',''
  ) );
#8200 = PCURVE('',#2736,#8201);
#8201 = DEFINITIONAL_REPRESENTATION('',(#8202),#8206);
#8202 = LINE('',#8203,#8204);
#8203 = CARTESIAN_POINT('',(0.,0.));
#8204 = VECTOR('',#8205,1.);
#8205 = DIRECTION('',(0.,-1.));
#8206 = ( GEOMETRIC_REPRESENTATION_CONTEXT(2) 
PARAMETRIC_REPRESENTATION_CONTEXT() REPRESENTATION_CONTEXT('2D SPACE',''
  ) );
#8207 = ADVANCED_FACE('',(#8208),#2994,.F.);
#8208 = FACE_BOUND('',#8209,.F.);
#8209 = EDGE_LOOP('',(#8210,#8233,#8254,#8255));
#8210 = ORIENTED_EDGE('',*,*,#8211,.F.);
#8211 = EDGE_CURVE('',#8212,#8136,#8214,.T.);
#8212 = VERTEX_POINT('',#8213);
#8213 = CARTESIAN_POINT('',(34.690185546875,44.662036132813,26.8));
#8214 = SURFACE_CURVE('',#8215,(#8219,#8226),.PCURVE_S1.);
#8215 = LINE('',#8216,#8217);
#8216 = CARTESIAN_POINT('',(34.690185546875,44.662036132813,26.8));
#8217 = VECTOR('',#8218,1.);
#8218 = DIRECTION('',(0.,-1.,0.));
#8219 = PCURVE('',#2994,#8220);
#8220 = DEFINITIONAL_REPRESENTATION('',(#8221),#8225);
#8221 = LINE('',#8222,#8223);
#8222 = CARTESIAN_POINT('',(0.,0.));
#8223 = VECTOR('',#8224,1.);
#8224 = DIRECTION('',(1.,0.));
#8225 = ( GEOMETRIC_REPRESENTATION_CONTEXT(2) 
PARAMETRIC_REPRESENTATION_CONTEXT() REPRESENTATION_CONTEXT('2D SPACE',''
  ) );
#8226 = PCURVE('',#8153,#8227);
#8227 = DEFINITIONAL_REPRESENTATION('',(#8228),#8232);
#8228 = LINE('',#8229,#8230);
#8229 = CARTESIAN_POINT('',(0.587890625,0.8681640625));
#8230 = VECTOR('',#8231,1.);
#8231 = DIRECTION('',(0.,-1.));
#8232 = ( GEOMETRIC_REPRESENTATION_CONTEXT(2) 
PARAMETRIC_REPRESENTATION_CONTEXT() REPRESENTATION_CONTEXT('2D SPACE',''
  ) );
#8233 = ORIENTED_EDGE('',*,*,#8234,.T.);
#8234 = EDGE_CURVE('',#8212,#2956,#8235,.T.);
#8235 = SURFACE_CURVE('',#8236,(#8240,#8247),.PCURVE_S1.);
#8236 = LINE('',#8237,#8238);
#8237 = CARTESIAN_POINT('',(34.690185546875,44.662036132813,26.8));
#8238 = VECTOR('',#8239,1.);
#8239 = DIRECTION('',(0.,0.,1.));
#8240 = PCURVE('',#2994,#8241);
#8241 = DEFINITIONAL_REPRESENTATION('',(#8242),#8246);
#8242 = LINE('',#8243,#8244);
#8243 = CARTESIAN_POINT('',(0.,0.));
#8244 = VECTOR('',#8245,1.);
#8245 = DIRECTION('',(0.,-1.));
#8246 = ( GEOMETRIC_REPRESENTATION_CONTEXT(2) 
PARAMETRIC_REPRESENTATION_CONTEXT() REPRESENTATION_CONTEXT('2D SPACE',''
  ) );
#8247 = PCURVE('',#2970,#8248);
#8248 = DEFINITIONAL_REPRESENTATION('',(#8249),#8253);
#8249 = LINE('',#8250,#8251);
#8250 = CARTESIAN_POINT('',(0.572843812876,0.));
#8251 = VECTOR('',#8252,1.);
#8252 = DIRECTION('',(0.,-1.));
#8253 = ( GEOMETRIC_REPRESENTATION_CONTEXT(2) 
PARAMETRIC_REPRESENTATION_CONTEXT() REPRESENTATION_CONTEXT('2D SPACE',''
  ) );
#8254 = ORIENTED_EDGE('',*,*,#2981,.F.);
#8255 = ORIENTED_EDGE('',*,*,#8165,.F.);
#8256 = ADVANCED_FACE('',(#8257),#2970,.F.);
#8257 = FACE_BOUND('',#8258,.F.);
#8258 = EDGE_LOOP('',(#8259,#8282,#8303,#8304));
#8259 = ORIENTED_EDGE('',*,*,#8260,.F.);
#8260 = EDGE_CURVE('',#8261,#8212,#8263,.T.);
#8261 = VERTEX_POINT('',#8262);
#8262 = CARTESIAN_POINT('',(35.100341796875,45.061938476563,26.8));
#8263 = SURFACE_CURVE('',#8264,(#8268,#8275),.PCURVE_S1.);
#8264 = LINE('',#8265,#8266);
#8265 = CARTESIAN_POINT('',(35.100341796875,45.061938476563,26.8));
#8266 = VECTOR('',#8267,1.);
#8267 = DIRECTION('',(-0.71600013962,-0.69810013613,0.));
#8268 = PCURVE('',#2970,#8269);
#8269 = DEFINITIONAL_REPRESENTATION('',(#8270),#8274);
#8270 = LINE('',#8271,#8272);
#8271 = CARTESIAN_POINT('',(0.,0.));
#8272 = VECTOR('',#8273,1.);
#8273 = DIRECTION('',(1.,0.));
#8274 = ( GEOMETRIC_REPRESENTATION_CONTEXT(2) 
PARAMETRIC_REPRESENTATION_CONTEXT() REPRESENTATION_CONTEXT('2D SPACE',''
  ) );
#8275 = PCURVE('',#8153,#8276);
#8276 = DEFINITIONAL_REPRESENTATION('',(#8277),#8281);
#8277 = LINE('',#8278,#8279);
#8278 = CARTESIAN_POINT('',(0.998046875,1.26806640625));
#8279 = VECTOR('',#8280,1.);
#8280 = DIRECTION('',(-0.71600013962,-0.69810013613));
#8281 = ( GEOMETRIC_REPRESENTATION_CONTEXT(2) 
PARAMETRIC_REPRESENTATION_CONTEXT() REPRESENTATION_CONTEXT('2D SPACE',''
  ) );
#8282 = ORIENTED_EDGE('',*,*,#8283,.T.);
#8283 = EDGE_CURVE('',#8261,#2930,#8284,.T.);
#8284 = SURFACE_CURVE('',#8285,(#8289,#8296),.PCURVE_S1.);
#8285 = LINE('',#8286,#8287);
#8286 = CARTESIAN_POINT('',(35.100341796875,45.061938476563,26.8));
#8287 = VECTOR('',#8288,1.);
#8288 = DIRECTION('',(0.,0.,1.));
#8289 = PCURVE('',#2970,#8290);
#8290 = DEFINITIONAL_REPRESENTATION('',(#8291),#8295);
#8291 = LINE('',#8292,#8293);
#8292 = CARTESIAN_POINT('',(0.,0.));
#8293 = VECTOR('',#8294,1.);
#8294 = DIRECTION('',(0.,-1.));
#8295 = ( GEOMETRIC_REPRESENTATION_CONTEXT(2) 
PARAMETRIC_REPRESENTATION_CONTEXT() REPRESENTATION_CONTEXT('2D SPACE',''
  ) );
#8296 = PCURVE('',#2944,#8297);
#8297 = DEFINITIONAL_REPRESENTATION('',(#8298),#8302);
#8298 = LINE('',#8299,#8300);
#8299 = CARTESIAN_POINT('',(1.55042468375,0.));
#8300 = VECTOR('',#8301,1.);
#8301 = DIRECTION('',(0.,-1.));
#8302 = ( GEOMETRIC_REPRESENTATION_CONTEXT(2) 
PARAMETRIC_REPRESENTATION_CONTEXT() REPRESENTATION_CONTEXT('2D SPACE',''
  ) );
#8303 = ORIENTED_EDGE('',*,*,#2955,.F.);
#8304 = ORIENTED_EDGE('',*,*,#8234,.F.);
#8305 = ADVANCED_FACE('',(#8306),#2944,.F.);
#8306 = FACE_BOUND('',#8307,.F.);
#8307 = EDGE_LOOP('',(#8308,#8331,#8352,#8353));
#8308 = ORIENTED_EDGE('',*,*,#8309,.F.);
#8309 = EDGE_CURVE('',#8310,#8261,#8312,.T.);
#8310 = VERTEX_POINT('',#8311);
#8311 = CARTESIAN_POINT('',(35.992431640625,43.793872070313,26.8));
#8312 = SURFACE_CURVE('',#8313,(#8317,#8324),.PCURVE_S1.);
#8313 = LINE('',#8314,#8315);
#8314 = CARTESIAN_POINT('',(35.992431640625,43.793872070313,26.8));
#8315 = VECTOR('',#8316,1.);
#8316 = DIRECTION('',(-0.575384185443,0.81788326743,0.));
#8317 = PCURVE('',#2944,#8318);
#8318 = DEFINITIONAL_REPRESENTATION('',(#8319),#8323);
#8319 = LINE('',#8320,#8321);
#8320 = CARTESIAN_POINT('',(0.,0.));
#8321 = VECTOR('',#8322,1.);
#8322 = DIRECTION('',(1.,0.));
#8323 = ( GEOMETRIC_REPRESENTATION_CONTEXT(2) 
PARAMETRIC_REPRESENTATION_CONTEXT() REPRESENTATION_CONTEXT('2D SPACE',''
  ) );
#8324 = PCURVE('',#8153,#8325);
#8325 = DEFINITIONAL_REPRESENTATION('',(#8326),#8330);
#8326 = LINE('',#8327,#8328);
#8327 = CARTESIAN_POINT('',(1.89013671875,0.));
#8328 = VECTOR('',#8329,1.);
#8329 = DIRECTION('',(-0.575384185443,0.81788326743));
#8330 = ( GEOMETRIC_REPRESENTATION_CONTEXT(2) 
PARAMETRIC_REPRESENTATION_CONTEXT() REPRESENTATION_CONTEXT('2D SPACE',''
  ) );
#8331 = ORIENTED_EDGE('',*,*,#8332,.T.);
#8332 = EDGE_CURVE('',#8310,#2904,#8333,.T.);
#8333 = SURFACE_CURVE('',#8334,(#8338,#8345),.PCURVE_S1.);
#8334 = LINE('',#8335,#8336);
#8335 = CARTESIAN_POINT('',(35.992431640625,43.793872070313,26.8));
#8336 = VECTOR('',#8337,1.);
#8337 = DIRECTION('',(0.,0.,1.));
#8338 = PCURVE('',#2944,#8339);
#8339 = DEFINITIONAL_REPRESENTATION('',(#8340),#8344);
#8340 = LINE('',#8341,#8342);
#8341 = CARTESIAN_POINT('',(0.,0.));
#8342 = VECTOR('',#8343,1.);
#8343 = DIRECTION('',(0.,-1.));
#8344 = ( GEOMETRIC_REPRESENTATION_CONTEXT(2) 
PARAMETRIC_REPRESENTATION_CONTEXT() REPRESENTATION_CONTEXT('2D SPACE',''
  ) );
#8345 = PCURVE('',#2918,#8346);
#8346 = DEFINITIONAL_REPRESENTATION('',(#8347),#8351);
#8347 = LINE('',#8348,#8349);
#8348 = CARTESIAN_POINT('',(0.4375,0.));
#8349 = VECTOR('',#8350,1.);
#8350 = DIRECTION('',(0.,-1.));
#8351 = ( GEOMETRIC_REPRESENTATION_CONTEXT(2) 
PARAMETRIC_REPRESENTATION_CONTEXT() REPRESENTATION_CONTEXT('2D SPACE',''
  ) );
#8352 = ORIENTED_EDGE('',*,*,#2929,.F.);
#8353 = ORIENTED_EDGE('',*,*,#8283,.F.);
#8354 = ADVANCED_FACE('',(#8355),#2918,.F.);
#8355 = FACE_BOUND('',#8356,.F.);
#8356 = EDGE_LOOP('',(#8357,#8380,#8401,#8402));
#8357 = ORIENTED_EDGE('',*,*,#8358,.F.);
#8358 = EDGE_CURVE('',#8359,#8310,#8361,.T.);
#8359 = VERTEX_POINT('',#8360);
#8360 = CARTESIAN_POINT('',(36.429931640625,43.793872070313,26.8));
#8361 = SURFACE_CURVE('',#8362,(#8366,#8373),.PCURVE_S1.);
#8362 = LINE('',#8363,#8364);
#8363 = CARTESIAN_POINT('',(36.429931640625,43.793872070313,26.8));
#8364 = VECTOR('',#8365,1.);
#8365 = DIRECTION('',(-1.,0.,0.));
#8366 = PCURVE('',#2918,#8367);
#8367 = DEFINITIONAL_REPRESENTATION('',(#8368),#8372);
#8368 = LINE('',#8369,#8370);
#8369 = CARTESIAN_POINT('',(0.,-0.));
#8370 = VECTOR('',#8371,1.);
#8371 = DIRECTION('',(1.,0.));
#8372 = ( GEOMETRIC_REPRESENTATION_CONTEXT(2) 
PARAMETRIC_REPRESENTATION_CONTEXT() REPRESENTATION_CONTEXT('2D SPACE',''
  ) );
#8373 = PCURVE('',#8153,#8374);
#8374 = DEFINITIONAL_REPRESENTATION('',(#8375),#8379);
#8375 = LINE('',#8376,#8377);
#8376 = CARTESIAN_POINT('',(2.32763671875,0.));
#8377 = VECTOR('',#8378,1.);
#8378 = DIRECTION('',(-1.,0.));
#8379 = ( GEOMETRIC_REPRESENTATION_CONTEXT(2) 
PARAMETRIC_REPRESENTATION_CONTEXT() REPRESENTATION_CONTEXT('2D SPACE',''
  ) );
#8380 = ORIENTED_EDGE('',*,*,#8381,.T.);
#8381 = EDGE_CURVE('',#8359,#2878,#8382,.T.);
#8382 = SURFACE_CURVE('',#8383,(#8387,#8394),.PCURVE_S1.);
#8383 = LINE('',#8384,#8385);
#8384 = CARTESIAN_POINT('',(36.429931640625,43.793872070313,26.8));
#8385 = VECTOR('',#8386,1.);
#8386 = DIRECTION('',(0.,0.,1.));
#8387 = PCURVE('',#2918,#8388);
#8388 = DEFINITIONAL_REPRESENTATION('',(#8389),#8393);
#8389 = LINE('',#8390,#8391);
#8390 = CARTESIAN_POINT('',(0.,-0.));
#8391 = VECTOR('',#8392,1.);
#8392 = DIRECTION('',(0.,-1.));
#8393 = ( GEOMETRIC_REPRESENTATION_CONTEXT(2) 
PARAMETRIC_REPRESENTATION_CONTEXT() REPRESENTATION_CONTEXT('2D SPACE',''
  ) );
#8394 = PCURVE('',#2892,#8395);
#8395 = DEFINITIONAL_REPRESENTATION('',(#8396),#8400);
#8396 = LINE('',#8397,#8398);
#8397 = CARTESIAN_POINT('',(1.850561007933,0.));
#8398 = VECTOR('',#8399,1.);
#8399 = DIRECTION('',(0.,-1.));
#8400 = ( GEOMETRIC_REPRESENTATION_CONTEXT(2) 
PARAMETRIC_REPRESENTATION_CONTEXT() REPRESENTATION_CONTEXT('2D SPACE',''
  ) );
#8401 = ORIENTED_EDGE('',*,*,#2903,.F.);
#8402 = ORIENTED_EDGE('',*,*,#8332,.F.);
#8403 = ADVANCED_FACE('',(#8404),#2892,.F.);
#8404 = FACE_BOUND('',#8405,.F.);
#8405 = EDGE_LOOP('',(#8406,#8429,#8450,#8451));
#8406 = ORIENTED_EDGE('',*,*,#8407,.F.);
#8407 = EDGE_CURVE('',#8408,#8359,#8410,.T.);
#8408 = VERTEX_POINT('',#8409);
#8409 = CARTESIAN_POINT('',(35.332763671875,45.284106445313,26.8));
#8410 = SURFACE_CURVE('',#8411,(#8415,#8422),.PCURVE_S1.);
#8411 = LINE('',#8412,#8413);
#8412 = CARTESIAN_POINT('',(35.332763671875,45.284106445313,26.8));
#8413 = VECTOR('',#8414,1.);
#8414 = DIRECTION('',(0.59288397629,-0.805287893029,0.));
#8415 = PCURVE('',#2892,#8416);
#8416 = DEFINITIONAL_REPRESENTATION('',(#8417),#8421);
#8417 = LINE('',#8418,#8419);
#8418 = CARTESIAN_POINT('',(0.,0.));
#8419 = VECTOR('',#8420,1.);
#8420 = DIRECTION('',(1.,0.));
#8421 = ( GEOMETRIC_REPRESENTATION_CONTEXT(2) 
PARAMETRIC_REPRESENTATION_CONTEXT() REPRESENTATION_CONTEXT('2D SPACE',''
  ) );
#8422 = PCURVE('',#8153,#8423);
#8423 = DEFINITIONAL_REPRESENTATION('',(#8424),#8428);
#8424 = LINE('',#8425,#8426);
#8425 = CARTESIAN_POINT('',(1.23046875,1.490234375));
#8426 = VECTOR('',#8427,1.);
#8427 = DIRECTION('',(0.59288397629,-0.805287893029));
#8428 = ( GEOMETRIC_REPRESENTATION_CONTEXT(2) 
PARAMETRIC_REPRESENTATION_CONTEXT() REPRESENTATION_CONTEXT('2D SPACE',''
  ) );
#8429 = ORIENTED_EDGE('',*,*,#8430,.T.);
#8430 = EDGE_CURVE('',#8408,#2852,#8431,.T.);
#8431 = SURFACE_CURVE('',#8432,(#8436,#8443),.PCURVE_S1.);
#8432 = LINE('',#8433,#8434);
#8433 = CARTESIAN_POINT('',(35.332763671875,45.284106445313,26.8));
#8434 = VECTOR('',#8435,1.);
#8435 = DIRECTION('',(0.,0.,1.));
#8436 = PCURVE('',#2892,#8437);
#8437 = DEFINITIONAL_REPRESENTATION('',(#8438),#8442);
#8438 = LINE('',#8439,#8440);
#8439 = CARTESIAN_POINT('',(0.,0.));
#8440 = VECTOR('',#8441,1.);
#8441 = DIRECTION('',(0.,-1.));
#8442 = ( GEOMETRIC_REPRESENTATION_CONTEXT(2) 
PARAMETRIC_REPRESENTATION_CONTEXT() REPRESENTATION_CONTEXT('2D SPACE',''
  ) );
#8443 = PCURVE('',#2866,#8444);
#8444 = DEFINITIONAL_REPRESENTATION('',(#8445),#8449);
#8445 = LINE('',#8446,#8447);
#8446 = CARTESIAN_POINT('',(1.4612176188,0.));
#8447 = VECTOR('',#8448,1.);
#8448 = DIRECTION('',(0.,-1.));
#8449 = ( GEOMETRIC_REPRESENTATION_CONTEXT(2) 
PARAMETRIC_REPRESENTATION_CONTEXT() REPRESENTATION_CONTEXT('2D SPACE',''
  ) );
#8450 = ORIENTED_EDGE('',*,*,#2877,.F.);
#8451 = ORIENTED_EDGE('',*,*,#8381,.F.);
#8452 = ADVANCED_FACE('',(#8453),#2866,.F.);
#8453 = FACE_BOUND('',#8454,.F.);
#8454 = EDGE_LOOP('',(#8455,#8478,#8499,#8500));
#8455 = ORIENTED_EDGE('',*,*,#8456,.F.);
#8456 = EDGE_CURVE('',#8457,#8408,#8459,.T.);
#8457 = VERTEX_POINT('',#8458);
#8458 = CARTESIAN_POINT('',(36.3837890625,46.299243164063,26.8));
#8459 = SURFACE_CURVE('',#8460,(#8464,#8471),.PCURVE_S1.);
#8460 = LINE('',#8461,#8462);
#8461 = CARTESIAN_POINT('',(36.3837890625,46.299243164063,26.8));
#8462 = VECTOR('',#8463,1.);
#8463 = DIRECTION('',(-0.719280535016,-0.694719736259,0.));
#8464 = PCURVE('',#2866,#8465);
#8465 = DEFINITIONAL_REPRESENTATION('',(#8466),#8470);
#8466 = LINE('',#8467,#8468);
#8467 = CARTESIAN_POINT('',(0.,0.));
#8468 = VECTOR('',#8469,1.);
#8469 = DIRECTION('',(1.,0.));
#8470 = ( GEOMETRIC_REPRESENTATION_CONTEXT(2) 
PARAMETRIC_REPRESENTATION_CONTEXT() REPRESENTATION_CONTEXT('2D SPACE',''
  ) );
#8471 = PCURVE('',#8153,#8472);
#8472 = DEFINITIONAL_REPRESENTATION('',(#8473),#8477);
#8473 = LINE('',#8474,#8475);
#8474 = CARTESIAN_POINT('',(2.281494140625,2.50537109375));
#8475 = VECTOR('',#8476,1.);
#8476 = DIRECTION('',(-0.719280535016,-0.694719736259));
#8477 = ( GEOMETRIC_REPRESENTATION_CONTEXT(2) 
PARAMETRIC_REPRESENTATION_CONTEXT() REPRESENTATION_CONTEXT('2D SPACE',''
  ) );
#8478 = ORIENTED_EDGE('',*,*,#8479,.T.);
#8479 = EDGE_CURVE('',#8457,#2826,#8480,.T.);
#8480 = SURFACE_CURVE('',#8481,(#8485,#8492),.PCURVE_S1.);
#8481 = LINE('',#8482,#8483);
#8482 = CARTESIAN_POINT('',(36.3837890625,46.299243164063,26.8));
#8483 = VECTOR('',#8484,1.);
#8484 = DIRECTION('',(0.,0.,1.));
#8485 = PCURVE('',#2866,#8486);
#8486 = DEFINITIONAL_REPRESENTATION('',(#8487),#8491);
#8487 = LINE('',#8488,#8489);
#8488 = CARTESIAN_POINT('',(0.,0.));
#8489 = VECTOR('',#8490,1.);
#8490 = DIRECTION('',(0.,-1.));
#8491 = ( GEOMETRIC_REPRESENTATION_CONTEXT(2) 
PARAMETRIC_REPRESENTATION_CONTEXT() REPRESENTATION_CONTEXT('2D SPACE',''
  ) );
#8492 = PCURVE('',#2840,#8493);
#8493 = DEFINITIONAL_REPRESENTATION('',(#8494),#8498);
#8494 = LINE('',#8495,#8496);
#8495 = CARTESIAN_POINT('',(0.449462890625,0.));
#8496 = VECTOR('',#8497,1.);
#8497 = DIRECTION('',(0.,-1.));
#8498 = ( GEOMETRIC_REPRESENTATION_CONTEXT(2) 
PARAMETRIC_REPRESENTATION_CONTEXT() REPRESENTATION_CONTEXT('2D SPACE',''
  ) );
#8499 = ORIENTED_EDGE('',*,*,#2851,.F.);
#8500 = ORIENTED_EDGE('',*,*,#8430,.F.);
#8501 = ADVANCED_FACE('',(#8502),#2840,.F.);
#8502 = FACE_BOUND('',#8503,.F.);
#8503 = EDGE_LOOP('',(#8504,#8527,#8548,#8549));
#8504 = ORIENTED_EDGE('',*,*,#8505,.F.);
#8505 = EDGE_CURVE('',#8506,#8457,#8508,.T.);
#8506 = VERTEX_POINT('',#8507);
#8507 = CARTESIAN_POINT('',(35.934326171875,46.299243164063,26.8));
#8508 = SURFACE_CURVE('',#8509,(#8513,#8520),.PCURVE_S1.);
#8509 = LINE('',#8510,#8511);
#8510 = CARTESIAN_POINT('',(35.934326171875,46.299243164063,26.8));
#8511 = VECTOR('',#8512,1.);
#8512 = DIRECTION('',(1.,0.,0.));
#8513 = PCURVE('',#2840,#8514);
#8514 = DEFINITIONAL_REPRESENTATION('',(#8515),#8519);
#8515 = LINE('',#8516,#8517);
#8516 = CARTESIAN_POINT('',(0.,0.));
#8517 = VECTOR('',#8518,1.);
#8518 = DIRECTION('',(1.,0.));
#8519 = ( GEOMETRIC_REPRESENTATION_CONTEXT(2) 
PARAMETRIC_REPRESENTATION_CONTEXT() REPRESENTATION_CONTEXT('2D SPACE',''
  ) );
#8520 = PCURVE('',#8153,#8521);
#8521 = DEFINITIONAL_REPRESENTATION('',(#8522),#8526);
#8522 = LINE('',#8523,#8524);
#8523 = CARTESIAN_POINT('',(1.83203125,2.50537109375));
#8524 = VECTOR('',#8525,1.);
#8525 = DIRECTION('',(1.,0.));
#8526 = ( GEOMETRIC_REPRESENTATION_CONTEXT(2) 
PARAMETRIC_REPRESENTATION_CONTEXT() REPRESENTATION_CONTEXT('2D SPACE',''
  ) );
#8527 = ORIENTED_EDGE('',*,*,#8528,.T.);
#8528 = EDGE_CURVE('',#8506,#2800,#8529,.T.);
#8529 = SURFACE_CURVE('',#8530,(#8534,#8541),.PCURVE_S1.);
#8530 = LINE('',#8531,#8532);
#8531 = CARTESIAN_POINT('',(35.934326171875,46.299243164063,26.8));
#8532 = VECTOR('',#8533,1.);
#8533 = DIRECTION('',(0.,0.,1.));
#8534 = PCURVE('',#2840,#8535);
#8535 = DEFINITIONAL_REPRESENTATION('',(#8536),#8540);
#8536 = LINE('',#8537,#8538);
#8537 = CARTESIAN_POINT('',(0.,0.));
#8538 = VECTOR('',#8539,1.);
#8539 = DIRECTION('',(0.,-1.));
#8540 = ( GEOMETRIC_REPRESENTATION_CONTEXT(2) 
PARAMETRIC_REPRESENTATION_CONTEXT() REPRESENTATION_CONTEXT('2D SPACE',''
  ) );
#8541 = PCURVE('',#2814,#8542);
#8542 = DEFINITIONAL_REPRESENTATION('',(#8543),#8547);
#8543 = LINE('',#8544,#8545);
#8544 = CARTESIAN_POINT('',(1.758272526203,0.));
#8545 = VECTOR('',#8546,1.);
#8546 = DIRECTION('',(0.,-1.));
#8547 = ( GEOMETRIC_REPRESENTATION_CONTEXT(2) 
PARAMETRIC_REPRESENTATION_CONTEXT() REPRESENTATION_CONTEXT('2D SPACE',''
  ) );
#8548 = ORIENTED_EDGE('',*,*,#2825,.F.);
#8549 = ORIENTED_EDGE('',*,*,#8479,.F.);
#8550 = ADVANCED_FACE('',(#8551),#2814,.F.);
#8551 = FACE_BOUND('',#8552,.F.);
#8552 = EDGE_LOOP('',(#8553,#8576,#8597,#8598));
#8553 = ORIENTED_EDGE('',*,*,#8554,.F.);
#8554 = EDGE_CURVE('',#8555,#8506,#8557,.T.);
#8555 = VERTEX_POINT('',#8556);
#8556 = CARTESIAN_POINT('',(34.690185546875,45.056811523438,26.8));
#8557 = SURFACE_CURVE('',#8558,(#8562,#8569),.PCURVE_S1.);
#8558 = LINE('',#8559,#8560);
#8559 = CARTESIAN_POINT('',(34.690185546875,45.056811523438,26.8));
#8560 = VECTOR('',#8561,1.);
#8561 = DIRECTION('',(0.707592598109,0.706620630255,0.));
#8562 = PCURVE('',#2814,#8563);
#8563 = DEFINITIONAL_REPRESENTATION('',(#8564),#8568);
#8564 = LINE('',#8565,#8566);
#8565 = CARTESIAN_POINT('',(0.,0.));
#8566 = VECTOR('',#8567,1.);
#8567 = DIRECTION('',(1.,0.));
#8568 = ( GEOMETRIC_REPRESENTATION_CONTEXT(2) 
PARAMETRIC_REPRESENTATION_CONTEXT() REPRESENTATION_CONTEXT('2D SPACE',''
  ) );
#8569 = PCURVE('',#8153,#8570);
#8570 = DEFINITIONAL_REPRESENTATION('',(#8571),#8575);
#8571 = LINE('',#8572,#8573);
#8572 = CARTESIAN_POINT('',(0.587890625,1.262939453125));
#8573 = VECTOR('',#8574,1.);
#8574 = DIRECTION('',(0.707592598109,0.706620630255));
#8575 = ( GEOMETRIC_REPRESENTATION_CONTEXT(2) 
PARAMETRIC_REPRESENTATION_CONTEXT() REPRESENTATION_CONTEXT('2D SPACE',''
  ) );
#8576 = ORIENTED_EDGE('',*,*,#8577,.T.);
#8577 = EDGE_CURVE('',#8555,#2774,#8578,.T.);
#8578 = SURFACE_CURVE('',#8579,(#8583,#8590),.PCURVE_S1.);
#8579 = LINE('',#8580,#8581);
#8580 = CARTESIAN_POINT('',(34.690185546875,45.056811523438,26.8));
#8581 = VECTOR('',#8582,1.);
#8582 = DIRECTION('',(0.,0.,1.));
#8583 = PCURVE('',#2814,#8584);
#8584 = DEFINITIONAL_REPRESENTATION('',(#8585),#8589);
#8585 = LINE('',#8586,#8587);
#8586 = CARTESIAN_POINT('',(0.,0.));
#8587 = VECTOR('',#8588,1.);
#8588 = DIRECTION('',(0.,-1.));
#8589 = ( GEOMETRIC_REPRESENTATION_CONTEXT(2) 
PARAMETRIC_REPRESENTATION_CONTEXT() REPRESENTATION_CONTEXT('2D SPACE',''
  ) );
#8590 = PCURVE('',#2788,#8591);
#8591 = DEFINITIONAL_REPRESENTATION('',(#8592),#8596);
#8592 = LINE('',#8593,#8594);
#8593 = CARTESIAN_POINT('',(1.242431640625,0.));
#8594 = VECTOR('',#8595,1.);
#8595 = DIRECTION('',(0.,-1.));
#8596 = ( GEOMETRIC_REPRESENTATION_CONTEXT(2) 
PARAMETRIC_REPRESENTATION_CONTEXT() REPRESENTATION_CONTEXT('2D SPACE',''
  ) );
#8597 = ORIENTED_EDGE('',*,*,#2799,.F.);
#8598 = ORIENTED_EDGE('',*,*,#8528,.F.);
#8599 = ADVANCED_FACE('',(#8600),#2788,.F.);
#8600 = FACE_BOUND('',#8601,.F.);
#8601 = EDGE_LOOP('',(#8602,#8625,#8646,#8647));
#8602 = ORIENTED_EDGE('',*,*,#8603,.F.);
#8603 = EDGE_CURVE('',#8604,#8555,#8606,.T.);
#8604 = VERTEX_POINT('',#8605);
#8605 = CARTESIAN_POINT('',(34.690185546875,46.299243164063,26.8));
#8606 = SURFACE_CURVE('',#8607,(#8611,#8618),.PCURVE_S1.);
#8607 = LINE('',#8608,#8609);
#8608 = CARTESIAN_POINT('',(34.690185546875,46.299243164063,26.8));
#8609 = VECTOR('',#8610,1.);
#8610 = DIRECTION('',(0.,-1.,0.));
#8611 = PCURVE('',#2788,#8612);
#8612 = DEFINITIONAL_REPRESENTATION('',(#8613),#8617);
#8613 = LINE('',#8614,#8615);
#8614 = CARTESIAN_POINT('',(0.,0.));
#8615 = VECTOR('',#8616,1.);
#8616 = DIRECTION('',(1.,0.));
#8617 = ( GEOMETRIC_REPRESENTATION_CONTEXT(2) 
PARAMETRIC_REPRESENTATION_CONTEXT() REPRESENTATION_CONTEXT('2D SPACE',''
  ) );
#8618 = PCURVE('',#8153,#8619);
#8619 = DEFINITIONAL_REPRESENTATION('',(#8620),#8624);
#8620 = LINE('',#8621,#8622);
#8621 = CARTESIAN_POINT('',(0.587890625,2.50537109375));
#8622 = VECTOR('',#8623,1.);
#8623 = DIRECTION('',(0.,-1.));
#8624 = ( GEOMETRIC_REPRESENTATION_CONTEXT(2) 
PARAMETRIC_REPRESENTATION_CONTEXT() REPRESENTATION_CONTEXT('2D SPACE',''
  ) );
#8625 = ORIENTED_EDGE('',*,*,#8626,.T.);
#8626 = EDGE_CURVE('',#8604,#2748,#8627,.T.);
#8627 = SURFACE_CURVE('',#8628,(#8632,#8639),.PCURVE_S1.);
#8628 = LINE('',#8629,#8630);
#8629 = CARTESIAN_POINT('',(34.690185546875,46.299243164063,26.8));
#8630 = VECTOR('',#8631,1.);
#8631 = DIRECTION('',(0.,0.,1.));
#8632 = PCURVE('',#2788,#8633);
#8633 = DEFINITIONAL_REPRESENTATION('',(#8634),#8638);
#8634 = LINE('',#8635,#8636);
#8635 = CARTESIAN_POINT('',(0.,0.));
#8636 = VECTOR('',#8637,1.);
#8637 = DIRECTION('',(0.,-1.));
#8638 = ( GEOMETRIC_REPRESENTATION_CONTEXT(2) 
PARAMETRIC_REPRESENTATION_CONTEXT() REPRESENTATION_CONTEXT('2D SPACE',''
  ) );
#8639 = PCURVE('',#2762,#8640);
#8640 = DEFINITIONAL_REPRESENTATION('',(#8641),#8645);
#8641 = LINE('',#8642,#8643);
#8642 = CARTESIAN_POINT('',(0.33154296875,0.));
#8643 = VECTOR('',#8644,1.);
#8644 = DIRECTION('',(0.,-1.));
#8645 = ( GEOMETRIC_REPRESENTATION_CONTEXT(2) 
PARAMETRIC_REPRESENTATION_CONTEXT() REPRESENTATION_CONTEXT('2D SPACE',''
  ) );
#8646 = ORIENTED_EDGE('',*,*,#2773,.F.);
#8647 = ORIENTED_EDGE('',*,*,#8577,.F.);
#8648 = ADVANCED_FACE('',(#8649),#2762,.F.);
#8649 = FACE_BOUND('',#8650,.F.);
#8650 = EDGE_LOOP('',(#8651,#8674,#8695,#8696));
#8651 = ORIENTED_EDGE('',*,*,#8652,.F.);
#8652 = EDGE_CURVE('',#8653,#8604,#8655,.T.);
#8653 = VERTEX_POINT('',#8654);
#8654 = CARTESIAN_POINT('',(34.358642578125,46.299243164063,26.8));
#8655 = SURFACE_CURVE('',#8656,(#8660,#8667),.PCURVE_S1.);
#8656 = LINE('',#8657,#8658);
#8657 = CARTESIAN_POINT('',(34.358642578125,46.299243164063,26.8));
#8658 = VECTOR('',#8659,1.);
#8659 = DIRECTION('',(1.,0.,0.));
#8660 = PCURVE('',#2762,#8661);
#8661 = DEFINITIONAL_REPRESENTATION('',(#8662),#8666);
#8662 = LINE('',#8663,#8664);
#8663 = CARTESIAN_POINT('',(0.,0.));
#8664 = VECTOR('',#8665,1.);
#8665 = DIRECTION('',(1.,0.));
#8666 = ( GEOMETRIC_REPRESENTATION_CONTEXT(2) 
PARAMETRIC_REPRESENTATION_CONTEXT() REPRESENTATION_CONTEXT('2D SPACE',''
  ) );
#8667 = PCURVE('',#8153,#8668);
#8668 = DEFINITIONAL_REPRESENTATION('',(#8669),#8673);
#8669 = LINE('',#8670,#8671);
#8670 = CARTESIAN_POINT('',(0.25634765625,2.50537109375));
#8671 = VECTOR('',#8672,1.);
#8672 = DIRECTION('',(1.,0.));
#8673 = ( GEOMETRIC_REPRESENTATION_CONTEXT(2) 
PARAMETRIC_REPRESENTATION_CONTEXT() REPRESENTATION_CONTEXT('2D SPACE',''
  ) );
#8674 = ORIENTED_EDGE('',*,*,#8675,.T.);
#8675 = EDGE_CURVE('',#8653,#2722,#8676,.T.);
#8676 = SURFACE_CURVE('',#8677,(#8681,#8688),.PCURVE_S1.);
#8677 = LINE('',#8678,#8679);
#8678 = CARTESIAN_POINT('',(34.358642578125,46.299243164063,26.8));
#8679 = VECTOR('',#8680,1.);
#8680 = DIRECTION('',(0.,0.,1.));
#8681 = PCURVE('',#2762,#8682);
#8682 = DEFINITIONAL_REPRESENTATION('',(#8683),#8687);
#8683 = LINE('',#8684,#8685);
#8684 = CARTESIAN_POINT('',(0.,0.));
#8685 = VECTOR('',#8686,1.);
#8686 = DIRECTION('',(0.,-1.));
#8687 = ( GEOMETRIC_REPRESENTATION_CONTEXT(2) 
PARAMETRIC_REPRESENTATION_CONTEXT() REPRESENTATION_CONTEXT('2D SPACE',''
  ) );
#8688 = PCURVE('',#2736,#8689);
#8689 = DEFINITIONAL_REPRESENTATION('',(#8690),#8694);
#8690 = LINE('',#8691,#8692);
#8691 = CARTESIAN_POINT('',(2.50537109375,0.));
#8692 = VECTOR('',#8693,1.);
#8693 = DIRECTION('',(0.,-1.));
#8694 = ( GEOMETRIC_REPRESENTATION_CONTEXT(2) 
PARAMETRIC_REPRESENTATION_CONTEXT() REPRESENTATION_CONTEXT('2D SPACE',''
  ) );
#8695 = ORIENTED_EDGE('',*,*,#2747,.F.);
#8696 = ORIENTED_EDGE('',*,*,#8626,.F.);
#8697 = ADVANCED_FACE('',(#8698),#2736,.F.);
#8698 = FACE_BOUND('',#8699,.F.);
#8699 = EDGE_LOOP('',(#8700,#8721,#8722,#8723));
#8700 = ORIENTED_EDGE('',*,*,#8701,.F.);
#8701 = EDGE_CURVE('',#8138,#8653,#8702,.T.);
#8702 = SURFACE_CURVE('',#8703,(#8707,#8714),.PCURVE_S1.);
#8703 = LINE('',#8704,#8705);
#8704 = CARTESIAN_POINT('',(34.358642578125,43.793872070313,26.8));
#8705 = VECTOR('',#8706,1.);
#8706 = DIRECTION('',(0.,1.,0.));
#8707 = PCURVE('',#2736,#8708);
#8708 = DEFINITIONAL_REPRESENTATION('',(#8709),#8713);
#8709 = LINE('',#8710,#8711);
#8710 = CARTESIAN_POINT('',(0.,0.));
#8711 = VECTOR('',#8712,1.);
#8712 = DIRECTION('',(1.,0.));
#8713 = ( GEOMETRIC_REPRESENTATION_CONTEXT(2) 
PARAMETRIC_REPRESENTATION_CONTEXT() REPRESENTATION_CONTEXT('2D SPACE',''
  ) );
#8714 = PCURVE('',#8153,#8715);
#8715 = DEFINITIONAL_REPRESENTATION('',(#8716),#8720);
#8716 = LINE('',#8717,#8718);
#8717 = CARTESIAN_POINT('',(0.25634765625,0.));
#8718 = VECTOR('',#8719,1.);
#8719 = DIRECTION('',(0.,1.));
#8720 = ( GEOMETRIC_REPRESENTATION_CONTEXT(2) 
PARAMETRIC_REPRESENTATION_CONTEXT() REPRESENTATION_CONTEXT('2D SPACE',''
  ) );
#8721 = ORIENTED_EDGE('',*,*,#8187,.T.);
#8722 = ORIENTED_EDGE('',*,*,#2721,.F.);
#8723 = ORIENTED_EDGE('',*,*,#8675,.F.);
#8724 = ADVANCED_FACE('',(#8725),#3024,.F.);
#8725 = FACE_BOUND('',#8726,.F.);
#8726 = EDGE_LOOP('',(#8727,#8757,#8778,#8779));
#8727 = ORIENTED_EDGE('',*,*,#8728,.F.);
#8728 = EDGE_CURVE('',#8729,#8731,#8733,.T.);
#8729 = VERTEX_POINT('',#8730);
#8730 = CARTESIAN_POINT('',(30.1015625,52.793872070313,26.8));
#8731 = VERTEX_POINT('',#8732);
#8732 = CARTESIAN_POINT('',(29.77001953125,52.793872070313,26.8));
#8733 = SURFACE_CURVE('',#8734,(#8738,#8745),.PCURVE_S1.);
#8734 = LINE('',#8735,#8736);
#8735 = CARTESIAN_POINT('',(30.1015625,52.793872070313,26.8));
#8736 = VECTOR('',#8737,1.);
#8737 = DIRECTION('',(-1.,0.,0.));
#8738 = PCURVE('',#3024,#8739);
#8739 = DEFINITIONAL_REPRESENTATION('',(#8740),#8744);
#8740 = LINE('',#8741,#8742);
#8741 = CARTESIAN_POINT('',(0.,-0.));
#8742 = VECTOR('',#8743,1.);
#8743 = DIRECTION('',(1.,0.));
#8744 = ( GEOMETRIC_REPRESENTATION_CONTEXT(2) 
PARAMETRIC_REPRESENTATION_CONTEXT() REPRESENTATION_CONTEXT('2D SPACE',''
  ) );
#8745 = PCURVE('',#8746,#8751);
#8746 = PLANE('',#8747);
#8747 = AXIS2_PLACEMENT_3D('',#8748,#8749,#8750);
#8748 = CARTESIAN_POINT('',(29.5,52.793872070313,26.8));
#8749 = DIRECTION('',(0.,0.,1.));
#8750 = DIRECTION('',(1.,0.,0.));
#8751 = DEFINITIONAL_REPRESENTATION('',(#8752),#8756);
#8752 = LINE('',#8753,#8754);
#8753 = CARTESIAN_POINT('',(0.6015625,0.));
#8754 = VECTOR('',#8755,1.);
#8755 = DIRECTION('',(-1.,0.));
#8756 = ( GEOMETRIC_REPRESENTATION_CONTEXT(2) 
PARAMETRIC_REPRESENTATION_CONTEXT() REPRESENTATION_CONTEXT('2D SPACE',''
  ) );
#8757 = ORIENTED_EDGE('',*,*,#8758,.T.);
#8758 = EDGE_CURVE('',#8729,#3010,#8759,.T.);
#8759 = SURFACE_CURVE('',#8760,(#8764,#8771),.PCURVE_S1.);
#8760 = LINE('',#8761,#8762);
#8761 = CARTESIAN_POINT('',(30.1015625,52.793872070313,26.8));
#8762 = VECTOR('',#8763,1.);
#8763 = DIRECTION('',(0.,0.,1.));
#8764 = PCURVE('',#3024,#8765);
#8765 = DEFINITIONAL_REPRESENTATION('',(#8766),#8770);
#8766 = LINE('',#8767,#8768);
#8767 = CARTESIAN_POINT('',(0.,-0.));
#8768 = VECTOR('',#8769,1.);
#8769 = DIRECTION('',(0.,-1.));
#8770 = ( GEOMETRIC_REPRESENTATION_CONTEXT(2) 
PARAMETRIC_REPRESENTATION_CONTEXT() REPRESENTATION_CONTEXT('2D SPACE',''
  ) );
#8771 = PCURVE('',#3402,#8772);
#8772 = DEFINITIONAL_REPRESENTATION('',(#8773),#8777);
#8773 = LINE('',#8774,#8775);
#8774 = CARTESIAN_POINT('',(1.0185546875,0.));
#8775 = VECTOR('',#8776,1.);
#8776 = DIRECTION('',(0.,-1.));
#8777 = ( GEOMETRIC_REPRESENTATION_CONTEXT(2) 
PARAMETRIC_REPRESENTATION_CONTEXT() REPRESENTATION_CONTEXT('2D SPACE',''
  ) );
#8778 = ORIENTED_EDGE('',*,*,#3007,.F.);
#8779 = ORIENTED_EDGE('',*,*,#8780,.F.);
#8780 = EDGE_CURVE('',#8731,#3008,#8781,.T.);
#8781 = SURFACE_CURVE('',#8782,(#8786,#8793),.PCURVE_S1.);
#8782 = LINE('',#8783,#8784);
#8783 = CARTESIAN_POINT('',(29.77001953125,52.793872070313,26.8));
#8784 = VECTOR('',#8785,1.);
#8785 = DIRECTION('',(0.,0.,1.));
#8786 = PCURVE('',#3024,#8787);
#8787 = DEFINITIONAL_REPRESENTATION('',(#8788),#8792);
#8788 = LINE('',#8789,#8790);
#8789 = CARTESIAN_POINT('',(0.33154296875,0.));
#8790 = VECTOR('',#8791,1.);
#8791 = DIRECTION('',(0.,-1.));
#8792 = ( GEOMETRIC_REPRESENTATION_CONTEXT(2) 
PARAMETRIC_REPRESENTATION_CONTEXT() REPRESENTATION_CONTEXT('2D SPACE',''
  ) );
#8793 = PCURVE('',#3050,#8794);
#8794 = DEFINITIONAL_REPRESENTATION('',(#8795),#8799);
#8795 = LINE('',#8796,#8797);
#8796 = CARTESIAN_POINT('',(0.,0.));
#8797 = VECTOR('',#8798,1.);
#8798 = DIRECTION('',(0.,-1.));
#8799 = ( GEOMETRIC_REPRESENTATION_CONTEXT(2) 
PARAMETRIC_REPRESENTATION_CONTEXT() REPRESENTATION_CONTEXT('2D SPACE',''
  ) );
#8800 = ADVANCED_FACE('',(#8801),#3050,.F.);
#8801 = FACE_BOUND('',#8802,.F.);
#8802 = EDGE_LOOP('',(#8803,#8826,#8827,#8828));
#8803 = ORIENTED_EDGE('',*,*,#8804,.F.);
#8804 = EDGE_CURVE('',#8731,#8805,#8807,.T.);
#8805 = VERTEX_POINT('',#8806);
#8806 = CARTESIAN_POINT('',(29.77001953125,55.299243164063,26.8));
#8807 = SURFACE_CURVE('',#8808,(#8812,#8819),.PCURVE_S1.);
#8808 = LINE('',#8809,#8810);
#8809 = CARTESIAN_POINT('',(29.77001953125,52.793872070313,26.8));
#8810 = VECTOR('',#8811,1.);
#8811 = DIRECTION('',(0.,1.,0.));
#8812 = PCURVE('',#3050,#8813);
#8813 = DEFINITIONAL_REPRESENTATION('',(#8814),#8818);
#8814 = LINE('',#8815,#8816);
#8815 = CARTESIAN_POINT('',(0.,0.));
#8816 = VECTOR('',#8817,1.);
#8817 = DIRECTION('',(1.,0.));
#8818 = ( GEOMETRIC_REPRESENTATION_CONTEXT(2) 
PARAMETRIC_REPRESENTATION_CONTEXT() REPRESENTATION_CONTEXT('2D SPACE',''
  ) );
#8819 = PCURVE('',#8746,#8820);
#8820 = DEFINITIONAL_REPRESENTATION('',(#8821),#8825);
#8821 = LINE('',#8822,#8823);
#8822 = CARTESIAN_POINT('',(0.27001953125,0.));
#8823 = VECTOR('',#8824,1.);
#8824 = DIRECTION('',(0.,1.));
#8825 = ( GEOMETRIC_REPRESENTATION_CONTEXT(2) 
PARAMETRIC_REPRESENTATION_CONTEXT() REPRESENTATION_CONTEXT('2D SPACE',''
  ) );
#8826 = ORIENTED_EDGE('',*,*,#8780,.T.);
#8827 = ORIENTED_EDGE('',*,*,#3035,.F.);
#8828 = ORIENTED_EDGE('',*,*,#8829,.F.);
#8829 = EDGE_CURVE('',#8805,#3036,#8830,.T.);
#8830 = SURFACE_CURVE('',#8831,(#8835,#8842),.PCURVE_S1.);
#8831 = LINE('',#8832,#8833);
#8832 = CARTESIAN_POINT('',(29.77001953125,55.299243164063,26.8));
#8833 = VECTOR('',#8834,1.);
#8834 = DIRECTION('',(0.,0.,1.));
#8835 = PCURVE('',#3050,#8836);
#8836 = DEFINITIONAL_REPRESENTATION('',(#8837),#8841);
#8837 = LINE('',#8838,#8839);
#8838 = CARTESIAN_POINT('',(2.50537109375,0.));
#8839 = VECTOR('',#8840,1.);
#8840 = DIRECTION('',(0.,-1.));
#8841 = ( GEOMETRIC_REPRESENTATION_CONTEXT(2) 
PARAMETRIC_REPRESENTATION_CONTEXT() REPRESENTATION_CONTEXT('2D SPACE',''
  ) );
#8842 = PCURVE('',#3076,#8843);
#8843 = DEFINITIONAL_REPRESENTATION('',(#8844),#8848);
#8844 = LINE('',#8845,#8846);
#8845 = CARTESIAN_POINT('',(0.,0.));
#8846 = VECTOR('',#8847,1.);
#8847 = DIRECTION('',(0.,-1.));
#8848 = ( GEOMETRIC_REPRESENTATION_CONTEXT(2) 
PARAMETRIC_REPRESENTATION_CONTEXT() REPRESENTATION_CONTEXT('2D SPACE',''
  ) );
#8849 = ADVANCED_FACE('',(#8850),#3402,.F.);
#8850 = FACE_BOUND('',#8851,.F.);
#8851 = EDGE_LOOP('',(#8852,#8875,#8896,#8897));
#8852 = ORIENTED_EDGE('',*,*,#8853,.F.);
#8853 = EDGE_CURVE('',#8854,#8729,#8856,.T.);
#8854 = VERTEX_POINT('',#8855);
#8855 = CARTESIAN_POINT('',(30.1015625,53.812426757813,26.8));
#8856 = SURFACE_CURVE('',#8857,(#8861,#8868),.PCURVE_S1.);
#8857 = LINE('',#8858,#8859);
#8858 = CARTESIAN_POINT('',(30.1015625,53.812426757813,26.8));
#8859 = VECTOR('',#8860,1.);
#8860 = DIRECTION('',(0.,-1.,0.));
#8861 = PCURVE('',#3402,#8862);
#8862 = DEFINITIONAL_REPRESENTATION('',(#8863),#8867);
#8863 = LINE('',#8864,#8865);
#8864 = CARTESIAN_POINT('',(0.,0.));
#8865 = VECTOR('',#8866,1.);
#8866 = DIRECTION('',(1.,0.));
#8867 = ( GEOMETRIC_REPRESENTATION_CONTEXT(2) 
PARAMETRIC_REPRESENTATION_CONTEXT() REPRESENTATION_CONTEXT('2D SPACE',''
  ) );
#8868 = PCURVE('',#8746,#8869);
#8869 = DEFINITIONAL_REPRESENTATION('',(#8870),#8874);
#8870 = LINE('',#8871,#8872);
#8871 = CARTESIAN_POINT('',(0.6015625,1.0185546875));
#8872 = VECTOR('',#8873,1.);
#8873 = DIRECTION('',(0.,-1.));
#8874 = ( GEOMETRIC_REPRESENTATION_CONTEXT(2) 
PARAMETRIC_REPRESENTATION_CONTEXT() REPRESENTATION_CONTEXT('2D SPACE',''
  ) );
#8875 = ORIENTED_EDGE('',*,*,#8876,.T.);
#8876 = EDGE_CURVE('',#8854,#3364,#8877,.T.);
#8877 = SURFACE_CURVE('',#8878,(#8882,#8889),.PCURVE_S1.);
#8878 = LINE('',#8879,#8880);
#8879 = CARTESIAN_POINT('',(30.1015625,53.812426757813,26.8));
#8880 = VECTOR('',#8881,1.);
#8881 = DIRECTION('',(0.,0.,1.));
#8882 = PCURVE('',#3402,#8883);
#8883 = DEFINITIONAL_REPRESENTATION('',(#8884),#8888);
#8884 = LINE('',#8885,#8886);
#8885 = CARTESIAN_POINT('',(0.,0.));
#8886 = VECTOR('',#8887,1.);
#8887 = DIRECTION('',(0.,-1.));
#8888 = ( GEOMETRIC_REPRESENTATION_CONTEXT(2) 
PARAMETRIC_REPRESENTATION_CONTEXT() REPRESENTATION_CONTEXT('2D SPACE',''
  ) );
#8889 = PCURVE('',#3378,#8890);
#8890 = DEFINITIONAL_REPRESENTATION('',(#8891),#8895);
#8891 = LINE('',#8892,#8893);
#8892 = CARTESIAN_POINT('',(0.642578125,0.));
#8893 = VECTOR('',#8894,1.);
#8894 = DIRECTION('',(0.,-1.));
#8895 = ( GEOMETRIC_REPRESENTATION_CONTEXT(2) 
PARAMETRIC_REPRESENTATION_CONTEXT() REPRESENTATION_CONTEXT('2D SPACE',''
  ) );
#8896 = ORIENTED_EDGE('',*,*,#3389,.F.);
#8897 = ORIENTED_EDGE('',*,*,#8758,.F.);
#8898 = ADVANCED_FACE('',(#8899),#3076,.F.);
#8899 = FACE_BOUND('',#8900,.F.);
#8900 = EDGE_LOOP('',(#8901,#8924,#8925,#8926));
#8901 = ORIENTED_EDGE('',*,*,#8902,.F.);
#8902 = EDGE_CURVE('',#8805,#8903,#8905,.T.);
#8903 = VERTEX_POINT('',#8904);
#8904 = CARTESIAN_POINT('',(30.715087890625,55.299243164063,26.8));
#8905 = SURFACE_CURVE('',#8906,(#8910,#8917),.PCURVE_S1.);
#8906 = LINE('',#8907,#8908);
#8907 = CARTESIAN_POINT('',(29.77001953125,55.299243164063,26.8));
#8908 = VECTOR('',#8909,1.);
#8909 = DIRECTION('',(1.,0.,0.));
#8910 = PCURVE('',#3076,#8911);
#8911 = DEFINITIONAL_REPRESENTATION('',(#8912),#8916);
#8912 = LINE('',#8913,#8914);
#8913 = CARTESIAN_POINT('',(0.,0.));
#8914 = VECTOR('',#8915,1.);
#8915 = DIRECTION('',(1.,0.));
#8916 = ( GEOMETRIC_REPRESENTATION_CONTEXT(2) 
PARAMETRIC_REPRESENTATION_CONTEXT() REPRESENTATION_CONTEXT('2D SPACE',''
  ) );
#8917 = PCURVE('',#8746,#8918);
#8918 = DEFINITIONAL_REPRESENTATION('',(#8919),#8923);
#8919 = LINE('',#8920,#8921);
#8920 = CARTESIAN_POINT('',(0.27001953125,2.50537109375));
#8921 = VECTOR('',#8922,1.);
#8922 = DIRECTION('',(1.,0.));
#8923 = ( GEOMETRIC_REPRESENTATION_CONTEXT(2) 
PARAMETRIC_REPRESENTATION_CONTEXT() REPRESENTATION_CONTEXT('2D SPACE',''
  ) );
#8924 = ORIENTED_EDGE('',*,*,#8829,.T.);
#8925 = ORIENTED_EDGE('',*,*,#3061,.F.);
#8926 = ORIENTED_EDGE('',*,*,#8927,.F.);
#8927 = EDGE_CURVE('',#8903,#3062,#8928,.T.);
#8928 = SURFACE_CURVE('',#8929,(#8933,#8940),.PCURVE_S1.);
#8929 = LINE('',#8930,#8931);
#8930 = CARTESIAN_POINT('',(30.715087890625,55.299243164063,26.8));
#8931 = VECTOR('',#8932,1.);
#8932 = DIRECTION('',(0.,0.,1.));
#8933 = PCURVE('',#3076,#8934);
#8934 = DEFINITIONAL_REPRESENTATION('',(#8935),#8939);
#8935 = LINE('',#8936,#8937);
#8936 = CARTESIAN_POINT('',(0.945068359375,0.));
#8937 = VECTOR('',#8938,1.);
#8938 = DIRECTION('',(0.,-1.));
#8939 = ( GEOMETRIC_REPRESENTATION_CONTEXT(2) 
PARAMETRIC_REPRESENTATION_CONTEXT() REPRESENTATION_CONTEXT('2D SPACE',''
  ) );
#8940 = PCURVE('',#3109,#8941);
#8941 = DEFINITIONAL_REPRESENTATION('',(#8942),#8946);
#8942 = LINE('',#8943,#8944);
#8943 = CARTESIAN_POINT('',(0.,0.));
#8944 = VECTOR('',#8945,1.);
#8945 = DIRECTION('',(0.,-1.));
#8946 = ( GEOMETRIC_REPRESENTATION_CONTEXT(2) 
PARAMETRIC_REPRESENTATION_CONTEXT() REPRESENTATION_CONTEXT('2D SPACE',''
  ) );
#8947 = ADVANCED_FACE('',(#8948),#3378,.F.);
#8948 = FACE_BOUND('',#8949,.F.);
#8949 = EDGE_LOOP('',(#8950,#8973,#8994,#8995));
#8950 = ORIENTED_EDGE('',*,*,#8951,.F.);
#8951 = EDGE_CURVE('',#8952,#8854,#8954,.T.);
#8952 = VERTEX_POINT('',#8953);
#8953 = CARTESIAN_POINT('',(30.744140625,53.812426757813,26.8));
#8954 = SURFACE_CURVE('',#8955,(#8959,#8966),.PCURVE_S1.);
#8955 = LINE('',#8956,#8957);
#8956 = CARTESIAN_POINT('',(30.744140625,53.812426757813,26.8));
#8957 = VECTOR('',#8958,1.);
#8958 = DIRECTION('',(-1.,0.,0.));
#8959 = PCURVE('',#3378,#8960);
#8960 = DEFINITIONAL_REPRESENTATION('',(#8961),#8965);
#8961 = LINE('',#8962,#8963);
#8962 = CARTESIAN_POINT('',(0.,-0.));
#8963 = VECTOR('',#8964,1.);
#8964 = DIRECTION('',(1.,0.));
#8965 = ( GEOMETRIC_REPRESENTATION_CONTEXT(2) 
PARAMETRIC_REPRESENTATION_CONTEXT() REPRESENTATION_CONTEXT('2D SPACE',''
  ) );
#8966 = PCURVE('',#8746,#8967);
#8967 = DEFINITIONAL_REPRESENTATION('',(#8968),#8972);
#8968 = LINE('',#8969,#8970);
#8969 = CARTESIAN_POINT('',(1.244140625,1.0185546875));
#8970 = VECTOR('',#8971,1.);
#8971 = DIRECTION('',(-1.,0.));
#8972 = ( GEOMETRIC_REPRESENTATION_CONTEXT(2) 
PARAMETRIC_REPRESENTATION_CONTEXT() REPRESENTATION_CONTEXT('2D SPACE',''
  ) );
#8973 = ORIENTED_EDGE('',*,*,#8974,.T.);
#8974 = EDGE_CURVE('',#8952,#3307,#8975,.T.);
#8975 = SURFACE_CURVE('',#8976,(#8980,#8987),.PCURVE_S1.);
#8976 = LINE('',#8977,#8978);
#8977 = CARTESIAN_POINT('',(30.744140625,53.812426757813,26.8));
#8978 = VECTOR('',#8979,1.);
#8979 = DIRECTION('',(0.,0.,1.));
#8980 = PCURVE('',#3378,#8981);
#8981 = DEFINITIONAL_REPRESENTATION('',(#8982),#8986);
#8982 = LINE('',#8983,#8984);
#8983 = CARTESIAN_POINT('',(0.,-0.));
#8984 = VECTOR('',#8985,1.);
#8985 = DIRECTION('',(0.,-1.));
#8986 = ( GEOMETRIC_REPRESENTATION_CONTEXT(2) 
PARAMETRIC_REPRESENTATION_CONTEXT() REPRESENTATION_CONTEXT('2D SPACE',''
  ) );
#8987 = PCURVE('',#3340,#8988);
#8988 = DEFINITIONAL_REPRESENTATION('',(#8989),#8993);
#8989 = LINE('',#8990,#8991);
#8990 = CARTESIAN_POINT('',(1.,0.));
#8991 = VECTOR('',#8992,1.);
#8992 = DIRECTION('',(0.,-1.));
#8993 = ( GEOMETRIC_REPRESENTATION_CONTEXT(2) 
PARAMETRIC_REPRESENTATION_CONTEXT() REPRESENTATION_CONTEXT('2D SPACE',''
  ) );
#8994 = ORIENTED_EDGE('',*,*,#3363,.F.);
#8995 = ORIENTED_EDGE('',*,*,#8876,.F.);
#8996 = ADVANCED_FACE('',(#8997),#3109,.F.);
#8997 = FACE_BOUND('',#8998,.F.);
#8998 = EDGE_LOOP('',(#8999,#9022,#9023,#9024));
#8999 = ORIENTED_EDGE('',*,*,#9000,.F.);
#9000 = EDGE_CURVE('',#8903,#9001,#9003,.T.);
#9001 = VERTEX_POINT('',#9002);
#9002 = CARTESIAN_POINT('',(31.09619140625,55.275317382813,26.8));
#9003 = SURFACE_CURVE('',#9004,(#9008,#9015),.PCURVE_S1.);
#9004 = B_SPLINE_CURVE_WITH_KNOTS('',2,(#9005,#9006,#9007),
  .UNSPECIFIED.,.F.,.F.,(3,3),(0.,1.),.PIECEWISE_BEZIER_KNOTS.);
#9005 = CARTESIAN_POINT('',(30.715087890625,55.299243164063,26.8));
#9006 = CARTESIAN_POINT('',(30.964599609375,55.299243164063,26.8));
#9007 = CARTESIAN_POINT('',(31.09619140625,55.275317382813,26.8));
#9008 = PCURVE('',#3109,#9009);
#9009 = DEFINITIONAL_REPRESENTATION('',(#9010),#9014);
#9010 = LINE('',#9011,#9012);
#9011 = CARTESIAN_POINT('',(0.,0.));
#9012 = VECTOR('',#9013,1.);
#9013 = DIRECTION('',(1.,0.));
#9014 = ( GEOMETRIC_REPRESENTATION_CONTEXT(2) 
PARAMETRIC_REPRESENTATION_CONTEXT() REPRESENTATION_CONTEXT('2D SPACE',''
  ) );
#9015 = PCURVE('',#8746,#9016);
#9016 = DEFINITIONAL_REPRESENTATION('',(#9017),#9021);
#9017 = B_SPLINE_CURVE_WITH_KNOTS('',2,(#9018,#9019,#9020),
  .UNSPECIFIED.,.F.,.F.,(3,3),(0.,1.),.PIECEWISE_BEZIER_KNOTS.);
#9018 = CARTESIAN_POINT('',(1.215087890625,2.50537109375));
#9019 = CARTESIAN_POINT('',(1.464599609375,2.50537109375));
#9020 = CARTESIAN_POINT('',(1.59619140625,2.4814453125));
#9021 = ( GEOMETRIC_REPRESENTATION_CONTEXT(2) 
PARAMETRIC_REPRESENTATION_CONTEXT() REPRESENTATION_CONTEXT('2D SPACE',''
  ) );
#9022 = ORIENTED_EDGE('',*,*,#8927,.T.);
#9023 = ORIENTED_EDGE('',*,*,#3087,.F.);
#9024 = ORIENTED_EDGE('',*,*,#9025,.F.);
#9025 = EDGE_CURVE('',#9001,#3088,#9026,.T.);
#9026 = SURFACE_CURVE('',#9027,(#9031,#9038),.PCURVE_S1.);
#9027 = LINE('',#9028,#9029);
#9028 = CARTESIAN_POINT('',(31.09619140625,55.275317382813,26.8));
#9029 = VECTOR('',#9030,1.);
#9030 = DIRECTION('',(0.,0.,1.));
#9031 = PCURVE('',#3109,#9032);
#9032 = DEFINITIONAL_REPRESENTATION('',(#9033),#9037);
#9033 = LINE('',#9034,#9035);
#9034 = CARTESIAN_POINT('',(1.,0.));
#9035 = VECTOR('',#9036,1.);
#9036 = DIRECTION('',(0.,-1.));
#9037 = ( GEOMETRIC_REPRESENTATION_CONTEXT(2) 
PARAMETRIC_REPRESENTATION_CONTEXT() REPRESENTATION_CONTEXT('2D SPACE',''
  ) );
#9038 = PCURVE('',#3148,#9039);
#9039 = DEFINITIONAL_REPRESENTATION('',(#9040),#9044);
#9040 = LINE('',#9041,#9042);
#9041 = CARTESIAN_POINT('',(0.,0.));
#9042 = VECTOR('',#9043,1.);
#9043 = DIRECTION('',(0.,-1.));
#9044 = ( GEOMETRIC_REPRESENTATION_CONTEXT(2) 
PARAMETRIC_REPRESENTATION_CONTEXT() REPRESENTATION_CONTEXT('2D SPACE',''
  ) );
#9045 = ADVANCED_FACE('',(#9046),#3340,.F.);
#9046 = FACE_BOUND('',#9047,.F.);
#9047 = EDGE_LOOP('',(#9048,#9071,#9092,#9093));
#9048 = ORIENTED_EDGE('',*,*,#9049,.F.);
#9049 = EDGE_CURVE('',#9050,#8952,#9052,.T.);
#9050 = VERTEX_POINT('',#9051);
#9051 = CARTESIAN_POINT('',(31.47900390625,54.033740234375,26.8));
#9052 = SURFACE_CURVE('',#9053,(#9057,#9064),.PCURVE_S1.);
#9053 = B_SPLINE_CURVE_WITH_KNOTS('',2,(#9054,#9055,#9056),
  .UNSPECIFIED.,.F.,.F.,(3,3),(0.,1.),.PIECEWISE_BEZIER_KNOTS.);
#9054 = CARTESIAN_POINT('',(31.47900390625,54.033740234375,26.8));
#9055 = CARTESIAN_POINT('',(31.275634765625,53.812426757813,26.8));
#9056 = CARTESIAN_POINT('',(30.744140625,53.812426757813,26.8));
#9057 = PCURVE('',#3340,#9058);
#9058 = DEFINITIONAL_REPRESENTATION('',(#9059),#9063);
#9059 = LINE('',#9060,#9061);
#9060 = CARTESIAN_POINT('',(0.,0.));
#9061 = VECTOR('',#9062,1.);
#9062 = DIRECTION('',(1.,0.));
#9063 = ( GEOMETRIC_REPRESENTATION_CONTEXT(2) 
PARAMETRIC_REPRESENTATION_CONTEXT() REPRESENTATION_CONTEXT('2D SPACE',''
  ) );
#9064 = PCURVE('',#8746,#9065);
#9065 = DEFINITIONAL_REPRESENTATION('',(#9066),#9070);
#9066 = B_SPLINE_CURVE_WITH_KNOTS('',2,(#9067,#9068,#9069),
  .UNSPECIFIED.,.F.,.F.,(3,3),(0.,1.),.PIECEWISE_BEZIER_KNOTS.);
#9067 = CARTESIAN_POINT('',(1.97900390625,1.239868164062));
#9068 = CARTESIAN_POINT('',(1.775634765625,1.0185546875));
#9069 = CARTESIAN_POINT('',(1.244140625,1.0185546875));
#9070 = ( GEOMETRIC_REPRESENTATION_CONTEXT(2) 
PARAMETRIC_REPRESENTATION_CONTEXT() REPRESENTATION_CONTEXT('2D SPACE',''
  ) );
#9071 = ORIENTED_EDGE('',*,*,#9072,.T.);
#9072 = EDGE_CURVE('',#9050,#3256,#9073,.T.);
#9073 = SURFACE_CURVE('',#9074,(#9078,#9085),.PCURVE_S1.);
#9074 = LINE('',#9075,#9076);
#9075 = CARTESIAN_POINT('',(31.47900390625,54.033740234375,26.8));
#9076 = VECTOR('',#9077,1.);
#9077 = DIRECTION('',(0.,0.,1.));
#9078 = PCURVE('',#3340,#9079);
#9079 = DEFINITIONAL_REPRESENTATION('',(#9080),#9084);
#9080 = LINE('',#9081,#9082);
#9081 = CARTESIAN_POINT('',(0.,0.));
#9082 = VECTOR('',#9083,1.);
#9083 = DIRECTION('',(0.,-1.));
#9084 = ( GEOMETRIC_REPRESENTATION_CONTEXT(2) 
PARAMETRIC_REPRESENTATION_CONTEXT() REPRESENTATION_CONTEXT('2D SPACE',''
  ) );
#9085 = PCURVE('',#3285,#9086);
#9086 = DEFINITIONAL_REPRESENTATION('',(#9087),#9091);
#9087 = LINE('',#9088,#9089);
#9088 = CARTESIAN_POINT('',(1.,0.));
#9089 = VECTOR('',#9090,1.);
#9090 = DIRECTION('',(0.,-1.));
#9091 = ( GEOMETRIC_REPRESENTATION_CONTEXT(2) 
PARAMETRIC_REPRESENTATION_CONTEXT() REPRESENTATION_CONTEXT('2D SPACE',''
  ) );
#9092 = ORIENTED_EDGE('',*,*,#3306,.F.);
#9093 = ORIENTED_EDGE('',*,*,#8974,.F.);
#9094 = ADVANCED_FACE('',(#9095),#3148,.F.);
#9095 = FACE_BOUND('',#9096,.F.);
#9096 = EDGE_LOOP('',(#9097,#9120,#9121,#9122));
#9097 = ORIENTED_EDGE('',*,*,#9098,.F.);
#9098 = EDGE_CURVE('',#9001,#9099,#9101,.T.);
#9099 = VERTEX_POINT('',#9100);
#9100 = CARTESIAN_POINT('',(31.405517578125,55.158251953125,26.8));
#9101 = SURFACE_CURVE('',#9102,(#9106,#9113),.PCURVE_S1.);
#9102 = B_SPLINE_CURVE_WITH_KNOTS('',2,(#9103,#9104,#9105),
  .UNSPECIFIED.,.F.,.F.,(3,3),(0.,1.),.PIECEWISE_BEZIER_KNOTS.);
#9103 = CARTESIAN_POINT('',(31.09619140625,55.275317382813,26.8));
#9104 = CARTESIAN_POINT('',(31.28076171875,55.244555664063,26.8));
#9105 = CARTESIAN_POINT('',(31.405517578125,55.158251953125,26.8));
#9106 = PCURVE('',#3148,#9107);
#9107 = DEFINITIONAL_REPRESENTATION('',(#9108),#9112);
#9108 = LINE('',#9109,#9110);
#9109 = CARTESIAN_POINT('',(0.,0.));
#9110 = VECTOR('',#9111,1.);
#9111 = DIRECTION('',(1.,0.));
#9112 = ( GEOMETRIC_REPRESENTATION_CONTEXT(2) 
PARAMETRIC_REPRESENTATION_CONTEXT() REPRESENTATION_CONTEXT('2D SPACE',''
  ) );
#9113 = PCURVE('',#8746,#9114);
#9114 = DEFINITIONAL_REPRESENTATION('',(#9115),#9119);
#9115 = B_SPLINE_CURVE_WITH_KNOTS('',2,(#9116,#9117,#9118),
  .UNSPECIFIED.,.F.,.F.,(3,3),(0.,1.),.PIECEWISE_BEZIER_KNOTS.);
#9116 = CARTESIAN_POINT('',(1.59619140625,2.4814453125));
#9117 = CARTESIAN_POINT('',(1.78076171875,2.45068359375));
#9118 = CARTESIAN_POINT('',(1.905517578125,2.364379882812));
#9119 = ( GEOMETRIC_REPRESENTATION_CONTEXT(2) 
PARAMETRIC_REPRESENTATION_CONTEXT() REPRESENTATION_CONTEXT('2D SPACE',''
  ) );
#9120 = ORIENTED_EDGE('',*,*,#9025,.T.);
#9121 = ORIENTED_EDGE('',*,*,#3126,.F.);
#9122 = ORIENTED_EDGE('',*,*,#9123,.F.);
#9123 = EDGE_CURVE('',#9099,#3127,#9124,.T.);
#9124 = SURFACE_CURVE('',#9125,(#9129,#9136),.PCURVE_S1.);
#9125 = LINE('',#9126,#9127);
#9126 = CARTESIAN_POINT('',(31.405517578125,55.158251953125,26.8));
#9127 = VECTOR('',#9128,1.);
#9128 = DIRECTION('',(0.,0.,1.));
#9129 = PCURVE('',#3148,#9130);
#9130 = DEFINITIONAL_REPRESENTATION('',(#9131),#9135);
#9131 = LINE('',#9132,#9133);
#9132 = CARTESIAN_POINT('',(1.,0.));
#9133 = VECTOR('',#9134,1.);
#9134 = DIRECTION('',(0.,-1.));
#9135 = ( GEOMETRIC_REPRESENTATION_CONTEXT(2) 
PARAMETRIC_REPRESENTATION_CONTEXT() REPRESENTATION_CONTEXT('2D SPACE',''
  ) );
#9136 = PCURVE('',#3187,#9137);
#9137 = DEFINITIONAL_REPRESENTATION('',(#9138),#9142);
#9138 = LINE('',#9139,#9140);
#9139 = CARTESIAN_POINT('',(0.,0.));
#9140 = VECTOR('',#9141,1.);
#9141 = DIRECTION('',(0.,-1.));
#9142 = ( GEOMETRIC_REPRESENTATION_CONTEXT(2) 
PARAMETRIC_REPRESENTATION_CONTEXT() REPRESENTATION_CONTEXT('2D SPACE',''
  ) );
#9143 = ADVANCED_FACE('',(#9144),#3285,.F.);
#9144 = FACE_BOUND('',#9145,.F.);
#9145 = EDGE_LOOP('',(#9146,#9169,#9190,#9191));
#9146 = ORIENTED_EDGE('',*,*,#9147,.F.);
#9147 = EDGE_CURVE('',#9148,#9050,#9150,.T.);
#9148 = VERTEX_POINT('',#9149);
#9149 = CARTESIAN_POINT('',(31.682373046875,54.574633789063,26.8));
#9150 = SURFACE_CURVE('',#9151,(#9155,#9162),.PCURVE_S1.);
#9151 = B_SPLINE_CURVE_WITH_KNOTS('',2,(#9152,#9153,#9154),
  .UNSPECIFIED.,.F.,.F.,(3,3),(0.,1.),.PIECEWISE_BEZIER_KNOTS.);
#9152 = CARTESIAN_POINT('',(31.682373046875,54.574633789063,26.8));
#9153 = CARTESIAN_POINT('',(31.682373046875,54.255053710938,26.8));
#9154 = CARTESIAN_POINT('',(31.47900390625,54.033740234375,26.8));
#9155 = PCURVE('',#3285,#9156);
#9156 = DEFINITIONAL_REPRESENTATION('',(#9157),#9161);
#9157 = LINE('',#9158,#9159);
#9158 = CARTESIAN_POINT('',(0.,0.));
#9159 = VECTOR('',#9160,1.);
#9160 = DIRECTION('',(1.,0.));
#9161 = ( GEOMETRIC_REPRESENTATION_CONTEXT(2) 
PARAMETRIC_REPRESENTATION_CONTEXT() REPRESENTATION_CONTEXT('2D SPACE',''
  ) );
#9162 = PCURVE('',#8746,#9163);
#9163 = DEFINITIONAL_REPRESENTATION('',(#9164),#9168);
#9164 = B_SPLINE_CURVE_WITH_KNOTS('',2,(#9165,#9166,#9167),
  .UNSPECIFIED.,.F.,.F.,(3,3),(0.,1.),.PIECEWISE_BEZIER_KNOTS.);
#9165 = CARTESIAN_POINT('',(2.182373046875,1.78076171875));
#9166 = CARTESIAN_POINT('',(2.182373046875,1.461181640625));
#9167 = CARTESIAN_POINT('',(1.97900390625,1.239868164062));
#9168 = ( GEOMETRIC_REPRESENTATION_CONTEXT(2) 
PARAMETRIC_REPRESENTATION_CONTEXT() REPRESENTATION_CONTEXT('2D SPACE',''
  ) );
#9169 = ORIENTED_EDGE('',*,*,#9170,.T.);
#9170 = EDGE_CURVE('',#9148,#3205,#9171,.T.);
#9171 = SURFACE_CURVE('',#9172,(#9176,#9183),.PCURVE_S1.);
#9172 = LINE('',#9173,#9174);
#9173 = CARTESIAN_POINT('',(31.682373046875,54.574633789063,26.8));
#9174 = VECTOR('',#9175,1.);
#9175 = DIRECTION('',(0.,0.,1.));
#9176 = PCURVE('',#3285,#9177);
#9177 = DEFINITIONAL_REPRESENTATION('',(#9178),#9182);
#9178 = LINE('',#9179,#9180);
#9179 = CARTESIAN_POINT('',(0.,0.));
#9180 = VECTOR('',#9181,1.);
#9181 = DIRECTION('',(0.,-1.));
#9182 = ( GEOMETRIC_REPRESENTATION_CONTEXT(2) 
PARAMETRIC_REPRESENTATION_CONTEXT() REPRESENTATION_CONTEXT('2D SPACE',''
  ) );
#9183 = PCURVE('',#3234,#9184);
#9184 = DEFINITIONAL_REPRESENTATION('',(#9185),#9189);
#9185 = LINE('',#9186,#9187);
#9186 = CARTESIAN_POINT('',(1.,0.));
#9187 = VECTOR('',#9188,1.);
#9188 = DIRECTION('',(0.,-1.));
#9189 = ( GEOMETRIC_REPRESENTATION_CONTEXT(2) 
PARAMETRIC_REPRESENTATION_CONTEXT() REPRESENTATION_CONTEXT('2D SPACE',''
  ) );
#9190 = ORIENTED_EDGE('',*,*,#3255,.F.);
#9191 = ORIENTED_EDGE('',*,*,#9072,.F.);
#9192 = ADVANCED_FACE('',(#9193),#3187,.F.);
#9193 = FACE_BOUND('',#9194,.F.);
#9194 = EDGE_LOOP('',(#9195,#9218,#9219,#9220));
#9195 = ORIENTED_EDGE('',*,*,#9196,.F.);
#9196 = EDGE_CURVE('',#9099,#9197,#9199,.T.);
#9197 = VERTEX_POINT('',#9198);
#9198 = CARTESIAN_POINT('',(31.606323242188,54.916430664063,26.8));
#9199 = SURFACE_CURVE('',#9200,(#9204,#9211),.PCURVE_S1.);
#9200 = B_SPLINE_CURVE_WITH_KNOTS('',2,(#9201,#9202,#9203),
  .UNSPECIFIED.,.F.,.F.,(3,3),(0.,1.),.PIECEWISE_BEZIER_KNOTS.);
#9201 = CARTESIAN_POINT('',(31.405517578125,55.158251953125,26.8));
#9202 = CARTESIAN_POINT('',(31.5302734375,55.071948242188,26.8));
#9203 = CARTESIAN_POINT('',(31.606323242188,54.916430664063,26.8));
#9204 = PCURVE('',#3187,#9205);
#9205 = DEFINITIONAL_REPRESENTATION('',(#9206),#9210);
#9206 = LINE('',#9207,#9208);
#9207 = CARTESIAN_POINT('',(0.,0.));
#9208 = VECTOR('',#9209,1.);
#9209 = DIRECTION('',(1.,0.));
#9210 = ( GEOMETRIC_REPRESENTATION_CONTEXT(2) 
PARAMETRIC_REPRESENTATION_CONTEXT() REPRESENTATION_CONTEXT('2D SPACE',''
  ) );
#9211 = PCURVE('',#8746,#9212);
#9212 = DEFINITIONAL_REPRESENTATION('',(#9213),#9217);
#9213 = B_SPLINE_CURVE_WITH_KNOTS('',2,(#9214,#9215,#9216),
  .UNSPECIFIED.,.F.,.F.,(3,3),(0.,1.),.PIECEWISE_BEZIER_KNOTS.);
#9214 = CARTESIAN_POINT('',(1.905517578125,2.364379882812));
#9215 = CARTESIAN_POINT('',(2.0302734375,2.278076171875));
#9216 = CARTESIAN_POINT('',(2.106323242188,2.12255859375));
#9217 = ( GEOMETRIC_REPRESENTATION_CONTEXT(2) 
PARAMETRIC_REPRESENTATION_CONTEXT() REPRESENTATION_CONTEXT('2D SPACE',''
  ) );
#9218 = ORIENTED_EDGE('',*,*,#9123,.T.);
#9219 = ORIENTED_EDGE('',*,*,#3165,.F.);
#9220 = ORIENTED_EDGE('',*,*,#9221,.F.);
#9221 = EDGE_CURVE('',#9197,#3166,#9222,.T.);
#9222 = SURFACE_CURVE('',#9223,(#9227,#9234),.PCURVE_S1.);
#9223 = LINE('',#9224,#9225);
#9224 = CARTESIAN_POINT('',(31.606323242188,54.916430664063,26.8));
#9225 = VECTOR('',#9226,1.);
#9226 = DIRECTION('',(0.,0.,1.));
#9227 = PCURVE('',#3187,#9228);
#9228 = DEFINITIONAL_REPRESENTATION('',(#9229),#9233);
#9229 = LINE('',#9230,#9231);
#9230 = CARTESIAN_POINT('',(1.,0.));
#9231 = VECTOR('',#9232,1.);
#9232 = DIRECTION('',(0.,-1.));
#9233 = ( GEOMETRIC_REPRESENTATION_CONTEXT(2) 
PARAMETRIC_REPRESENTATION_CONTEXT() REPRESENTATION_CONTEXT('2D SPACE',''
  ) );
#9234 = PCURVE('',#3234,#9235);
#9235 = DEFINITIONAL_REPRESENTATION('',(#9236),#9240);
#9236 = LINE('',#9237,#9238);
#9237 = CARTESIAN_POINT('',(0.,0.));
#9238 = VECTOR('',#9239,1.);
#9239 = DIRECTION('',(0.,-1.));
#9240 = ( GEOMETRIC_REPRESENTATION_CONTEXT(2) 
PARAMETRIC_REPRESENTATION_CONTEXT() REPRESENTATION_CONTEXT('2D SPACE',''
  ) );
#9241 = ADVANCED_FACE('',(#9242),#3234,.F.);
#9242 = FACE_BOUND('',#9243,.F.);
#9243 = EDGE_LOOP('',(#9244,#9265,#9266,#9267));
#9244 = ORIENTED_EDGE('',*,*,#9245,.F.);
#9245 = EDGE_CURVE('',#9197,#9148,#9246,.T.);
#9246 = SURFACE_CURVE('',#9247,(#9251,#9258),.PCURVE_S1.);
#9247 = B_SPLINE_CURVE_WITH_KNOTS('',2,(#9248,#9249,#9250),
  .UNSPECIFIED.,.F.,.F.,(3,3),(0.,1.),.PIECEWISE_BEZIER_KNOTS.);
#9248 = CARTESIAN_POINT('',(31.606323242188,54.916430664063,26.8));
#9249 = CARTESIAN_POINT('',(31.682373046875,54.760913085938,26.8));
#9250 = CARTESIAN_POINT('',(31.682373046875,54.574633789063,26.8));
#9251 = PCURVE('',#3234,#9252);
#9252 = DEFINITIONAL_REPRESENTATION('',(#9253),#9257);
#9253 = LINE('',#9254,#9255);
#9254 = CARTESIAN_POINT('',(0.,0.));
#9255 = VECTOR('',#9256,1.);
#9256 = DIRECTION('',(1.,0.));
#9257 = ( GEOMETRIC_REPRESENTATION_CONTEXT(2) 
PARAMETRIC_REPRESENTATION_CONTEXT() REPRESENTATION_CONTEXT('2D SPACE',''
  ) );
#9258 = PCURVE('',#8746,#9259);
#9259 = DEFINITIONAL_REPRESENTATION('',(#9260),#9264);
#9260 = B_SPLINE_CURVE_WITH_KNOTS('',2,(#9261,#9262,#9263),
  .UNSPECIFIED.,.F.,.F.,(3,3),(0.,1.),.PIECEWISE_BEZIER_KNOTS.);
#9261 = CARTESIAN_POINT('',(2.106323242188,2.12255859375));
#9262 = CARTESIAN_POINT('',(2.182373046875,1.967041015625));
#9263 = CARTESIAN_POINT('',(2.182373046875,1.78076171875));
#9264 = ( GEOMETRIC_REPRESENTATION_CONTEXT(2) 
PARAMETRIC_REPRESENTATION_CONTEXT() REPRESENTATION_CONTEXT('2D SPACE',''
  ) );
#9265 = ORIENTED_EDGE('',*,*,#9221,.T.);
#9266 = ORIENTED_EDGE('',*,*,#3204,.F.);
#9267 = ORIENTED_EDGE('',*,*,#9170,.F.);
#9268 = ADVANCED_FACE('',(#9269),#3432,.F.);
#9269 = FACE_BOUND('',#9270,.F.);
#9270 = EDGE_LOOP('',(#9271,#9301,#9322,#9323));
#9271 = ORIENTED_EDGE('',*,*,#9272,.F.);
#9272 = EDGE_CURVE('',#9273,#9275,#9277,.T.);
#9273 = VERTEX_POINT('',#9274);
#9274 = CARTESIAN_POINT('',(32.88037109375,52.793872070313,26.8));
#9275 = VERTEX_POINT('',#9276);
#9276 = CARTESIAN_POINT('',(32.5419921875,52.793872070313,26.8));
#9277 = SURFACE_CURVE('',#9278,(#9282,#9289),.PCURVE_S1.);
#9278 = LINE('',#9279,#9280);
#9279 = CARTESIAN_POINT('',(32.88037109375,52.793872070313,26.8));
#9280 = VECTOR('',#9281,1.);
#9281 = DIRECTION('',(-1.,0.,0.));
#9282 = PCURVE('',#3432,#9283);
#9283 = DEFINITIONAL_REPRESENTATION('',(#9284),#9288);
#9284 = LINE('',#9285,#9286);
#9285 = CARTESIAN_POINT('',(0.,-0.));
#9286 = VECTOR('',#9287,1.);
#9287 = DIRECTION('',(1.,0.));
#9288 = ( GEOMETRIC_REPRESENTATION_CONTEXT(2) 
PARAMETRIC_REPRESENTATION_CONTEXT() REPRESENTATION_CONTEXT('2D SPACE',''
  ) );
#9289 = PCURVE('',#9290,#9295);
#9290 = PLANE('',#9291);
#9291 = AXIS2_PLACEMENT_3D('',#9292,#9293,#9294);
#9292 = CARTESIAN_POINT('',(31.83447265625,52.793872070313,26.8));
#9293 = DIRECTION('',(0.,0.,1.));
#9294 = DIRECTION('',(1.,0.,0.));
#9295 = DEFINITIONAL_REPRESENTATION('',(#9296),#9300);
#9296 = LINE('',#9297,#9298);
#9297 = CARTESIAN_POINT('',(1.0458984375,0.));
#9298 = VECTOR('',#9299,1.);
#9299 = DIRECTION('',(-1.,0.));
#9300 = ( GEOMETRIC_REPRESENTATION_CONTEXT(2) 
PARAMETRIC_REPRESENTATION_CONTEXT() REPRESENTATION_CONTEXT('2D SPACE',''
  ) );
#9301 = ORIENTED_EDGE('',*,*,#9302,.T.);
#9302 = EDGE_CURVE('',#9273,#3418,#9303,.T.);
#9303 = SURFACE_CURVE('',#9304,(#9308,#9315),.PCURVE_S1.);
#9304 = LINE('',#9305,#9306);
#9305 = CARTESIAN_POINT('',(32.88037109375,52.793872070313,26.8));
#9306 = VECTOR('',#9307,1.);
#9307 = DIRECTION('',(0.,0.,1.));
#9308 = PCURVE('',#3432,#9309);
#9309 = DEFINITIONAL_REPRESENTATION('',(#9310),#9314);
#9310 = LINE('',#9311,#9312);
#9311 = CARTESIAN_POINT('',(0.,-0.));
#9312 = VECTOR('',#9313,1.);
#9313 = DIRECTION('',(0.,-1.));
#9314 = ( GEOMETRIC_REPRESENTATION_CONTEXT(2) 
PARAMETRIC_REPRESENTATION_CONTEXT() REPRESENTATION_CONTEXT('2D SPACE',''
  ) );
#9315 = PCURVE('',#3994,#9316);
#9316 = DEFINITIONAL_REPRESENTATION('',(#9317),#9321);
#9317 = LINE('',#9318,#9319);
#9318 = CARTESIAN_POINT('',(1.981545089984,0.));
#9319 = VECTOR('',#9320,1.);
#9320 = DIRECTION('',(0.,-1.));
#9321 = ( GEOMETRIC_REPRESENTATION_CONTEXT(2) 
PARAMETRIC_REPRESENTATION_CONTEXT() REPRESENTATION_CONTEXT('2D SPACE',''
  ) );
#9322 = ORIENTED_EDGE('',*,*,#3415,.F.);
#9323 = ORIENTED_EDGE('',*,*,#9324,.F.);
#9324 = EDGE_CURVE('',#9275,#3416,#9325,.T.);
#9325 = SURFACE_CURVE('',#9326,(#9330,#9337),.PCURVE_S1.);
#9326 = LINE('',#9327,#9328);
#9327 = CARTESIAN_POINT('',(32.5419921875,52.793872070313,26.8));
#9328 = VECTOR('',#9329,1.);
#9329 = DIRECTION('',(0.,0.,1.));
#9330 = PCURVE('',#3432,#9331);
#9331 = DEFINITIONAL_REPRESENTATION('',(#9332),#9336);
#9332 = LINE('',#9333,#9334);
#9333 = CARTESIAN_POINT('',(0.33837890625,0.));
#9334 = VECTOR('',#9335,1.);
#9335 = DIRECTION('',(0.,-1.));
#9336 = ( GEOMETRIC_REPRESENTATION_CONTEXT(2) 
PARAMETRIC_REPRESENTATION_CONTEXT() REPRESENTATION_CONTEXT('2D SPACE',''
  ) );
#9337 = PCURVE('',#3458,#9338);
#9338 = DEFINITIONAL_REPRESENTATION('',(#9339),#9343);
#9339 = LINE('',#9340,#9341);
#9340 = CARTESIAN_POINT('',(0.,0.));
#9341 = VECTOR('',#9342,1.);
#9342 = DIRECTION('',(0.,-1.));
#9343 = ( GEOMETRIC_REPRESENTATION_CONTEXT(2) 
PARAMETRIC_REPRESENTATION_CONTEXT() REPRESENTATION_CONTEXT('2D SPACE',''
  ) );
#9344 = ADVANCED_FACE('',(#9345),#3458,.F.);
#9345 = FACE_BOUND('',#9346,.F.);
#9346 = EDGE_LOOP('',(#9347,#9370,#9371,#9372));
#9347 = ORIENTED_EDGE('',*,*,#9348,.F.);
#9348 = EDGE_CURVE('',#9275,#9349,#9351,.T.);
#9349 = VERTEX_POINT('',#9350);
#9350 = CARTESIAN_POINT('',(31.877197265625,55.299243164063,26.8));
#9351 = SURFACE_CURVE('',#9352,(#9356,#9363),.PCURVE_S1.);
#9352 = LINE('',#9353,#9354);
#9353 = CARTESIAN_POINT('',(32.5419921875,52.793872070313,26.8));
#9354 = VECTOR('',#9355,1.);
#9355 = DIRECTION('',(-0.256472410456,0.966551552001,0.));
#9356 = PCURVE('',#3458,#9357);
#9357 = DEFINITIONAL_REPRESENTATION('',(#9358),#9362);
#9358 = LINE('',#9359,#9360);
#9359 = CARTESIAN_POINT('',(0.,0.));
#9360 = VECTOR('',#9361,1.);
#9361 = DIRECTION('',(1.,0.));
#9362 = ( GEOMETRIC_REPRESENTATION_CONTEXT(2) 
PARAMETRIC_REPRESENTATION_CONTEXT() REPRESENTATION_CONTEXT('2D SPACE',''
  ) );
#9363 = PCURVE('',#9290,#9364);
#9364 = DEFINITIONAL_REPRESENTATION('',(#9365),#9369);
#9365 = LINE('',#9366,#9367);
#9366 = CARTESIAN_POINT('',(0.70751953125,0.));
#9367 = VECTOR('',#9368,1.);
#9368 = DIRECTION('',(-0.256472410456,0.966551552001));
#9369 = ( GEOMETRIC_REPRESENTATION_CONTEXT(2) 
PARAMETRIC_REPRESENTATION_CONTEXT() REPRESENTATION_CONTEXT('2D SPACE',''
  ) );
#9370 = ORIENTED_EDGE('',*,*,#9324,.T.);
#9371 = ORIENTED_EDGE('',*,*,#3443,.F.);
#9372 = ORIENTED_EDGE('',*,*,#9373,.F.);
#9373 = EDGE_CURVE('',#9349,#3444,#9374,.T.);
#9374 = SURFACE_CURVE('',#9375,(#9379,#9386),.PCURVE_S1.);
#9375 = LINE('',#9376,#9377);
#9376 = CARTESIAN_POINT('',(31.877197265625,55.299243164063,26.8));
#9377 = VECTOR('',#9378,1.);
#9378 = DIRECTION('',(0.,0.,1.));
#9379 = PCURVE('',#3458,#9380);
#9380 = DEFINITIONAL_REPRESENTATION('',(#9381),#9385);
#9381 = LINE('',#9382,#9383);
#9382 = CARTESIAN_POINT('',(2.592071875074,0.));
#9383 = VECTOR('',#9384,1.);
#9384 = DIRECTION('',(0.,-1.));
#9385 = ( GEOMETRIC_REPRESENTATION_CONTEXT(2) 
PARAMETRIC_REPRESENTATION_CONTEXT() REPRESENTATION_CONTEXT('2D SPACE',''
  ) );
#9386 = PCURVE('',#3484,#9387);
#9387 = DEFINITIONAL_REPRESENTATION('',(#9388),#9392);
#9388 = LINE('',#9389,#9390);
#9389 = CARTESIAN_POINT('',(0.,0.));
#9390 = VECTOR('',#9391,1.);
#9391 = DIRECTION('',(0.,-1.));
#9392 = ( GEOMETRIC_REPRESENTATION_CONTEXT(2) 
PARAMETRIC_REPRESENTATION_CONTEXT() REPRESENTATION_CONTEXT('2D SPACE',''
  ) );
#9393 = ADVANCED_FACE('',(#9394),#3994,.F.);
#9394 = FACE_BOUND('',#9395,.F.);
#9395 = EDGE_LOOP('',(#9396,#9419,#9440,#9441));
#9396 = ORIENTED_EDGE('',*,*,#9397,.F.);
#9397 = EDGE_CURVE('',#9398,#9273,#9400,.T.);
#9398 = VERTEX_POINT('',#9399);
#9399 = CARTESIAN_POINT('',(33.411865234375,54.702807617188,26.8));
#9400 = SURFACE_CURVE('',#9401,(#9405,#9412),.PCURVE_S1.);
#9401 = LINE('',#9402,#9403);
#9402 = CARTESIAN_POINT('',(33.411865234375,54.702807617188,26.8));
#9403 = VECTOR('',#9404,1.);
#9404 = DIRECTION('',(-0.268222077464,-0.963357107806,0.));
#9405 = PCURVE('',#3994,#9406);
#9406 = DEFINITIONAL_REPRESENTATION('',(#9407),#9411);
#9407 = LINE('',#9408,#9409);
#9408 = CARTESIAN_POINT('',(0.,0.));
#9409 = VECTOR('',#9410,1.);
#9410 = DIRECTION('',(1.,0.));
#9411 = ( GEOMETRIC_REPRESENTATION_CONTEXT(2) 
PARAMETRIC_REPRESENTATION_CONTEXT() REPRESENTATION_CONTEXT('2D SPACE',''
  ) );
#9412 = PCURVE('',#9290,#9413);
#9413 = DEFINITIONAL_REPRESENTATION('',(#9414),#9418);
#9414 = LINE('',#9415,#9416);
#9415 = CARTESIAN_POINT('',(1.577392578125,1.908935546875));
#9416 = VECTOR('',#9417,1.);
#9417 = DIRECTION('',(-0.268222077464,-0.963357107806));
#9418 = ( GEOMETRIC_REPRESENTATION_CONTEXT(2) 
PARAMETRIC_REPRESENTATION_CONTEXT() REPRESENTATION_CONTEXT('2D SPACE',''
  ) );
#9419 = ORIENTED_EDGE('',*,*,#9420,.T.);
#9420 = EDGE_CURVE('',#9398,#3943,#9421,.T.);
#9421 = SURFACE_CURVE('',#9422,(#9426,#9433),.PCURVE_S1.);
#9422 = LINE('',#9423,#9424);
#9423 = CARTESIAN_POINT('',(33.411865234375,54.702807617188,26.8));
#9424 = VECTOR('',#9425,1.);
#9425 = DIRECTION('',(0.,0.,1.));
#9426 = PCURVE('',#3994,#9427);
#9427 = DEFINITIONAL_REPRESENTATION('',(#9428),#9432);
#9428 = LINE('',#9429,#9430);
#9429 = CARTESIAN_POINT('',(0.,0.));
#9430 = VECTOR('',#9431,1.);
#9431 = DIRECTION('',(0.,-1.));
#9432 = ( GEOMETRIC_REPRESENTATION_CONTEXT(2) 
PARAMETRIC_REPRESENTATION_CONTEXT() REPRESENTATION_CONTEXT('2D SPACE',''
  ) );
#9433 = PCURVE('',#3964,#9434);
#9434 = DEFINITIONAL_REPRESENTATION('',(#9435),#9439);
#9435 = LINE('',#9436,#9437);
#9436 = CARTESIAN_POINT('',(1.,0.));
#9437 = VECTOR('',#9438,1.);
#9438 = DIRECTION('',(0.,-1.));
#9439 = ( GEOMETRIC_REPRESENTATION_CONTEXT(2) 
PARAMETRIC_REPRESENTATION_CONTEXT() REPRESENTATION_CONTEXT('2D SPACE',''
  ) );
#9440 = ORIENTED_EDGE('',*,*,#3981,.F.);
#9441 = ORIENTED_EDGE('',*,*,#9302,.F.);
#9442 = ADVANCED_FACE('',(#9443),#3484,.F.);
#9443 = FACE_BOUND('',#9444,.F.);
#9444 = EDGE_LOOP('',(#9445,#9468,#9469,#9470));
#9445 = ORIENTED_EDGE('',*,*,#9446,.F.);
#9446 = EDGE_CURVE('',#9349,#9447,#9449,.T.);
#9447 = VERTEX_POINT('',#9448);
#9448 = CARTESIAN_POINT('',(32.21728515625,55.299243164063,26.8));
#9449 = SURFACE_CURVE('',#9450,(#9454,#9461),.PCURVE_S1.);
#9450 = LINE('',#9451,#9452);
#9451 = CARTESIAN_POINT('',(31.877197265625,55.299243164063,26.8));
#9452 = VECTOR('',#9453,1.);
#9453 = DIRECTION('',(1.,0.,0.));
#9454 = PCURVE('',#3484,#9455);
#9455 = DEFINITIONAL_REPRESENTATION('',(#9456),#9460);
#9456 = LINE('',#9457,#9458);
#9457 = CARTESIAN_POINT('',(0.,0.));
#9458 = VECTOR('',#9459,1.);
#9459 = DIRECTION('',(1.,0.));
#9460 = ( GEOMETRIC_REPRESENTATION_CONTEXT(2) 
PARAMETRIC_REPRESENTATION_CONTEXT() REPRESENTATION_CONTEXT('2D SPACE',''
  ) );
#9461 = PCURVE('',#9290,#9462);
#9462 = DEFINITIONAL_REPRESENTATION('',(#9463),#9467);
#9463 = LINE('',#9464,#9465);
#9464 = CARTESIAN_POINT('',(4.2724609375E-02,2.50537109375));
#9465 = VECTOR('',#9466,1.);
#9466 = DIRECTION('',(1.,0.));
#9467 = ( GEOMETRIC_REPRESENTATION_CONTEXT(2) 
PARAMETRIC_REPRESENTATION_CONTEXT() REPRESENTATION_CONTEXT('2D SPACE',''
  ) );
#9468 = ORIENTED_EDGE('',*,*,#9373,.T.);
#9469 = ORIENTED_EDGE('',*,*,#3469,.F.);
#9470 = ORIENTED_EDGE('',*,*,#9471,.F.);
#9471 = EDGE_CURVE('',#9447,#3470,#9472,.T.);
#9472 = SURFACE_CURVE('',#9473,(#9477,#9484),.PCURVE_S1.);
#9473 = LINE('',#9474,#9475);
#9474 = CARTESIAN_POINT('',(32.21728515625,55.299243164063,26.8));
#9475 = VECTOR('',#9476,1.);
#9476 = DIRECTION('',(0.,0.,1.));
#9477 = PCURVE('',#3484,#9478);
#9478 = DEFINITIONAL_REPRESENTATION('',(#9479),#9483);
#9479 = LINE('',#9480,#9481);
#9480 = CARTESIAN_POINT('',(0.340087890625,0.));
#9481 = VECTOR('',#9482,1.);
#9482 = DIRECTION('',(0.,-1.));
#9483 = ( GEOMETRIC_REPRESENTATION_CONTEXT(2) 
PARAMETRIC_REPRESENTATION_CONTEXT() REPRESENTATION_CONTEXT('2D SPACE',''
  ) );
#9484 = PCURVE('',#3510,#9485);
#9485 = DEFINITIONAL_REPRESENTATION('',(#9486),#9490);
#9486 = LINE('',#9487,#9488);
#9487 = CARTESIAN_POINT('',(0.,0.));
#9488 = VECTOR('',#9489,1.);
#9489 = DIRECTION('',(0.,-1.));
#9490 = ( GEOMETRIC_REPRESENTATION_CONTEXT(2) 
PARAMETRIC_REPRESENTATION_CONTEXT() REPRESENTATION_CONTEXT('2D SPACE',''
  ) );
#9491 = ADVANCED_FACE('',(#9492),#3964,.F.);
#9492 = FACE_BOUND('',#9493,.F.);
#9493 = EDGE_LOOP('',(#9494,#9517,#9538,#9539));
#9494 = ORIENTED_EDGE('',*,*,#9495,.F.);
#9495 = EDGE_CURVE('',#9496,#9398,#9498,.T.);
#9496 = VERTEX_POINT('',#9497);
#9497 = CARTESIAN_POINT('',(33.4853515625,54.996752929688,26.8));
#9498 = SURFACE_CURVE('',#9499,(#9503,#9510),.PCURVE_S1.);
#9499 = B_SPLINE_CURVE_WITH_KNOTS('',2,(#9500,#9501,#9502),
  .UNSPECIFIED.,.F.,.F.,(3,3),(0.,1.),.PIECEWISE_BEZIER_KNOTS.);
#9500 = CARTESIAN_POINT('',(33.4853515625,54.996752929688,26.8));
#9501 = CARTESIAN_POINT('',(33.446044921875,54.824145507813,26.8));
#9502 = CARTESIAN_POINT('',(33.411865234375,54.702807617188,26.8));
#9503 = PCURVE('',#3964,#9504);
#9504 = DEFINITIONAL_REPRESENTATION('',(#9505),#9509);
#9505 = LINE('',#9506,#9507);
#9506 = CARTESIAN_POINT('',(0.,0.));
#9507 = VECTOR('',#9508,1.);
#9508 = DIRECTION('',(1.,0.));
#9509 = ( GEOMETRIC_REPRESENTATION_CONTEXT(2) 
PARAMETRIC_REPRESENTATION_CONTEXT() REPRESENTATION_CONTEXT('2D SPACE',''
  ) );
#9510 = PCURVE('',#9290,#9511);
#9511 = DEFINITIONAL_REPRESENTATION('',(#9512),#9516);
#9512 = B_SPLINE_CURVE_WITH_KNOTS('',2,(#9513,#9514,#9515),
  .UNSPECIFIED.,.F.,.F.,(3,3),(0.,1.),.PIECEWISE_BEZIER_KNOTS.);
#9513 = CARTESIAN_POINT('',(1.65087890625,2.202880859375));
#9514 = CARTESIAN_POINT('',(1.611572265625,2.0302734375));
#9515 = CARTESIAN_POINT('',(1.577392578125,1.908935546875));
#9516 = ( GEOMETRIC_REPRESENTATION_CONTEXT(2) 
PARAMETRIC_REPRESENTATION_CONTEXT() REPRESENTATION_CONTEXT('2D SPACE',''
  ) );
#9517 = ORIENTED_EDGE('',*,*,#9518,.T.);
#9518 = EDGE_CURVE('',#9496,#3901,#9519,.T.);
#9519 = SURFACE_CURVE('',#9520,(#9524,#9531),.PCURVE_S1.);
#9520 = LINE('',#9521,#9522);
#9521 = CARTESIAN_POINT('',(33.4853515625,54.996752929688,26.8));
#9522 = VECTOR('',#9523,1.);
#9523 = DIRECTION('',(0.,0.,1.));
#9524 = PCURVE('',#3964,#9525);
#9525 = DEFINITIONAL_REPRESENTATION('',(#9526),#9530);
#9526 = LINE('',#9527,#9528);
#9527 = CARTESIAN_POINT('',(0.,0.));
#9528 = VECTOR('',#9529,1.);
#9529 = DIRECTION('',(0.,-1.));
#9530 = ( GEOMETRIC_REPRESENTATION_CONTEXT(2) 
PARAMETRIC_REPRESENTATION_CONTEXT() REPRESENTATION_CONTEXT('2D SPACE',''
  ) );
#9531 = PCURVE('',#3924,#9532);
#9532 = DEFINITIONAL_REPRESENTATION('',(#9533),#9537);
#9533 = LINE('',#9534,#9535);
#9534 = CARTESIAN_POINT('',(1.,0.));
#9535 = VECTOR('',#9536,1.);
#9536 = DIRECTION('',(0.,-1.));
#9537 = ( GEOMETRIC_REPRESENTATION_CONTEXT(2) 
PARAMETRIC_REPRESENTATION_CONTEXT() REPRESENTATION_CONTEXT('2D SPACE',''
  ) );
#9538 = ORIENTED_EDGE('',*,*,#3942,.F.);
#9539 = ORIENTED_EDGE('',*,*,#9420,.F.);
#9540 = ADVANCED_FACE('',(#9541),#3510,.F.);
#9541 = FACE_BOUND('',#9542,.F.);
#9542 = EDGE_LOOP('',(#9543,#9566,#9567,#9568));
#9543 = ORIENTED_EDGE('',*,*,#9544,.F.);
#9544 = EDGE_CURVE('',#9447,#9545,#9547,.T.);
#9545 = VERTEX_POINT('',#9546);
#9546 = CARTESIAN_POINT('',(32.598388671875,53.656909179688,26.8));
#9547 = SURFACE_CURVE('',#9548,(#9552,#9559),.PCURVE_S1.);
#9548 = LINE('',#9549,#9550);
#9549 = CARTESIAN_POINT('',(32.21728515625,55.299243164063,26.8));
#9550 = VECTOR('',#9551,1.);
#9551 = DIRECTION('',(0.226043829816,-0.974117132075,0.));
#9552 = PCURVE('',#3510,#9553);
#9553 = DEFINITIONAL_REPRESENTATION('',(#9554),#9558);
#9554 = LINE('',#9555,#9556);
#9555 = CARTESIAN_POINT('',(0.,0.));
#9556 = VECTOR('',#9557,1.);
#9557 = DIRECTION('',(1.,0.));
#9558 = ( GEOMETRIC_REPRESENTATION_CONTEXT(2) 
PARAMETRIC_REPRESENTATION_CONTEXT() REPRESENTATION_CONTEXT('2D SPACE',''
  ) );
#9559 = PCURVE('',#9290,#9560);
#9560 = DEFINITIONAL_REPRESENTATION('',(#9561),#9565);
#9561 = LINE('',#9562,#9563);
#9562 = CARTESIAN_POINT('',(0.3828125,2.50537109375));
#9563 = VECTOR('',#9564,1.);
#9564 = DIRECTION('',(0.226043829816,-0.974117132075));
#9565 = ( GEOMETRIC_REPRESENTATION_CONTEXT(2) 
PARAMETRIC_REPRESENTATION_CONTEXT() REPRESENTATION_CONTEXT('2D SPACE',''
  ) );
#9566 = ORIENTED_EDGE('',*,*,#9471,.T.);
#9567 = ORIENTED_EDGE('',*,*,#3495,.F.);
#9568 = ORIENTED_EDGE('',*,*,#9569,.F.);
#9569 = EDGE_CURVE('',#9545,#3496,#9570,.T.);
#9570 = SURFACE_CURVE('',#9571,(#9575,#9582),.PCURVE_S1.);
#9571 = LINE('',#9572,#9573);
#9572 = CARTESIAN_POINT('',(32.598388671875,53.656909179688,26.8));
#9573 = VECTOR('',#9574,1.);
#9574 = DIRECTION('',(0.,0.,1.));
#9575 = PCURVE('',#3510,#9576);
#9576 = DEFINITIONAL_REPRESENTATION('',(#9577),#9581);
#9577 = LINE('',#9578,#9579);
#9578 = CARTESIAN_POINT('',(1.685971768997,0.));
#9579 = VECTOR('',#9580,1.);
#9580 = DIRECTION('',(0.,-1.));
#9581 = ( GEOMETRIC_REPRESENTATION_CONTEXT(2) 
PARAMETRIC_REPRESENTATION_CONTEXT() REPRESENTATION_CONTEXT('2D SPACE',''
  ) );
#9582 = PCURVE('',#3541,#9583);
#9583 = DEFINITIONAL_REPRESENTATION('',(#9584),#9588);
#9584 = LINE('',#9585,#9586);
#9585 = CARTESIAN_POINT('',(0.,0.));
#9586 = VECTOR('',#9587,1.);
#9587 = DIRECTION('',(0.,-1.));
#9588 = ( GEOMETRIC_REPRESENTATION_CONTEXT(2) 
PARAMETRIC_REPRESENTATION_CONTEXT() REPRESENTATION_CONTEXT('2D SPACE',''
  ) );
#9589 = ADVANCED_FACE('',(#9590),#3924,.F.);
#9590 = FACE_BOUND('',#9591,.F.);
#9591 = EDGE_LOOP('',(#9592,#9615,#9636,#9637));
#9592 = ORIENTED_EDGE('',*,*,#9593,.F.);
#9593 = EDGE_CURVE('',#9594,#9496,#9596,.T.);
#9594 = VERTEX_POINT('',#9595);
#9595 = CARTESIAN_POINT('',(33.56396484375,54.702807617188,26.8));
#9596 = SURFACE_CURVE('',#9597,(#9601,#9608),.PCURVE_S1.);
#9597 = B_SPLINE_CURVE_WITH_KNOTS('',2,(#9598,#9599,#9600),
  .UNSPECIFIED.,.F.,.F.,(3,3),(0.,1.),.PIECEWISE_BEZIER_KNOTS.);
#9598 = CARTESIAN_POINT('',(33.56396484375,54.702807617188,26.8));
#9599 = CARTESIAN_POINT('',(33.497314453125,54.942065429688,26.8));
#9600 = CARTESIAN_POINT('',(33.4853515625,54.996752929688,26.8));
#9601 = PCURVE('',#3924,#9602);
#9602 = DEFINITIONAL_REPRESENTATION('',(#9603),#9607);
#9603 = LINE('',#9604,#9605);
#9604 = CARTESIAN_POINT('',(0.,0.));
#9605 = VECTOR('',#9606,1.);
#9606 = DIRECTION('',(1.,0.));
#9607 = ( GEOMETRIC_REPRESENTATION_CONTEXT(2) 
PARAMETRIC_REPRESENTATION_CONTEXT() REPRESENTATION_CONTEXT('2D SPACE',''
  ) );
#9608 = PCURVE('',#9290,#9609);
#9609 = DEFINITIONAL_REPRESENTATION('',(#9610),#9614);
#9610 = B_SPLINE_CURVE_WITH_KNOTS('',2,(#9611,#9612,#9613),
  .UNSPECIFIED.,.F.,.F.,(3,3),(0.,1.),.PIECEWISE_BEZIER_KNOTS.);
#9611 = CARTESIAN_POINT('',(1.7294921875,1.908935546875));
#9612 = CARTESIAN_POINT('',(1.662841796875,2.148193359375));
#9613 = CARTESIAN_POINT('',(1.65087890625,2.202880859375));
#9614 = ( GEOMETRIC_REPRESENTATION_CONTEXT(2) 
PARAMETRIC_REPRESENTATION_CONTEXT() REPRESENTATION_CONTEXT('2D SPACE',''
  ) );
#9615 = ORIENTED_EDGE('',*,*,#9616,.T.);
#9616 = EDGE_CURVE('',#9594,#3875,#9617,.T.);
#9617 = SURFACE_CURVE('',#9618,(#9622,#9629),.PCURVE_S1.);
#9618 = LINE('',#9619,#9620);
#9619 = CARTESIAN_POINT('',(33.56396484375,54.702807617188,26.8));
#9620 = VECTOR('',#9621,1.);
#9621 = DIRECTION('',(0.,0.,1.));
#9622 = PCURVE('',#3924,#9623);
#9623 = DEFINITIONAL_REPRESENTATION('',(#9624),#9628);
#9624 = LINE('',#9625,#9626);
#9625 = CARTESIAN_POINT('',(0.,0.));
#9626 = VECTOR('',#9627,1.);
#9627 = DIRECTION('',(0.,-1.));
#9628 = ( GEOMETRIC_REPRESENTATION_CONTEXT(2) 
PARAMETRIC_REPRESENTATION_CONTEXT() REPRESENTATION_CONTEXT('2D SPACE',''
  ) );
#9629 = PCURVE('',#3889,#9630);
#9630 = DEFINITIONAL_REPRESENTATION('',(#9631),#9635);
#9631 = LINE('',#9632,#9633);
#9632 = CARTESIAN_POINT('',(1.980631052323,0.));
#9633 = VECTOR('',#9634,1.);
#9634 = DIRECTION('',(0.,-1.));
#9635 = ( GEOMETRIC_REPRESENTATION_CONTEXT(2) 
PARAMETRIC_REPRESENTATION_CONTEXT() REPRESENTATION_CONTEXT('2D SPACE',''
  ) );
#9636 = ORIENTED_EDGE('',*,*,#3900,.F.);
#9637 = ORIENTED_EDGE('',*,*,#9518,.F.);
#9638 = ADVANCED_FACE('',(#9639),#3541,.F.);
#9639 = FACE_BOUND('',#9640,.F.);
#9640 = EDGE_LOOP('',(#9641,#9664,#9665,#9666));
#9641 = ORIENTED_EDGE('',*,*,#9642,.F.);
#9642 = EDGE_CURVE('',#9545,#9643,#9645,.T.);
#9643 = VERTEX_POINT('',#9644);
#9644 = CARTESIAN_POINT('',(32.704345703125,53.144213867188,26.8));
#9645 = SURFACE_CURVE('',#9646,(#9650,#9657),.PCURVE_S1.);
#9646 = B_SPLINE_CURVE_WITH_KNOTS('',2,(#9647,#9648,#9649),
  .UNSPECIFIED.,.F.,.F.,(3,3),(0.,1.),.PIECEWISE_BEZIER_KNOTS.);
#9647 = CARTESIAN_POINT('',(32.598388671875,53.656909179688,26.8));
#9648 = CARTESIAN_POINT('',(32.659912109375,53.398852539063,26.8));
#9649 = CARTESIAN_POINT('',(32.704345703125,53.144213867188,26.8));
#9650 = PCURVE('',#3541,#9651);
#9651 = DEFINITIONAL_REPRESENTATION('',(#9652),#9656);
#9652 = LINE('',#9653,#9654);
#9653 = CARTESIAN_POINT('',(0.,0.));
#9654 = VECTOR('',#9655,1.);
#9655 = DIRECTION('',(1.,0.));
#9656 = ( GEOMETRIC_REPRESENTATION_CONTEXT(2) 
PARAMETRIC_REPRESENTATION_CONTEXT() REPRESENTATION_CONTEXT('2D SPACE',''
  ) );
#9657 = PCURVE('',#9290,#9658);
#9658 = DEFINITIONAL_REPRESENTATION('',(#9659),#9663);
#9659 = B_SPLINE_CURVE_WITH_KNOTS('',2,(#9660,#9661,#9662),
  .UNSPECIFIED.,.F.,.F.,(3,3),(0.,1.),.PIECEWISE_BEZIER_KNOTS.);
#9660 = CARTESIAN_POINT('',(0.763916015625,0.863037109375));
#9661 = CARTESIAN_POINT('',(0.825439453125,0.60498046875));
#9662 = CARTESIAN_POINT('',(0.869873046875,0.350341796875));
#9663 = ( GEOMETRIC_REPRESENTATION_CONTEXT(2) 
PARAMETRIC_REPRESENTATION_CONTEXT() REPRESENTATION_CONTEXT('2D SPACE',''
  ) );
#9664 = ORIENTED_EDGE('',*,*,#9569,.T.);
#9665 = ORIENTED_EDGE('',*,*,#3521,.F.);
#9666 = ORIENTED_EDGE('',*,*,#9667,.F.);
#9667 = EDGE_CURVE('',#9643,#3522,#9668,.T.);
#9668 = SURFACE_CURVE('',#9669,(#9673,#9680),.PCURVE_S1.);
#9669 = LINE('',#9670,#9671);
#9670 = CARTESIAN_POINT('',(32.704345703125,53.144213867188,26.8));
#9671 = VECTOR('',#9672,1.);
#9672 = DIRECTION('',(0.,0.,1.));
#9673 = PCURVE('',#3541,#9674);
#9674 = DEFINITIONAL_REPRESENTATION('',(#9675),#9679);
#9675 = LINE('',#9676,#9677);
#9676 = CARTESIAN_POINT('',(1.,0.));
#9677 = VECTOR('',#9678,1.);
#9678 = DIRECTION('',(0.,-1.));
#9679 = ( GEOMETRIC_REPRESENTATION_CONTEXT(2) 
PARAMETRIC_REPRESENTATION_CONTEXT() REPRESENTATION_CONTEXT('2D SPACE',''
  ) );
#9680 = PCURVE('',#3591,#9681);
#9681 = DEFINITIONAL_REPRESENTATION('',(#9682),#9686);
#9682 = LINE('',#9683,#9684);
#9683 = CARTESIAN_POINT('',(0.,0.));
#9684 = VECTOR('',#9685,1.);
#9685 = DIRECTION('',(0.,-1.));
#9686 = ( GEOMETRIC_REPRESENTATION_CONTEXT(2) 
PARAMETRIC_REPRESENTATION_CONTEXT() REPRESENTATION_CONTEXT('2D SPACE',''
  ) );
#9687 = ADVANCED_FACE('',(#9688),#3889,.F.);
#9688 = FACE_BOUND('',#9689,.F.);
#9689 = EDGE_LOOP('',(#9690,#9713,#9734,#9735));
#9690 = ORIENTED_EDGE('',*,*,#9691,.F.);
#9691 = EDGE_CURVE('',#9692,#9594,#9694,.T.);
#9692 = VERTEX_POINT('',#9693);
#9693 = CARTESIAN_POINT('',(34.092041015625,52.793872070313,26.8));
#9694 = SURFACE_CURVE('',#9695,(#9699,#9706),.PCURVE_S1.);
#9695 = LINE('',#9696,#9697);
#9696 = CARTESIAN_POINT('',(34.092041015625,52.793872070313,26.8));
#9697 = VECTOR('',#9698,1.);
#9698 = DIRECTION('',(-0.26662016192,0.963801685648,0.));
#9699 = PCURVE('',#3889,#9700);
#9700 = DEFINITIONAL_REPRESENTATION('',(#9701),#9705);
#9701 = LINE('',#9702,#9703);
#9702 = CARTESIAN_POINT('',(0.,0.));
#9703 = VECTOR('',#9704,1.);
#9704 = DIRECTION('',(1.,0.));
#9705 = ( GEOMETRIC_REPRESENTATION_CONTEXT(2) 
PARAMETRIC_REPRESENTATION_CONTEXT() REPRESENTATION_CONTEXT('2D SPACE',''
  ) );
#9706 = PCURVE('',#9290,#9707);
#9707 = DEFINITIONAL_REPRESENTATION('',(#9708),#9712);
#9708 = LINE('',#9709,#9710);
#9709 = CARTESIAN_POINT('',(2.257568359375,0.));
#9710 = VECTOR('',#9711,1.);
#9711 = DIRECTION('',(-0.26662016192,0.963801685648));
#9712 = ( GEOMETRIC_REPRESENTATION_CONTEXT(2) 
PARAMETRIC_REPRESENTATION_CONTEXT() REPRESENTATION_CONTEXT('2D SPACE',''
  ) );
#9713 = ORIENTED_EDGE('',*,*,#9714,.T.);
#9714 = EDGE_CURVE('',#9692,#3849,#9715,.T.);
#9715 = SURFACE_CURVE('',#9716,(#9720,#9727),.PCURVE_S1.);
#9716 = LINE('',#9717,#9718);
#9717 = CARTESIAN_POINT('',(34.092041015625,52.793872070313,26.8));
#9718 = VECTOR('',#9719,1.);
#9719 = DIRECTION('',(0.,0.,1.));
#9720 = PCURVE('',#3889,#9721);
#9721 = DEFINITIONAL_REPRESENTATION('',(#9722),#9726);
#9722 = LINE('',#9723,#9724);
#9723 = CARTESIAN_POINT('',(0.,0.));
#9724 = VECTOR('',#9725,1.);
#9725 = DIRECTION('',(0.,-1.));
#9726 = ( GEOMETRIC_REPRESENTATION_CONTEXT(2) 
PARAMETRIC_REPRESENTATION_CONTEXT() REPRESENTATION_CONTEXT('2D SPACE',''
  ) );
#9727 = PCURVE('',#3863,#9728);
#9728 = DEFINITIONAL_REPRESENTATION('',(#9729),#9733);
#9729 = LINE('',#9730,#9731);
#9730 = CARTESIAN_POINT('',(0.319580078125,0.));
#9731 = VECTOR('',#9732,1.);
#9732 = DIRECTION('',(0.,-1.));
#9733 = ( GEOMETRIC_REPRESENTATION_CONTEXT(2) 
PARAMETRIC_REPRESENTATION_CONTEXT() REPRESENTATION_CONTEXT('2D SPACE',''
  ) );
#9734 = ORIENTED_EDGE('',*,*,#3874,.F.);
#9735 = ORIENTED_EDGE('',*,*,#9616,.F.);
#9736 = ADVANCED_FACE('',(#9737),#3591,.F.);
#9737 = FACE_BOUND('',#9738,.F.);
#9738 = EDGE_LOOP('',(#9739,#9762,#9763,#9764));
#9739 = ORIENTED_EDGE('',*,*,#9740,.F.);
#9740 = EDGE_CURVE('',#9643,#9741,#9743,.T.);
#9741 = VERTEX_POINT('',#9742);
#9742 = CARTESIAN_POINT('',(32.817138671875,53.607348632813,26.8));
#9743 = SURFACE_CURVE('',#9744,(#9748,#9755),.PCURVE_S1.);
#9744 = B_SPLINE_CURVE_WITH_KNOTS('',2,(#9745,#9746,#9747),
  .UNSPECIFIED.,.F.,.F.,(3,3),(0.,1.),.PIECEWISE_BEZIER_KNOTS.);
#9745 = CARTESIAN_POINT('',(32.704345703125,53.144213867188,26.8));
#9746 = CARTESIAN_POINT('',(32.800048828125,53.545825195313,26.8));
#9747 = CARTESIAN_POINT('',(32.817138671875,53.607348632813,26.8));
#9748 = PCURVE('',#3591,#9749);
#9749 = DEFINITIONAL_REPRESENTATION('',(#9750),#9754);
#9750 = LINE('',#9751,#9752);
#9751 = CARTESIAN_POINT('',(0.,0.));
#9752 = VECTOR('',#9753,1.);
#9753 = DIRECTION('',(1.,0.));
#9754 = ( GEOMETRIC_REPRESENTATION_CONTEXT(2) 
PARAMETRIC_REPRESENTATION_CONTEXT() REPRESENTATION_CONTEXT('2D SPACE',''
  ) );
#9755 = PCURVE('',#9290,#9756);
#9756 = DEFINITIONAL_REPRESENTATION('',(#9757),#9761);
#9757 = B_SPLINE_CURVE_WITH_KNOTS('',2,(#9758,#9759,#9760),
  .UNSPECIFIED.,.F.,.F.,(3,3),(0.,1.),.PIECEWISE_BEZIER_KNOTS.);
#9758 = CARTESIAN_POINT('',(0.869873046875,0.350341796875));
#9759 = CARTESIAN_POINT('',(0.965576171875,0.751953125));
#9760 = CARTESIAN_POINT('',(0.982666015625,0.8134765625));
#9761 = ( GEOMETRIC_REPRESENTATION_CONTEXT(2) 
PARAMETRIC_REPRESENTATION_CONTEXT() REPRESENTATION_CONTEXT('2D SPACE',''
  ) );
#9762 = ORIENTED_EDGE('',*,*,#9667,.T.);
#9763 = ORIENTED_EDGE('',*,*,#3557,.F.);
#9764 = ORIENTED_EDGE('',*,*,#9765,.F.);
#9765 = EDGE_CURVE('',#9741,#3558,#9766,.T.);
#9766 = SURFACE_CURVE('',#9767,(#9771,#9778),.PCURVE_S1.);
#9767 = LINE('',#9768,#9769);
#9768 = CARTESIAN_POINT('',(32.817138671875,53.607348632813,26.8));
#9769 = VECTOR('',#9770,1.);
#9770 = DIRECTION('',(0.,0.,1.));
#9771 = PCURVE('',#3591,#9772);
#9772 = DEFINITIONAL_REPRESENTATION('',(#9773),#9777);
#9773 = LINE('',#9774,#9775);
#9774 = CARTESIAN_POINT('',(1.,0.));
#9775 = VECTOR('',#9776,1.);
#9776 = DIRECTION('',(0.,-1.));
#9777 = ( GEOMETRIC_REPRESENTATION_CONTEXT(2) 
PARAMETRIC_REPRESENTATION_CONTEXT() REPRESENTATION_CONTEXT('2D SPACE',''
  ) );
#9778 = PCURVE('',#3629,#9779);
#9779 = DEFINITIONAL_REPRESENTATION('',(#9780),#9784);
#9780 = LINE('',#9781,#9782);
#9781 = CARTESIAN_POINT('',(0.,0.));
#9782 = VECTOR('',#9783,1.);
#9783 = DIRECTION('',(0.,-1.));
#9784 = ( GEOMETRIC_REPRESENTATION_CONTEXT(2) 
PARAMETRIC_REPRESENTATION_CONTEXT() REPRESENTATION_CONTEXT('2D SPACE',''
  ) );
#9785 = ADVANCED_FACE('',(#9786),#3863,.F.);
#9786 = FACE_BOUND('',#9787,.F.);
#9787 = EDGE_LOOP('',(#9788,#9811,#9832,#9833));
#9788 = ORIENTED_EDGE('',*,*,#9789,.F.);
#9789 = EDGE_CURVE('',#9790,#9692,#9792,.T.);
#9790 = VERTEX_POINT('',#9791);
#9791 = CARTESIAN_POINT('',(34.41162109375,52.793872070313,26.8));
#9792 = SURFACE_CURVE('',#9793,(#9797,#9804),.PCURVE_S1.);
#9793 = LINE('',#9794,#9795);
#9794 = CARTESIAN_POINT('',(34.41162109375,52.793872070313,26.8));
#9795 = VECTOR('',#9796,1.);
#9796 = DIRECTION('',(-1.,0.,0.));
#9797 = PCURVE('',#3863,#9798);
#9798 = DEFINITIONAL_REPRESENTATION('',(#9799),#9803);
#9799 = LINE('',#9800,#9801);
#9800 = CARTESIAN_POINT('',(0.,-0.));
#9801 = VECTOR('',#9802,1.);
#9802 = DIRECTION('',(1.,0.));
#9803 = ( GEOMETRIC_REPRESENTATION_CONTEXT(2) 
PARAMETRIC_REPRESENTATION_CONTEXT() REPRESENTATION_CONTEXT('2D SPACE',''
  ) );
#9804 = PCURVE('',#9290,#9805);
#9805 = DEFINITIONAL_REPRESENTATION('',(#9806),#9810);
#9806 = LINE('',#9807,#9808);
#9807 = CARTESIAN_POINT('',(2.5771484375,0.));
#9808 = VECTOR('',#9809,1.);
#9809 = DIRECTION('',(-1.,0.));
#9810 = ( GEOMETRIC_REPRESENTATION_CONTEXT(2) 
PARAMETRIC_REPRESENTATION_CONTEXT() REPRESENTATION_CONTEXT('2D SPACE',''
  ) );
#9811 = ORIENTED_EDGE('',*,*,#9812,.T.);
#9812 = EDGE_CURVE('',#9790,#3823,#9813,.T.);
#9813 = SURFACE_CURVE('',#9814,(#9818,#9825),.PCURVE_S1.);
#9814 = LINE('',#9815,#9816);
#9815 = CARTESIAN_POINT('',(34.41162109375,52.793872070313,26.8));
#9816 = VECTOR('',#9817,1.);
#9817 = DIRECTION('',(0.,0.,1.));
#9818 = PCURVE('',#3863,#9819);
#9819 = DEFINITIONAL_REPRESENTATION('',(#9820),#9824);
#9820 = LINE('',#9821,#9822);
#9821 = CARTESIAN_POINT('',(0.,-0.));
#9822 = VECTOR('',#9823,1.);
#9823 = DIRECTION('',(0.,-1.));
#9824 = ( GEOMETRIC_REPRESENTATION_CONTEXT(2) 
PARAMETRIC_REPRESENTATION_CONTEXT() REPRESENTATION_CONTEXT('2D SPACE',''
  ) );
#9825 = PCURVE('',#3837,#9826);
#9826 = DEFINITIONAL_REPRESENTATION('',(#9827),#9831);
#9827 = LINE('',#9828,#9829);
#9828 = CARTESIAN_POINT('',(2.597858621846,0.));
#9829 = VECTOR('',#9830,1.);
#9830 = DIRECTION('',(0.,-1.));
#9831 = ( GEOMETRIC_REPRESENTATION_CONTEXT(2) 
PARAMETRIC_REPRESENTATION_CONTEXT() REPRESENTATION_CONTEXT('2D SPACE',''
  ) );
#9832 = ORIENTED_EDGE('',*,*,#3848,.F.);
#9833 = ORIENTED_EDGE('',*,*,#9714,.F.);
#9834 = ADVANCED_FACE('',(#9835),#3629,.F.);
#9835 = FACE_BOUND('',#9836,.F.);
#9836 = EDGE_LOOP('',(#9837,#9860,#9861,#9862));
#9837 = ORIENTED_EDGE('',*,*,#9838,.F.);
#9838 = EDGE_CURVE('',#9741,#9839,#9841,.T.);
#9839 = VERTEX_POINT('',#9840);
#9840 = CARTESIAN_POINT('',(33.2939453125,55.299243164063,26.8));
#9841 = SURFACE_CURVE('',#9842,(#9846,#9853),.PCURVE_S1.);
#9842 = LINE('',#9843,#9844);
#9843 = CARTESIAN_POINT('',(32.817138671875,53.607348632813,26.8));
#9844 = VECTOR('',#9845,1.);
#9845 = DIRECTION('',(0.271252331085,0.962508271591,0.));
#9846 = PCURVE('',#3629,#9847);
#9847 = DEFINITIONAL_REPRESENTATION('',(#9848),#9852);
#9848 = LINE('',#9849,#9850);
#9849 = CARTESIAN_POINT('',(0.,0.));
#9850 = VECTOR('',#9851,1.);
#9851 = DIRECTION('',(1.,0.));
#9852 = ( GEOMETRIC_REPRESENTATION_CONTEXT(2) 
PARAMETRIC_REPRESENTATION_CONTEXT() REPRESENTATION_CONTEXT('2D SPACE',''
  ) );
#9853 = PCURVE('',#9290,#9854);
#9854 = DEFINITIONAL_REPRESENTATION('',(#9855),#9859);
#9855 = LINE('',#9856,#9857);
#9856 = CARTESIAN_POINT('',(0.982666015625,0.8134765625));
#9857 = VECTOR('',#9858,1.);
#9858 = DIRECTION('',(0.271252331085,0.962508271591));
#9859 = ( GEOMETRIC_REPRESENTATION_CONTEXT(2) 
PARAMETRIC_REPRESENTATION_CONTEXT() REPRESENTATION_CONTEXT('2D SPACE',''
  ) );
#9860 = ORIENTED_EDGE('',*,*,#9765,.T.);
#9861 = ORIENTED_EDGE('',*,*,#3614,.F.);
#9862 = ORIENTED_EDGE('',*,*,#9863,.F.);
#9863 = EDGE_CURVE('',#9839,#3615,#9864,.T.);
#9864 = SURFACE_CURVE('',#9865,(#9869,#9876),.PCURVE_S1.);
#9865 = LINE('',#9866,#9867);
#9866 = CARTESIAN_POINT('',(33.2939453125,55.299243164063,26.8));
#9867 = VECTOR('',#9868,1.);
#9868 = DIRECTION('',(0.,0.,1.));
#9869 = PCURVE('',#3629,#9870);
#9870 = DEFINITIONAL_REPRESENTATION('',(#9871),#9875);
#9871 = LINE('',#9872,#9873);
#9872 = CARTESIAN_POINT('',(1.757797393734,0.));
#9873 = VECTOR('',#9874,1.);
#9874 = DIRECTION('',(0.,-1.));
#9875 = ( GEOMETRIC_REPRESENTATION_CONTEXT(2) 
PARAMETRIC_REPRESENTATION_CONTEXT() REPRESENTATION_CONTEXT('2D SPACE',''
  ) );
#9876 = PCURVE('',#3655,#9877);
#9877 = DEFINITIONAL_REPRESENTATION('',(#9878),#9882);
#9878 = LINE('',#9879,#9880);
#9879 = CARTESIAN_POINT('',(0.,0.));
#9880 = VECTOR('',#9881,1.);
#9881 = DIRECTION('',(0.,-1.));
#9882 = ( GEOMETRIC_REPRESENTATION_CONTEXT(2) 
PARAMETRIC_REPRESENTATION_CONTEXT() REPRESENTATION_CONTEXT('2D SPACE',''
  ) );
#9883 = ADVANCED_FACE('',(#9884),#3837,.F.);
#9884 = FACE_BOUND('',#9885,.F.);
#9885 = EDGE_LOOP('',(#9886,#9909,#9930,#9931));
#9886 = ORIENTED_EDGE('',*,*,#9887,.F.);
#9887 = EDGE_CURVE('',#9888,#9790,#9890,.T.);
#9888 = VERTEX_POINT('',#9889);
#9889 = CARTESIAN_POINT('',(35.0986328125,55.299243164063,26.8));
#9890 = SURFACE_CURVE('',#9891,(#9895,#9902),.PCURVE_S1.);
#9891 = LINE('',#9892,#9893);
#9892 = CARTESIAN_POINT('',(35.0986328125,55.299243164063,26.8));
#9893 = VECTOR('',#9894,1.);
#9894 = DIRECTION('',(-0.264453081847,-0.964398552208,0.));
#9895 = PCURVE('',#3837,#9896);
#9896 = DEFINITIONAL_REPRESENTATION('',(#9897),#9901);
#9897 = LINE('',#9898,#9899);
#9898 = CARTESIAN_POINT('',(0.,0.));
#9899 = VECTOR('',#9900,1.);
#9900 = DIRECTION('',(1.,0.));
#9901 = ( GEOMETRIC_REPRESENTATION_CONTEXT(2) 
PARAMETRIC_REPRESENTATION_CONTEXT() REPRESENTATION_CONTEXT('2D SPACE',''
  ) );
#9902 = PCURVE('',#9290,#9903);
#9903 = DEFINITIONAL_REPRESENTATION('',(#9904),#9908);
#9904 = LINE('',#9905,#9906);
#9905 = CARTESIAN_POINT('',(3.26416015625,2.50537109375));
#9906 = VECTOR('',#9907,1.);
#9907 = DIRECTION('',(-0.264453081847,-0.964398552208));
#9908 = ( GEOMETRIC_REPRESENTATION_CONTEXT(2) 
PARAMETRIC_REPRESENTATION_CONTEXT() REPRESENTATION_CONTEXT('2D SPACE',''
  ) );
#9909 = ORIENTED_EDGE('',*,*,#9910,.T.);
#9910 = EDGE_CURVE('',#9888,#3797,#9911,.T.);
#9911 = SURFACE_CURVE('',#9912,(#9916,#9923),.PCURVE_S1.);
#9912 = LINE('',#9913,#9914);
#9913 = CARTESIAN_POINT('',(35.0986328125,55.299243164063,26.8));
#9914 = VECTOR('',#9915,1.);
#9915 = DIRECTION('',(0.,0.,1.));
#9916 = PCURVE('',#3837,#9917);
#9917 = DEFINITIONAL_REPRESENTATION('',(#9918),#9922);
#9918 = LINE('',#9919,#9920);
#9919 = CARTESIAN_POINT('',(0.,0.));
#9920 = VECTOR('',#9921,1.);
#9921 = DIRECTION('',(0.,-1.));
#9922 = ( GEOMETRIC_REPRESENTATION_CONTEXT(2) 
PARAMETRIC_REPRESENTATION_CONTEXT() REPRESENTATION_CONTEXT('2D SPACE',''
  ) );
#9923 = PCURVE('',#3811,#9924);
#9924 = DEFINITIONAL_REPRESENTATION('',(#9925),#9929);
#9925 = LINE('',#9926,#9927);
#9926 = CARTESIAN_POINT('',(0.333251953125,0.));
#9927 = VECTOR('',#9928,1.);
#9928 = DIRECTION('',(0.,-1.));
#9929 = ( GEOMETRIC_REPRESENTATION_CONTEXT(2) 
PARAMETRIC_REPRESENTATION_CONTEXT() REPRESENTATION_CONTEXT('2D SPACE',''
  ) );
#9930 = ORIENTED_EDGE('',*,*,#3822,.F.);
#9931 = ORIENTED_EDGE('',*,*,#9812,.F.);
#9932 = ADVANCED_FACE('',(#9933),#3655,.F.);
#9933 = FACE_BOUND('',#9934,.F.);
#9934 = EDGE_LOOP('',(#9935,#9958,#9959,#9960));
#9935 = ORIENTED_EDGE('',*,*,#9936,.F.);
#9936 = EDGE_CURVE('',#9839,#9937,#9939,.T.);
#9937 = VERTEX_POINT('',#9938);
#9938 = CARTESIAN_POINT('',(33.69384765625,55.299243164063,26.8));
#9939 = SURFACE_CURVE('',#9940,(#9944,#9951),.PCURVE_S1.);
#9940 = LINE('',#9941,#9942);
#9941 = CARTESIAN_POINT('',(33.2939453125,55.299243164063,26.8));
#9942 = VECTOR('',#9943,1.);
#9943 = DIRECTION('',(1.,0.,0.));
#9944 = PCURVE('',#3655,#9945);
#9945 = DEFINITIONAL_REPRESENTATION('',(#9946),#9950);
#9946 = LINE('',#9947,#9948);
#9947 = CARTESIAN_POINT('',(0.,0.));
#9948 = VECTOR('',#9949,1.);
#9949 = DIRECTION('',(1.,0.));
#9950 = ( GEOMETRIC_REPRESENTATION_CONTEXT(2) 
PARAMETRIC_REPRESENTATION_CONTEXT() REPRESENTATION_CONTEXT('2D SPACE',''
  ) );
#9951 = PCURVE('',#9290,#9952);
#9952 = DEFINITIONAL_REPRESENTATION('',(#9953),#9957);
#9953 = LINE('',#9954,#9955);
#9954 = CARTESIAN_POINT('',(1.45947265625,2.50537109375));
#9955 = VECTOR('',#9956,1.);
#9956 = DIRECTION('',(1.,0.));
#9957 = ( GEOMETRIC_REPRESENTATION_CONTEXT(2) 
PARAMETRIC_REPRESENTATION_CONTEXT() REPRESENTATION_CONTEXT('2D SPACE',''
  ) );
#9958 = ORIENTED_EDGE('',*,*,#9863,.T.);
#9959 = ORIENTED_EDGE('',*,*,#3640,.F.);
#9960 = ORIENTED_EDGE('',*,*,#9961,.F.);
#9961 = EDGE_CURVE('',#9937,#3641,#9962,.T.);
#9962 = SURFACE_CURVE('',#9963,(#9967,#9974),.PCURVE_S1.);
#9963 = LINE('',#9964,#9965);
#9964 = CARTESIAN_POINT('',(33.69384765625,55.299243164063,26.8));
#9965 = VECTOR('',#9966,1.);
#9966 = DIRECTION('',(0.,0.,1.));
#9967 = PCURVE('',#3655,#9968);
#9968 = DEFINITIONAL_REPRESENTATION('',(#9969),#9973);
#9969 = LINE('',#9970,#9971);
#9970 = CARTESIAN_POINT('',(0.39990234375,0.));
#9971 = VECTOR('',#9972,1.);
#9972 = DIRECTION('',(0.,-1.));
#9973 = ( GEOMETRIC_REPRESENTATION_CONTEXT(2) 
PARAMETRIC_REPRESENTATION_CONTEXT() REPRESENTATION_CONTEXT('2D SPACE',''
  ) );
#9974 = PCURVE('',#3681,#9975);
#9975 = DEFINITIONAL_REPRESENTATION('',(#9976),#9980);
#9976 = LINE('',#9977,#9978);
#9977 = CARTESIAN_POINT('',(0.,0.));
#9978 = VECTOR('',#9979,1.);
#9979 = DIRECTION('',(0.,-1.));
#9980 = ( GEOMETRIC_REPRESENTATION_CONTEXT(2) 
PARAMETRIC_REPRESENTATION_CONTEXT() REPRESENTATION_CONTEXT('2D SPACE',''
  ) );
#9981 = ADVANCED_FACE('',(#9982),#3811,.F.);
#9982 = FACE_BOUND('',#9983,.F.);
#9983 = EDGE_LOOP('',(#9984,#10007,#10028,#10029));
#9984 = ORIENTED_EDGE('',*,*,#9985,.F.);
#9985 = EDGE_CURVE('',#9986,#9888,#9988,.T.);
#9986 = VERTEX_POINT('',#9987);
#9987 = CARTESIAN_POINT('',(34.765380859375,55.299243164063,26.8));
#9988 = SURFACE_CURVE('',#9989,(#9993,#10000),.PCURVE_S1.);
#9989 = LINE('',#9990,#9991);
#9990 = CARTESIAN_POINT('',(34.765380859375,55.299243164063,26.8));
#9991 = VECTOR('',#9992,1.);
#9992 = DIRECTION('',(1.,0.,0.));
#9993 = PCURVE('',#3811,#9994);
#9994 = DEFINITIONAL_REPRESENTATION('',(#9995),#9999);
#9995 = LINE('',#9996,#9997);
#9996 = CARTESIAN_POINT('',(0.,0.));
#9997 = VECTOR('',#9998,1.);
#9998 = DIRECTION('',(1.,0.));
#9999 = ( GEOMETRIC_REPRESENTATION_CONTEXT(2) 
PARAMETRIC_REPRESENTATION_CONTEXT() REPRESENTATION_CONTEXT('2D SPACE',''
  ) );
#10000 = PCURVE('',#9290,#10001);
#10001 = DEFINITIONAL_REPRESENTATION('',(#10002),#10006);
#10002 = LINE('',#10003,#10004);
#10003 = CARTESIAN_POINT('',(2.930908203125,2.50537109375));
#10004 = VECTOR('',#10005,1.);
#10005 = DIRECTION('',(1.,0.));
#10006 = ( GEOMETRIC_REPRESENTATION_CONTEXT(2) 
PARAMETRIC_REPRESENTATION_CONTEXT() REPRESENTATION_CONTEXT('2D SPACE',''
  ) );
#10007 = ORIENTED_EDGE('',*,*,#10008,.T.);
#10008 = EDGE_CURVE('',#9986,#3771,#10009,.T.);
#10009 = SURFACE_CURVE('',#10010,(#10014,#10021),.PCURVE_S1.);
#10010 = LINE('',#10011,#10012);
#10011 = CARTESIAN_POINT('',(34.765380859375,55.299243164063,26.8));
#10012 = VECTOR('',#10013,1.);
#10013 = DIRECTION('',(0.,0.,1.));
#10014 = PCURVE('',#3811,#10015);
#10015 = DEFINITIONAL_REPRESENTATION('',(#10016),#10020);
#10016 = LINE('',#10017,#10018);
#10017 = CARTESIAN_POINT('',(0.,0.));
#10018 = VECTOR('',#10019,1.);
#10019 = DIRECTION('',(0.,-1.));
#10020 = ( GEOMETRIC_REPRESENTATION_CONTEXT(2) 
PARAMETRIC_REPRESENTATION_CONTEXT() REPRESENTATION_CONTEXT('2D SPACE',''
  ) );
#10021 = PCURVE('',#3785,#10022);
#10022 = DEFINITIONAL_REPRESENTATION('',(#10023),#10027);
#10023 = LINE('',#10024,#10025);
#10024 = CARTESIAN_POINT('',(1.65715448406,0.));
#10025 = VECTOR('',#10026,1.);
#10026 = DIRECTION('',(0.,-1.));
#10027 = ( GEOMETRIC_REPRESENTATION_CONTEXT(2) 
PARAMETRIC_REPRESENTATION_CONTEXT() REPRESENTATION_CONTEXT('2D SPACE',''
  ) );
#10028 = ORIENTED_EDGE('',*,*,#3796,.F.);
#10029 = ORIENTED_EDGE('',*,*,#9910,.F.);
#10030 = ADVANCED_FACE('',(#10031),#3681,.F.);
#10031 = FACE_BOUND('',#10032,.F.);
#10032 = EDGE_LOOP('',(#10033,#10056,#10057,#10058));
#10033 = ORIENTED_EDGE('',*,*,#10034,.F.);
#10034 = EDGE_CURVE('',#9937,#10035,#10037,.T.);
#10035 = VERTEX_POINT('',#10036);
#10036 = CARTESIAN_POINT('',(34.052734375,54.031176757813,26.8));
#10037 = SURFACE_CURVE('',#10038,(#10042,#10049),.PCURVE_S1.);
#10038 = LINE('',#10039,#10040);
#10039 = CARTESIAN_POINT('',(33.69384765625,55.299243164063,26.8));
#10040 = VECTOR('',#10041,1.);
#10041 = DIRECTION('',(0.272322465799,-0.962206045824,0.));
#10042 = PCURVE('',#3681,#10043);
#10043 = DEFINITIONAL_REPRESENTATION('',(#10044),#10048);
#10044 = LINE('',#10045,#10046);
#10045 = CARTESIAN_POINT('',(0.,0.));
#10046 = VECTOR('',#10047,1.);
#10047 = DIRECTION('',(1.,0.));
#10048 = ( GEOMETRIC_REPRESENTATION_CONTEXT(2) 
PARAMETRIC_REPRESENTATION_CONTEXT() REPRESENTATION_CONTEXT('2D SPACE',''
  ) );
#10049 = PCURVE('',#9290,#10050);
#10050 = DEFINITIONAL_REPRESENTATION('',(#10051),#10055);
#10051 = LINE('',#10052,#10053);
#10052 = CARTESIAN_POINT('',(1.859375,2.50537109375));
#10053 = VECTOR('',#10054,1.);
#10054 = DIRECTION('',(0.272322465799,-0.962206045824));
#10055 = ( GEOMETRIC_REPRESENTATION_CONTEXT(2) 
PARAMETRIC_REPRESENTATION_CONTEXT() REPRESENTATION_CONTEXT('2D SPACE',''
  ) );
#10056 = ORIENTED_EDGE('',*,*,#9961,.T.);
#10057 = ORIENTED_EDGE('',*,*,#3666,.F.);
#10058 = ORIENTED_EDGE('',*,*,#10059,.F.);
#10059 = EDGE_CURVE('',#10035,#3667,#10060,.T.);
#10060 = SURFACE_CURVE('',#10061,(#10065,#10072),.PCURVE_S1.);
#10061 = LINE('',#10062,#10063);
#10062 = CARTESIAN_POINT('',(34.052734375,54.031176757813,26.8));
#10063 = VECTOR('',#10064,1.);
#10064 = DIRECTION('',(0.,0.,1.));
#10065 = PCURVE('',#3681,#10066);
#10066 = DEFINITIONAL_REPRESENTATION('',(#10067),#10071);
#10067 = LINE('',#10068,#10069);
#10068 = CARTESIAN_POINT('',(1.317874078793,0.));
#10069 = VECTOR('',#10070,1.);
#10070 = DIRECTION('',(0.,-1.));
#10071 = ( GEOMETRIC_REPRESENTATION_CONTEXT(2) 
PARAMETRIC_REPRESENTATION_CONTEXT() REPRESENTATION_CONTEXT('2D SPACE',''
  ) );
#10072 = PCURVE('',#3714,#10073);
#10073 = DEFINITIONAL_REPRESENTATION('',(#10074),#10078);
#10074 = LINE('',#10075,#10076);
#10075 = CARTESIAN_POINT('',(0.,0.));
#10076 = VECTOR('',#10077,1.);
#10077 = DIRECTION('',(0.,-1.));
#10078 = ( GEOMETRIC_REPRESENTATION_CONTEXT(2) 
PARAMETRIC_REPRESENTATION_CONTEXT() REPRESENTATION_CONTEXT('2D SPACE',''
  ) );
#10079 = ADVANCED_FACE('',(#10080),#3785,.F.);
#10080 = FACE_BOUND('',#10081,.F.);
#10081 = EDGE_LOOP('',(#10082,#10105,#10126,#10127));
#10082 = ORIENTED_EDGE('',*,*,#10083,.F.);
#10083 = EDGE_CURVE('',#10084,#9986,#10086,.T.);
#10084 = VERTEX_POINT('',#10085);
#10085 = CARTESIAN_POINT('',(34.372314453125,53.689379882813,26.8));
#10086 = SURFACE_CURVE('',#10087,(#10091,#10098),.PCURVE_S1.);
#10087 = LINE('',#10088,#10089);
#10088 = CARTESIAN_POINT('',(34.372314453125,53.689379882813,26.8));
#10089 = VECTOR('',#10090,1.);
#10090 = DIRECTION('',(0.237193580943,0.971462405428,0.));
#10091 = PCURVE('',#3785,#10092);
#10092 = DEFINITIONAL_REPRESENTATION('',(#10093),#10097);
#10093 = LINE('',#10094,#10095);
#10094 = CARTESIAN_POINT('',(0.,0.));
#10095 = VECTOR('',#10096,1.);
#10096 = DIRECTION('',(1.,0.));
#10097 = ( GEOMETRIC_REPRESENTATION_CONTEXT(2) 
PARAMETRIC_REPRESENTATION_CONTEXT() REPRESENTATION_CONTEXT('2D SPACE',''
  ) );
#10098 = PCURVE('',#9290,#10099);
#10099 = DEFINITIONAL_REPRESENTATION('',(#10100),#10104);
#10100 = LINE('',#10101,#10102);
#10101 = CARTESIAN_POINT('',(2.537841796875,0.8955078125));
#10102 = VECTOR('',#10103,1.);
#10103 = DIRECTION('',(0.237193580943,0.971462405428));
#10104 = ( GEOMETRIC_REPRESENTATION_CONTEXT(2) 
PARAMETRIC_REPRESENTATION_CONTEXT() REPRESENTATION_CONTEXT('2D SPACE',''
  ) );
#10105 = ORIENTED_EDGE('',*,*,#10106,.T.);
#10106 = EDGE_CURVE('',#10084,#3732,#10107,.T.);
#10107 = SURFACE_CURVE('',#10108,(#10112,#10119),.PCURVE_S1.);
#10108 = LINE('',#10109,#10110);
#10109 = CARTESIAN_POINT('',(34.372314453125,53.689379882813,26.8));
#10110 = VECTOR('',#10111,1.);
#10111 = DIRECTION('',(0.,0.,1.));
#10112 = PCURVE('',#3785,#10113);
#10113 = DEFINITIONAL_REPRESENTATION('',(#10114),#10118);
#10114 = LINE('',#10115,#10116);
#10115 = CARTESIAN_POINT('',(0.,0.));
#10116 = VECTOR('',#10117,1.);
#10117 = DIRECTION('',(0.,-1.));
#10118 = ( GEOMETRIC_REPRESENTATION_CONTEXT(2) 
PARAMETRIC_REPRESENTATION_CONTEXT() REPRESENTATION_CONTEXT('2D SPACE',''
  ) );
#10119 = PCURVE('',#3753,#10120);
#10120 = DEFINITIONAL_REPRESENTATION('',(#10121),#10125);
#10121 = LINE('',#10122,#10123);
#10122 = CARTESIAN_POINT('',(1.,0.));
#10123 = VECTOR('',#10124,1.);
#10124 = DIRECTION('',(0.,-1.));
#10125 = ( GEOMETRIC_REPRESENTATION_CONTEXT(2) 
PARAMETRIC_REPRESENTATION_CONTEXT() REPRESENTATION_CONTEXT('2D SPACE',''
  ) );
#10126 = ORIENTED_EDGE('',*,*,#3770,.F.);
#10127 = ORIENTED_EDGE('',*,*,#10008,.F.);
#10128 = ADVANCED_FACE('',(#10129),#3714,.F.);
#10129 = FACE_BOUND('',#10130,.F.);
#10130 = EDGE_LOOP('',(#10131,#10154,#10155,#10156));
#10131 = ORIENTED_EDGE('',*,*,#10132,.F.);
#10132 = EDGE_CURVE('',#10035,#10133,#10135,.T.);
#10133 = VERTEX_POINT('',#10134);
#10134 = CARTESIAN_POINT('',(34.24755859375,53.144213867188,26.8));
#10135 = SURFACE_CURVE('',#10136,(#10140,#10147),.PCURVE_S1.);
#10136 = B_SPLINE_CURVE_WITH_KNOTS('',2,(#10137,#10138,#10139),
  .UNSPECIFIED.,.F.,.F.,(3,3),(0.,1.),.PIECEWISE_BEZIER_KNOTS.);
#10137 = CARTESIAN_POINT('',(34.052734375,54.031176757813,26.8));
#10138 = CARTESIAN_POINT('',(34.187744140625,53.559497070313,26.8));
#10139 = CARTESIAN_POINT('',(34.24755859375,53.144213867188,26.8));
#10140 = PCURVE('',#3714,#10141);
#10141 = DEFINITIONAL_REPRESENTATION('',(#10142),#10146);
#10142 = LINE('',#10143,#10144);
#10143 = CARTESIAN_POINT('',(0.,0.));
#10144 = VECTOR('',#10145,1.);
#10145 = DIRECTION('',(1.,0.));
#10146 = ( GEOMETRIC_REPRESENTATION_CONTEXT(2) 
PARAMETRIC_REPRESENTATION_CONTEXT() REPRESENTATION_CONTEXT('2D SPACE',''
  ) );
#10147 = PCURVE('',#9290,#10148);
#10148 = DEFINITIONAL_REPRESENTATION('',(#10149),#10153);
#10149 = B_SPLINE_CURVE_WITH_KNOTS('',2,(#10150,#10151,#10152),
  .UNSPECIFIED.,.F.,.F.,(3,3),(0.,1.),.PIECEWISE_BEZIER_KNOTS.);
#10150 = CARTESIAN_POINT('',(2.21826171875,1.2373046875));
#10151 = CARTESIAN_POINT('',(2.353271484375,0.765625));
#10152 = CARTESIAN_POINT('',(2.4130859375,0.350341796875));
#10153 = ( GEOMETRIC_REPRESENTATION_CONTEXT(2) 
PARAMETRIC_REPRESENTATION_CONTEXT() REPRESENTATION_CONTEXT('2D SPACE',''
  ) );
#10154 = ORIENTED_EDGE('',*,*,#10059,.T.);
#10155 = ORIENTED_EDGE('',*,*,#3692,.F.);
#10156 = ORIENTED_EDGE('',*,*,#10157,.F.);
#10157 = EDGE_CURVE('',#10133,#3693,#10158,.T.);
#10158 = SURFACE_CURVE('',#10159,(#10163,#10170),.PCURVE_S1.);
#10159 = LINE('',#10160,#10161);
#10160 = CARTESIAN_POINT('',(34.24755859375,53.144213867188,26.8));
#10161 = VECTOR('',#10162,1.);
#10162 = DIRECTION('',(0.,0.,1.));
#10163 = PCURVE('',#3714,#10164);
#10164 = DEFINITIONAL_REPRESENTATION('',(#10165),#10169);
#10165 = LINE('',#10166,#10167);
#10166 = CARTESIAN_POINT('',(1.,0.));
#10167 = VECTOR('',#10168,1.);
#10168 = DIRECTION('',(0.,-1.));
#10169 = ( GEOMETRIC_REPRESENTATION_CONTEXT(2) 
PARAMETRIC_REPRESENTATION_CONTEXT() REPRESENTATION_CONTEXT('2D SPACE',''
  ) );
#10170 = PCURVE('',#3753,#10171);
#10171 = DEFINITIONAL_REPRESENTATION('',(#10172),#10176);
#10172 = LINE('',#10173,#10174);
#10173 = CARTESIAN_POINT('',(0.,0.));
#10174 = VECTOR('',#10175,1.);
#10175 = DIRECTION('',(0.,-1.));
#10176 = ( GEOMETRIC_REPRESENTATION_CONTEXT(2) 
PARAMETRIC_REPRESENTATION_CONTEXT() REPRESENTATION_CONTEXT('2D SPACE',''
  ) );
#10177 = ADVANCED_FACE('',(#10178),#3753,.F.);
#10178 = FACE_BOUND('',#10179,.F.);
#10179 = EDGE_LOOP('',(#10180,#10201,#10202,#10203));
#10180 = ORIENTED_EDGE('',*,*,#10181,.F.);
#10181 = EDGE_CURVE('',#10133,#10084,#10182,.T.);
#10182 = SURFACE_CURVE('',#10183,(#10187,#10194),.PCURVE_S1.);
#10183 = B_SPLINE_CURVE_WITH_KNOTS('',2,(#10184,#10185,#10186),
  .UNSPECIFIED.,.F.,.F.,(3,3),(0.,1.),.PIECEWISE_BEZIER_KNOTS.);
#10184 = CARTESIAN_POINT('',(34.24755859375,53.144213867188,26.8));
#10185 = CARTESIAN_POINT('',(34.29541015625,53.381762695313,26.8));
#10186 = CARTESIAN_POINT('',(34.372314453125,53.689379882813,26.8));
#10187 = PCURVE('',#3753,#10188);
#10188 = DEFINITIONAL_REPRESENTATION('',(#10189),#10193);
#10189 = LINE('',#10190,#10191);
#10190 = CARTESIAN_POINT('',(0.,0.));
#10191 = VECTOR('',#10192,1.);
#10192 = DIRECTION('',(1.,0.));
#10193 = ( GEOMETRIC_REPRESENTATION_CONTEXT(2) 
PARAMETRIC_REPRESENTATION_CONTEXT() REPRESENTATION_CONTEXT('2D SPACE',''
  ) );
#10194 = PCURVE('',#9290,#10195);
#10195 = DEFINITIONAL_REPRESENTATION('',(#10196),#10200);
#10196 = B_SPLINE_CURVE_WITH_KNOTS('',2,(#10197,#10198,#10199),
  .UNSPECIFIED.,.F.,.F.,(3,3),(0.,1.),.PIECEWISE_BEZIER_KNOTS.);
#10197 = CARTESIAN_POINT('',(2.4130859375,0.350341796875));
#10198 = CARTESIAN_POINT('',(2.4609375,0.587890625));
#10199 = CARTESIAN_POINT('',(2.537841796875,0.8955078125));
#10200 = ( GEOMETRIC_REPRESENTATION_CONTEXT(2) 
PARAMETRIC_REPRESENTATION_CONTEXT() REPRESENTATION_CONTEXT('2D SPACE',''
  ) );
#10201 = ORIENTED_EDGE('',*,*,#10157,.T.);
#10202 = ORIENTED_EDGE('',*,*,#3731,.F.);
#10203 = ORIENTED_EDGE('',*,*,#10106,.F.);
#10204 = ADVANCED_FACE('',(#10205),#4024,.F.);
#10205 = FACE_BOUND('',#10206,.F.);
#10206 = EDGE_LOOP('',(#10207,#10237,#10258,#10259));
#10207 = ORIENTED_EDGE('',*,*,#10208,.F.);
#10208 = EDGE_CURVE('',#10209,#10211,#10213,.T.);
#10209 = VERTEX_POINT('',#10210);
#10210 = CARTESIAN_POINT('',(35.74462890625,52.793872070313,26.8));
#10211 = VERTEX_POINT('',#10212);
#10212 = CARTESIAN_POINT('',(35.4130859375,52.793872070313,26.8));
#10213 = SURFACE_CURVE('',#10214,(#10218,#10225),.PCURVE_S1.);
#10214 = LINE('',#10215,#10216);
#10215 = CARTESIAN_POINT('',(35.74462890625,52.793872070313,26.8));
#10216 = VECTOR('',#10217,1.);
#10217 = DIRECTION('',(-1.,0.,0.));
#10218 = PCURVE('',#4024,#10219);
#10219 = DEFINITIONAL_REPRESENTATION('',(#10220),#10224);
#10220 = LINE('',#10221,#10222);
#10221 = CARTESIAN_POINT('',(0.,-0.));
#10222 = VECTOR('',#10223,1.);
#10223 = DIRECTION('',(1.,0.));
#10224 = ( GEOMETRIC_REPRESENTATION_CONTEXT(2) 
PARAMETRIC_REPRESENTATION_CONTEXT() REPRESENTATION_CONTEXT('2D SPACE',''
  ) );
#10225 = PCURVE('',#10226,#10231);
#10226 = PLANE('',#10227);
#10227 = AXIS2_PLACEMENT_3D('',#10228,#10229,#10230);
#10228 = CARTESIAN_POINT('',(35.137939453125,52.793872070313,26.8));
#10229 = DIRECTION('',(0.,0.,1.));
#10230 = DIRECTION('',(1.,0.,0.));
#10231 = DEFINITIONAL_REPRESENTATION('',(#10232),#10236);
#10232 = LINE('',#10233,#10234);
#10233 = CARTESIAN_POINT('',(0.606689453125,0.));
#10234 = VECTOR('',#10235,1.);
#10235 = DIRECTION('',(-1.,0.));
#10236 = ( GEOMETRIC_REPRESENTATION_CONTEXT(2) 
PARAMETRIC_REPRESENTATION_CONTEXT() REPRESENTATION_CONTEXT('2D SPACE',''
  ) );
#10237 = ORIENTED_EDGE('',*,*,#10238,.T.);
#10238 = EDGE_CURVE('',#10209,#4010,#10239,.T.);
#10239 = SURFACE_CURVE('',#10240,(#10244,#10251),.PCURVE_S1.);
#10240 = LINE('',#10241,#10242);
#10241 = CARTESIAN_POINT('',(35.74462890625,52.793872070313,26.8));
#10242 = VECTOR('',#10243,1.);
#10243 = DIRECTION('',(0.,0.,1.));
#10244 = PCURVE('',#4024,#10245);
#10245 = DEFINITIONAL_REPRESENTATION('',(#10246),#10250);
#10246 = LINE('',#10247,#10248);
#10247 = CARTESIAN_POINT('',(0.,-0.));
#10248 = VECTOR('',#10249,1.);
#10249 = DIRECTION('',(0.,-1.));
#10250 = ( GEOMETRIC_REPRESENTATION_CONTEXT(2) 
PARAMETRIC_REPRESENTATION_CONTEXT() REPRESENTATION_CONTEXT('2D SPACE',''
  ) );
#10251 = PCURVE('',#4675,#10252);
#10252 = DEFINITIONAL_REPRESENTATION('',(#10253),#10257);
#10253 = LINE('',#10254,#10255);
#10254 = CARTESIAN_POINT('',(1.112548828125,0.));
#10255 = VECTOR('',#10256,1.);
#10256 = DIRECTION('',(0.,-1.));
#10257 = ( GEOMETRIC_REPRESENTATION_CONTEXT(2) 
PARAMETRIC_REPRESENTATION_CONTEXT() REPRESENTATION_CONTEXT('2D SPACE',''
  ) );
#10258 = ORIENTED_EDGE('',*,*,#4007,.F.);
#10259 = ORIENTED_EDGE('',*,*,#10260,.F.);
#10260 = EDGE_CURVE('',#10211,#4008,#10261,.T.);
#10261 = SURFACE_CURVE('',#10262,(#10266,#10273),.PCURVE_S1.);
#10262 = LINE('',#10263,#10264);
#10263 = CARTESIAN_POINT('',(35.4130859375,52.793872070313,26.8));
#10264 = VECTOR('',#10265,1.);
#10265 = DIRECTION('',(0.,0.,1.));
#10266 = PCURVE('',#4024,#10267);
#10267 = DEFINITIONAL_REPRESENTATION('',(#10268),#10272);
#10268 = LINE('',#10269,#10270);
#10269 = CARTESIAN_POINT('',(0.33154296875,0.));
#10270 = VECTOR('',#10271,1.);
#10271 = DIRECTION('',(0.,-1.));
#10272 = ( GEOMETRIC_REPRESENTATION_CONTEXT(2) 
PARAMETRIC_REPRESENTATION_CONTEXT() REPRESENTATION_CONTEXT('2D SPACE',''
  ) );
#10273 = PCURVE('',#4050,#10274);
#10274 = DEFINITIONAL_REPRESENTATION('',(#10275),#10279);
#10275 = LINE('',#10276,#10277);
#10276 = CARTESIAN_POINT('',(0.,0.));
#10277 = VECTOR('',#10278,1.);
#10278 = DIRECTION('',(0.,-1.));
#10279 = ( GEOMETRIC_REPRESENTATION_CONTEXT(2) 
PARAMETRIC_REPRESENTATION_CONTEXT() REPRESENTATION_CONTEXT('2D SPACE',''
  ) );
#10280 = ADVANCED_FACE('',(#10281),#4050,.F.);
#10281 = FACE_BOUND('',#10282,.F.);
#10282 = EDGE_LOOP('',(#10283,#10306,#10307,#10308));
#10283 = ORIENTED_EDGE('',*,*,#10284,.F.);
#10284 = EDGE_CURVE('',#10211,#10285,#10287,.T.);
#10285 = VERTEX_POINT('',#10286);
#10286 = CARTESIAN_POINT('',(35.4130859375,55.299243164063,26.8));
#10287 = SURFACE_CURVE('',#10288,(#10292,#10299),.PCURVE_S1.);
#10288 = LINE('',#10289,#10290);
#10289 = CARTESIAN_POINT('',(35.4130859375,52.793872070313,26.8));
#10290 = VECTOR('',#10291,1.);
#10291 = DIRECTION('',(0.,1.,0.));
#10292 = PCURVE('',#4050,#10293);
#10293 = DEFINITIONAL_REPRESENTATION('',(#10294),#10298);
#10294 = LINE('',#10295,#10296);
#10295 = CARTESIAN_POINT('',(0.,0.));
#10296 = VECTOR('',#10297,1.);
#10297 = DIRECTION('',(1.,0.));
#10298 = ( GEOMETRIC_REPRESENTATION_CONTEXT(2) 
PARAMETRIC_REPRESENTATION_CONTEXT() REPRESENTATION_CONTEXT('2D SPACE',''
  ) );
#10299 = PCURVE('',#10226,#10300);
#10300 = DEFINITIONAL_REPRESENTATION('',(#10301),#10305);
#10301 = LINE('',#10302,#10303);
#10302 = CARTESIAN_POINT('',(0.275146484375,0.));
#10303 = VECTOR('',#10304,1.);
#10304 = DIRECTION('',(0.,1.));
#10305 = ( GEOMETRIC_REPRESENTATION_CONTEXT(2) 
PARAMETRIC_REPRESENTATION_CONTEXT() REPRESENTATION_CONTEXT('2D SPACE',''
  ) );
#10306 = ORIENTED_EDGE('',*,*,#10260,.T.);
#10307 = ORIENTED_EDGE('',*,*,#4035,.F.);
#10308 = ORIENTED_EDGE('',*,*,#10309,.F.);
#10309 = EDGE_CURVE('',#10285,#4036,#10310,.T.);
#10310 = SURFACE_CURVE('',#10311,(#10315,#10322),.PCURVE_S1.);
#10311 = LINE('',#10312,#10313);
#10312 = CARTESIAN_POINT('',(35.4130859375,55.299243164063,26.8));
#10313 = VECTOR('',#10314,1.);
#10314 = DIRECTION('',(0.,0.,1.));
#10315 = PCURVE('',#4050,#10316);
#10316 = DEFINITIONAL_REPRESENTATION('',(#10317),#10321);
#10317 = LINE('',#10318,#10319);
#10318 = CARTESIAN_POINT('',(2.50537109375,0.));
#10319 = VECTOR('',#10320,1.);
#10320 = DIRECTION('',(0.,-1.));
#10321 = ( GEOMETRIC_REPRESENTATION_CONTEXT(2) 
PARAMETRIC_REPRESENTATION_CONTEXT() REPRESENTATION_CONTEXT('2D SPACE',''
  ) );
#10322 = PCURVE('',#4076,#10323);
#10323 = DEFINITIONAL_REPRESENTATION('',(#10324),#10328);
#10324 = LINE('',#10325,#10326);
#10325 = CARTESIAN_POINT('',(0.,0.));
#10326 = VECTOR('',#10327,1.);
#10327 = DIRECTION('',(0.,-1.));
#10328 = ( GEOMETRIC_REPRESENTATION_CONTEXT(2) 
PARAMETRIC_REPRESENTATION_CONTEXT() REPRESENTATION_CONTEXT('2D SPACE',''
  ) );
#10329 = ADVANCED_FACE('',(#10330),#4675,.F.);
#10330 = FACE_BOUND('',#10331,.F.);
#10331 = EDGE_LOOP('',(#10332,#10355,#10376,#10377));
#10332 = ORIENTED_EDGE('',*,*,#10333,.F.);
#10333 = EDGE_CURVE('',#10334,#10209,#10336,.T.);
#10334 = VERTEX_POINT('',#10335);
#10335 = CARTESIAN_POINT('',(35.74462890625,53.906420898438,26.8));
#10336 = SURFACE_CURVE('',#10337,(#10341,#10348),.PCURVE_S1.);
#10337 = LINE('',#10338,#10339);
#10338 = CARTESIAN_POINT('',(35.74462890625,53.906420898438,26.8));
#10339 = VECTOR('',#10340,1.);
#10340 = DIRECTION('',(0.,-1.,0.));
#10341 = PCURVE('',#4675,#10342);
#10342 = DEFINITIONAL_REPRESENTATION('',(#10343),#10347);
#10343 = LINE('',#10344,#10345);
#10344 = CARTESIAN_POINT('',(0.,0.));
#10345 = VECTOR('',#10346,1.);
#10346 = DIRECTION('',(1.,0.));
#10347 = ( GEOMETRIC_REPRESENTATION_CONTEXT(2) 
PARAMETRIC_REPRESENTATION_CONTEXT() REPRESENTATION_CONTEXT('2D SPACE',''
  ) );
#10348 = PCURVE('',#10226,#10349);
#10349 = DEFINITIONAL_REPRESENTATION('',(#10350),#10354);
#10350 = LINE('',#10351,#10352);
#10351 = CARTESIAN_POINT('',(0.606689453125,1.112548828125));
#10352 = VECTOR('',#10353,1.);
#10353 = DIRECTION('',(0.,-1.));
#10354 = ( GEOMETRIC_REPRESENTATION_CONTEXT(2) 
PARAMETRIC_REPRESENTATION_CONTEXT() REPRESENTATION_CONTEXT('2D SPACE',''
  ) );
#10355 = ORIENTED_EDGE('',*,*,#10356,.T.);
#10356 = EDGE_CURVE('',#10334,#4637,#10357,.T.);
#10357 = SURFACE_CURVE('',#10358,(#10362,#10369),.PCURVE_S1.);
#10358 = LINE('',#10359,#10360);
#10359 = CARTESIAN_POINT('',(35.74462890625,53.906420898438,26.8));
#10360 = VECTOR('',#10361,1.);
#10361 = DIRECTION('',(0.,0.,1.));
#10362 = PCURVE('',#4675,#10363);
#10363 = DEFINITIONAL_REPRESENTATION('',(#10364),#10368);
#10364 = LINE('',#10365,#10366);
#10365 = CARTESIAN_POINT('',(0.,0.));
#10366 = VECTOR('',#10367,1.);
#10367 = DIRECTION('',(0.,-1.));
#10368 = ( GEOMETRIC_REPRESENTATION_CONTEXT(2) 
PARAMETRIC_REPRESENTATION_CONTEXT() REPRESENTATION_CONTEXT('2D SPACE',''
  ) );
#10369 = PCURVE('',#4651,#10370);
#10370 = DEFINITIONAL_REPRESENTATION('',(#10371),#10375);
#10371 = LINE('',#10372,#10373);
#10372 = CARTESIAN_POINT('',(0.384521484375,0.));
#10373 = VECTOR('',#10374,1.);
#10374 = DIRECTION('',(0.,-1.));
#10375 = ( GEOMETRIC_REPRESENTATION_CONTEXT(2) 
PARAMETRIC_REPRESENTATION_CONTEXT() REPRESENTATION_CONTEXT('2D SPACE',''
  ) );
#10376 = ORIENTED_EDGE('',*,*,#4662,.F.);
#10377 = ORIENTED_EDGE('',*,*,#10238,.F.);
#10378 = ADVANCED_FACE('',(#10379),#4076,.F.);
#10379 = FACE_BOUND('',#10380,.F.);
#10380 = EDGE_LOOP('',(#10381,#10404,#10405,#10406));
#10381 = ORIENTED_EDGE('',*,*,#10382,.F.);
#10382 = EDGE_CURVE('',#10285,#10383,#10385,.T.);
#10383 = VERTEX_POINT('',#10384);
#10384 = CARTESIAN_POINT('',(36.52392578125,55.299243164063,26.8));
#10385 = SURFACE_CURVE('',#10386,(#10390,#10397),.PCURVE_S1.);
#10386 = LINE('',#10387,#10388);
#10387 = CARTESIAN_POINT('',(35.4130859375,55.299243164063,26.8));
#10388 = VECTOR('',#10389,1.);
#10389 = DIRECTION('',(1.,0.,0.));
#10390 = PCURVE('',#4076,#10391);
#10391 = DEFINITIONAL_REPRESENTATION('',(#10392),#10396);
#10392 = LINE('',#10393,#10394);
#10393 = CARTESIAN_POINT('',(0.,0.));
#10394 = VECTOR('',#10395,1.);
#10395 = DIRECTION('',(1.,0.));
#10396 = ( GEOMETRIC_REPRESENTATION_CONTEXT(2) 
PARAMETRIC_REPRESENTATION_CONTEXT() REPRESENTATION_CONTEXT('2D SPACE',''
  ) );
#10397 = PCURVE('',#10226,#10398);
#10398 = DEFINITIONAL_REPRESENTATION('',(#10399),#10403);
#10399 = LINE('',#10400,#10401);
#10400 = CARTESIAN_POINT('',(0.275146484375,2.50537109375));
#10401 = VECTOR('',#10402,1.);
#10402 = DIRECTION('',(1.,0.));
#10403 = ( GEOMETRIC_REPRESENTATION_CONTEXT(2) 
PARAMETRIC_REPRESENTATION_CONTEXT() REPRESENTATION_CONTEXT('2D SPACE',''
  ) );
#10404 = ORIENTED_EDGE('',*,*,#10309,.T.);
#10405 = ORIENTED_EDGE('',*,*,#4061,.F.);
#10406 = ORIENTED_EDGE('',*,*,#10407,.F.);
#10407 = EDGE_CURVE('',#10383,#4062,#10408,.T.);
#10408 = SURFACE_CURVE('',#10409,(#10413,#10420),.PCURVE_S1.);
#10409 = LINE('',#10410,#10411);
#10410 = CARTESIAN_POINT('',(36.52392578125,55.299243164063,26.8));
#10411 = VECTOR('',#10412,1.);
#10412 = DIRECTION('',(0.,0.,1.));
#10413 = PCURVE('',#4076,#10414);
#10414 = DEFINITIONAL_REPRESENTATION('',(#10415),#10419);
#10415 = LINE('',#10416,#10417);
#10416 = CARTESIAN_POINT('',(1.11083984375,0.));
#10417 = VECTOR('',#10418,1.);
#10418 = DIRECTION('',(0.,-1.));
#10419 = ( GEOMETRIC_REPRESENTATION_CONTEXT(2) 
PARAMETRIC_REPRESENTATION_CONTEXT() REPRESENTATION_CONTEXT('2D SPACE',''
  ) );
#10420 = PCURVE('',#4111,#10421);
#10421 = DEFINITIONAL_REPRESENTATION('',(#10422),#10426);
#10422 = LINE('',#10423,#10424);
#10423 = CARTESIAN_POINT('',(0.,0.));
#10424 = VECTOR('',#10425,1.);
#10425 = DIRECTION('',(0.,-1.));
#10426 = ( GEOMETRIC_REPRESENTATION_CONTEXT(2) 
PARAMETRIC_REPRESENTATION_CONTEXT() REPRESENTATION_CONTEXT('2D SPACE',''
  ) );
#10427 = ADVANCED_FACE('',(#10428),#4651,.F.);
#10428 = FACE_BOUND('',#10429,.F.);
#10429 = EDGE_LOOP('',(#10430,#10453,#10474,#10475));
#10430 = ORIENTED_EDGE('',*,*,#10431,.F.);
#10431 = EDGE_CURVE('',#10432,#10334,#10434,.T.);
#10432 = VERTEX_POINT('',#10433);
#10433 = CARTESIAN_POINT('',(36.129150390625,53.906420898438,26.8));
#10434 = SURFACE_CURVE('',#10435,(#10439,#10446),.PCURVE_S1.);
#10435 = LINE('',#10436,#10437);
#10436 = CARTESIAN_POINT('',(36.129150390625,53.906420898438,26.8));
#10437 = VECTOR('',#10438,1.);
#10438 = DIRECTION('',(-1.,0.,0.));
#10439 = PCURVE('',#4651,#10440);
#10440 = DEFINITIONAL_REPRESENTATION('',(#10441),#10445);
#10441 = LINE('',#10442,#10443);
#10442 = CARTESIAN_POINT('',(0.,-0.));
#10443 = VECTOR('',#10444,1.);
#10444 = DIRECTION('',(1.,0.));
#10445 = ( GEOMETRIC_REPRESENTATION_CONTEXT(2) 
PARAMETRIC_REPRESENTATION_CONTEXT() REPRESENTATION_CONTEXT('2D SPACE',''
  ) );
#10446 = PCURVE('',#10226,#10447);
#10447 = DEFINITIONAL_REPRESENTATION('',(#10448),#10452);
#10448 = LINE('',#10449,#10450);
#10449 = CARTESIAN_POINT('',(0.9912109375,1.112548828125));
#10450 = VECTOR('',#10451,1.);
#10451 = DIRECTION('',(-1.,0.));
#10452 = ( GEOMETRIC_REPRESENTATION_CONTEXT(2) 
PARAMETRIC_REPRESENTATION_CONTEXT() REPRESENTATION_CONTEXT('2D SPACE',''
  ) );
#10453 = ORIENTED_EDGE('',*,*,#10454,.T.);
#10454 = EDGE_CURVE('',#10432,#4598,#10455,.T.);
#10455 = SURFACE_CURVE('',#10456,(#10460,#10467),.PCURVE_S1.);
#10456 = LINE('',#10457,#10458);
#10457 = CARTESIAN_POINT('',(36.129150390625,53.906420898438,26.8));
#10458 = VECTOR('',#10459,1.);
#10459 = DIRECTION('',(0.,0.,1.));
#10460 = PCURVE('',#4651,#10461);
#10461 = DEFINITIONAL_REPRESENTATION('',(#10462),#10466);
#10462 = LINE('',#10463,#10464);
#10463 = CARTESIAN_POINT('',(0.,-0.));
#10464 = VECTOR('',#10465,1.);
#10465 = DIRECTION('',(0.,-1.));
#10466 = ( GEOMETRIC_REPRESENTATION_CONTEXT(2) 
PARAMETRIC_REPRESENTATION_CONTEXT() REPRESENTATION_CONTEXT('2D SPACE',''
  ) );
#10467 = PCURVE('',#4619,#10468);
#10468 = DEFINITIONAL_REPRESENTATION('',(#10469),#10473);
#10469 = LINE('',#10470,#10471);
#10470 = CARTESIAN_POINT('',(1.,0.));
#10471 = VECTOR('',#10472,1.);
#10472 = DIRECTION('',(0.,-1.));
#10473 = ( GEOMETRIC_REPRESENTATION_CONTEXT(2) 
PARAMETRIC_REPRESENTATION_CONTEXT() REPRESENTATION_CONTEXT('2D SPACE',''
  ) );
#10474 = ORIENTED_EDGE('',*,*,#4636,.F.);
#10475 = ORIENTED_EDGE('',*,*,#10356,.F.);
#10476 = ADVANCED_FACE('',(#10477),#4111,.F.);
#10477 = FACE_BOUND('',#10478,.F.);
#10478 = EDGE_LOOP('',(#10479,#10502,#10503,#10504));
#10479 = ORIENTED_EDGE('',*,*,#10480,.F.);
#10480 = EDGE_CURVE('',#10383,#10481,#10483,.T.);
#10481 = VERTEX_POINT('',#10482);
#10482 = CARTESIAN_POINT('',(37.033203125,55.23173828125,26.8));
#10483 = SURFACE_CURVE('',#10484,(#10488,#10495),.PCURVE_S1.);
#10484 = B_SPLINE_CURVE_WITH_KNOTS('',2,(#10485,#10486,#10487),
  .UNSPECIFIED.,.F.,.F.,(3,3),(0.,1.),.PIECEWISE_BEZIER_KNOTS.);
#10485 = CARTESIAN_POINT('',(36.52392578125,55.299243164063,26.8));
#10486 = CARTESIAN_POINT('',(36.85888671875,55.299243164063,26.8));
#10487 = CARTESIAN_POINT('',(37.033203125,55.23173828125,26.8));
#10488 = PCURVE('',#4111,#10489);
#10489 = DEFINITIONAL_REPRESENTATION('',(#10490),#10494);
#10490 = LINE('',#10491,#10492);
#10491 = CARTESIAN_POINT('',(0.,0.));
#10492 = VECTOR('',#10493,1.);
#10493 = DIRECTION('',(1.,0.));
#10494 = ( GEOMETRIC_REPRESENTATION_CONTEXT(2) 
PARAMETRIC_REPRESENTATION_CONTEXT() REPRESENTATION_CONTEXT('2D SPACE',''
  ) );
#10495 = PCURVE('',#10226,#10496);
#10496 = DEFINITIONAL_REPRESENTATION('',(#10497),#10501);
#10497 = B_SPLINE_CURVE_WITH_KNOTS('',2,(#10498,#10499,#10500),
  .UNSPECIFIED.,.F.,.F.,(3,3),(0.,1.),.PIECEWISE_BEZIER_KNOTS.);
#10498 = CARTESIAN_POINT('',(1.385986328125,2.50537109375));
#10499 = CARTESIAN_POINT('',(1.720947265625,2.50537109375));
#10500 = CARTESIAN_POINT('',(1.895263671875,2.437866210938));
#10501 = ( GEOMETRIC_REPRESENTATION_CONTEXT(2) 
PARAMETRIC_REPRESENTATION_CONTEXT() REPRESENTATION_CONTEXT('2D SPACE',''
  ) );
#10502 = ORIENTED_EDGE('',*,*,#10407,.T.);
#10503 = ORIENTED_EDGE('',*,*,#4087,.F.);
#10504 = ORIENTED_EDGE('',*,*,#10505,.F.);
#10505 = EDGE_CURVE('',#10481,#4088,#10506,.T.);
#10506 = SURFACE_CURVE('',#10507,(#10511,#10518),.PCURVE_S1.);
#10507 = LINE('',#10508,#10509);
#10508 = CARTESIAN_POINT('',(37.033203125,55.23173828125,26.8));
#10509 = VECTOR('',#10510,1.);
#10510 = DIRECTION('',(0.,0.,1.));
#10511 = PCURVE('',#4111,#10512);
#10512 = DEFINITIONAL_REPRESENTATION('',(#10513),#10517);
#10513 = LINE('',#10514,#10515);
#10514 = CARTESIAN_POINT('',(1.,0.));
#10515 = VECTOR('',#10516,1.);
#10516 = DIRECTION('',(0.,-1.));
#10517 = ( GEOMETRIC_REPRESENTATION_CONTEXT(2) 
PARAMETRIC_REPRESENTATION_CONTEXT() REPRESENTATION_CONTEXT('2D SPACE',''
  ) );
#10518 = PCURVE('',#4159,#10519);
#10519 = DEFINITIONAL_REPRESENTATION('',(#10520),#10524);
#10520 = LINE('',#10521,#10522);
#10521 = CARTESIAN_POINT('',(0.,0.));
#10522 = VECTOR('',#10523,1.);
#10523 = DIRECTION('',(0.,-1.));
#10524 = ( GEOMETRIC_REPRESENTATION_CONTEXT(2) 
PARAMETRIC_REPRESENTATION_CONTEXT() REPRESENTATION_CONTEXT('2D SPACE',''
  ) );
#10525 = ADVANCED_FACE('',(#10526),#4619,.F.);
#10526 = FACE_BOUND('',#10527,.F.);
#10527 = EDGE_LOOP('',(#10528,#10551,#10572,#10573));
#10528 = ORIENTED_EDGE('',*,*,#10529,.F.);
#10529 = EDGE_CURVE('',#10530,#10432,#10532,.T.);
#10530 = VERTEX_POINT('',#10531);
#10531 = CARTESIAN_POINT('',(36.313720703125,53.894458007813,26.8));
#10532 = SURFACE_CURVE('',#10533,(#10537,#10544),.PCURVE_S1.);
#10533 = B_SPLINE_CURVE_WITH_KNOTS('',2,(#10534,#10535,#10536),
  .UNSPECIFIED.,.F.,.F.,(3,3),(0.,1.),.PIECEWISE_BEZIER_KNOTS.);
#10534 = CARTESIAN_POINT('',(36.313720703125,53.894458007813,26.8));
#10535 = CARTESIAN_POINT('',(36.25732421875,53.906420898438,26.8));
#10536 = CARTESIAN_POINT('',(36.129150390625,53.906420898438,26.8));
#10537 = PCURVE('',#4619,#10538);
#10538 = DEFINITIONAL_REPRESENTATION('',(#10539),#10543);
#10539 = LINE('',#10540,#10541);
#10540 = CARTESIAN_POINT('',(0.,0.));
#10541 = VECTOR('',#10542,1.);
#10542 = DIRECTION('',(1.,0.));
#10543 = ( GEOMETRIC_REPRESENTATION_CONTEXT(2) 
PARAMETRIC_REPRESENTATION_CONTEXT() REPRESENTATION_CONTEXT('2D SPACE',''
  ) );
#10544 = PCURVE('',#10226,#10545);
#10545 = DEFINITIONAL_REPRESENTATION('',(#10546),#10550);
#10546 = B_SPLINE_CURVE_WITH_KNOTS('',2,(#10547,#10548,#10549),
  .UNSPECIFIED.,.F.,.F.,(3,3),(0.,1.),.PIECEWISE_BEZIER_KNOTS.);
#10547 = CARTESIAN_POINT('',(1.17578125,1.1005859375));
#10548 = CARTESIAN_POINT('',(1.119384765625,1.112548828125));
#10549 = CARTESIAN_POINT('',(0.9912109375,1.112548828125));
#10550 = ( GEOMETRIC_REPRESENTATION_CONTEXT(2) 
PARAMETRIC_REPRESENTATION_CONTEXT() REPRESENTATION_CONTEXT('2D SPACE',''
  ) );
#10551 = ORIENTED_EDGE('',*,*,#10552,.T.);
#10552 = EDGE_CURVE('',#10530,#4562,#10553,.T.);
#10553 = SURFACE_CURVE('',#10554,(#10558,#10565),.PCURVE_S1.);
#10554 = LINE('',#10555,#10556);
#10555 = CARTESIAN_POINT('',(36.313720703125,53.894458007813,26.8));
#10556 = VECTOR('',#10557,1.);
#10557 = DIRECTION('',(0.,0.,1.));
#10558 = PCURVE('',#4619,#10559);
#10559 = DEFINITIONAL_REPRESENTATION('',(#10560),#10564);
#10560 = LINE('',#10561,#10562);
#10561 = CARTESIAN_POINT('',(0.,0.));
#10562 = VECTOR('',#10563,1.);
#10563 = DIRECTION('',(0.,-1.));
#10564 = ( GEOMETRIC_REPRESENTATION_CONTEXT(2) 
PARAMETRIC_REPRESENTATION_CONTEXT() REPRESENTATION_CONTEXT('2D SPACE',''
  ) );
#10565 = PCURVE('',#4581,#10566);
#10566 = DEFINITIONAL_REPRESENTATION('',(#10567),#10571);
#10567 = LINE('',#10568,#10569);
#10568 = CARTESIAN_POINT('',(1.,0.));
#10569 = VECTOR('',#10570,1.);
#10570 = DIRECTION('',(0.,-1.));
#10571 = ( GEOMETRIC_REPRESENTATION_CONTEXT(2) 
PARAMETRIC_REPRESENTATION_CONTEXT() REPRESENTATION_CONTEXT('2D SPACE',''
  ) );
#10572 = ORIENTED_EDGE('',*,*,#4597,.F.);
#10573 = ORIENTED_EDGE('',*,*,#10454,.F.);
#10574 = ADVANCED_FACE('',(#10575),#4159,.F.);
#10575 = FACE_BOUND('',#10576,.F.);
#10576 = EDGE_LOOP('',(#10577,#10600,#10601,#10602));
#10577 = ORIENTED_EDGE('',*,*,#10578,.F.);
#10578 = EDGE_CURVE('',#10481,#10579,#10581,.T.);
#10579 = VERTEX_POINT('',#10580);
#10580 = CARTESIAN_POINT('',(37.311767578125,54.993334960938,26.8));
#10581 = SURFACE_CURVE('',#10582,(#10586,#10593),.PCURVE_S1.);
#10582 = B_SPLINE_CURVE_WITH_KNOTS('',2,(#10583,#10584,#10585),
  .UNSPECIFIED.,.F.,.F.,(3,3),(0.,1.),.PIECEWISE_BEZIER_KNOTS.);
#10583 = CARTESIAN_POINT('',(37.033203125,55.23173828125,26.8));
#10584 = CARTESIAN_POINT('',(37.20751953125,55.164233398438,26.8));
#10585 = CARTESIAN_POINT('',(37.311767578125,54.993334960938,26.8));
#10586 = PCURVE('',#4159,#10587);
#10587 = DEFINITIONAL_REPRESENTATION('',(#10588),#10592);
#10588 = LINE('',#10589,#10590);
#10589 = CARTESIAN_POINT('',(0.,0.));
#10590 = VECTOR('',#10591,1.);
#10591 = DIRECTION('',(1.,0.));
#10592 = ( GEOMETRIC_REPRESENTATION_CONTEXT(2) 
PARAMETRIC_REPRESENTATION_CONTEXT() REPRESENTATION_CONTEXT('2D SPACE',''
  ) );
#10593 = PCURVE('',#10226,#10594);
#10594 = DEFINITIONAL_REPRESENTATION('',(#10595),#10599);
#10595 = B_SPLINE_CURVE_WITH_KNOTS('',2,(#10596,#10597,#10598),
  .UNSPECIFIED.,.F.,.F.,(3,3),(0.,1.),.PIECEWISE_BEZIER_KNOTS.);
#10596 = CARTESIAN_POINT('',(1.895263671875,2.437866210938));
#10597 = CARTESIAN_POINT('',(2.069580078125,2.370361328125));
#10598 = CARTESIAN_POINT('',(2.173828125,2.199462890625));
#10599 = ( GEOMETRIC_REPRESENTATION_CONTEXT(2) 
PARAMETRIC_REPRESENTATION_CONTEXT() REPRESENTATION_CONTEXT('2D SPACE',''
  ) );
#10600 = ORIENTED_EDGE('',*,*,#10505,.T.);
#10601 = ORIENTED_EDGE('',*,*,#4129,.F.);
#10602 = ORIENTED_EDGE('',*,*,#10603,.F.);
#10603 = EDGE_CURVE('',#10579,#4130,#10604,.T.);
#10604 = SURFACE_CURVE('',#10605,(#10609,#10616),.PCURVE_S1.);
#10605 = LINE('',#10606,#10607);
#10606 = CARTESIAN_POINT('',(37.311767578125,54.993334960938,26.8));
#10607 = VECTOR('',#10608,1.);
#10608 = DIRECTION('',(0.,0.,1.));
#10609 = PCURVE('',#4159,#10610);
#10610 = DEFINITIONAL_REPRESENTATION('',(#10611),#10615);
#10611 = LINE('',#10612,#10613);
#10612 = CARTESIAN_POINT('',(1.,0.));
#10613 = VECTOR('',#10614,1.);
#10614 = DIRECTION('',(0.,-1.));
#10615 = ( GEOMETRIC_REPRESENTATION_CONTEXT(2) 
PARAMETRIC_REPRESENTATION_CONTEXT() REPRESENTATION_CONTEXT('2D SPACE',''
  ) );
#10616 = PCURVE('',#4206,#10617);
#10617 = DEFINITIONAL_REPRESENTATION('',(#10618),#10622);
#10618 = LINE('',#10619,#10620);
#10619 = CARTESIAN_POINT('',(0.,0.));
#10620 = VECTOR('',#10621,1.);
#10621 = DIRECTION('',(0.,-1.));
#10622 = ( GEOMETRIC_REPRESENTATION_CONTEXT(2) 
PARAMETRIC_REPRESENTATION_CONTEXT() REPRESENTATION_CONTEXT('2D SPACE',''
  ) );
#10623 = ADVANCED_FACE('',(#10624),#4581,.F.);
#10624 = FACE_BOUND('',#10625,.F.);
#10625 = EDGE_LOOP('',(#10626,#10649,#10670,#10671));
#10626 = ORIENTED_EDGE('',*,*,#10627,.F.);
#10627 = EDGE_CURVE('',#10628,#10530,#10630,.T.);
#10628 = VERTEX_POINT('',#10629);
#10629 = CARTESIAN_POINT('',(36.464965820312,53.827807617188,26.8));
#10630 = SURFACE_CURVE('',#10631,(#10635,#10642),.PCURVE_S1.);
#10631 = B_SPLINE_CURVE_WITH_KNOTS('',2,(#10632,#10633,#10634),
  .UNSPECIFIED.,.F.,.F.,(3,3),(0.,1.),.PIECEWISE_BEZIER_KNOTS.);
#10632 = CARTESIAN_POINT('',(36.464965820312,53.827807617188,26.8));
#10633 = CARTESIAN_POINT('',(36.390625,53.875659179688,26.8));
#10634 = CARTESIAN_POINT('',(36.313720703125,53.894458007813,26.8));
#10635 = PCURVE('',#4581,#10636);
#10636 = DEFINITIONAL_REPRESENTATION('',(#10637),#10641);
#10637 = LINE('',#10638,#10639);
#10638 = CARTESIAN_POINT('',(0.,0.));
#10639 = VECTOR('',#10640,1.);
#10640 = DIRECTION('',(1.,0.));
#10641 = ( GEOMETRIC_REPRESENTATION_CONTEXT(2) 
PARAMETRIC_REPRESENTATION_CONTEXT() REPRESENTATION_CONTEXT('2D SPACE',''
  ) );
#10642 = PCURVE('',#10226,#10643);
#10643 = DEFINITIONAL_REPRESENTATION('',(#10644),#10648);
#10644 = B_SPLINE_CURVE_WITH_KNOTS('',2,(#10645,#10646,#10647),
  .UNSPECIFIED.,.F.,.F.,(3,3),(0.,1.),.PIECEWISE_BEZIER_KNOTS.);
#10645 = CARTESIAN_POINT('',(1.327026367188,1.033935546875));
#10646 = CARTESIAN_POINT('',(1.252685546875,1.081787109375));
#10647 = CARTESIAN_POINT('',(1.17578125,1.1005859375));
#10648 = ( GEOMETRIC_REPRESENTATION_CONTEXT(2) 
PARAMETRIC_REPRESENTATION_CONTEXT() REPRESENTATION_CONTEXT('2D SPACE',''
  ) );
#10649 = ORIENTED_EDGE('',*,*,#10650,.T.);
#10650 = EDGE_CURVE('',#10628,#4523,#10651,.T.);
#10651 = SURFACE_CURVE('',#10652,(#10656,#10663),.PCURVE_S1.);
#10652 = LINE('',#10653,#10654);
#10653 = CARTESIAN_POINT('',(36.464965820312,53.827807617188,26.8));
#10654 = VECTOR('',#10655,1.);
#10655 = DIRECTION('',(0.,0.,1.));
#10656 = PCURVE('',#4581,#10657);
#10657 = DEFINITIONAL_REPRESENTATION('',(#10658),#10662);
#10658 = LINE('',#10659,#10660);
#10659 = CARTESIAN_POINT('',(0.,0.));
#10660 = VECTOR('',#10661,1.);
#10661 = DIRECTION('',(0.,-1.));
#10662 = ( GEOMETRIC_REPRESENTATION_CONTEXT(2) 
PARAMETRIC_REPRESENTATION_CONTEXT() REPRESENTATION_CONTEXT('2D SPACE',''
  ) );
#10663 = PCURVE('',#4544,#10664);
#10664 = DEFINITIONAL_REPRESENTATION('',(#10665),#10669);
#10665 = LINE('',#10666,#10667);
#10666 = CARTESIAN_POINT('',(1.,0.));
#10667 = VECTOR('',#10668,1.);
#10668 = DIRECTION('',(0.,-1.));
#10669 = ( GEOMETRIC_REPRESENTATION_CONTEXT(2) 
PARAMETRIC_REPRESENTATION_CONTEXT() REPRESENTATION_CONTEXT('2D SPACE',''
  ) );
#10670 = ORIENTED_EDGE('',*,*,#4561,.F.);
#10671 = ORIENTED_EDGE('',*,*,#10552,.F.);
#10672 = ADVANCED_FACE('',(#10673),#4206,.F.);
#10673 = FACE_BOUND('',#10674,.F.);
#10674 = EDGE_LOOP('',(#10675,#10698,#10699,#10700));
#10675 = ORIENTED_EDGE('',*,*,#10676,.F.);
#10676 = EDGE_CURVE('',#10579,#10677,#10679,.T.);
#10677 = VERTEX_POINT('',#10678);
#10678 = CARTESIAN_POINT('',(37.416015625,54.615649414063,26.8));
#10679 = SURFACE_CURVE('',#10680,(#10684,#10691),.PCURVE_S1.);
#10680 = B_SPLINE_CURVE_WITH_KNOTS('',2,(#10681,#10682,#10683),
  .UNSPECIFIED.,.F.,.F.,(3,3),(0.,1.),.PIECEWISE_BEZIER_KNOTS.);
#10681 = CARTESIAN_POINT('',(37.311767578125,54.993334960938,26.8));
#10682 = CARTESIAN_POINT('',(37.416015625,54.822436523438,26.8));
#10683 = CARTESIAN_POINT('',(37.416015625,54.615649414063,26.8));
#10684 = PCURVE('',#4206,#10685);
#10685 = DEFINITIONAL_REPRESENTATION('',(#10686),#10690);
#10686 = LINE('',#10687,#10688);
#10687 = CARTESIAN_POINT('',(0.,0.));
#10688 = VECTOR('',#10689,1.);
#10689 = DIRECTION('',(1.,0.));
#10690 = ( GEOMETRIC_REPRESENTATION_CONTEXT(2) 
PARAMETRIC_REPRESENTATION_CONTEXT() REPRESENTATION_CONTEXT('2D SPACE',''
  ) );
#10691 = PCURVE('',#10226,#10692);
#10692 = DEFINITIONAL_REPRESENTATION('',(#10693),#10697);
#10693 = B_SPLINE_CURVE_WITH_KNOTS('',2,(#10694,#10695,#10696),
  .UNSPECIFIED.,.F.,.F.,(3,3),(0.,1.),.PIECEWISE_BEZIER_KNOTS.);
#10694 = CARTESIAN_POINT('',(2.173828125,2.199462890625));
#10695 = CARTESIAN_POINT('',(2.278076171875,2.028564453125));
#10696 = CARTESIAN_POINT('',(2.278076171875,1.82177734375));
#10697 = ( GEOMETRIC_REPRESENTATION_CONTEXT(2) 
PARAMETRIC_REPRESENTATION_CONTEXT() REPRESENTATION_CONTEXT('2D SPACE',''
  ) );
#10698 = ORIENTED_EDGE('',*,*,#10603,.T.);
#10699 = ORIENTED_EDGE('',*,*,#4180,.F.);
#10700 = ORIENTED_EDGE('',*,*,#10701,.F.);
#10701 = EDGE_CURVE('',#10677,#4181,#10702,.T.);
#10702 = SURFACE_CURVE('',#10703,(#10707,#10714),.PCURVE_S1.);
#10703 = LINE('',#10704,#10705);
#10704 = CARTESIAN_POINT('',(37.416015625,54.615649414063,26.8));
#10705 = VECTOR('',#10706,1.);
#10706 = DIRECTION('',(0.,0.,1.));
#10707 = PCURVE('',#4206,#10708);
#10708 = DEFINITIONAL_REPRESENTATION('',(#10709),#10713);
#10709 = LINE('',#10710,#10711);
#10710 = CARTESIAN_POINT('',(1.,0.));
#10711 = VECTOR('',#10712,1.);
#10712 = DIRECTION('',(0.,-1.));
#10713 = ( GEOMETRIC_REPRESENTATION_CONTEXT(2) 
PARAMETRIC_REPRESENTATION_CONTEXT() REPRESENTATION_CONTEXT('2D SPACE',''
  ) );
#10714 = PCURVE('',#4255,#10715);
#10715 = DEFINITIONAL_REPRESENTATION('',(#10716),#10720);
#10716 = LINE('',#10717,#10718);
#10717 = CARTESIAN_POINT('',(0.,0.));
#10718 = VECTOR('',#10719,1.);
#10719 = DIRECTION('',(0.,-1.));
#10720 = ( GEOMETRIC_REPRESENTATION_CONTEXT(2) 
PARAMETRIC_REPRESENTATION_CONTEXT() REPRESENTATION_CONTEXT('2D SPACE',''
  ) );
#10721 = ADVANCED_FACE('',(#10722),#4544,.F.);
#10722 = FACE_BOUND('',#10723,.F.);
#10723 = EDGE_LOOP('',(#10724,#10747,#10768,#10769));
#10724 = ORIENTED_EDGE('',*,*,#10725,.F.);
#10725 = EDGE_CURVE('',#10726,#10628,#10728,.T.);
#10726 = VERTEX_POINT('',#10727);
#10727 = CARTESIAN_POINT('',(36.63330078125,53.660327148438,26.8));
#10728 = SURFACE_CURVE('',#10729,(#10733,#10740),.PCURVE_S1.);
#10729 = B_SPLINE_CURVE_WITH_KNOTS('',2,(#10730,#10731,#10732),
  .UNSPECIFIED.,.F.,.F.,(3,3),(0.,1.),.PIECEWISE_BEZIER_KNOTS.);
#10730 = CARTESIAN_POINT('',(36.63330078125,53.660327148438,26.8));
#10731 = CARTESIAN_POINT('',(36.539306640625,53.779956054688,26.8));
#10732 = CARTESIAN_POINT('',(36.464965820312,53.827807617188,26.8));
#10733 = PCURVE('',#4544,#10734);
#10734 = DEFINITIONAL_REPRESENTATION('',(#10735),#10739);
#10735 = LINE('',#10736,#10737);
#10736 = CARTESIAN_POINT('',(0.,0.));
#10737 = VECTOR('',#10738,1.);
#10738 = DIRECTION('',(1.,0.));
#10739 = ( GEOMETRIC_REPRESENTATION_CONTEXT(2) 
PARAMETRIC_REPRESENTATION_CONTEXT() REPRESENTATION_CONTEXT('2D SPACE',''
  ) );
#10740 = PCURVE('',#10226,#10741);
#10741 = DEFINITIONAL_REPRESENTATION('',(#10742),#10746);
#10742 = B_SPLINE_CURVE_WITH_KNOTS('',2,(#10743,#10744,#10745),
  .UNSPECIFIED.,.F.,.F.,(3,3),(0.,1.),.PIECEWISE_BEZIER_KNOTS.);
#10743 = CARTESIAN_POINT('',(1.495361328125,0.866455078125));
#10744 = CARTESIAN_POINT('',(1.4013671875,0.986083984375));
#10745 = CARTESIAN_POINT('',(1.327026367188,1.033935546875));
#10746 = ( GEOMETRIC_REPRESENTATION_CONTEXT(2) 
PARAMETRIC_REPRESENTATION_CONTEXT() REPRESENTATION_CONTEXT('2D SPACE',''
  ) );
#10747 = ORIENTED_EDGE('',*,*,#10748,.T.);
#10748 = EDGE_CURVE('',#10726,#4484,#10749,.T.);
#10749 = SURFACE_CURVE('',#10750,(#10754,#10761),.PCURVE_S1.);
#10750 = LINE('',#10751,#10752);
#10751 = CARTESIAN_POINT('',(36.63330078125,53.660327148438,26.8));
#10752 = VECTOR('',#10753,1.);
#10753 = DIRECTION('',(0.,0.,1.));
#10754 = PCURVE('',#4544,#10755);
#10755 = DEFINITIONAL_REPRESENTATION('',(#10756),#10760);
#10756 = LINE('',#10757,#10758);
#10757 = CARTESIAN_POINT('',(0.,0.));
#10758 = VECTOR('',#10759,1.);
#10759 = DIRECTION('',(0.,-1.));
#10760 = ( GEOMETRIC_REPRESENTATION_CONTEXT(2) 
PARAMETRIC_REPRESENTATION_CONTEXT() REPRESENTATION_CONTEXT('2D SPACE',''
  ) );
#10761 = PCURVE('',#4505,#10762);
#10762 = DEFINITIONAL_REPRESENTATION('',(#10763),#10767);
#10763 = LINE('',#10764,#10765);
#10764 = CARTESIAN_POINT('',(1.,0.));
#10765 = VECTOR('',#10766,1.);
#10766 = DIRECTION('',(0.,-1.));
#10767 = ( GEOMETRIC_REPRESENTATION_CONTEXT(2) 
PARAMETRIC_REPRESENTATION_CONTEXT() REPRESENTATION_CONTEXT('2D SPACE',''
  ) );
#10768 = ORIENTED_EDGE('',*,*,#4522,.F.);
#10769 = ORIENTED_EDGE('',*,*,#10650,.F.);
#10770 = ADVANCED_FACE('',(#10771),#4255,.F.);
#10771 = FACE_BOUND('',#10772,.F.);
#10772 = EDGE_LOOP('',(#10773,#10796,#10797,#10798));
#10773 = ORIENTED_EDGE('',*,*,#10774,.F.);
#10774 = EDGE_CURVE('',#10677,#10775,#10777,.T.);
#10775 = VERTEX_POINT('',#10776);
#10776 = CARTESIAN_POINT('',(37.243408203125,54.166186523438,26.8));
#10777 = SURFACE_CURVE('',#10778,(#10782,#10789),.PCURVE_S1.);
#10778 = B_SPLINE_CURVE_WITH_KNOTS('',2,(#10779,#10780,#10781),
  .UNSPECIFIED.,.F.,.F.,(3,3),(0.,1.),.PIECEWISE_BEZIER_KNOTS.);
#10779 = CARTESIAN_POINT('',(37.416015625,54.615649414063,26.8));
#10780 = CARTESIAN_POINT('',(37.416015625,54.349047851563,26.8));
#10781 = CARTESIAN_POINT('',(37.243408203125,54.166186523438,26.8));
#10782 = PCURVE('',#4255,#10783);
#10783 = DEFINITIONAL_REPRESENTATION('',(#10784),#10788);
#10784 = LINE('',#10785,#10786);
#10785 = CARTESIAN_POINT('',(0.,0.));
#10786 = VECTOR('',#10787,1.);
#10787 = DIRECTION('',(1.,0.));
#10788 = ( GEOMETRIC_REPRESENTATION_CONTEXT(2) 
PARAMETRIC_REPRESENTATION_CONTEXT() REPRESENTATION_CONTEXT('2D SPACE',''
  ) );
#10789 = PCURVE('',#10226,#10790);
#10790 = DEFINITIONAL_REPRESENTATION('',(#10791),#10795);
#10791 = B_SPLINE_CURVE_WITH_KNOTS('',2,(#10792,#10793,#10794),
  .UNSPECIFIED.,.F.,.F.,(3,3),(0.,1.),.PIECEWISE_BEZIER_KNOTS.);
#10792 = CARTESIAN_POINT('',(2.278076171875,1.82177734375));
#10793 = CARTESIAN_POINT('',(2.278076171875,1.55517578125));
#10794 = CARTESIAN_POINT('',(2.10546875,1.372314453125));
#10795 = ( GEOMETRIC_REPRESENTATION_CONTEXT(2) 
PARAMETRIC_REPRESENTATION_CONTEXT() REPRESENTATION_CONTEXT('2D SPACE',''
  ) );
#10796 = ORIENTED_EDGE('',*,*,#10701,.T.);
#10797 = ORIENTED_EDGE('',*,*,#4225,.F.);
#10798 = ORIENTED_EDGE('',*,*,#10799,.F.);
#10799 = EDGE_CURVE('',#10775,#4226,#10800,.T.);
#10800 = SURFACE_CURVE('',#10801,(#10805,#10812),.PCURVE_S1.);
#10801 = LINE('',#10802,#10803);
#10802 = CARTESIAN_POINT('',(37.243408203125,54.166186523438,26.8));
#10803 = VECTOR('',#10804,1.);
#10804 = DIRECTION('',(0.,0.,1.));
#10805 = PCURVE('',#4255,#10806);
#10806 = DEFINITIONAL_REPRESENTATION('',(#10807),#10811);
#10807 = LINE('',#10808,#10809);
#10808 = CARTESIAN_POINT('',(1.,0.));
#10809 = VECTOR('',#10810,1.);
#10810 = DIRECTION('',(0.,-1.));
#10811 = ( GEOMETRIC_REPRESENTATION_CONTEXT(2) 
PARAMETRIC_REPRESENTATION_CONTEXT() REPRESENTATION_CONTEXT('2D SPACE',''
  ) );
#10812 = PCURVE('',#4306,#10813);
#10813 = DEFINITIONAL_REPRESENTATION('',(#10814),#10818);
#10814 = LINE('',#10815,#10816);
#10815 = CARTESIAN_POINT('',(0.,0.));
#10816 = VECTOR('',#10817,1.);
#10817 = DIRECTION('',(0.,-1.));
#10818 = ( GEOMETRIC_REPRESENTATION_CONTEXT(2) 
PARAMETRIC_REPRESENTATION_CONTEXT() REPRESENTATION_CONTEXT('2D SPACE',''
  ) );
#10819 = ADVANCED_FACE('',(#10820),#4505,.F.);
#10820 = FACE_BOUND('',#10821,.F.);
#10821 = EDGE_LOOP('',(#10822,#10845,#10866,#10867));
#10822 = ORIENTED_EDGE('',*,*,#10823,.F.);
#10823 = EDGE_CURVE('',#10824,#10726,#10826,.T.);
#10824 = VERTEX_POINT('',#10825);
#10825 = CARTESIAN_POINT('',(36.87255859375,53.315112304688,26.8));
#10826 = SURFACE_CURVE('',#10827,(#10831,#10838),.PCURVE_S1.);
#10827 = B_SPLINE_CURVE_WITH_KNOTS('',2,(#10828,#10829,#10830),
  .UNSPECIFIED.,.F.,.F.,(3,3),(0.,1.),.PIECEWISE_BEZIER_KNOTS.);
#10828 = CARTESIAN_POINT('',(36.87255859375,53.315112304688,26.8));
#10829 = CARTESIAN_POINT('',(36.727294921875,53.540698242188,26.8));
#10830 = CARTESIAN_POINT('',(36.63330078125,53.660327148438,26.8));
#10831 = PCURVE('',#4505,#10832);
#10832 = DEFINITIONAL_REPRESENTATION('',(#10833),#10837);
#10833 = LINE('',#10834,#10835);
#10834 = CARTESIAN_POINT('',(0.,0.));
#10835 = VECTOR('',#10836,1.);
#10836 = DIRECTION('',(1.,0.));
#10837 = ( GEOMETRIC_REPRESENTATION_CONTEXT(2) 
PARAMETRIC_REPRESENTATION_CONTEXT() REPRESENTATION_CONTEXT('2D SPACE',''
  ) );
#10838 = PCURVE('',#10226,#10839);
#10839 = DEFINITIONAL_REPRESENTATION('',(#10840),#10844);
#10840 = B_SPLINE_CURVE_WITH_KNOTS('',2,(#10841,#10842,#10843),
  .UNSPECIFIED.,.F.,.F.,(3,3),(0.,1.),.PIECEWISE_BEZIER_KNOTS.);
#10841 = CARTESIAN_POINT('',(1.734619140625,0.521240234375));
#10842 = CARTESIAN_POINT('',(1.58935546875,0.746826171875));
#10843 = CARTESIAN_POINT('',(1.495361328125,0.866455078125));
#10844 = ( GEOMETRIC_REPRESENTATION_CONTEXT(2) 
PARAMETRIC_REPRESENTATION_CONTEXT() REPRESENTATION_CONTEXT('2D SPACE',''
  ) );
#10845 = ORIENTED_EDGE('',*,*,#10846,.T.);
#10846 = EDGE_CURVE('',#10824,#4458,#10847,.T.);
#10847 = SURFACE_CURVE('',#10848,(#10852,#10859),.PCURVE_S1.);
#10848 = LINE('',#10849,#10850);
#10849 = CARTESIAN_POINT('',(36.87255859375,53.315112304688,26.8));
#10850 = VECTOR('',#10851,1.);
#10851 = DIRECTION('',(0.,0.,1.));
#10852 = PCURVE('',#4505,#10853);
#10853 = DEFINITIONAL_REPRESENTATION('',(#10854),#10858);
#10854 = LINE('',#10855,#10856);
#10855 = CARTESIAN_POINT('',(0.,0.));
#10856 = VECTOR('',#10857,1.);
#10857 = DIRECTION('',(0.,-1.));
#10858 = ( GEOMETRIC_REPRESENTATION_CONTEXT(2) 
PARAMETRIC_REPRESENTATION_CONTEXT() REPRESENTATION_CONTEXT('2D SPACE',''
  ) );
#10859 = PCURVE('',#4472,#10860);
#10860 = DEFINITIONAL_REPRESENTATION('',(#10861),#10865);
#10861 = LINE('',#10862,#10863);
#10862 = CARTESIAN_POINT('',(0.617747620035,0.));
#10863 = VECTOR('',#10864,1.);
#10864 = DIRECTION('',(0.,-1.));
#10865 = ( GEOMETRIC_REPRESENTATION_CONTEXT(2) 
PARAMETRIC_REPRESENTATION_CONTEXT() REPRESENTATION_CONTEXT('2D SPACE',''
  ) );
#10866 = ORIENTED_EDGE('',*,*,#4483,.F.);
#10867 = ORIENTED_EDGE('',*,*,#10748,.F.);
#10868 = ADVANCED_FACE('',(#10869),#4306,.F.);
#10869 = FACE_BOUND('',#10870,.F.);
#10870 = EDGE_LOOP('',(#10871,#10894,#10895,#10896));
#10871 = ORIENTED_EDGE('',*,*,#10872,.F.);
#10872 = EDGE_CURVE('',#10775,#10873,#10875,.T.);
#10873 = VERTEX_POINT('',#10874);
#10874 = CARTESIAN_POINT('',(36.710205078125,53.933764648438,26.8));
#10875 = SURFACE_CURVE('',#10876,(#10880,#10887),.PCURVE_S1.);
#10876 = B_SPLINE_CURVE_WITH_KNOTS('',2,(#10877,#10878,#10879),
  .UNSPECIFIED.,.F.,.F.,(3,3),(0.,1.),.PIECEWISE_BEZIER_KNOTS.);
#10877 = CARTESIAN_POINT('',(37.243408203125,54.166186523438,26.8));
#10878 = CARTESIAN_POINT('',(37.07080078125,53.983325195313,26.8));
#10879 = CARTESIAN_POINT('',(36.710205078125,53.933764648438,26.8));
#10880 = PCURVE('',#4306,#10881);
#10881 = DEFINITIONAL_REPRESENTATION('',(#10882),#10886);
#10882 = LINE('',#10883,#10884);
#10883 = CARTESIAN_POINT('',(0.,0.));
#10884 = VECTOR('',#10885,1.);
#10885 = DIRECTION('',(1.,0.));
#10886 = ( GEOMETRIC_REPRESENTATION_CONTEXT(2) 
PARAMETRIC_REPRESENTATION_CONTEXT() REPRESENTATION_CONTEXT('2D SPACE',''
  ) );
#10887 = PCURVE('',#10226,#10888);
#10888 = DEFINITIONAL_REPRESENTATION('',(#10889),#10893);
#10889 = B_SPLINE_CURVE_WITH_KNOTS('',2,(#10890,#10891,#10892),
  .UNSPECIFIED.,.F.,.F.,(3,3),(0.,1.),.PIECEWISE_BEZIER_KNOTS.);
#10890 = CARTESIAN_POINT('',(2.10546875,1.372314453125));
#10891 = CARTESIAN_POINT('',(1.932861328125,1.189453125));
#10892 = CARTESIAN_POINT('',(1.572265625,1.139892578125));
#10893 = ( GEOMETRIC_REPRESENTATION_CONTEXT(2) 
PARAMETRIC_REPRESENTATION_CONTEXT() REPRESENTATION_CONTEXT('2D SPACE',''
  ) );
#10894 = ORIENTED_EDGE('',*,*,#10799,.T.);
#10895 = ORIENTED_EDGE('',*,*,#4276,.F.);
#10896 = ORIENTED_EDGE('',*,*,#10897,.F.);
#10897 = EDGE_CURVE('',#10873,#4277,#10898,.T.);
#10898 = SURFACE_CURVE('',#10899,(#10903,#10910),.PCURVE_S1.);
#10899 = LINE('',#10900,#10901);
#10900 = CARTESIAN_POINT('',(36.710205078125,53.933764648438,26.8));
#10901 = VECTOR('',#10902,1.);
#10902 = DIRECTION('',(0.,0.,1.));
#10903 = PCURVE('',#4306,#10904);
#10904 = DEFINITIONAL_REPRESENTATION('',(#10905),#10909);
#10905 = LINE('',#10906,#10907);
#10906 = CARTESIAN_POINT('',(1.,0.));
#10907 = VECTOR('',#10908,1.);
#10908 = DIRECTION('',(0.,-1.));
#10909 = ( GEOMETRIC_REPRESENTATION_CONTEXT(2) 
PARAMETRIC_REPRESENTATION_CONTEXT() REPRESENTATION_CONTEXT('2D SPACE',''
  ) );
#10910 = PCURVE('',#4349,#10911);
#10911 = DEFINITIONAL_REPRESENTATION('',(#10912),#10916);
#10912 = LINE('',#10913,#10914);
#10913 = CARTESIAN_POINT('',(0.,0.));
#10914 = VECTOR('',#10915,1.);
#10915 = DIRECTION('',(0.,-1.));
#10916 = ( GEOMETRIC_REPRESENTATION_CONTEXT(2) 
PARAMETRIC_REPRESENTATION_CONTEXT() REPRESENTATION_CONTEXT('2D SPACE',''
  ) );
#10917 = ADVANCED_FACE('',(#10918),#4472,.F.);
#10918 = FACE_BOUND('',#10919,.F.);
#10919 = EDGE_LOOP('',(#10920,#10943,#10964,#10965));
#10920 = ORIENTED_EDGE('',*,*,#10921,.F.);
#10921 = EDGE_CURVE('',#10922,#10824,#10924,.T.);
#10922 = VERTEX_POINT('',#10923);
#10923 = CARTESIAN_POINT('',(37.2041015625,52.793872070313,26.8));
#10924 = SURFACE_CURVE('',#10925,(#10929,#10936),.PCURVE_S1.);
#10925 = LINE('',#10926,#10927);
#10926 = CARTESIAN_POINT('',(37.2041015625,52.793872070313,26.8));
#10927 = VECTOR('',#10928,1.);
#10928 = DIRECTION('',(-0.536696472795,0.843775382486,0.));
#10929 = PCURVE('',#4472,#10930);
#10930 = DEFINITIONAL_REPRESENTATION('',(#10931),#10935);
#10931 = LINE('',#10932,#10933);
#10932 = CARTESIAN_POINT('',(0.,0.));
#10933 = VECTOR('',#10934,1.);
#10934 = DIRECTION('',(1.,0.));
#10935 = ( GEOMETRIC_REPRESENTATION_CONTEXT(2) 
PARAMETRIC_REPRESENTATION_CONTEXT() REPRESENTATION_CONTEXT('2D SPACE',''
  ) );
#10936 = PCURVE('',#10226,#10937);
#10937 = DEFINITIONAL_REPRESENTATION('',(#10938),#10942);
#10938 = LINE('',#10939,#10940);
#10939 = CARTESIAN_POINT('',(2.066162109375,0.));
#10940 = VECTOR('',#10941,1.);
#10941 = DIRECTION('',(-0.536696472795,0.843775382486));
#10942 = ( GEOMETRIC_REPRESENTATION_CONTEXT(2) 
PARAMETRIC_REPRESENTATION_CONTEXT() REPRESENTATION_CONTEXT('2D SPACE',''
  ) );
#10943 = ORIENTED_EDGE('',*,*,#10944,.T.);
#10944 = EDGE_CURVE('',#10922,#4432,#10945,.T.);
#10945 = SURFACE_CURVE('',#10946,(#10950,#10957),.PCURVE_S1.);
#10946 = LINE('',#10947,#10948);
#10947 = CARTESIAN_POINT('',(37.2041015625,52.793872070313,26.8));
#10948 = VECTOR('',#10949,1.);
#10949 = DIRECTION('',(0.,0.,1.));
#10950 = PCURVE('',#4472,#10951);
#10951 = DEFINITIONAL_REPRESENTATION('',(#10952),#10956);
#10952 = LINE('',#10953,#10954);
#10953 = CARTESIAN_POINT('',(0.,0.));
#10954 = VECTOR('',#10955,1.);
#10955 = DIRECTION('',(0.,-1.));
#10956 = ( GEOMETRIC_REPRESENTATION_CONTEXT(2) 
PARAMETRIC_REPRESENTATION_CONTEXT() REPRESENTATION_CONTEXT('2D SPACE',''
  ) );
#10957 = PCURVE('',#4446,#10958);
#10958 = DEFINITIONAL_REPRESENTATION('',(#10959),#10963);
#10959 = LINE('',#10960,#10961);
#10960 = CARTESIAN_POINT('',(0.4169921875,0.));
#10961 = VECTOR('',#10962,1.);
#10962 = DIRECTION('',(0.,-1.));
#10963 = ( GEOMETRIC_REPRESENTATION_CONTEXT(2) 
PARAMETRIC_REPRESENTATION_CONTEXT() REPRESENTATION_CONTEXT('2D SPACE',''
  ) );
#10964 = ORIENTED_EDGE('',*,*,#4457,.F.);
#10965 = ORIENTED_EDGE('',*,*,#10846,.F.);
#10966 = ADVANCED_FACE('',(#10967),#4349,.F.);
#10967 = FACE_BOUND('',#10968,.F.);
#10968 = EDGE_LOOP('',(#10969,#10992,#10993,#10994));
#10969 = ORIENTED_EDGE('',*,*,#10970,.F.);
#10970 = EDGE_CURVE('',#10873,#10971,#10973,.T.);
#10971 = VERTEX_POINT('',#10972);
#10972 = CARTESIAN_POINT('',(36.91015625,53.809008789063,26.8));
#10973 = SURFACE_CURVE('',#10974,(#10978,#10985),.PCURVE_S1.);
#10974 = B_SPLINE_CURVE_WITH_KNOTS('',2,(#10975,#10976,#10977),
  .UNSPECIFIED.,.F.,.F.,(3,3),(0.,1.),.PIECEWISE_BEZIER_KNOTS.);
#10975 = CARTESIAN_POINT('',(36.710205078125,53.933764648438,26.8));
#10976 = CARTESIAN_POINT('',(36.841796875,53.870532226563,26.8));
#10977 = CARTESIAN_POINT('',(36.91015625,53.809008789063,26.8));
#10978 = PCURVE('',#4349,#10979);
#10979 = DEFINITIONAL_REPRESENTATION('',(#10980),#10984);
#10980 = LINE('',#10981,#10982);
#10981 = CARTESIAN_POINT('',(0.,0.));
#10982 = VECTOR('',#10983,1.);
#10983 = DIRECTION('',(1.,0.));
#10984 = ( GEOMETRIC_REPRESENTATION_CONTEXT(2) 
PARAMETRIC_REPRESENTATION_CONTEXT() REPRESENTATION_CONTEXT('2D SPACE',''
  ) );
#10985 = PCURVE('',#10226,#10986);
#10986 = DEFINITIONAL_REPRESENTATION('',(#10987),#10991);
#10987 = B_SPLINE_CURVE_WITH_KNOTS('',2,(#10988,#10989,#10990),
  .UNSPECIFIED.,.F.,.F.,(3,3),(0.,1.),.PIECEWISE_BEZIER_KNOTS.);
#10988 = CARTESIAN_POINT('',(1.572265625,1.139892578125));
#10989 = CARTESIAN_POINT('',(1.703857421875,1.07666015625));
#10990 = CARTESIAN_POINT('',(1.772216796875,1.01513671875));
#10991 = ( GEOMETRIC_REPRESENTATION_CONTEXT(2) 
PARAMETRIC_REPRESENTATION_CONTEXT() REPRESENTATION_CONTEXT('2D SPACE',''
  ) );
#10992 = ORIENTED_EDGE('',*,*,#10897,.T.);
#10993 = ORIENTED_EDGE('',*,*,#4327,.F.);
#10994 = ORIENTED_EDGE('',*,*,#10995,.F.);
#10995 = EDGE_CURVE('',#10971,#4328,#10996,.T.);
#10996 = SURFACE_CURVE('',#10997,(#11001,#11008),.PCURVE_S1.);
#10997 = LINE('',#10998,#10999);
#10998 = CARTESIAN_POINT('',(36.91015625,53.809008789063,26.8));
#10999 = VECTOR('',#11000,1.);
#11000 = DIRECTION('',(0.,0.,1.));
#11001 = PCURVE('',#4349,#11002);
#11002 = DEFINITIONAL_REPRESENTATION('',(#11003),#11007);
#11003 = LINE('',#11004,#11005);
#11004 = CARTESIAN_POINT('',(1.,0.));
#11005 = VECTOR('',#11006,1.);
#11006 = DIRECTION('',(0.,-1.));
#11007 = ( GEOMETRIC_REPRESENTATION_CONTEXT(2) 
PARAMETRIC_REPRESENTATION_CONTEXT() REPRESENTATION_CONTEXT('2D SPACE',''
  ) );
#11008 = PCURVE('',#4388,#11009);
#11009 = DEFINITIONAL_REPRESENTATION('',(#11010),#11014);
#11010 = LINE('',#11011,#11012);
#11011 = CARTESIAN_POINT('',(0.,0.));
#11012 = VECTOR('',#11013,1.);
#11013 = DIRECTION('',(0.,-1.));
#11014 = ( GEOMETRIC_REPRESENTATION_CONTEXT(2) 
PARAMETRIC_REPRESENTATION_CONTEXT() REPRESENTATION_CONTEXT('2D SPACE',''
  ) );
#11015 = ADVANCED_FACE('',(#11016),#4446,.F.);
#11016 = FACE_BOUND('',#11017,.F.);
#11017 = EDGE_LOOP('',(#11018,#11041,#11062,#11063));
#11018 = ORIENTED_EDGE('',*,*,#11019,.F.);
#11019 = EDGE_CURVE('',#11020,#10922,#11022,.T.);
#11020 = VERTEX_POINT('',#11021);
#11021 = CARTESIAN_POINT('',(37.62109375,52.793872070313,26.8));
#11022 = SURFACE_CURVE('',#11023,(#11027,#11034),.PCURVE_S1.);
#11023 = LINE('',#11024,#11025);
#11024 = CARTESIAN_POINT('',(37.62109375,52.793872070313,26.8));
#11025 = VECTOR('',#11026,1.);
#11026 = DIRECTION('',(-1.,0.,0.));
#11027 = PCURVE('',#4446,#11028);
#11028 = DEFINITIONAL_REPRESENTATION('',(#11029),#11033);
#11029 = LINE('',#11030,#11031);
#11030 = CARTESIAN_POINT('',(0.,-0.));
#11031 = VECTOR('',#11032,1.);
#11032 = DIRECTION('',(1.,0.));
#11033 = ( GEOMETRIC_REPRESENTATION_CONTEXT(2) 
PARAMETRIC_REPRESENTATION_CONTEXT() REPRESENTATION_CONTEXT('2D SPACE',''
  ) );
#11034 = PCURVE('',#10226,#11035);
#11035 = DEFINITIONAL_REPRESENTATION('',(#11036),#11040);
#11036 = LINE('',#11037,#11038);
#11037 = CARTESIAN_POINT('',(2.483154296875,0.));
#11038 = VECTOR('',#11039,1.);
#11039 = DIRECTION('',(-1.,0.));
#11040 = ( GEOMETRIC_REPRESENTATION_CONTEXT(2) 
PARAMETRIC_REPRESENTATION_CONTEXT() REPRESENTATION_CONTEXT('2D SPACE',''
  ) );
#11041 = ORIENTED_EDGE('',*,*,#11042,.T.);
#11042 = EDGE_CURVE('',#11020,#4406,#11043,.T.);
#11043 = SURFACE_CURVE('',#11044,(#11048,#11055),.PCURVE_S1.);
#11044 = LINE('',#11045,#11046);
#11045 = CARTESIAN_POINT('',(37.62109375,52.793872070313,26.8));
#11046 = VECTOR('',#11047,1.);
#11047 = DIRECTION('',(0.,0.,1.));
#11048 = PCURVE('',#4446,#11049);
#11049 = DEFINITIONAL_REPRESENTATION('',(#11050),#11054);
#11050 = LINE('',#11051,#11052);
#11051 = CARTESIAN_POINT('',(0.,-0.));
#11052 = VECTOR('',#11053,1.);
#11053 = DIRECTION('',(0.,-1.));
#11054 = ( GEOMETRIC_REPRESENTATION_CONTEXT(2) 
PARAMETRIC_REPRESENTATION_CONTEXT() REPRESENTATION_CONTEXT('2D SPACE',''
  ) );
#11055 = PCURVE('',#4420,#11056);
#11056 = DEFINITIONAL_REPRESENTATION('',(#11057),#11061);
#11057 = LINE('',#11058,#11059);
#11058 = CARTESIAN_POINT('',(0.809246960384,0.));
#11059 = VECTOR('',#11060,1.);
#11060 = DIRECTION('',(0.,-1.));
#11061 = ( GEOMETRIC_REPRESENTATION_CONTEXT(2) 
PARAMETRIC_REPRESENTATION_CONTEXT() REPRESENTATION_CONTEXT('2D SPACE',''
  ) );
#11062 = ORIENTED_EDGE('',*,*,#4431,.F.);
#11063 = ORIENTED_EDGE('',*,*,#10944,.F.);
#11064 = ADVANCED_FACE('',(#11065),#4388,.F.);
#11065 = FACE_BOUND('',#11066,.F.);
#11066 = EDGE_LOOP('',(#11067,#11090,#11091,#11092));
#11067 = ORIENTED_EDGE('',*,*,#11068,.F.);
#11068 = EDGE_CURVE('',#10971,#11069,#11071,.T.);
#11069 = VERTEX_POINT('',#11070);
#11070 = CARTESIAN_POINT('',(37.185302734375,53.475756835938,26.8));
#11071 = SURFACE_CURVE('',#11072,(#11076,#11083),.PCURVE_S1.);
#11072 = B_SPLINE_CURVE_WITH_KNOTS('',2,(#11073,#11074,#11075),
  .UNSPECIFIED.,.F.,.F.,(3,3),(0.,1.),.PIECEWISE_BEZIER_KNOTS.);
#11073 = CARTESIAN_POINT('',(36.91015625,53.809008789063,26.8));
#11074 = CARTESIAN_POINT('',(37.055419921875,53.675708007813,26.8));
#11075 = CARTESIAN_POINT('',(37.185302734375,53.475756835938,26.8));
#11076 = PCURVE('',#4388,#11077);
#11077 = DEFINITIONAL_REPRESENTATION('',(#11078),#11082);
#11078 = LINE('',#11079,#11080);
#11079 = CARTESIAN_POINT('',(0.,0.));
#11080 = VECTOR('',#11081,1.);
#11081 = DIRECTION('',(1.,0.));
#11082 = ( GEOMETRIC_REPRESENTATION_CONTEXT(2) 
PARAMETRIC_REPRESENTATION_CONTEXT() REPRESENTATION_CONTEXT('2D SPACE',''
  ) );
#11083 = PCURVE('',#10226,#11084);
#11084 = DEFINITIONAL_REPRESENTATION('',(#11085),#11089);
#11085 = B_SPLINE_CURVE_WITH_KNOTS('',2,(#11086,#11087,#11088),
  .UNSPECIFIED.,.F.,.F.,(3,3),(0.,1.),.PIECEWISE_BEZIER_KNOTS.);
#11086 = CARTESIAN_POINT('',(1.772216796875,1.01513671875));
#11087 = CARTESIAN_POINT('',(1.91748046875,0.8818359375));
#11088 = CARTESIAN_POINT('',(2.04736328125,0.681884765625));
#11089 = ( GEOMETRIC_REPRESENTATION_CONTEXT(2) 
PARAMETRIC_REPRESENTATION_CONTEXT() REPRESENTATION_CONTEXT('2D SPACE',''
  ) );
#11090 = ORIENTED_EDGE('',*,*,#10995,.T.);
#11091 = ORIENTED_EDGE('',*,*,#4366,.F.);
#11092 = ORIENTED_EDGE('',*,*,#11093,.F.);
#11093 = EDGE_CURVE('',#11069,#4367,#11094,.T.);
#11094 = SURFACE_CURVE('',#11095,(#11099,#11106),.PCURVE_S1.);
#11095 = LINE('',#11096,#11097);
#11096 = CARTESIAN_POINT('',(37.185302734375,53.475756835938,26.8));
#11097 = VECTOR('',#11098,1.);
#11098 = DIRECTION('',(0.,0.,1.));
#11099 = PCURVE('',#4388,#11100);
#11100 = DEFINITIONAL_REPRESENTATION('',(#11101),#11105);
#11101 = LINE('',#11102,#11103);
#11102 = CARTESIAN_POINT('',(1.,0.));
#11103 = VECTOR('',#11104,1.);
#11104 = DIRECTION('',(0.,-1.));
#11105 = ( GEOMETRIC_REPRESENTATION_CONTEXT(2) 
PARAMETRIC_REPRESENTATION_CONTEXT() REPRESENTATION_CONTEXT('2D SPACE',''
  ) );
#11106 = PCURVE('',#4420,#11107);
#11107 = DEFINITIONAL_REPRESENTATION('',(#11108),#11112);
#11108 = LINE('',#11109,#11110);
#11109 = CARTESIAN_POINT('',(0.,0.));
#11110 = VECTOR('',#11111,1.);
#11111 = DIRECTION('',(0.,-1.));
#11112 = ( GEOMETRIC_REPRESENTATION_CONTEXT(2) 
PARAMETRIC_REPRESENTATION_CONTEXT() REPRESENTATION_CONTEXT('2D SPACE',''
  ) );
#11113 = ADVANCED_FACE('',(#11114),#4420,.F.);
#11114 = FACE_BOUND('',#11115,.F.);
#11115 = EDGE_LOOP('',(#11116,#11137,#11138,#11139));
#11116 = ORIENTED_EDGE('',*,*,#11117,.F.);
#11117 = EDGE_CURVE('',#11069,#11020,#11118,.T.);
#11118 = SURFACE_CURVE('',#11119,(#11123,#11130),.PCURVE_S1.);
#11119 = LINE('',#11120,#11121);
#11120 = CARTESIAN_POINT('',(37.185302734375,53.475756835938,26.8));
#11121 = VECTOR('',#11122,1.);
#11122 = DIRECTION('',(0.538514244673,-0.84261640637,0.));
#11123 = PCURVE('',#4420,#11124);
#11124 = DEFINITIONAL_REPRESENTATION('',(#11125),#11129);
#11125 = LINE('',#11126,#11127);
#11126 = CARTESIAN_POINT('',(0.,0.));
#11127 = VECTOR('',#11128,1.);
#11128 = DIRECTION('',(1.,0.));
#11129 = ( GEOMETRIC_REPRESENTATION_CONTEXT(2) 
PARAMETRIC_REPRESENTATION_CONTEXT() REPRESENTATION_CONTEXT('2D SPACE',''
  ) );
#11130 = PCURVE('',#10226,#11131);
#11131 = DEFINITIONAL_REPRESENTATION('',(#11132),#11136);
#11132 = LINE('',#11133,#11134);
#11133 = CARTESIAN_POINT('',(2.04736328125,0.681884765625));
#11134 = VECTOR('',#11135,1.);
#11135 = DIRECTION('',(0.538514244673,-0.84261640637));
#11136 = ( GEOMETRIC_REPRESENTATION_CONTEXT(2) 
PARAMETRIC_REPRESENTATION_CONTEXT() REPRESENTATION_CONTEXT('2D SPACE',''
  ) );
#11137 = ORIENTED_EDGE('',*,*,#11093,.T.);
#11138 = ORIENTED_EDGE('',*,*,#4405,.F.);
#11139 = ORIENTED_EDGE('',*,*,#11042,.F.);
#11140 = ADVANCED_FACE('',(#11141),#4705,.F.);
#11141 = FACE_BOUND('',#11142,.F.);
#11142 = EDGE_LOOP('',(#11143,#11144,#11167,#11189));
#11143 = ORIENTED_EDGE('',*,*,#4688,.F.);
#11144 = ORIENTED_EDGE('',*,*,#11145,.F.);
#11145 = EDGE_CURVE('',#11146,#4689,#11148,.T.);
#11146 = VERTEX_POINT('',#11147);
#11147 = CARTESIAN_POINT('',(4.7,71.4,25.7));
#11148 = SEAM_CURVE('',#11149,(#11153,#11160),.PCURVE_S1.);
#11149 = LINE('',#11150,#11151);
#11150 = CARTESIAN_POINT('',(4.7,71.4,25.7));
#11151 = VECTOR('',#11152,1.);
#11152 = DIRECTION('',(0.,0.,1.));
#11153 = PCURVE('',#4705,#11154);
#11154 = DEFINITIONAL_REPRESENTATION('',(#11155),#11159);
#11155 = LINE('',#11156,#11157);
#11156 = CARTESIAN_POINT('',(6.28318530718,-0.));
#11157 = VECTOR('',#11158,1.);
#11158 = DIRECTION('',(0.,1.));
#11159 = ( GEOMETRIC_REPRESENTATION_CONTEXT(2) 
PARAMETRIC_REPRESENTATION_CONTEXT() REPRESENTATION_CONTEXT('2D SPACE',''
  ) );
#11160 = PCURVE('',#4705,#11161);
#11161 = DEFINITIONAL_REPRESENTATION('',(#11162),#11166);
#11162 = LINE('',#11163,#11164);
#11163 = CARTESIAN_POINT('',(0.,-0.));
#11164 = VECTOR('',#11165,1.);
#11165 = DIRECTION('',(0.,1.));
#11166 = ( GEOMETRIC_REPRESENTATION_CONTEXT(2) 
PARAMETRIC_REPRESENTATION_CONTEXT() REPRESENTATION_CONTEXT('2D SPACE',''
  ) );
#11167 = ORIENTED_EDGE('',*,*,#11168,.T.);
#11168 = EDGE_CURVE('',#11146,#11146,#11169,.T.);
#11169 = SURFACE_CURVE('',#11170,(#11175,#11182),.PCURVE_S1.);
#11170 = CIRCLE('',#11171,3.2);
#11171 = AXIS2_PLACEMENT_3D('',#11172,#11173,#11174);
#11172 = CARTESIAN_POINT('',(1.5,71.4,25.7));
#11173 = DIRECTION('',(0.,0.,1.));
#11174 = DIRECTION('',(1.,0.,-0.));
#11175 = PCURVE('',#4705,#11176);
#11176 = DEFINITIONAL_REPRESENTATION('',(#11177),#11181);
#11177 = LINE('',#11178,#11179);
#11178 = CARTESIAN_POINT('',(0.,0.));
#11179 = VECTOR('',#11180,1.);
#11180 = DIRECTION('',(1.,0.));
#11181 = ( GEOMETRIC_REPRESENTATION_CONTEXT(2) 
PARAMETRIC_REPRESENTATION_CONTEXT() REPRESENTATION_CONTEXT('2D SPACE',''
  ) );
#11182 = PCURVE('',#6393,#11183);
#11183 = DEFINITIONAL_REPRESENTATION('',(#11184),#11188);
#11184 = CIRCLE('',#11185,3.2);
#11185 = AXIS2_PLACEMENT_2D('',#11186,#11187);
#11186 = CARTESIAN_POINT('',(0.,0.));
#11187 = DIRECTION('',(1.,0.));
#11188 = ( GEOMETRIC_REPRESENTATION_CONTEXT(2) 
PARAMETRIC_REPRESENTATION_CONTEXT() REPRESENTATION_CONTEXT('2D SPACE',''
  ) );
#11189 = ORIENTED_EDGE('',*,*,#11145,.T.);
#11190 = ADVANCED_FACE('',(#11191),#4736,.F.);
#11191 = FACE_BOUND('',#11192,.F.);
#11192 = EDGE_LOOP('',(#11193,#11194,#11217,#11239));
#11193 = ORIENTED_EDGE('',*,*,#4719,.F.);
#11194 = ORIENTED_EDGE('',*,*,#11195,.F.);
#11195 = EDGE_CURVE('',#11196,#4720,#11198,.T.);
#11196 = VERTEX_POINT('',#11197);
#11197 = CARTESIAN_POINT('',(52.45,71.4,25.7));
#11198 = SEAM_CURVE('',#11199,(#11203,#11210),.PCURVE_S1.);
#11199 = LINE('',#11200,#11201);
#11200 = CARTESIAN_POINT('',(52.45,71.4,25.7));
#11201 = VECTOR('',#11202,1.);
#11202 = DIRECTION('',(0.,0.,1.));
#11203 = PCURVE('',#4736,#11204);
#11204 = DEFINITIONAL_REPRESENTATION('',(#11205),#11209);
#11205 = LINE('',#11206,#11207);
#11206 = CARTESIAN_POINT('',(6.28318530718,-0.));
#11207 = VECTOR('',#11208,1.);
#11208 = DIRECTION('',(0.,1.));
#11209 = ( GEOMETRIC_REPRESENTATION_CONTEXT(2) 
PARAMETRIC_REPRESENTATION_CONTEXT() REPRESENTATION_CONTEXT('2D SPACE',''
  ) );
#11210 = PCURVE('',#4736,#11211);
#11211 = DEFINITIONAL_REPRESENTATION('',(#11212),#11216);
#11212 = LINE('',#11213,#11214);
#11213 = CARTESIAN_POINT('',(0.,-0.));
#11214 = VECTOR('',#11215,1.);
#11215 = DIRECTION('',(0.,1.));
#11216 = ( GEOMETRIC_REPRESENTATION_CONTEXT(2) 
PARAMETRIC_REPRESENTATION_CONTEXT() REPRESENTATION_CONTEXT('2D SPACE',''
  ) );
#11217 = ORIENTED_EDGE('',*,*,#11218,.T.);
#11218 = EDGE_CURVE('',#11196,#11196,#11219,.T.);
#11219 = SURFACE_CURVE('',#11220,(#11225,#11232),.PCURVE_S1.);
#11220 = CIRCLE('',#11221,3.2);
#11221 = AXIS2_PLACEMENT_3D('',#11222,#11223,#11224);
#11222 = CARTESIAN_POINT('',(49.25,71.4,25.7));
#11223 = DIRECTION('',(0.,0.,1.));
#11224 = DIRECTION('',(1.,0.,-0.));
#11225 = PCURVE('',#4736,#11226);
#11226 = DEFINITIONAL_REPRESENTATION('',(#11227),#11231);
#11227 = LINE('',#11228,#11229);
#11228 = CARTESIAN_POINT('',(0.,0.));
#11229 = VECTOR('',#11230,1.);
#11230 = DIRECTION('',(1.,0.));
#11231 = ( GEOMETRIC_REPRESENTATION_CONTEXT(2) 
PARAMETRIC_REPRESENTATION_CONTEXT() REPRESENTATION_CONTEXT('2D SPACE',''
  ) );
#11232 = PCURVE('',#6448,#11233);
#11233 = DEFINITIONAL_REPRESENTATION('',(#11234),#11238);
#11234 = CIRCLE('',#11235,3.2);
#11235 = AXIS2_PLACEMENT_2D('',#11236,#11237);
#11236 = CARTESIAN_POINT('',(0.,0.));
#11237 = DIRECTION('',(1.,0.));
#11238 = ( GEOMETRIC_REPRESENTATION_CONTEXT(2) 
PARAMETRIC_REPRESENTATION_CONTEXT() REPRESENTATION_CONTEXT('2D SPACE',''
  ) );
#11239 = ORIENTED_EDGE('',*,*,#11195,.T.);
#11240 = ADVANCED_FACE('',(#11241),#4767,.F.);
#11241 = FACE_BOUND('',#11242,.F.);
#11242 = EDGE_LOOP('',(#11243,#11244,#11267,#11289));
#11243 = ORIENTED_EDGE('',*,*,#4750,.F.);
#11244 = ORIENTED_EDGE('',*,*,#11245,.F.);
#11245 = EDGE_CURVE('',#11246,#4751,#11248,.T.);
#11246 = VERTEX_POINT('',#11247);
#11247 = CARTESIAN_POINT('',(100.2,71.4,25.7));
#11248 = SEAM_CURVE('',#11249,(#11253,#11260),.PCURVE_S1.);
#11249 = LINE('',#11250,#11251);
#11250 = CARTESIAN_POINT('',(100.2,71.4,25.7));
#11251 = VECTOR('',#11252,1.);
#11252 = DIRECTION('',(0.,0.,1.));
#11253 = PCURVE('',#4767,#11254);
#11254 = DEFINITIONAL_REPRESENTATION('',(#11255),#11259);
#11255 = LINE('',#11256,#11257);
#11256 = CARTESIAN_POINT('',(6.28318530718,-0.));
#11257 = VECTOR('',#11258,1.);
#11258 = DIRECTION('',(0.,1.));
#11259 = ( GEOMETRIC_REPRESENTATION_CONTEXT(2) 
PARAMETRIC_REPRESENTATION_CONTEXT() REPRESENTATION_CONTEXT('2D SPACE',''
  ) );
#11260 = PCURVE('',#4767,#11261);
#11261 = DEFINITIONAL_REPRESENTATION('',(#11262),#11266);
#11262 = LINE('',#11263,#11264);
#11263 = CARTESIAN_POINT('',(0.,-0.));
#11264 = VECTOR('',#11265,1.);
#11265 = DIRECTION('',(0.,1.));
#11266 = ( GEOMETRIC_REPRESENTATION_CONTEXT(2) 
PARAMETRIC_REPRESENTATION_CONTEXT() REPRESENTATION_CONTEXT('2D SPACE',''
  ) );
#11267 = ORIENTED_EDGE('',*,*,#11268,.T.);
#11268 = EDGE_CURVE('',#11246,#11246,#11269,.T.);
#11269 = SURFACE_CURVE('',#11270,(#11275,#11282),.PCURVE_S1.);
#11270 = CIRCLE('',#11271,3.2);
#11271 = AXIS2_PLACEMENT_3D('',#11272,#11273,#11274);
#11272 = CARTESIAN_POINT('',(97.,71.4,25.7));
#11273 = DIRECTION('',(0.,0.,1.));
#11274 = DIRECTION('',(1.,0.,-0.));
#11275 = PCURVE('',#4767,#11276);
#11276 = DEFINITIONAL_REPRESENTATION('',(#11277),#11281);
#11277 = LINE('',#11278,#11279);
#11278 = CARTESIAN_POINT('',(0.,0.));
#11279 = VECTOR('',#11280,1.);
#11280 = DIRECTION('',(1.,0.));
#11281 = ( GEOMETRIC_REPRESENTATION_CONTEXT(2) 
PARAMETRIC_REPRESENTATION_CONTEXT() REPRESENTATION_CONTEXT('2D SPACE',''
  ) );
#11282 = PCURVE('',#6503,#11283);
#11283 = DEFINITIONAL_REPRESENTATION('',(#11284),#11288);
#11284 = CIRCLE('',#11285,3.2);
#11285 = AXIS2_PLACEMENT_2D('',#11286,#11287);
#11286 = CARTESIAN_POINT('',(0.,0.));
#11287 = DIRECTION('',(1.,0.));
#11288 = ( GEOMETRIC_REPRESENTATION_CONTEXT(2) 
PARAMETRIC_REPRESENTATION_CONTEXT() REPRESENTATION_CONTEXT('2D SPACE',''
  ) );
#11289 = ORIENTED_EDGE('',*,*,#11245,.T.);
#11290 = ADVANCED_FACE('',(#11291,#11294),#5001,.T.);
#11291 = FACE_BOUND('',#11292,.T.);
#11292 = EDGE_LOOP('',(#11293));
#11293 = ORIENTED_EDGE('',*,*,#6676,.T.);
#11294 = FACE_BOUND('',#11295,.T.);
#11295 = EDGE_LOOP('',(#11296));
#11296 = ORIENTED_EDGE('',*,*,#4984,.F.);
#11297 = ADVANCED_FACE('',(#11298,#11301),#5056,.T.);
#11298 = FACE_BOUND('',#11299,.T.);
#11299 = EDGE_LOOP('',(#11300));
#11300 = ORIENTED_EDGE('',*,*,#6726,.T.);
#11301 = FACE_BOUND('',#11302,.T.);
#11302 = EDGE_LOOP('',(#11303));
#11303 = ORIENTED_EDGE('',*,*,#5039,.F.);
#11304 = ADVANCED_FACE('',(#11305,#11308),#5111,.T.);
#11305 = FACE_BOUND('',#11306,.T.);
#11306 = EDGE_LOOP('',(#11307));
#11307 = ORIENTED_EDGE('',*,*,#6776,.T.);
#11308 = FACE_BOUND('',#11309,.T.);
#11309 = EDGE_LOOP('',(#11310));
#11310 = ORIENTED_EDGE('',*,*,#5094,.F.);
#11311 = ADVANCED_FACE('',(#11312,#11338),#5211,.T.);
#11312 = FACE_BOUND('',#11313,.T.);
#11313 = EDGE_LOOP('',(#11314,#11315,#11316,#11317,#11318,#11319,#11320,
    #11321,#11322,#11323,#11324,#11325,#11326,#11327,#11328,#11329,
    #11330,#11331,#11332,#11333,#11334,#11335,#11336,#11337));
#11314 = ORIENTED_EDGE('',*,*,#5300,.T.);
#11315 = ORIENTED_EDGE('',*,*,#5408,.T.);
#11316 = ORIENTED_EDGE('',*,*,#5512,.F.);
#11317 = ORIENTED_EDGE('',*,*,#5611,.T.);
#11318 = ORIENTED_EDGE('',*,*,#5710,.T.);
#11319 = ORIENTED_EDGE('',*,*,#5814,.T.);
#11320 = ORIENTED_EDGE('',*,*,#5918,.F.);
#11321 = ORIENTED_EDGE('',*,*,#6017,.T.);
#11322 = ORIENTED_EDGE('',*,*,#6116,.T.);
#11323 = ORIENTED_EDGE('',*,*,#6220,.T.);
#11324 = ORIENTED_EDGE('',*,*,#6324,.F.);
#11325 = ORIENTED_EDGE('',*,*,#6351,.T.);
#11326 = ORIENTED_EDGE('',*,*,#6270,.T.);
#11327 = ORIENTED_EDGE('',*,*,#6170,.T.);
#11328 = ORIENTED_EDGE('',*,*,#6067,.F.);
#11329 = ORIENTED_EDGE('',*,*,#5967,.T.);
#11330 = ORIENTED_EDGE('',*,*,#5864,.T.);
#11331 = ORIENTED_EDGE('',*,*,#5764,.T.);
#11332 = ORIENTED_EDGE('',*,*,#5661,.F.);
#11333 = ORIENTED_EDGE('',*,*,#5561,.T.);
#11334 = ORIENTED_EDGE('',*,*,#5458,.T.);
#11335 = ORIENTED_EDGE('',*,*,#5354,.F.);
#11336 = ORIENTED_EDGE('',*,*,#5251,.F.);
#11337 = ORIENTED_EDGE('',*,*,#5196,.T.);
#11338 = FACE_BOUND('',#11339,.T.);
#11339 = EDGE_LOOP('',(#11340,#11371,#11400,#11429,#11455,#11484,#11513,
    #11542,#11568,#11597,#11626,#11655,#11681,#11710,#11739,#11768,
    #11794,#11823,#11852,#11881,#11907,#11936,#11965,#11994));
#11340 = ORIENTED_EDGE('',*,*,#11341,.F.);
#11341 = EDGE_CURVE('',#11342,#11344,#11346,.T.);
#11342 = VERTEX_POINT('',#11343);
#11343 = CARTESIAN_POINT('',(2.75,8.895099728875,22.));
#11344 = VERTEX_POINT('',#11345);
#11345 = CARTESIAN_POINT('',(1.5,10.374119674649,22.));
#11346 = SURFACE_CURVE('',#11347,(#11352,#11359),.PCURVE_S1.);
#11347 = CIRCLE('',#11348,1.5);
#11348 = AXIS2_PLACEMENT_3D('',#11349,#11350,#11351);
#11349 = CARTESIAN_POINT('',(3.,10.374119674649,22.));
#11350 = DIRECTION('',(-0.,0.,-1.));
#11351 = DIRECTION('',(-0.,-1.,0.));
#11352 = PCURVE('',#5211,#11353);
#11353 = DEFINITIONAL_REPRESENTATION('',(#11354),#11358);
#11354 = CIRCLE('',#11355,1.5);
#11355 = AXIS2_PLACEMENT_2D('',#11356,#11357);
#11356 = CARTESIAN_POINT('',(46.25,-26.07588032535));
#11357 = DIRECTION('',(0.,-1.));
#11358 = ( GEOMETRIC_REPRESENTATION_CONTEXT(2) 
PARAMETRIC_REPRESENTATION_CONTEXT() REPRESENTATION_CONTEXT('2D SPACE',''
  ) );
#11359 = PCURVE('',#11360,#11365);
#11360 = CYLINDRICAL_SURFACE('',#11361,1.5);
#11361 = AXIS2_PLACEMENT_3D('',#11362,#11363,#11364);
#11362 = CARTESIAN_POINT('',(3.,10.374119674649,21.));
#11363 = DIRECTION('',(-0.,0.,-1.));
#11364 = DIRECTION('',(-0.,-1.,0.));
#11365 = DEFINITIONAL_REPRESENTATION('',(#11366),#11370);
#11366 = LINE('',#11367,#11368);
#11367 = CARTESIAN_POINT('',(6.28318530718,-1.));
#11368 = VECTOR('',#11369,1.);
#11369 = DIRECTION('',(1.,0.));
#11370 = ( GEOMETRIC_REPRESENTATION_CONTEXT(2) 
PARAMETRIC_REPRESENTATION_CONTEXT() REPRESENTATION_CONTEXT('2D SPACE',''
  ) );
#11371 = ORIENTED_EDGE('',*,*,#11372,.T.);
#11372 = EDGE_CURVE('',#11342,#11373,#11375,.T.);
#11373 = VERTEX_POINT('',#11374);
#11374 = CARTESIAN_POINT('',(8.895099728875,2.75,22.));
#11375 = SURFACE_CURVE('',#11376,(#11381,#11388),.PCURVE_S1.);
#11376 = CIRCLE('',#11377,7.5);
#11377 = AXIS2_PLACEMENT_3D('',#11378,#11379,#11380);
#11378 = CARTESIAN_POINT('',(1.5,1.5,22.));
#11379 = DIRECTION('',(0.,-0.,-1.));
#11380 = DIRECTION('',(0.968245836552,-0.25,0.));
#11381 = PCURVE('',#5211,#11382);
#11382 = DEFINITIONAL_REPRESENTATION('',(#11383),#11387);
#11383 = CIRCLE('',#11384,7.5);
#11384 = AXIS2_PLACEMENT_2D('',#11385,#11386);
#11385 = CARTESIAN_POINT('',(47.75,-34.95));
#11386 = DIRECTION('',(-0.968245836552,-0.25));
#11387 = ( GEOMETRIC_REPRESENTATION_CONTEXT(2) 
PARAMETRIC_REPRESENTATION_CONTEXT() REPRESENTATION_CONTEXT('2D SPACE',''
  ) );
#11388 = PCURVE('',#11389,#11394);
#11389 = CYLINDRICAL_SURFACE('',#11390,7.5);
#11390 = AXIS2_PLACEMENT_3D('',#11391,#11392,#11393);
#11391 = CARTESIAN_POINT('',(1.5,1.5,21.));
#11392 = DIRECTION('',(-0.,-0.,-1.));
#11393 = DIRECTION('',(0.968245836552,-0.25,0.));
#11394 = DEFINITIONAL_REPRESENTATION('',(#11395),#11399);
#11395 = LINE('',#11396,#11397);
#11396 = CARTESIAN_POINT('',(-12.56637061435,-1.));
#11397 = VECTOR('',#11398,1.);
#11398 = DIRECTION('',(1.,-0.));
#11399 = ( GEOMETRIC_REPRESENTATION_CONTEXT(2) 
PARAMETRIC_REPRESENTATION_CONTEXT() REPRESENTATION_CONTEXT('2D SPACE',''
  ) );
#11400 = ORIENTED_EDGE('',*,*,#11401,.F.);
#11401 = EDGE_CURVE('',#11402,#11373,#11404,.T.);
#11402 = VERTEX_POINT('',#11403);
#11403 = CARTESIAN_POINT('',(10.374119674649,1.5,22.));
#11404 = SURFACE_CURVE('',#11405,(#11410,#11417),.PCURVE_S1.);
#11405 = CIRCLE('',#11406,1.5);
#11406 = AXIS2_PLACEMENT_3D('',#11407,#11408,#11409);
#11407 = CARTESIAN_POINT('',(10.374119674649,3.,22.));
#11408 = DIRECTION('',(-0.,0.,-1.));
#11409 = DIRECTION('',(-0.,-1.,0.));
#11410 = PCURVE('',#5211,#11411);
#11411 = DEFINITIONAL_REPRESENTATION('',(#11412),#11416);
#11412 = CIRCLE('',#11413,1.5);
#11413 = AXIS2_PLACEMENT_2D('',#11414,#11415);
#11414 = CARTESIAN_POINT('',(38.875880325351,-33.45));
#11415 = DIRECTION('',(0.,-1.));
#11416 = ( GEOMETRIC_REPRESENTATION_CONTEXT(2) 
PARAMETRIC_REPRESENTATION_CONTEXT() REPRESENTATION_CONTEXT('2D SPACE',''
  ) );
#11417 = PCURVE('',#11418,#11423);
#11418 = CYLINDRICAL_SURFACE('',#11419,1.5);
#11419 = AXIS2_PLACEMENT_3D('',#11420,#11421,#11422);
#11420 = CARTESIAN_POINT('',(10.374119674649,3.,21.));
#11421 = DIRECTION('',(-0.,0.,-1.));
#11422 = DIRECTION('',(-0.,-1.,0.));
#11423 = DEFINITIONAL_REPRESENTATION('',(#11424),#11428);
#11424 = LINE('',#11425,#11426);
#11425 = CARTESIAN_POINT('',(6.28318530718,-1.));
#11426 = VECTOR('',#11427,1.);
#11427 = DIRECTION('',(1.,0.));
#11428 = ( GEOMETRIC_REPRESENTATION_CONTEXT(2) 
PARAMETRIC_REPRESENTATION_CONTEXT() REPRESENTATION_CONTEXT('2D SPACE',''
  ) );
#11429 = ORIENTED_EDGE('',*,*,#11430,.T.);
#11430 = EDGE_CURVE('',#11402,#11431,#11433,.T.);
#11431 = VERTEX_POINT('',#11432);
#11432 = CARTESIAN_POINT('',(40.375880325351,1.5,22.));
#11433 = SURFACE_CURVE('',#11434,(#11438,#11444),.PCURVE_S1.);
#11434 = LINE('',#11435,#11436);
#11435 = CARTESIAN_POINT('',(29.812059837325,1.5,22.));
#11436 = VECTOR('',#11437,1.);
#11437 = DIRECTION('',(1.,0.,-0.));
#11438 = PCURVE('',#5211,#11439);
#11439 = DEFINITIONAL_REPRESENTATION('',(#11440),#11443);
#11440 = B_SPLINE_CURVE_WITH_KNOTS('',1,(#11441,#11442),.UNSPECIFIED.,
  .F.,.F.,(2,2),(-19.43794016267,10.563820488026),
  .PIECEWISE_BEZIER_KNOTS.);
#11441 = CARTESIAN_POINT('',(38.875880325351,-34.95));
#11442 = CARTESIAN_POINT('',(8.874119674649,-34.95));
#11443 = ( GEOMETRIC_REPRESENTATION_CONTEXT(2) 
PARAMETRIC_REPRESENTATION_CONTEXT() REPRESENTATION_CONTEXT('2D SPACE',''
  ) );
#11444 = PCURVE('',#11445,#11450);
#11445 = PLANE('',#11446);
#11446 = AXIS2_PLACEMENT_3D('',#11447,#11448,#11449);
#11447 = CARTESIAN_POINT('',(10.374119674649,1.5,21.));
#11448 = DIRECTION('',(-0.,1.,0.));
#11449 = DIRECTION('',(1.,0.,-0.));
#11450 = DEFINITIONAL_REPRESENTATION('',(#11451),#11454);
#11451 = B_SPLINE_CURVE_WITH_KNOTS('',1,(#11452,#11453),.UNSPECIFIED.,
  .F.,.F.,(2,2),(-19.43794016267,10.563820488026),
  .PIECEWISE_BEZIER_KNOTS.);
#11452 = CARTESIAN_POINT('',(0.,-1.));
#11453 = CARTESIAN_POINT('',(30.001760650701,-1.));
#11454 = ( GEOMETRIC_REPRESENTATION_CONTEXT(2) 
PARAMETRIC_REPRESENTATION_CONTEXT() REPRESENTATION_CONTEXT('2D SPACE',''
  ) );
#11455 = ORIENTED_EDGE('',*,*,#11456,.F.);
#11456 = EDGE_CURVE('',#11457,#11431,#11459,.T.);
#11457 = VERTEX_POINT('',#11458);
#11458 = CARTESIAN_POINT('',(41.854900271125,2.75,22.));
#11459 = SURFACE_CURVE('',#11460,(#11465,#11472),.PCURVE_S1.);
#11460 = CIRCLE('',#11461,1.5);
#11461 = AXIS2_PLACEMENT_3D('',#11462,#11463,#11464);
#11462 = CARTESIAN_POINT('',(40.375880325351,3.,22.));
#11463 = DIRECTION('',(-0.,-0.,-1.));
#11464 = DIRECTION('',(0.,-1.,0.));
#11465 = PCURVE('',#5211,#11466);
#11466 = DEFINITIONAL_REPRESENTATION('',(#11467),#11471);
#11467 = CIRCLE('',#11468,1.5);
#11468 = AXIS2_PLACEMENT_2D('',#11469,#11470);
#11469 = CARTESIAN_POINT('',(8.874119674649,-33.45));
#11470 = DIRECTION('',(0.,-1.));
#11471 = ( GEOMETRIC_REPRESENTATION_CONTEXT(2) 
PARAMETRIC_REPRESENTATION_CONTEXT() REPRESENTATION_CONTEXT('2D SPACE',''
  ) );
#11472 = PCURVE('',#11473,#11478);
#11473 = CYLINDRICAL_SURFACE('',#11474,1.5);
#11474 = AXIS2_PLACEMENT_3D('',#11475,#11476,#11477);
#11475 = CARTESIAN_POINT('',(40.375880325351,3.,21.));
#11476 = DIRECTION('',(-0.,-0.,-1.));
#11477 = DIRECTION('',(0.,-1.,0.));
#11478 = DEFINITIONAL_REPRESENTATION('',(#11479),#11483);
#11479 = LINE('',#11480,#11481);
#11480 = CARTESIAN_POINT('',(-12.56637061435,-1.));
#11481 = VECTOR('',#11482,1.);
#11482 = DIRECTION('',(1.,-0.));
#11483 = ( GEOMETRIC_REPRESENTATION_CONTEXT(2) 
PARAMETRIC_REPRESENTATION_CONTEXT() REPRESENTATION_CONTEXT('2D SPACE',''
  ) );
#11484 = ORIENTED_EDGE('',*,*,#11485,.T.);
#11485 = EDGE_CURVE('',#11457,#11486,#11488,.T.);
#11486 = VERTEX_POINT('',#11487);
#11487 = CARTESIAN_POINT('',(56.645099728875,2.75,22.));
#11488 = SURFACE_CURVE('',#11489,(#11494,#11501),.PCURVE_S1.);
#11489 = CIRCLE('',#11490,7.5);
#11490 = AXIS2_PLACEMENT_3D('',#11491,#11492,#11493);
#11491 = CARTESIAN_POINT('',(49.25,1.5,22.));
#11492 = DIRECTION('',(0.,-0.,-1.));
#11493 = DIRECTION('',(0.968245836552,-0.25,0.));
#11494 = PCURVE('',#5211,#11495);
#11495 = DEFINITIONAL_REPRESENTATION('',(#11496),#11500);
#11496 = CIRCLE('',#11497,7.5);
#11497 = AXIS2_PLACEMENT_2D('',#11498,#11499);
#11498 = CARTESIAN_POINT('',(-1.42108547152E-14,-34.95));
#11499 = DIRECTION('',(-0.968245836552,-0.25));
#11500 = ( GEOMETRIC_REPRESENTATION_CONTEXT(2) 
PARAMETRIC_REPRESENTATION_CONTEXT() REPRESENTATION_CONTEXT('2D SPACE',''
  ) );
#11501 = PCURVE('',#11502,#11507);
#11502 = CYLINDRICAL_SURFACE('',#11503,7.5);
#11503 = AXIS2_PLACEMENT_3D('',#11504,#11505,#11506);
#11504 = CARTESIAN_POINT('',(49.25,1.5,21.));
#11505 = DIRECTION('',(-0.,-0.,-1.));
#11506 = DIRECTION('',(0.968245836552,-0.25,0.));
#11507 = DEFINITIONAL_REPRESENTATION('',(#11508),#11512);
#11508 = LINE('',#11509,#11510);
#11509 = CARTESIAN_POINT('',(-12.56637061435,-1.));
#11510 = VECTOR('',#11511,1.);
#11511 = DIRECTION('',(1.,-0.));
#11512 = ( GEOMETRIC_REPRESENTATION_CONTEXT(2) 
PARAMETRIC_REPRESENTATION_CONTEXT() REPRESENTATION_CONTEXT('2D SPACE',''
  ) );
#11513 = ORIENTED_EDGE('',*,*,#11514,.F.);
#11514 = EDGE_CURVE('',#11515,#11486,#11517,.T.);
#11515 = VERTEX_POINT('',#11516);
#11516 = CARTESIAN_POINT('',(58.124119674649,1.5,22.));
#11517 = SURFACE_CURVE('',#11518,(#11523,#11530),.PCURVE_S1.);
#11518 = CIRCLE('',#11519,1.5);
#11519 = AXIS2_PLACEMENT_3D('',#11520,#11521,#11522);
#11520 = CARTESIAN_POINT('',(58.124119674649,3.,22.));
#11521 = DIRECTION('',(-0.,0.,-1.));
#11522 = DIRECTION('',(-0.,-1.,0.));
#11523 = PCURVE('',#5211,#11524);
#11524 = DEFINITIONAL_REPRESENTATION('',(#11525),#11529);
#11525 = CIRCLE('',#11526,1.5);
#11526 = AXIS2_PLACEMENT_2D('',#11527,#11528);
#11527 = CARTESIAN_POINT('',(-8.874119674649,-33.45));
#11528 = DIRECTION('',(0.,-1.));
#11529 = ( GEOMETRIC_REPRESENTATION_CONTEXT(2) 
PARAMETRIC_REPRESENTATION_CONTEXT() REPRESENTATION_CONTEXT('2D SPACE',''
  ) );
#11530 = PCURVE('',#11531,#11536);
#11531 = CYLINDRICAL_SURFACE('',#11532,1.5);
#11532 = AXIS2_PLACEMENT_3D('',#11533,#11534,#11535);
#11533 = CARTESIAN_POINT('',(58.124119674649,3.,21.));
#11534 = DIRECTION('',(-0.,0.,-1.));
#11535 = DIRECTION('',(-0.,-1.,0.));
#11536 = DEFINITIONAL_REPRESENTATION('',(#11537),#11541);
#11537 = LINE('',#11538,#11539);
#11538 = CARTESIAN_POINT('',(6.28318530718,-1.));
#11539 = VECTOR('',#11540,1.);
#11540 = DIRECTION('',(1.,0.));
#11541 = ( GEOMETRIC_REPRESENTATION_CONTEXT(2) 
PARAMETRIC_REPRESENTATION_CONTEXT() REPRESENTATION_CONTEXT('2D SPACE',''
  ) );
#11542 = ORIENTED_EDGE('',*,*,#11543,.T.);
#11543 = EDGE_CURVE('',#11515,#11544,#11546,.T.);
#11544 = VERTEX_POINT('',#11545);
#11545 = CARTESIAN_POINT('',(88.125880325351,1.5,22.));
#11546 = SURFACE_CURVE('',#11547,(#11551,#11557),.PCURVE_S1.);
#11547 = LINE('',#11548,#11549);
#11548 = CARTESIAN_POINT('',(53.687059837325,1.5,22.));
#11549 = VECTOR('',#11550,1.);
#11550 = DIRECTION('',(1.,0.,-0.));
#11551 = PCURVE('',#5211,#11552);
#11552 = DEFINITIONAL_REPRESENTATION('',(#11553),#11556);
#11553 = B_SPLINE_CURVE_WITH_KNOTS('',1,(#11554,#11555),.UNSPECIFIED.,
  .F.,.F.,(2,2),(4.437059837325,34.438820488026),
  .PIECEWISE_BEZIER_KNOTS.);
#11554 = CARTESIAN_POINT('',(-8.874119674649,-34.95));
#11555 = CARTESIAN_POINT('',(-38.87588032535,-34.95));
#11556 = ( GEOMETRIC_REPRESENTATION_CONTEXT(2) 
PARAMETRIC_REPRESENTATION_CONTEXT() REPRESENTATION_CONTEXT('2D SPACE',''
  ) );
#11557 = PCURVE('',#11558,#11563);
#11558 = PLANE('',#11559);
#11559 = AXIS2_PLACEMENT_3D('',#11560,#11561,#11562);
#11560 = CARTESIAN_POINT('',(58.124119674649,1.5,21.));
#11561 = DIRECTION('',(-0.,1.,0.));
#11562 = DIRECTION('',(1.,0.,-0.));
#11563 = DEFINITIONAL_REPRESENTATION('',(#11564),#11567);
#11564 = B_SPLINE_CURVE_WITH_KNOTS('',1,(#11565,#11566),.UNSPECIFIED.,
  .F.,.F.,(2,2),(4.437059837325,34.438820488026),
  .PIECEWISE_BEZIER_KNOTS.);
#11565 = CARTESIAN_POINT('',(0.,-1.));
#11566 = CARTESIAN_POINT('',(30.001760650701,-1.));
#11567 = ( GEOMETRIC_REPRESENTATION_CONTEXT(2) 
PARAMETRIC_REPRESENTATION_CONTEXT() REPRESENTATION_CONTEXT('2D SPACE',''
  ) );
#11568 = ORIENTED_EDGE('',*,*,#11569,.F.);
#11569 = EDGE_CURVE('',#11570,#11544,#11572,.T.);
#11570 = VERTEX_POINT('',#11571);
#11571 = CARTESIAN_POINT('',(89.604900271125,2.75,22.));
#11572 = SURFACE_CURVE('',#11573,(#11578,#11585),.PCURVE_S1.);
#11573 = CIRCLE('',#11574,1.5);
#11574 = AXIS2_PLACEMENT_3D('',#11575,#11576,#11577);
#11575 = CARTESIAN_POINT('',(88.125880325351,3.,22.));
#11576 = DIRECTION('',(-0.,0.,-1.));
#11577 = DIRECTION('',(-0.,-1.,0.));
#11578 = PCURVE('',#5211,#11579);
#11579 = DEFINITIONAL_REPRESENTATION('',(#11580),#11584);
#11580 = CIRCLE('',#11581,1.5);
#11581 = AXIS2_PLACEMENT_2D('',#11582,#11583);
#11582 = CARTESIAN_POINT('',(-38.87588032535,-33.45));
#11583 = DIRECTION('',(0.,-1.));
#11584 = ( GEOMETRIC_REPRESENTATION_CONTEXT(2) 
PARAMETRIC_REPRESENTATION_CONTEXT() REPRESENTATION_CONTEXT('2D SPACE',''
  ) );
#11585 = PCURVE('',#11586,#11591);
#11586 = CYLINDRICAL_SURFACE('',#11587,1.5);
#11587 = AXIS2_PLACEMENT_3D('',#11588,#11589,#11590);
#11588 = CARTESIAN_POINT('',(88.125880325351,3.,21.));
#11589 = DIRECTION('',(-0.,0.,-1.));
#11590 = DIRECTION('',(-0.,-1.,0.));
#11591 = DEFINITIONAL_REPRESENTATION('',(#11592),#11596);
#11592 = LINE('',#11593,#11594);
#11593 = CARTESIAN_POINT('',(1.7763568394E-15,-1.));
#11594 = VECTOR('',#11595,1.);
#11595 = DIRECTION('',(1.,0.));
#11596 = ( GEOMETRIC_REPRESENTATION_CONTEXT(2) 
PARAMETRIC_REPRESENTATION_CONTEXT() REPRESENTATION_CONTEXT('2D SPACE',''
  ) );
#11597 = ORIENTED_EDGE('',*,*,#11598,.T.);
#11598 = EDGE_CURVE('',#11570,#11599,#11601,.T.);
#11599 = VERTEX_POINT('',#11600);
#11600 = CARTESIAN_POINT('',(95.75,8.895099728875,22.));
#11601 = SURFACE_CURVE('',#11602,(#11607,#11614),.PCURVE_S1.);
#11602 = CIRCLE('',#11603,7.5);
#11603 = AXIS2_PLACEMENT_3D('',#11604,#11605,#11606);
#11604 = CARTESIAN_POINT('',(97.,1.5,22.));
#11605 = DIRECTION('',(0.,0.,-1.));
#11606 = DIRECTION('',(1.,0.,0.));
#11607 = PCURVE('',#5211,#11608);
#11608 = DEFINITIONAL_REPRESENTATION('',(#11609),#11613);
#11609 = CIRCLE('',#11610,7.5);
#11610 = AXIS2_PLACEMENT_2D('',#11611,#11612);
#11611 = CARTESIAN_POINT('',(-47.75,-34.95));
#11612 = DIRECTION('',(-1.,0.));
#11613 = ( GEOMETRIC_REPRESENTATION_CONTEXT(2) 
PARAMETRIC_REPRESENTATION_CONTEXT() REPRESENTATION_CONTEXT('2D SPACE',''
  ) );
#11614 = PCURVE('',#11615,#11620);
#11615 = CYLINDRICAL_SURFACE('',#11616,7.5);
#11616 = AXIS2_PLACEMENT_3D('',#11617,#11618,#11619);
#11617 = CARTESIAN_POINT('',(97.,1.5,21.));
#11618 = DIRECTION('',(-0.,0.,-1.));
#11619 = DIRECTION('',(1.,0.,0.));
#11620 = DEFINITIONAL_REPRESENTATION('',(#11621),#11625);
#11621 = LINE('',#11622,#11623);
#11622 = CARTESIAN_POINT('',(-6.28318530718,-1.));
#11623 = VECTOR('',#11624,1.);
#11624 = DIRECTION('',(1.,-0.));
#11625 = ( GEOMETRIC_REPRESENTATION_CONTEXT(2) 
PARAMETRIC_REPRESENTATION_CONTEXT() REPRESENTATION_CONTEXT('2D SPACE',''
  ) );
#11626 = ORIENTED_EDGE('',*,*,#11627,.F.);
#11627 = EDGE_CURVE('',#11628,#11599,#11630,.T.);
#11628 = VERTEX_POINT('',#11629);
#11629 = CARTESIAN_POINT('',(97.,10.374119674649,22.));
#11630 = SURFACE_CURVE('',#11631,(#11636,#11643),.PCURVE_S1.);
#11631 = CIRCLE('',#11632,1.5);
#11632 = AXIS2_PLACEMENT_3D('',#11633,#11634,#11635);
#11633 = CARTESIAN_POINT('',(95.5,10.374119674649,22.));
#11634 = DIRECTION('',(-0.,0.,-1.));
#11635 = DIRECTION('',(-0.,-1.,0.));
#11636 = PCURVE('',#5211,#11637);
#11637 = DEFINITIONAL_REPRESENTATION('',(#11638),#11642);
#11638 = CIRCLE('',#11639,1.5);
#11639 = AXIS2_PLACEMENT_2D('',#11640,#11641);
#11640 = CARTESIAN_POINT('',(-46.25,-26.07588032535));
#11641 = DIRECTION('',(0.,-1.));
#11642 = ( GEOMETRIC_REPRESENTATION_CONTEXT(2) 
PARAMETRIC_REPRESENTATION_CONTEXT() REPRESENTATION_CONTEXT('2D SPACE',''
  ) );
#11643 = PCURVE('',#11644,#11649);
#11644 = CYLINDRICAL_SURFACE('',#11645,1.5);
#11645 = AXIS2_PLACEMENT_3D('',#11646,#11647,#11648);
#11646 = CARTESIAN_POINT('',(95.5,10.374119674649,21.));
#11647 = DIRECTION('',(-0.,0.,-1.));
#11648 = DIRECTION('',(-0.,-1.,0.));
#11649 = DEFINITIONAL_REPRESENTATION('',(#11650),#11654);
#11650 = LINE('',#11651,#11652);
#11651 = CARTESIAN_POINT('',(0.,-1.));
#11652 = VECTOR('',#11653,1.);
#11653 = DIRECTION('',(1.,0.));
#11654 = ( GEOMETRIC_REPRESENTATION_CONTEXT(2) 
PARAMETRIC_REPRESENTATION_CONTEXT() REPRESENTATION_CONTEXT('2D SPACE',''
  ) );
#11655 = ORIENTED_EDGE('',*,*,#11656,.T.);
#11656 = EDGE_CURVE('',#11628,#11657,#11659,.T.);
#11657 = VERTEX_POINT('',#11658);
#11658 = CARTESIAN_POINT('',(97.,62.525880325351,22.));
#11659 = SURFACE_CURVE('',#11660,(#11664,#11670),.PCURVE_S1.);
#11660 = LINE('',#11661,#11662);
#11661 = CARTESIAN_POINT('',(97.,23.412059837325,22.));
#11662 = VECTOR('',#11663,1.);
#11663 = DIRECTION('',(0.,1.,-0.));
#11664 = PCURVE('',#5211,#11665);
#11665 = DEFINITIONAL_REPRESENTATION('',(#11666),#11669);
#11666 = B_SPLINE_CURVE_WITH_KNOTS('',1,(#11667,#11668),.UNSPECIFIED.,
  .F.,.F.,(2,2),(-13.03794016267,39.113820488026),
  .PIECEWISE_BEZIER_KNOTS.);
#11667 = CARTESIAN_POINT('',(-47.75,-26.07588032535));
#11668 = CARTESIAN_POINT('',(-47.75,26.075880325351));
#11669 = ( GEOMETRIC_REPRESENTATION_CONTEXT(2) 
PARAMETRIC_REPRESENTATION_CONTEXT() REPRESENTATION_CONTEXT('2D SPACE',''
  ) );
#11670 = PCURVE('',#11671,#11676);
#11671 = PLANE('',#11672);
#11672 = AXIS2_PLACEMENT_3D('',#11673,#11674,#11675);
#11673 = CARTESIAN_POINT('',(97.,10.374119674649,21.));
#11674 = DIRECTION('',(-1.,0.,0.));
#11675 = DIRECTION('',(0.,1.,0.));
#11676 = DEFINITIONAL_REPRESENTATION('',(#11677),#11680);
#11677 = B_SPLINE_CURVE_WITH_KNOTS('',1,(#11678,#11679),.UNSPECIFIED.,
  .F.,.F.,(2,2),(-13.03794016267,39.113820488026),
  .PIECEWISE_BEZIER_KNOTS.);
#11678 = CARTESIAN_POINT('',(0.,-1.));
#11679 = CARTESIAN_POINT('',(52.151760650701,-1.));
#11680 = ( GEOMETRIC_REPRESENTATION_CONTEXT(2) 
PARAMETRIC_REPRESENTATION_CONTEXT() REPRESENTATION_CONTEXT('2D SPACE',''
  ) );
#11681 = ORIENTED_EDGE('',*,*,#11682,.F.);
#11682 = EDGE_CURVE('',#11683,#11657,#11685,.T.);
#11683 = VERTEX_POINT('',#11684);
#11684 = CARTESIAN_POINT('',(95.75,64.004900271125,22.));
#11685 = SURFACE_CURVE('',#11686,(#11691,#11698),.PCURVE_S1.);
#11686 = CIRCLE('',#11687,1.5);
#11687 = AXIS2_PLACEMENT_3D('',#11688,#11689,#11690);
#11688 = CARTESIAN_POINT('',(95.5,62.525880325351,22.));
#11689 = DIRECTION('',(-0.,0.,-1.));
#11690 = DIRECTION('',(-0.,-1.,0.));
#11691 = PCURVE('',#5211,#11692);
#11692 = DEFINITIONAL_REPRESENTATION('',(#11693),#11697);
#11693 = CIRCLE('',#11694,1.5);
#11694 = AXIS2_PLACEMENT_2D('',#11695,#11696);
#11695 = CARTESIAN_POINT('',(-46.25,26.075880325351));
#11696 = DIRECTION('',(0.,-1.));
#11697 = ( GEOMETRIC_REPRESENTATION_CONTEXT(2) 
PARAMETRIC_REPRESENTATION_CONTEXT() REPRESENTATION_CONTEXT('2D SPACE',''
  ) );
#11698 = PCURVE('',#11699,#11704);
#11699 = CYLINDRICAL_SURFACE('',#11700,1.5);
#11700 = AXIS2_PLACEMENT_3D('',#11701,#11702,#11703);
#11701 = CARTESIAN_POINT('',(95.5,62.525880325351,21.));
#11702 = DIRECTION('',(-0.,0.,-1.));
#11703 = DIRECTION('',(-0.,-1.,0.));
#11704 = DEFINITIONAL_REPRESENTATION('',(#11705),#11709);
#11705 = LINE('',#11706,#11707);
#11706 = CARTESIAN_POINT('',(0.,-1.));
#11707 = VECTOR('',#11708,1.);
#11708 = DIRECTION('',(1.,0.));
#11709 = ( GEOMETRIC_REPRESENTATION_CONTEXT(2) 
PARAMETRIC_REPRESENTATION_CONTEXT() REPRESENTATION_CONTEXT('2D SPACE',''
  ) );
#11710 = ORIENTED_EDGE('',*,*,#11711,.T.);
#11711 = EDGE_CURVE('',#11683,#11712,#11714,.T.);
#11712 = VERTEX_POINT('',#11713);
#11713 = CARTESIAN_POINT('',(89.604900271125,70.15,22.));
#11714 = SURFACE_CURVE('',#11715,(#11720,#11727),.PCURVE_S1.);
#11715 = CIRCLE('',#11716,7.5);
#11716 = AXIS2_PLACEMENT_3D('',#11717,#11718,#11719);
#11717 = CARTESIAN_POINT('',(97.,71.4,22.));
#11718 = DIRECTION('',(0.,0.,-1.));
#11719 = DIRECTION('',(1.,0.,0.));
#11720 = PCURVE('',#5211,#11721);
#11721 = DEFINITIONAL_REPRESENTATION('',(#11722),#11726);
#11722 = CIRCLE('',#11723,7.5);
#11723 = AXIS2_PLACEMENT_2D('',#11724,#11725);
#11724 = CARTESIAN_POINT('',(-47.75,34.95));
#11725 = DIRECTION('',(-1.,0.));
#11726 = ( GEOMETRIC_REPRESENTATION_CONTEXT(2) 
PARAMETRIC_REPRESENTATION_CONTEXT() REPRESENTATION_CONTEXT('2D SPACE',''
  ) );
#11727 = PCURVE('',#11728,#11733);
#11728 = CYLINDRICAL_SURFACE('',#11729,7.5);
#11729 = AXIS2_PLACEMENT_3D('',#11730,#11731,#11732);
#11730 = CARTESIAN_POINT('',(97.,71.4,21.));
#11731 = DIRECTION('',(-0.,0.,-1.));
#11732 = DIRECTION('',(1.,0.,0.));
#11733 = DEFINITIONAL_REPRESENTATION('',(#11734),#11738);
#11734 = LINE('',#11735,#11736);
#11735 = CARTESIAN_POINT('',(-6.28318530718,-1.));
#11736 = VECTOR('',#11737,1.);
#11737 = DIRECTION('',(1.,-0.));
#11738 = ( GEOMETRIC_REPRESENTATION_CONTEXT(2) 
PARAMETRIC_REPRESENTATION_CONTEXT() REPRESENTATION_CONTEXT('2D SPACE',''
  ) );
#11739 = ORIENTED_EDGE('',*,*,#11740,.F.);
#11740 = EDGE_CURVE('',#11741,#11712,#11743,.T.);
#11741 = VERTEX_POINT('',#11742);
#11742 = CARTESIAN_POINT('',(88.125880325351,71.4,22.));
#11743 = SURFACE_CURVE('',#11744,(#11749,#11756),.PCURVE_S1.);
#11744 = CIRCLE('',#11745,1.5);
#11745 = AXIS2_PLACEMENT_3D('',#11746,#11747,#11748);
#11746 = CARTESIAN_POINT('',(88.125880325351,69.9,22.));
#11747 = DIRECTION('',(-0.,0.,-1.));
#11748 = DIRECTION('',(-0.,-1.,0.));
#11749 = PCURVE('',#5211,#11750);
#11750 = DEFINITIONAL_REPRESENTATION('',(#11751),#11755);
#11751 = CIRCLE('',#11752,1.5);
#11752 = AXIS2_PLACEMENT_2D('',#11753,#11754);
#11753 = CARTESIAN_POINT('',(-38.87588032535,33.45));
#11754 = DIRECTION('',(0.,-1.));
#11755 = ( GEOMETRIC_REPRESENTATION_CONTEXT(2) 
PARAMETRIC_REPRESENTATION_CONTEXT() REPRESENTATION_CONTEXT('2D SPACE',''
  ) );
#11756 = PCURVE('',#11757,#11762);
#11757 = CYLINDRICAL_SURFACE('',#11758,1.5);
#11758 = AXIS2_PLACEMENT_3D('',#11759,#11760,#11761);
#11759 = CARTESIAN_POINT('',(88.125880325351,69.9,21.));
#11760 = DIRECTION('',(-0.,0.,-1.));
#11761 = DIRECTION('',(-0.,-1.,0.));
#11762 = DEFINITIONAL_REPRESENTATION('',(#11763),#11767);
#11763 = LINE('',#11764,#11765);
#11764 = CARTESIAN_POINT('',(0.,-1.));
#11765 = VECTOR('',#11766,1.);
#11766 = DIRECTION('',(1.,0.));
#11767 = ( GEOMETRIC_REPRESENTATION_CONTEXT(2) 
PARAMETRIC_REPRESENTATION_CONTEXT() REPRESENTATION_CONTEXT('2D SPACE',''
  ) );
#11768 = ORIENTED_EDGE('',*,*,#11769,.T.);
#11769 = EDGE_CURVE('',#11741,#11770,#11772,.T.);
#11770 = VERTEX_POINT('',#11771);
#11771 = CARTESIAN_POINT('',(58.124119674649,71.4,22.));
#11772 = SURFACE_CURVE('',#11773,(#11777,#11783),.PCURVE_S1.);
#11773 = LINE('',#11774,#11775);
#11774 = CARTESIAN_POINT('',(68.687940162675,71.4,22.));
#11775 = VECTOR('',#11776,1.);
#11776 = DIRECTION('',(-1.,0.,0.));
#11777 = PCURVE('',#5211,#11778);
#11778 = DEFINITIONAL_REPRESENTATION('',(#11779),#11782);
#11779 = B_SPLINE_CURVE_WITH_KNOTS('',1,(#11780,#11781),.UNSPECIFIED.,
  .F.,.F.,(2,2),(-19.43794016267,10.563820488026),
  .PIECEWISE_BEZIER_KNOTS.);
#11780 = CARTESIAN_POINT('',(-38.87588032535,34.95));
#11781 = CARTESIAN_POINT('',(-8.874119674649,34.95));
#11782 = ( GEOMETRIC_REPRESENTATION_CONTEXT(2) 
PARAMETRIC_REPRESENTATION_CONTEXT() REPRESENTATION_CONTEXT('2D SPACE',''
  ) );
#11783 = PCURVE('',#11784,#11789);
#11784 = PLANE('',#11785);
#11785 = AXIS2_PLACEMENT_3D('',#11786,#11787,#11788);
#11786 = CARTESIAN_POINT('',(88.125880325351,71.4,21.));
#11787 = DIRECTION('',(0.,-1.,0.));
#11788 = DIRECTION('',(-1.,0.,0.));
#11789 = DEFINITIONAL_REPRESENTATION('',(#11790),#11793);
#11790 = B_SPLINE_CURVE_WITH_KNOTS('',1,(#11791,#11792),.UNSPECIFIED.,
  .F.,.F.,(2,2),(-19.43794016267,10.563820488026),
  .PIECEWISE_BEZIER_KNOTS.);
#11791 = CARTESIAN_POINT('',(0.,-1.));
#11792 = CARTESIAN_POINT('',(30.001760650701,-1.));
#11793 = ( GEOMETRIC_REPRESENTATION_CONTEXT(2) 
PARAMETRIC_REPRESENTATION_CONTEXT() REPRESENTATION_CONTEXT('2D SPACE',''
  ) );
#11794 = ORIENTED_EDGE('',*,*,#11795,.F.);
#11795 = EDGE_CURVE('',#11796,#11770,#11798,.T.);
#11796 = VERTEX_POINT('',#11797);
#11797 = CARTESIAN_POINT('',(56.645099728875,70.15,22.));
#11798 = SURFACE_CURVE('',#11799,(#11804,#11811),.PCURVE_S1.);
#11799 = CIRCLE('',#11800,1.5);
#11800 = AXIS2_PLACEMENT_3D('',#11801,#11802,#11803);
#11801 = CARTESIAN_POINT('',(58.124119674649,69.9,22.));
#11802 = DIRECTION('',(-0.,0.,-1.));
#11803 = DIRECTION('',(-0.,-1.,0.));
#11804 = PCURVE('',#5211,#11805);
#11805 = DEFINITIONAL_REPRESENTATION('',(#11806),#11810);
#11806 = CIRCLE('',#11807,1.5);
#11807 = AXIS2_PLACEMENT_2D('',#11808,#11809);
#11808 = CARTESIAN_POINT('',(-8.874119674649,33.45));
#11809 = DIRECTION('',(0.,-1.));
#11810 = ( GEOMETRIC_REPRESENTATION_CONTEXT(2) 
PARAMETRIC_REPRESENTATION_CONTEXT() REPRESENTATION_CONTEXT('2D SPACE',''
  ) );
#11811 = PCURVE('',#11812,#11817);
#11812 = CYLINDRICAL_SURFACE('',#11813,1.5);
#11813 = AXIS2_PLACEMENT_3D('',#11814,#11815,#11816);
#11814 = CARTESIAN_POINT('',(58.124119674649,69.9,21.));
#11815 = DIRECTION('',(-0.,0.,-1.));
#11816 = DIRECTION('',(-0.,-1.,0.));
#11817 = DEFINITIONAL_REPRESENTATION('',(#11818),#11822);
#11818 = LINE('',#11819,#11820);
#11819 = CARTESIAN_POINT('',(0.,-1.));
#11820 = VECTOR('',#11821,1.);
#11821 = DIRECTION('',(1.,0.));
#11822 = ( GEOMETRIC_REPRESENTATION_CONTEXT(2) 
PARAMETRIC_REPRESENTATION_CONTEXT() REPRESENTATION_CONTEXT('2D SPACE',''
  ) );
#11823 = ORIENTED_EDGE('',*,*,#11824,.T.);
#11824 = EDGE_CURVE('',#11796,#11825,#11827,.T.);
#11825 = VERTEX_POINT('',#11826);
#11826 = CARTESIAN_POINT('',(41.854900271125,70.15,22.));
#11827 = SURFACE_CURVE('',#11828,(#11833,#11840),.PCURVE_S1.);
#11828 = CIRCLE('',#11829,7.5);
#11829 = AXIS2_PLACEMENT_3D('',#11830,#11831,#11832);
#11830 = CARTESIAN_POINT('',(49.25,71.4,22.));
#11831 = DIRECTION('',(-0.,0.,-1.));
#11832 = DIRECTION('',(-0.968245836552,0.25,0.));
#11833 = PCURVE('',#5211,#11834);
#11834 = DEFINITIONAL_REPRESENTATION('',(#11835),#11839);
#11835 = CIRCLE('',#11836,7.5);
#11836 = AXIS2_PLACEMENT_2D('',#11837,#11838);
#11837 = CARTESIAN_POINT('',(-1.42108547152E-14,34.95));
#11838 = DIRECTION('',(0.968245836552,0.25));
#11839 = ( GEOMETRIC_REPRESENTATION_CONTEXT(2) 
PARAMETRIC_REPRESENTATION_CONTEXT() REPRESENTATION_CONTEXT('2D SPACE',''
  ) );
#11840 = PCURVE('',#11841,#11846);
#11841 = CYLINDRICAL_SURFACE('',#11842,7.5);
#11842 = AXIS2_PLACEMENT_3D('',#11843,#11844,#11845);
#11843 = CARTESIAN_POINT('',(49.25,71.4,21.));
#11844 = DIRECTION('',(-0.,-0.,-1.));
#11845 = DIRECTION('',(-0.968245836552,0.25,0.));
#11846 = DEFINITIONAL_REPRESENTATION('',(#11847),#11851);
#11847 = LINE('',#11848,#11849);
#11848 = CARTESIAN_POINT('',(-12.56637061435,-1.));
#11849 = VECTOR('',#11850,1.);
#11850 = DIRECTION('',(1.,-0.));
#11851 = ( GEOMETRIC_REPRESENTATION_CONTEXT(2) 
PARAMETRIC_REPRESENTATION_CONTEXT() REPRESENTATION_CONTEXT('2D SPACE',''
  ) );
#11852 = ORIENTED_EDGE('',*,*,#11853,.F.);
#11853 = EDGE_CURVE('',#11854,#11825,#11856,.T.);
#11854 = VERTEX_POINT('',#11855);
#11855 = CARTESIAN_POINT('',(40.375880325351,71.4,22.));
#11856 = SURFACE_CURVE('',#11857,(#11862,#11869),.PCURVE_S1.);
#11857 = CIRCLE('',#11858,1.5);
#11858 = AXIS2_PLACEMENT_3D('',#11859,#11860,#11861);
#11859 = CARTESIAN_POINT('',(40.375880325351,69.9,22.));
#11860 = DIRECTION('',(-0.,0.,-1.));
#11861 = DIRECTION('',(-0.,-1.,0.));
#11862 = PCURVE('',#5211,#11863);
#11863 = DEFINITIONAL_REPRESENTATION('',(#11864),#11868);
#11864 = CIRCLE('',#11865,1.5);
#11865 = AXIS2_PLACEMENT_2D('',#11866,#11867);
#11866 = CARTESIAN_POINT('',(8.874119674649,33.45));
#11867 = DIRECTION('',(0.,-1.));
#11868 = ( GEOMETRIC_REPRESENTATION_CONTEXT(2) 
PARAMETRIC_REPRESENTATION_CONTEXT() REPRESENTATION_CONTEXT('2D SPACE',''
  ) );
#11869 = PCURVE('',#11870,#11875);
#11870 = CYLINDRICAL_SURFACE('',#11871,1.5);
#11871 = AXIS2_PLACEMENT_3D('',#11872,#11873,#11874);
#11872 = CARTESIAN_POINT('',(40.375880325351,69.9,21.));
#11873 = DIRECTION('',(-0.,0.,-1.));
#11874 = DIRECTION('',(-0.,-1.,0.));
#11875 = DEFINITIONAL_REPRESENTATION('',(#11876),#11880);
#11876 = LINE('',#11877,#11878);
#11877 = CARTESIAN_POINT('',(0.,-1.));
#11878 = VECTOR('',#11879,1.);
#11879 = DIRECTION('',(1.,0.));
#11880 = ( GEOMETRIC_REPRESENTATION_CONTEXT(2) 
PARAMETRIC_REPRESENTATION_CONTEXT() REPRESENTATION_CONTEXT('2D SPACE',''
  ) );
#11881 = ORIENTED_EDGE('',*,*,#11882,.T.);
#11882 = EDGE_CURVE('',#11854,#11883,#11885,.T.);
#11883 = VERTEX_POINT('',#11884);
#11884 = CARTESIAN_POINT('',(10.374119674649,71.4,22.));
#11885 = SURFACE_CURVE('',#11886,(#11890,#11896),.PCURVE_S1.);
#11886 = LINE('',#11887,#11888);
#11887 = CARTESIAN_POINT('',(44.812940162675,71.4,22.));
#11888 = VECTOR('',#11889,1.);
#11889 = DIRECTION('',(-1.,0.,0.));
#11890 = PCURVE('',#5211,#11891);
#11891 = DEFINITIONAL_REPRESENTATION('',(#11892),#11895);
#11892 = B_SPLINE_CURVE_WITH_KNOTS('',1,(#11893,#11894),.UNSPECIFIED.,
  .F.,.F.,(2,2),(4.437059837325,34.438820488026),
  .PIECEWISE_BEZIER_KNOTS.);
#11893 = CARTESIAN_POINT('',(8.874119674649,34.95));
#11894 = CARTESIAN_POINT('',(38.875880325351,34.95));
#11895 = ( GEOMETRIC_REPRESENTATION_CONTEXT(2) 
PARAMETRIC_REPRESENTATION_CONTEXT() REPRESENTATION_CONTEXT('2D SPACE',''
  ) );
#11896 = PCURVE('',#11897,#11902);
#11897 = PLANE('',#11898);
#11898 = AXIS2_PLACEMENT_3D('',#11899,#11900,#11901);
#11899 = CARTESIAN_POINT('',(40.375880325351,71.4,21.));
#11900 = DIRECTION('',(0.,-1.,0.));
#11901 = DIRECTION('',(-1.,0.,0.));
#11902 = DEFINITIONAL_REPRESENTATION('',(#11903),#11906);
#11903 = B_SPLINE_CURVE_WITH_KNOTS('',1,(#11904,#11905),.UNSPECIFIED.,
  .F.,.F.,(2,2),(4.437059837325,34.438820488026),
  .PIECEWISE_BEZIER_KNOTS.);
#11904 = CARTESIAN_POINT('',(0.,-1.));
#11905 = CARTESIAN_POINT('',(30.001760650701,-1.));
#11906 = ( GEOMETRIC_REPRESENTATION_CONTEXT(2) 
PARAMETRIC_REPRESENTATION_CONTEXT() REPRESENTATION_CONTEXT('2D SPACE',''
  ) );
#11907 = ORIENTED_EDGE('',*,*,#11908,.F.);
#11908 = EDGE_CURVE('',#11909,#11883,#11911,.T.);
#11909 = VERTEX_POINT('',#11910);
#11910 = CARTESIAN_POINT('',(8.895099728875,70.15,22.));
#11911 = SURFACE_CURVE('',#11912,(#11917,#11924),.PCURVE_S1.);
#11912 = CIRCLE('',#11913,1.5);
#11913 = AXIS2_PLACEMENT_3D('',#11914,#11915,#11916);
#11914 = CARTESIAN_POINT('',(10.374119674649,69.9,22.));
#11915 = DIRECTION('',(-0.,0.,-1.));
#11916 = DIRECTION('',(-0.,-1.,0.));
#11917 = PCURVE('',#5211,#11918);
#11918 = DEFINITIONAL_REPRESENTATION('',(#11919),#11923);
#11919 = CIRCLE('',#11920,1.5);
#11920 = AXIS2_PLACEMENT_2D('',#11921,#11922);
#11921 = CARTESIAN_POINT('',(38.875880325351,33.45));
#11922 = DIRECTION('',(0.,-1.));
#11923 = ( GEOMETRIC_REPRESENTATION_CONTEXT(2) 
PARAMETRIC_REPRESENTATION_CONTEXT() REPRESENTATION_CONTEXT('2D SPACE',''
  ) );
#11924 = PCURVE('',#11925,#11930);
#11925 = CYLINDRICAL_SURFACE('',#11926,1.5);
#11926 = AXIS2_PLACEMENT_3D('',#11927,#11928,#11929);
#11927 = CARTESIAN_POINT('',(10.374119674649,69.9,21.));
#11928 = DIRECTION('',(-0.,0.,-1.));
#11929 = DIRECTION('',(-0.,-1.,0.));
#11930 = DEFINITIONAL_REPRESENTATION('',(#11931),#11935);
#11931 = LINE('',#11932,#11933);
#11932 = CARTESIAN_POINT('',(0.,-1.));
#11933 = VECTOR('',#11934,1.);
#11934 = DIRECTION('',(1.,0.));
#11935 = ( GEOMETRIC_REPRESENTATION_CONTEXT(2) 
PARAMETRIC_REPRESENTATION_CONTEXT() REPRESENTATION_CONTEXT('2D SPACE',''
  ) );
#11936 = ORIENTED_EDGE('',*,*,#11937,.T.);
#11937 = EDGE_CURVE('',#11909,#11938,#11940,.T.);
#11938 = VERTEX_POINT('',#11939);
#11939 = CARTESIAN_POINT('',(2.75,64.004900271125,22.));
#11940 = SURFACE_CURVE('',#11941,(#11946,#11953),.PCURVE_S1.);
#11941 = CIRCLE('',#11942,7.5);
#11942 = AXIS2_PLACEMENT_3D('',#11943,#11944,#11945);
#11943 = CARTESIAN_POINT('',(1.5,71.4,22.));
#11944 = DIRECTION('',(-0.,0.,-1.));
#11945 = DIRECTION('',(-0.25,-0.968245836552,0.));
#11946 = PCURVE('',#5211,#11947);
#11947 = DEFINITIONAL_REPRESENTATION('',(#11948),#11952);
#11948 = CIRCLE('',#11949,7.5);
#11949 = AXIS2_PLACEMENT_2D('',#11950,#11951);
#11950 = CARTESIAN_POINT('',(47.75,34.95));
#11951 = DIRECTION('',(0.25,-0.968245836552));
#11952 = ( GEOMETRIC_REPRESENTATION_CONTEXT(2) 
PARAMETRIC_REPRESENTATION_CONTEXT() REPRESENTATION_CONTEXT('2D SPACE',''
  ) );
#11953 = PCURVE('',#11954,#11959);
#11954 = CYLINDRICAL_SURFACE('',#11955,7.5);
#11955 = AXIS2_PLACEMENT_3D('',#11956,#11957,#11958);
#11956 = CARTESIAN_POINT('',(1.5,71.4,21.));
#11957 = DIRECTION('',(-0.,-0.,-1.));
#11958 = DIRECTION('',(-0.25,-0.968245836552,0.));
#11959 = DEFINITIONAL_REPRESENTATION('',(#11960),#11964);
#11960 = LINE('',#11961,#11962);
#11961 = CARTESIAN_POINT('',(-12.56637061435,-1.));
#11962 = VECTOR('',#11963,1.);
#11963 = DIRECTION('',(1.,-0.));
#11964 = ( GEOMETRIC_REPRESENTATION_CONTEXT(2) 
PARAMETRIC_REPRESENTATION_CONTEXT() REPRESENTATION_CONTEXT('2D SPACE',''
  ) );
#11965 = ORIENTED_EDGE('',*,*,#11966,.F.);
#11966 = EDGE_CURVE('',#11967,#11938,#11969,.T.);
#11967 = VERTEX_POINT('',#11968);
#11968 = CARTESIAN_POINT('',(1.5,62.525880325351,22.));
#11969 = SURFACE_CURVE('',#11970,(#11975,#11982),.PCURVE_S1.);
#11970 = CIRCLE('',#11971,1.5);
#11971 = AXIS2_PLACEMENT_3D('',#11972,#11973,#11974);
#11972 = CARTESIAN_POINT('',(3.,62.525880325351,22.));
#11973 = DIRECTION('',(-0.,0.,-1.));
#11974 = DIRECTION('',(-0.,-1.,0.));
#11975 = PCURVE('',#5211,#11976);
#11976 = DEFINITIONAL_REPRESENTATION('',(#11977),#11981);
#11977 = CIRCLE('',#11978,1.5);
#11978 = AXIS2_PLACEMENT_2D('',#11979,#11980);
#11979 = CARTESIAN_POINT('',(46.25,26.075880325351));
#11980 = DIRECTION('',(0.,-1.));
#11981 = ( GEOMETRIC_REPRESENTATION_CONTEXT(2) 
PARAMETRIC_REPRESENTATION_CONTEXT() REPRESENTATION_CONTEXT('2D SPACE',''
  ) );
#11982 = PCURVE('',#11983,#11988);
#11983 = CYLINDRICAL_SURFACE('',#11984,1.5);
#11984 = AXIS2_PLACEMENT_3D('',#11985,#11986,#11987);
#11985 = CARTESIAN_POINT('',(3.,62.525880325351,21.));
#11986 = DIRECTION('',(-0.,0.,-1.));
#11987 = DIRECTION('',(-0.,-1.,0.));
#11988 = DEFINITIONAL_REPRESENTATION('',(#11989),#11993);
#11989 = LINE('',#11990,#11991);
#11990 = CARTESIAN_POINT('',(0.,-1.));
#11991 = VECTOR('',#11992,1.);
#11992 = DIRECTION('',(1.,0.));
#11993 = ( GEOMETRIC_REPRESENTATION_CONTEXT(2) 
PARAMETRIC_REPRESENTATION_CONTEXT() REPRESENTATION_CONTEXT('2D SPACE',''
  ) );
#11994 = ORIENTED_EDGE('',*,*,#11995,.T.);
#11995 = EDGE_CURVE('',#11967,#11344,#11996,.T.);
#11996 = SURFACE_CURVE('',#11997,(#12001,#12007),.PCURVE_S1.);
#11997 = LINE('',#11998,#11999);
#11998 = CARTESIAN_POINT('',(1.5,49.487940162675,22.));
#11999 = VECTOR('',#12000,1.);
#12000 = DIRECTION('',(-0.,-1.,0.));
#12001 = PCURVE('',#5211,#12002);
#12002 = DEFINITIONAL_REPRESENTATION('',(#12003),#12006);
#12003 = B_SPLINE_CURVE_WITH_KNOTS('',1,(#12004,#12005),.UNSPECIFIED.,
  .F.,.F.,(2,2),(-13.03794016267,39.113820488026),
  .PIECEWISE_BEZIER_KNOTS.);
#12004 = CARTESIAN_POINT('',(47.75,26.075880325351));
#12005 = CARTESIAN_POINT('',(47.75,-26.07588032535));
#12006 = ( GEOMETRIC_REPRESENTATION_CONTEXT(2) 
PARAMETRIC_REPRESENTATION_CONTEXT() REPRESENTATION_CONTEXT('2D SPACE',''
  ) );
#12007 = PCURVE('',#12008,#12013);
#12008 = PLANE('',#12009);
#12009 = AXIS2_PLACEMENT_3D('',#12010,#12011,#12012);
#12010 = CARTESIAN_POINT('',(1.5,62.525880325351,21.));
#12011 = DIRECTION('',(1.,-0.,0.));
#12012 = DIRECTION('',(-0.,-1.,0.));
#12013 = DEFINITIONAL_REPRESENTATION('',(#12014),#12017);
#12014 = B_SPLINE_CURVE_WITH_KNOTS('',1,(#12015,#12016),.UNSPECIFIED.,
  .F.,.F.,(2,2),(-13.03794016267,39.113820488026),
  .PIECEWISE_BEZIER_KNOTS.);
#12015 = CARTESIAN_POINT('',(0.,-1.));
#12016 = CARTESIAN_POINT('',(52.151760650701,-1.));
#12017 = ( GEOMETRIC_REPRESENTATION_CONTEXT(2) 
PARAMETRIC_REPRESENTATION_CONTEXT() REPRESENTATION_CONTEXT('2D SPACE',''
  ) );
#12018 = ADVANCED_FACE('',(#12019,#12022),#6393,.T.);
#12019 = FACE_BOUND('',#12020,.T.);
#12020 = EDGE_LOOP('',(#12021));
#12021 = ORIENTED_EDGE('',*,*,#11168,.T.);
#12022 = FACE_BOUND('',#12023,.T.);
#12023 = EDGE_LOOP('',(#12024));
#12024 = ORIENTED_EDGE('',*,*,#6376,.F.);
#12025 = ADVANCED_FACE('',(#12026,#12029),#6448,.T.);
#12026 = FACE_BOUND('',#12027,.T.);
#12027 = EDGE_LOOP('',(#12028));
#12028 = ORIENTED_EDGE('',*,*,#11218,.T.);
#12029 = FACE_BOUND('',#12030,.T.);
#12030 = EDGE_LOOP('',(#12031));
#12031 = ORIENTED_EDGE('',*,*,#6431,.F.);
#12032 = ADVANCED_FACE('',(#12033,#12036),#6503,.T.);
#12033 = FACE_BOUND('',#12034,.T.);
#12034 = EDGE_LOOP('',(#12035));
#12035 = ORIENTED_EDGE('',*,*,#11268,.T.);
#12036 = FACE_BOUND('',#12037,.T.);
#12037 = EDGE_LOOP('',(#12038));
#12038 = ORIENTED_EDGE('',*,*,#6486,.F.);
#12039 = ADVANCED_FACE('',(#12040,#12061),#6820,.T.);
#12040 = FACE_BOUND('',#12041,.F.);
#12041 = EDGE_LOOP('',(#12042,#12043,#12044,#12045,#12046,#12047,#12048,
    #12049,#12050,#12051,#12052,#12053,#12054,#12055,#12056,#12057,
    #12058,#12059,#12060));
#12042 = ORIENTED_EDGE('',*,*,#6802,.T.);
#12043 = ORIENTED_EDGE('',*,*,#7711,.T.);
#12044 = ORIENTED_EDGE('',*,*,#7662,.T.);
#12045 = ORIENTED_EDGE('',*,*,#7613,.T.);
#12046 = ORIENTED_EDGE('',*,*,#7564,.T.);
#12047 = ORIENTED_EDGE('',*,*,#7515,.T.);
#12048 = ORIENTED_EDGE('',*,*,#7466,.T.);
#12049 = ORIENTED_EDGE('',*,*,#7417,.T.);
#12050 = ORIENTED_EDGE('',*,*,#7368,.T.);
#12051 = ORIENTED_EDGE('',*,*,#7319,.T.);
#12052 = ORIENTED_EDGE('',*,*,#7270,.T.);
#12053 = ORIENTED_EDGE('',*,*,#7221,.T.);
#12054 = ORIENTED_EDGE('',*,*,#7172,.T.);
#12055 = ORIENTED_EDGE('',*,*,#7123,.T.);
#12056 = ORIENTED_EDGE('',*,*,#7074,.T.);
#12057 = ORIENTED_EDGE('',*,*,#7025,.T.);
#12058 = ORIENTED_EDGE('',*,*,#6976,.T.);
#12059 = ORIENTED_EDGE('',*,*,#6927,.T.);
#12060 = ORIENTED_EDGE('',*,*,#6878,.T.);
#12061 = FACE_BOUND('',#12062,.F.);
#12062 = EDGE_LOOP('',(#12063,#12093,#12121,#12151,#12181,#12211,#12241,
    #12271));
#12063 = ORIENTED_EDGE('',*,*,#12064,.T.);
#12064 = EDGE_CURVE('',#12065,#12067,#12069,.T.);
#12065 = VERTEX_POINT('',#12066);
#12066 = CARTESIAN_POINT('',(30.106689453125,46.022387695313,26.8));
#12067 = VERTEX_POINT('',#12068);
#12068 = CARTESIAN_POINT('',(30.106689453125,45.193530273438,26.8));
#12069 = SURFACE_CURVE('',#12070,(#12074,#12081),.PCURVE_S1.);
#12070 = LINE('',#12071,#12072);
#12071 = CARTESIAN_POINT('',(30.106689453125,46.022387695313,26.8));
#12072 = VECTOR('',#12073,1.);
#12073 = DIRECTION('',(0.,-1.,0.));
#12074 = PCURVE('',#6820,#12075);
#12075 = DEFINITIONAL_REPRESENTATION('',(#12076),#12080);
#12076 = LINE('',#12077,#12078);
#12077 = CARTESIAN_POINT('',(0.606689453125,2.228515625));
#12078 = VECTOR('',#12079,1.);
#12079 = DIRECTION('',(0.,-1.));
#12080 = ( GEOMETRIC_REPRESENTATION_CONTEXT(2) 
PARAMETRIC_REPRESENTATION_CONTEXT() REPRESENTATION_CONTEXT('2D SPACE',''
  ) );
#12081 = PCURVE('',#12082,#12087);
#12082 = PLANE('',#12083);
#12083 = AXIS2_PLACEMENT_3D('',#12084,#12085,#12086);
#12084 = CARTESIAN_POINT('',(30.106689453125,46.022387695313,26.8));
#12085 = DIRECTION('',(1.,0.,0.));
#12086 = DIRECTION('',(0.,-1.,0.));
#12087 = DEFINITIONAL_REPRESENTATION('',(#12088),#12092);
#12088 = LINE('',#12089,#12090);
#12089 = CARTESIAN_POINT('',(0.,0.));
#12090 = VECTOR('',#12091,1.);
#12091 = DIRECTION('',(1.,0.));
#12092 = ( GEOMETRIC_REPRESENTATION_CONTEXT(2) 
PARAMETRIC_REPRESENTATION_CONTEXT() REPRESENTATION_CONTEXT('2D SPACE',''
  ) );
#12093 = ORIENTED_EDGE('',*,*,#12094,.T.);
#12094 = EDGE_CURVE('',#12067,#12095,#12097,.T.);
#12095 = VERTEX_POINT('',#12096);
#12096 = CARTESIAN_POINT('',(30.8193359375,45.193530273438,26.8));
#12097 = SURFACE_CURVE('',#12098,(#12102,#12109),.PCURVE_S1.);
#12098 = LINE('',#12099,#12100);
#12099 = CARTESIAN_POINT('',(30.106689453125,45.193530273438,26.8));
#12100 = VECTOR('',#12101,1.);
#12101 = DIRECTION('',(1.,0.,0.));
#12102 = PCURVE('',#6820,#12103);
#12103 = DEFINITIONAL_REPRESENTATION('',(#12104),#12108);
#12104 = LINE('',#12105,#12106);
#12105 = CARTESIAN_POINT('',(0.606689453125,1.399658203125));
#12106 = VECTOR('',#12107,1.);
#12107 = DIRECTION('',(1.,0.));
#12108 = ( GEOMETRIC_REPRESENTATION_CONTEXT(2) 
PARAMETRIC_REPRESENTATION_CONTEXT() REPRESENTATION_CONTEXT('2D SPACE',''
  ) );
#12109 = PCURVE('',#12110,#12115);
#12110 = PLANE('',#12111);
#12111 = AXIS2_PLACEMENT_3D('',#12112,#12113,#12114);
#12112 = CARTESIAN_POINT('',(30.106689453125,45.193530273438,26.8));
#12113 = DIRECTION('',(0.,1.,0.));
#12114 = DIRECTION('',(1.,0.,0.));
#12115 = DEFINITIONAL_REPRESENTATION('',(#12116),#12120);
#12116 = LINE('',#12117,#12118);
#12117 = CARTESIAN_POINT('',(0.,0.));
#12118 = VECTOR('',#12119,1.);
#12119 = DIRECTION('',(1.,0.));
#12120 = ( GEOMETRIC_REPRESENTATION_CONTEXT(2) 
PARAMETRIC_REPRESENTATION_CONTEXT() REPRESENTATION_CONTEXT('2D SPACE',''
  ) );
#12121 = ORIENTED_EDGE('',*,*,#12122,.T.);
#12122 = EDGE_CURVE('',#12095,#12123,#12125,.T.);
#12123 = VERTEX_POINT('',#12124);
#12124 = CARTESIAN_POINT('',(31.1748046875,45.24052734375,26.8));
#12125 = SURFACE_CURVE('',#12126,(#12130,#12137),.PCURVE_S1.);
#12126 = B_SPLINE_CURVE_WITH_KNOTS('',2,(#12127,#12128,#12129),
  .UNSPECIFIED.,.F.,.F.,(3,3),(0.,1.),.PIECEWISE_BEZIER_KNOTS.);
#12127 = CARTESIAN_POINT('',(30.8193359375,45.193530273438,26.8));
#12128 = CARTESIAN_POINT('',(31.046630859375,45.193530273438,26.8));
#12129 = CARTESIAN_POINT('',(31.1748046875,45.24052734375,26.8));
#12130 = PCURVE('',#6820,#12131);
#12131 = DEFINITIONAL_REPRESENTATION('',(#12132),#12136);
#12132 = B_SPLINE_CURVE_WITH_KNOTS('',2,(#12133,#12134,#12135),
  .UNSPECIFIED.,.F.,.F.,(3,3),(0.,1.),.PIECEWISE_BEZIER_KNOTS.);
#12133 = CARTESIAN_POINT('',(1.3193359375,1.399658203125));
#12134 = CARTESIAN_POINT('',(1.546630859375,1.399658203125));
#12135 = CARTESIAN_POINT('',(1.6748046875,1.446655273438));
#12136 = ( GEOMETRIC_REPRESENTATION_CONTEXT(2) 
PARAMETRIC_REPRESENTATION_CONTEXT() REPRESENTATION_CONTEXT('2D SPACE',''
  ) );
#12137 = PCURVE('',#12138,#12145);
#12138 = SURFACE_OF_LINEAR_EXTRUSION('',#12139,#12143);
#12139 = B_SPLINE_CURVE_WITH_KNOTS('',2,(#12140,#12141,#12142),
  .UNSPECIFIED.,.F.,.F.,(3,3),(0.,1.),.PIECEWISE_BEZIER_KNOTS.);
#12140 = CARTESIAN_POINT('',(30.8193359375,45.193530273438,26.8));
#12141 = CARTESIAN_POINT('',(31.046630859375,45.193530273438,26.8));
#12142 = CARTESIAN_POINT('',(31.1748046875,45.24052734375,26.8));
#12143 = VECTOR('',#12144,1.);
#12144 = DIRECTION('',(-0.,-0.,-1.));
#12145 = DEFINITIONAL_REPRESENTATION('',(#12146),#12150);
#12146 = LINE('',#12147,#12148);
#12147 = CARTESIAN_POINT('',(0.,0.));
#12148 = VECTOR('',#12149,1.);
#12149 = DIRECTION('',(1.,0.));
#12150 = ( GEOMETRIC_REPRESENTATION_CONTEXT(2) 
PARAMETRIC_REPRESENTATION_CONTEXT() REPRESENTATION_CONTEXT('2D SPACE',''
  ) );
#12151 = ORIENTED_EDGE('',*,*,#12152,.T.);
#12152 = EDGE_CURVE('',#12123,#12153,#12155,.T.);
#12153 = VERTEX_POINT('',#12154);
#12154 = CARTESIAN_POINT('',(31.36962890625,45.39091796875,26.8));
#12155 = SURFACE_CURVE('',#12156,(#12160,#12167),.PCURVE_S1.);
#12156 = B_SPLINE_CURVE_WITH_KNOTS('',2,(#12157,#12158,#12159),
  .UNSPECIFIED.,.F.,.F.,(3,3),(0.,1.),.PIECEWISE_BEZIER_KNOTS.);
#12157 = CARTESIAN_POINT('',(31.1748046875,45.24052734375,26.8));
#12158 = CARTESIAN_POINT('',(31.302978515625,45.287524414063,26.8));
#12159 = CARTESIAN_POINT('',(31.36962890625,45.39091796875,26.8));
#12160 = PCURVE('',#6820,#12161);
#12161 = DEFINITIONAL_REPRESENTATION('',(#12162),#12166);
#12162 = B_SPLINE_CURVE_WITH_KNOTS('',2,(#12163,#12164,#12165),
  .UNSPECIFIED.,.F.,.F.,(3,3),(0.,1.),.PIECEWISE_BEZIER_KNOTS.);
#12163 = CARTESIAN_POINT('',(1.6748046875,1.446655273438));
#12164 = CARTESIAN_POINT('',(1.802978515625,1.49365234375));
#12165 = CARTESIAN_POINT('',(1.86962890625,1.597045898438));
#12166 = ( GEOMETRIC_REPRESENTATION_CONTEXT(2) 
PARAMETRIC_REPRESENTATION_CONTEXT() REPRESENTATION_CONTEXT('2D SPACE',''
  ) );
#12167 = PCURVE('',#12168,#12175);
#12168 = SURFACE_OF_LINEAR_EXTRUSION('',#12169,#12173);
#12169 = B_SPLINE_CURVE_WITH_KNOTS('',2,(#12170,#12171,#12172),
  .UNSPECIFIED.,.F.,.F.,(3,3),(0.,1.),.PIECEWISE_BEZIER_KNOTS.);
#12170 = CARTESIAN_POINT('',(31.1748046875,45.24052734375,26.8));
#12171 = CARTESIAN_POINT('',(31.302978515625,45.287524414063,26.8));
#12172 = CARTESIAN_POINT('',(31.36962890625,45.39091796875,26.8));
#12173 = VECTOR('',#12174,1.);
#12174 = DIRECTION('',(-0.,-0.,-1.));
#12175 = DEFINITIONAL_REPRESENTATION('',(#12176),#12180);
#12176 = LINE('',#12177,#12178);
#12177 = CARTESIAN_POINT('',(0.,0.));
#12178 = VECTOR('',#12179,1.);
#12179 = DIRECTION('',(1.,0.));
#12180 = ( GEOMETRIC_REPRESENTATION_CONTEXT(2) 
PARAMETRIC_REPRESENTATION_CONTEXT() REPRESENTATION_CONTEXT('2D SPACE',''
  ) );
#12181 = ORIENTED_EDGE('',*,*,#12182,.T.);
#12182 = EDGE_CURVE('',#12153,#12183,#12185,.T.);
#12183 = VERTEX_POINT('',#12184);
#12184 = CARTESIAN_POINT('',(31.436279296875,45.615649414063,26.8));
#12185 = SURFACE_CURVE('',#12186,(#12190,#12197),.PCURVE_S1.);
#12186 = B_SPLINE_CURVE_WITH_KNOTS('',2,(#12187,#12188,#12189),
  .UNSPECIFIED.,.F.,.F.,(3,3),(0.,1.),.PIECEWISE_BEZIER_KNOTS.);
#12187 = CARTESIAN_POINT('',(31.36962890625,45.39091796875,26.8));
#12188 = CARTESIAN_POINT('',(31.436279296875,45.494311523438,26.8));
#12189 = CARTESIAN_POINT('',(31.436279296875,45.615649414063,26.8));
#12190 = PCURVE('',#6820,#12191);
#12191 = DEFINITIONAL_REPRESENTATION('',(#12192),#12196);
#12192 = B_SPLINE_CURVE_WITH_KNOTS('',2,(#12193,#12194,#12195),
  .UNSPECIFIED.,.F.,.F.,(3,3),(0.,1.),.PIECEWISE_BEZIER_KNOTS.);
#12193 = CARTESIAN_POINT('',(1.86962890625,1.597045898438));
#12194 = CARTESIAN_POINT('',(1.936279296875,1.700439453125));
#12195 = CARTESIAN_POINT('',(1.936279296875,1.82177734375));
#12196 = ( GEOMETRIC_REPRESENTATION_CONTEXT(2) 
PARAMETRIC_REPRESENTATION_CONTEXT() REPRESENTATION_CONTEXT('2D SPACE',''
  ) );
#12197 = PCURVE('',#12198,#12205);
#12198 = SURFACE_OF_LINEAR_EXTRUSION('',#12199,#12203);
#12199 = B_SPLINE_CURVE_WITH_KNOTS('',2,(#12200,#12201,#12202),
  .UNSPECIFIED.,.F.,.F.,(3,3),(0.,1.),.PIECEWISE_BEZIER_KNOTS.);
#12200 = CARTESIAN_POINT('',(31.36962890625,45.39091796875,26.8));
#12201 = CARTESIAN_POINT('',(31.436279296875,45.494311523438,26.8));
#12202 = CARTESIAN_POINT('',(31.436279296875,45.615649414063,26.8));
#12203 = VECTOR('',#12204,1.);
#12204 = DIRECTION('',(-0.,-0.,-1.));
#12205 = DEFINITIONAL_REPRESENTATION('',(#12206),#12210);
#12206 = LINE('',#12207,#12208);
#12207 = CARTESIAN_POINT('',(0.,0.));
#12208 = VECTOR('',#12209,1.);
#12209 = DIRECTION('',(1.,0.));
#12210 = ( GEOMETRIC_REPRESENTATION_CONTEXT(2) 
PARAMETRIC_REPRESENTATION_CONTEXT() REPRESENTATION_CONTEXT('2D SPACE',''
  ) );
#12211 = ORIENTED_EDGE('',*,*,#12212,.T.);
#12212 = EDGE_CURVE('',#12183,#12213,#12215,.T.);
#12213 = VERTEX_POINT('',#12214);
#12214 = CARTESIAN_POINT('',(31.307250976562,45.907885742188,26.8));
#12215 = SURFACE_CURVE('',#12216,(#12220,#12227),.PCURVE_S1.);
#12216 = B_SPLINE_CURVE_WITH_KNOTS('',2,(#12217,#12218,#12219),
  .UNSPECIFIED.,.F.,.F.,(3,3),(0.,1.),.PIECEWISE_BEZIER_KNOTS.);
#12217 = CARTESIAN_POINT('',(31.436279296875,45.615649414063,26.8));
#12218 = CARTESIAN_POINT('',(31.436279296875,45.793383789063,26.8));
#12219 = CARTESIAN_POINT('',(31.307250976562,45.907885742188,26.8));
#12220 = PCURVE('',#6820,#12221);
#12221 = DEFINITIONAL_REPRESENTATION('',(#12222),#12226);
#12222 = B_SPLINE_CURVE_WITH_KNOTS('',2,(#12223,#12224,#12225),
  .UNSPECIFIED.,.F.,.F.,(3,3),(0.,1.),.PIECEWISE_BEZIER_KNOTS.);
#12223 = CARTESIAN_POINT('',(1.936279296875,1.82177734375));
#12224 = CARTESIAN_POINT('',(1.936279296875,1.99951171875));
#12225 = CARTESIAN_POINT('',(1.807250976562,2.114013671875));
#12226 = ( GEOMETRIC_REPRESENTATION_CONTEXT(2) 
PARAMETRIC_REPRESENTATION_CONTEXT() REPRESENTATION_CONTEXT('2D SPACE',''
  ) );
#12227 = PCURVE('',#12228,#12235);
#12228 = SURFACE_OF_LINEAR_EXTRUSION('',#12229,#12233);
#12229 = B_SPLINE_CURVE_WITH_KNOTS('',2,(#12230,#12231,#12232),
  .UNSPECIFIED.,.F.,.F.,(3,3),(0.,1.),.PIECEWISE_BEZIER_KNOTS.);
#12230 = CARTESIAN_POINT('',(31.436279296875,45.615649414063,26.8));
#12231 = CARTESIAN_POINT('',(31.436279296875,45.793383789063,26.8));
#12232 = CARTESIAN_POINT('',(31.307250976562,45.907885742188,26.8));
#12233 = VECTOR('',#12234,1.);
#12234 = DIRECTION('',(-0.,-0.,-1.));
#12235 = DEFINITIONAL_REPRESENTATION('',(#12236),#12240);
#12236 = LINE('',#12237,#12238);
#12237 = CARTESIAN_POINT('',(0.,0.));
#12238 = VECTOR('',#12239,1.);
#12239 = DIRECTION('',(1.,0.));
#12240 = ( GEOMETRIC_REPRESENTATION_CONTEXT(2) 
PARAMETRIC_REPRESENTATION_CONTEXT() REPRESENTATION_CONTEXT('2D SPACE',''
  ) );
#12241 = ORIENTED_EDGE('',*,*,#12242,.T.);
#12242 = EDGE_CURVE('',#12213,#12243,#12245,.T.);
#12243 = VERTEX_POINT('',#12244);
#12244 = CARTESIAN_POINT('',(30.899658203125,46.022387695313,26.8));
#12245 = SURFACE_CURVE('',#12246,(#12250,#12257),.PCURVE_S1.);
#12246 = B_SPLINE_CURVE_WITH_KNOTS('',2,(#12247,#12248,#12249),
  .UNSPECIFIED.,.F.,.F.,(3,3),(0.,1.),.PIECEWISE_BEZIER_KNOTS.);
#12247 = CARTESIAN_POINT('',(31.307250976562,45.907885742188,26.8));
#12248 = CARTESIAN_POINT('',(31.17822265625,46.022387695313,26.8));
#12249 = CARTESIAN_POINT('',(30.899658203125,46.022387695313,26.8));
#12250 = PCURVE('',#6820,#12251);
#12251 = DEFINITIONAL_REPRESENTATION('',(#12252),#12256);
#12252 = B_SPLINE_CURVE_WITH_KNOTS('',2,(#12253,#12254,#12255),
  .UNSPECIFIED.,.F.,.F.,(3,3),(0.,1.),.PIECEWISE_BEZIER_KNOTS.);
#12253 = CARTESIAN_POINT('',(1.807250976562,2.114013671875));
#12254 = CARTESIAN_POINT('',(1.67822265625,2.228515625));
#12255 = CARTESIAN_POINT('',(1.399658203125,2.228515625));
#12256 = ( GEOMETRIC_REPRESENTATION_CONTEXT(2) 
PARAMETRIC_REPRESENTATION_CONTEXT() REPRESENTATION_CONTEXT('2D SPACE',''
  ) );
#12257 = PCURVE('',#12258,#12265);
#12258 = SURFACE_OF_LINEAR_EXTRUSION('',#12259,#12263);
#12259 = B_SPLINE_CURVE_WITH_KNOTS('',2,(#12260,#12261,#12262),
  .UNSPECIFIED.,.F.,.F.,(3,3),(0.,1.),.PIECEWISE_BEZIER_KNOTS.);
#12260 = CARTESIAN_POINT('',(31.307250976562,45.907885742188,26.8));
#12261 = CARTESIAN_POINT('',(31.17822265625,46.022387695313,26.8));
#12262 = CARTESIAN_POINT('',(30.899658203125,46.022387695313,26.8));
#12263 = VECTOR('',#12264,1.);
#12264 = DIRECTION('',(-0.,-0.,-1.));
#12265 = DEFINITIONAL_REPRESENTATION('',(#12266),#12270);
#12266 = LINE('',#12267,#12268);
#12267 = CARTESIAN_POINT('',(0.,0.));
#12268 = VECTOR('',#12269,1.);
#12269 = DIRECTION('',(1.,0.));
#12270 = ( GEOMETRIC_REPRESENTATION_CONTEXT(2) 
PARAMETRIC_REPRESENTATION_CONTEXT() REPRESENTATION_CONTEXT('2D SPACE',''
  ) );
#12271 = ORIENTED_EDGE('',*,*,#12272,.T.);
#12272 = EDGE_CURVE('',#12243,#12065,#12273,.T.);
#12273 = SURFACE_CURVE('',#12274,(#12278,#12285),.PCURVE_S1.);
#12274 = LINE('',#12275,#12276);
#12275 = CARTESIAN_POINT('',(30.899658203125,46.022387695313,26.8));
#12276 = VECTOR('',#12277,1.);
#12277 = DIRECTION('',(-1.,0.,0.));
#12278 = PCURVE('',#6820,#12279);
#12279 = DEFINITIONAL_REPRESENTATION('',(#12280),#12284);
#12280 = LINE('',#12281,#12282);
#12281 = CARTESIAN_POINT('',(1.399658203125,2.228515625));
#12282 = VECTOR('',#12283,1.);
#12283 = DIRECTION('',(-1.,0.));
#12284 = ( GEOMETRIC_REPRESENTATION_CONTEXT(2) 
PARAMETRIC_REPRESENTATION_CONTEXT() REPRESENTATION_CONTEXT('2D SPACE',''
  ) );
#12285 = PCURVE('',#12286,#12291);
#12286 = PLANE('',#12287);
#12287 = AXIS2_PLACEMENT_3D('',#12288,#12289,#12290);
#12288 = CARTESIAN_POINT('',(30.899658203125,46.022387695313,26.8));
#12289 = DIRECTION('',(0.,-1.,0.));
#12290 = DIRECTION('',(-1.,0.,0.));
#12291 = DEFINITIONAL_REPRESENTATION('',(#12292),#12296);
#12292 = LINE('',#12293,#12294);
#12293 = CARTESIAN_POINT('',(0.,-0.));
#12294 = VECTOR('',#12295,1.);
#12295 = DIRECTION('',(1.,0.));
#12296 = ( GEOMETRIC_REPRESENTATION_CONTEXT(2) 
PARAMETRIC_REPRESENTATION_CONTEXT() REPRESENTATION_CONTEXT('2D SPACE',''
  ) );
#12297 = ADVANCED_FACE('',(#12298),#7756,.T.);
#12298 = FACE_BOUND('',#12299,.F.);
#12299 = EDGE_LOOP('',(#12300,#12301,#12302,#12303,#12304,#12305,#12306,
    #12307));
#12300 = ORIENTED_EDGE('',*,*,#7738,.T.);
#12301 = ORIENTED_EDGE('',*,*,#8108,.T.);
#12302 = ORIENTED_EDGE('',*,*,#8059,.T.);
#12303 = ORIENTED_EDGE('',*,*,#8010,.T.);
#12304 = ORIENTED_EDGE('',*,*,#7961,.T.);
#12305 = ORIENTED_EDGE('',*,*,#7912,.T.);
#12306 = ORIENTED_EDGE('',*,*,#7863,.T.);
#12307 = ORIENTED_EDGE('',*,*,#7814,.T.);
#12308 = ADVANCED_FACE('',(#12309),#8153,.T.);
#12309 = FACE_BOUND('',#12310,.F.);
#12310 = EDGE_LOOP('',(#12311,#12312,#12313,#12314,#12315,#12316,#12317,
    #12318,#12319,#12320,#12321,#12322));
#12311 = ORIENTED_EDGE('',*,*,#8135,.T.);
#12312 = ORIENTED_EDGE('',*,*,#8701,.T.);
#12313 = ORIENTED_EDGE('',*,*,#8652,.T.);
#12314 = ORIENTED_EDGE('',*,*,#8603,.T.);
#12315 = ORIENTED_EDGE('',*,*,#8554,.T.);
#12316 = ORIENTED_EDGE('',*,*,#8505,.T.);
#12317 = ORIENTED_EDGE('',*,*,#8456,.T.);
#12318 = ORIENTED_EDGE('',*,*,#8407,.T.);
#12319 = ORIENTED_EDGE('',*,*,#8358,.T.);
#12320 = ORIENTED_EDGE('',*,*,#8309,.T.);
#12321 = ORIENTED_EDGE('',*,*,#8260,.T.);
#12322 = ORIENTED_EDGE('',*,*,#8211,.T.);
#12323 = ADVANCED_FACE('',(#12324,#12337),#8746,.T.);
#12324 = FACE_BOUND('',#12325,.F.);
#12325 = EDGE_LOOP('',(#12326,#12327,#12328,#12329,#12330,#12331,#12332,
    #12333,#12334,#12335,#12336));
#12326 = ORIENTED_EDGE('',*,*,#8728,.T.);
#12327 = ORIENTED_EDGE('',*,*,#8804,.T.);
#12328 = ORIENTED_EDGE('',*,*,#8902,.T.);
#12329 = ORIENTED_EDGE('',*,*,#9000,.T.);
#12330 = ORIENTED_EDGE('',*,*,#9098,.T.);
#12331 = ORIENTED_EDGE('',*,*,#9196,.T.);
#12332 = ORIENTED_EDGE('',*,*,#9245,.T.);
#12333 = ORIENTED_EDGE('',*,*,#9147,.T.);
#12334 = ORIENTED_EDGE('',*,*,#9049,.T.);
#12335 = ORIENTED_EDGE('',*,*,#8951,.T.);
#12336 = ORIENTED_EDGE('',*,*,#8853,.T.);
#12337 = FACE_BOUND('',#12338,.F.);
#12338 = EDGE_LOOP('',(#12339,#12369,#12397,#12427,#12457,#12487,#12517,
    #12547));
#12339 = ORIENTED_EDGE('',*,*,#12340,.T.);
#12340 = EDGE_CURVE('',#12341,#12343,#12345,.T.);
#12341 = VERTEX_POINT('',#12342);
#12342 = CARTESIAN_POINT('',(30.1015625,55.003588867188,26.8));
#12343 = VERTEX_POINT('',#12344);
#12344 = CARTESIAN_POINT('',(30.1015625,54.108081054688,26.8));
#12345 = SURFACE_CURVE('',#12346,(#12350,#12357),.PCURVE_S1.);
#12346 = LINE('',#12347,#12348);
#12347 = CARTESIAN_POINT('',(30.1015625,55.003588867188,26.8));
#12348 = VECTOR('',#12349,1.);
#12349 = DIRECTION('',(0.,-1.,0.));
#12350 = PCURVE('',#8746,#12351);
#12351 = DEFINITIONAL_REPRESENTATION('',(#12352),#12356);
#12352 = LINE('',#12353,#12354);
#12353 = CARTESIAN_POINT('',(0.6015625,2.209716796875));
#12354 = VECTOR('',#12355,1.);
#12355 = DIRECTION('',(0.,-1.));
#12356 = ( GEOMETRIC_REPRESENTATION_CONTEXT(2) 
PARAMETRIC_REPRESENTATION_CONTEXT() REPRESENTATION_CONTEXT('2D SPACE',''
  ) );
#12357 = PCURVE('',#12358,#12363);
#12358 = PLANE('',#12359);
#12359 = AXIS2_PLACEMENT_3D('',#12360,#12361,#12362);
#12360 = CARTESIAN_POINT('',(30.1015625,55.003588867188,26.8));
#12361 = DIRECTION('',(1.,0.,0.));
#12362 = DIRECTION('',(0.,-1.,0.));
#12363 = DEFINITIONAL_REPRESENTATION('',(#12364),#12368);
#12364 = LINE('',#12365,#12366);
#12365 = CARTESIAN_POINT('',(0.,0.));
#12366 = VECTOR('',#12367,1.);
#12367 = DIRECTION('',(1.,0.));
#12368 = ( GEOMETRIC_REPRESENTATION_CONTEXT(2) 
PARAMETRIC_REPRESENTATION_CONTEXT() REPRESENTATION_CONTEXT('2D SPACE',''
  ) );
#12369 = ORIENTED_EDGE('',*,*,#12370,.T.);
#12370 = EDGE_CURVE('',#12343,#12371,#12373,.T.);
#12371 = VERTEX_POINT('',#12372);
#12372 = CARTESIAN_POINT('',(30.749267578125,54.108081054688,26.8));
#12373 = SURFACE_CURVE('',#12374,(#12378,#12385),.PCURVE_S1.);
#12374 = LINE('',#12375,#12376);
#12375 = CARTESIAN_POINT('',(30.1015625,54.108081054688,26.8));
#12376 = VECTOR('',#12377,1.);
#12377 = DIRECTION('',(1.,0.,0.));
#12378 = PCURVE('',#8746,#12379);
#12379 = DEFINITIONAL_REPRESENTATION('',(#12380),#12384);
#12380 = LINE('',#12381,#12382);
#12381 = CARTESIAN_POINT('',(0.6015625,1.314208984375));
#12382 = VECTOR('',#12383,1.);
#12383 = DIRECTION('',(1.,0.));
#12384 = ( GEOMETRIC_REPRESENTATION_CONTEXT(2) 
PARAMETRIC_REPRESENTATION_CONTEXT() REPRESENTATION_CONTEXT('2D SPACE',''
  ) );
#12385 = PCURVE('',#12386,#12391);
#12386 = PLANE('',#12387);
#12387 = AXIS2_PLACEMENT_3D('',#12388,#12389,#12390);
#12388 = CARTESIAN_POINT('',(30.1015625,54.108081054688,26.8));
#12389 = DIRECTION('',(0.,1.,0.));
#12390 = DIRECTION('',(1.,0.,0.));
#12391 = DEFINITIONAL_REPRESENTATION('',(#12392),#12396);
#12392 = LINE('',#12393,#12394);
#12393 = CARTESIAN_POINT('',(0.,0.));
#12394 = VECTOR('',#12395,1.);
#12395 = DIRECTION('',(1.,0.));
#12396 = ( GEOMETRIC_REPRESENTATION_CONTEXT(2) 
PARAMETRIC_REPRESENTATION_CONTEXT() REPRESENTATION_CONTEXT('2D SPACE',''
  ) );
#12397 = ORIENTED_EDGE('',*,*,#12398,.T.);
#12398 = EDGE_CURVE('',#12371,#12399,#12401,.T.);
#12399 = VERTEX_POINT('',#12400);
#12400 = CARTESIAN_POINT('',(31.20556640625,54.227709960938,26.8));
#12401 = SURFACE_CURVE('',#12402,(#12406,#12413),.PCURVE_S1.);
#12402 = B_SPLINE_CURVE_WITH_KNOTS('',2,(#12403,#12404,#12405),
  .UNSPECIFIED.,.F.,.F.,(3,3),(0.,1.),.PIECEWISE_BEZIER_KNOTS.);
#12403 = CARTESIAN_POINT('',(30.749267578125,54.108081054688,26.8));
#12404 = CARTESIAN_POINT('',(31.070556640625,54.108081054688,26.8));
#12405 = CARTESIAN_POINT('',(31.20556640625,54.227709960938,26.8));
#12406 = PCURVE('',#8746,#12407);
#12407 = DEFINITIONAL_REPRESENTATION('',(#12408),#12412);
#12408 = B_SPLINE_CURVE_WITH_KNOTS('',2,(#12409,#12410,#12411),
  .UNSPECIFIED.,.F.,.F.,(3,3),(0.,1.),.PIECEWISE_BEZIER_KNOTS.);
#12409 = CARTESIAN_POINT('',(1.249267578125,1.314208984375));
#12410 = CARTESIAN_POINT('',(1.570556640625,1.314208984375));
#12411 = CARTESIAN_POINT('',(1.70556640625,1.433837890625));
#12412 = ( GEOMETRIC_REPRESENTATION_CONTEXT(2) 
PARAMETRIC_REPRESENTATION_CONTEXT() REPRESENTATION_CONTEXT('2D SPACE',''
  ) );
#12413 = PCURVE('',#12414,#12421);
#12414 = SURFACE_OF_LINEAR_EXTRUSION('',#12415,#12419);
#12415 = B_SPLINE_CURVE_WITH_KNOTS('',2,(#12416,#12417,#12418),
  .UNSPECIFIED.,.F.,.F.,(3,3),(0.,1.),.PIECEWISE_BEZIER_KNOTS.);
#12416 = CARTESIAN_POINT('',(30.749267578125,54.108081054688,26.8));
#12417 = CARTESIAN_POINT('',(31.070556640625,54.108081054688,26.8));
#12418 = CARTESIAN_POINT('',(31.20556640625,54.227709960938,26.8));
#12419 = VECTOR('',#12420,1.);
#12420 = DIRECTION('',(-0.,-0.,-1.));
#12421 = DEFINITIONAL_REPRESENTATION('',(#12422),#12426);
#12422 = LINE('',#12423,#12424);
#12423 = CARTESIAN_POINT('',(0.,0.));
#12424 = VECTOR('',#12425,1.);
#12425 = DIRECTION('',(1.,0.));
#12426 = ( GEOMETRIC_REPRESENTATION_CONTEXT(2) 
PARAMETRIC_REPRESENTATION_CONTEXT() REPRESENTATION_CONTEXT('2D SPACE',''
  ) );
#12427 = ORIENTED_EDGE('',*,*,#12428,.T.);
#12428 = EDGE_CURVE('',#12399,#12429,#12431,.T.);
#12429 = VERTEX_POINT('',#12430);
#12430 = CARTESIAN_POINT('',(31.340576171875,54.564379882813,26.8));
#12431 = SURFACE_CURVE('',#12432,(#12436,#12443),.PCURVE_S1.);
#12432 = B_SPLINE_CURVE_WITH_KNOTS('',2,(#12433,#12434,#12435),
  .UNSPECIFIED.,.F.,.F.,(3,3),(0.,1.),.PIECEWISE_BEZIER_KNOTS.);
#12433 = CARTESIAN_POINT('',(31.20556640625,54.227709960938,26.8));
#12434 = CARTESIAN_POINT('',(31.340576171875,54.347338867188,26.8));
#12435 = CARTESIAN_POINT('',(31.340576171875,54.564379882813,26.8));
#12436 = PCURVE('',#8746,#12437);
#12437 = DEFINITIONAL_REPRESENTATION('',(#12438),#12442);
#12438 = B_SPLINE_CURVE_WITH_KNOTS('',2,(#12439,#12440,#12441),
  .UNSPECIFIED.,.F.,.F.,(3,3),(0.,1.),.PIECEWISE_BEZIER_KNOTS.);
#12439 = CARTESIAN_POINT('',(1.70556640625,1.433837890625));
#12440 = CARTESIAN_POINT('',(1.840576171875,1.553466796875));
#12441 = CARTESIAN_POINT('',(1.840576171875,1.7705078125));
#12442 = ( GEOMETRIC_REPRESENTATION_CONTEXT(2) 
PARAMETRIC_REPRESENTATION_CONTEXT() REPRESENTATION_CONTEXT('2D SPACE',''
  ) );
#12443 = PCURVE('',#12444,#12451);
#12444 = SURFACE_OF_LINEAR_EXTRUSION('',#12445,#12449);
#12445 = B_SPLINE_CURVE_WITH_KNOTS('',2,(#12446,#12447,#12448),
  .UNSPECIFIED.,.F.,.F.,(3,3),(0.,1.),.PIECEWISE_BEZIER_KNOTS.);
#12446 = CARTESIAN_POINT('',(31.20556640625,54.227709960938,26.8));
#12447 = CARTESIAN_POINT('',(31.340576171875,54.347338867188,26.8));
#12448 = CARTESIAN_POINT('',(31.340576171875,54.564379882813,26.8));
#12449 = VECTOR('',#12450,1.);
#12450 = DIRECTION('',(-0.,-0.,-1.));
#12451 = DEFINITIONAL_REPRESENTATION('',(#12452),#12456);
#12452 = LINE('',#12453,#12454);
#12453 = CARTESIAN_POINT('',(0.,0.));
#12454 = VECTOR('',#12455,1.);
#12455 = DIRECTION('',(1.,0.));
#12456 = ( GEOMETRIC_REPRESENTATION_CONTEXT(2) 
PARAMETRIC_REPRESENTATION_CONTEXT() REPRESENTATION_CONTEXT('2D SPACE',''
  ) );
#12457 = ORIENTED_EDGE('',*,*,#12458,.T.);
#12458 = EDGE_CURVE('',#12429,#12459,#12461,.T.);
#12459 = VERTEX_POINT('',#12460);
#12460 = CARTESIAN_POINT('',(31.261108398438,54.833544921875,26.8));
#12461 = SURFACE_CURVE('',#12462,(#12466,#12473),.PCURVE_S1.);
#12462 = B_SPLINE_CURVE_WITH_KNOTS('',2,(#12463,#12464,#12465),
  .UNSPECIFIED.,.F.,.F.,(3,3),(0.,1.),.PIECEWISE_BEZIER_KNOTS.);
#12463 = CARTESIAN_POINT('',(31.340576171875,54.564379882813,26.8));
#12464 = CARTESIAN_POINT('',(31.340576171875,54.721606445313,26.8));
#12465 = CARTESIAN_POINT('',(31.261108398438,54.833544921875,26.8));
#12466 = PCURVE('',#8746,#12467);
#12467 = DEFINITIONAL_REPRESENTATION('',(#12468),#12472);
#12468 = B_SPLINE_CURVE_WITH_KNOTS('',2,(#12469,#12470,#12471),
  .UNSPECIFIED.,.F.,.F.,(3,3),(0.,1.),.PIECEWISE_BEZIER_KNOTS.);
#12469 = CARTESIAN_POINT('',(1.840576171875,1.7705078125));
#12470 = CARTESIAN_POINT('',(1.840576171875,1.927734375));
#12471 = CARTESIAN_POINT('',(1.761108398438,2.039672851562));
#12472 = ( GEOMETRIC_REPRESENTATION_CONTEXT(2) 
PARAMETRIC_REPRESENTATION_CONTEXT() REPRESENTATION_CONTEXT('2D SPACE',''
  ) );
#12473 = PCURVE('',#12474,#12481);
#12474 = SURFACE_OF_LINEAR_EXTRUSION('',#12475,#12479);
#12475 = B_SPLINE_CURVE_WITH_KNOTS('',2,(#12476,#12477,#12478),
  .UNSPECIFIED.,.F.,.F.,(3,3),(0.,1.),.PIECEWISE_BEZIER_KNOTS.);
#12476 = CARTESIAN_POINT('',(31.340576171875,54.564379882813,26.8));
#12477 = CARTESIAN_POINT('',(31.340576171875,54.721606445313,26.8));
#12478 = CARTESIAN_POINT('',(31.261108398438,54.833544921875,26.8));
#12479 = VECTOR('',#12480,1.);
#12480 = DIRECTION('',(-0.,-0.,-1.));
#12481 = DEFINITIONAL_REPRESENTATION('',(#12482),#12486);
#12482 = LINE('',#12483,#12484);
#12483 = CARTESIAN_POINT('',(0.,0.));
#12484 = VECTOR('',#12485,1.);
#12485 = DIRECTION('',(1.,0.));
#12486 = ( GEOMETRIC_REPRESENTATION_CONTEXT(2) 
PARAMETRIC_REPRESENTATION_CONTEXT() REPRESENTATION_CONTEXT('2D SPACE',''
  ) );
#12487 = ORIENTED_EDGE('',*,*,#12488,.T.);
#12488 = EDGE_CURVE('',#12459,#12489,#12491,.T.);
#12489 = VERTEX_POINT('',#12490);
#12490 = CARTESIAN_POINT('',(31.0517578125,54.981372070313,26.8));
#12491 = SURFACE_CURVE('',#12492,(#12496,#12503),.PCURVE_S1.);
#12492 = B_SPLINE_CURVE_WITH_KNOTS('',2,(#12493,#12494,#12495),
  .UNSPECIFIED.,.F.,.F.,(3,3),(0.,1.),.PIECEWISE_BEZIER_KNOTS.);
#12493 = CARTESIAN_POINT('',(31.261108398438,54.833544921875,26.8));
#12494 = CARTESIAN_POINT('',(31.181640625,54.945483398438,26.8));
#12495 = CARTESIAN_POINT('',(31.0517578125,54.981372070313,26.8));
#12496 = PCURVE('',#8746,#12497);
#12497 = DEFINITIONAL_REPRESENTATION('',(#12498),#12502);
#12498 = B_SPLINE_CURVE_WITH_KNOTS('',2,(#12499,#12500,#12501),
  .UNSPECIFIED.,.F.,.F.,(3,3),(0.,1.),.PIECEWISE_BEZIER_KNOTS.);
#12499 = CARTESIAN_POINT('',(1.761108398438,2.039672851562));
#12500 = CARTESIAN_POINT('',(1.681640625,2.151611328125));
#12501 = CARTESIAN_POINT('',(1.5517578125,2.1875));
#12502 = ( GEOMETRIC_REPRESENTATION_CONTEXT(2) 
PARAMETRIC_REPRESENTATION_CONTEXT() REPRESENTATION_CONTEXT('2D SPACE',''
  ) );
#12503 = PCURVE('',#12504,#12511);
#12504 = SURFACE_OF_LINEAR_EXTRUSION('',#12505,#12509);
#12505 = B_SPLINE_CURVE_WITH_KNOTS('',2,(#12506,#12507,#12508),
  .UNSPECIFIED.,.F.,.F.,(3,3),(0.,1.),.PIECEWISE_BEZIER_KNOTS.);
#12506 = CARTESIAN_POINT('',(31.261108398438,54.833544921875,26.8));
#12507 = CARTESIAN_POINT('',(31.181640625,54.945483398438,26.8));
#12508 = CARTESIAN_POINT('',(31.0517578125,54.981372070313,26.8));
#12509 = VECTOR('',#12510,1.);
#12510 = DIRECTION('',(-0.,-0.,-1.));
#12511 = DEFINITIONAL_REPRESENTATION('',(#12512),#12516);
#12512 = LINE('',#12513,#12514);
#12513 = CARTESIAN_POINT('',(0.,0.));
#12514 = VECTOR('',#12515,1.);
#12515 = DIRECTION('',(1.,0.));
#12516 = ( GEOMETRIC_REPRESENTATION_CONTEXT(2) 
PARAMETRIC_REPRESENTATION_CONTEXT() REPRESENTATION_CONTEXT('2D SPACE',''
  ) );
#12517 = ORIENTED_EDGE('',*,*,#12518,.T.);
#12518 = EDGE_CURVE('',#12489,#12519,#12521,.T.);
#12519 = VERTEX_POINT('',#12520);
#12520 = CARTESIAN_POINT('',(30.742431640625,55.003588867188,26.8));
#12521 = SURFACE_CURVE('',#12522,(#12526,#12533),.PCURVE_S1.);
#12522 = B_SPLINE_CURVE_WITH_KNOTS('',2,(#12523,#12524,#12525),
  .UNSPECIFIED.,.F.,.F.,(3,3),(0.,1.),.PIECEWISE_BEZIER_KNOTS.);
#12523 = CARTESIAN_POINT('',(31.0517578125,54.981372070313,26.8));
#12524 = CARTESIAN_POINT('',(30.968017578125,55.003588867188,26.8));
#12525 = CARTESIAN_POINT('',(30.742431640625,55.003588867188,26.8));
#12526 = PCURVE('',#8746,#12527);
#12527 = DEFINITIONAL_REPRESENTATION('',(#12528),#12532);
#12528 = B_SPLINE_CURVE_WITH_KNOTS('',2,(#12529,#12530,#12531),
  .UNSPECIFIED.,.F.,.F.,(3,3),(0.,1.),.PIECEWISE_BEZIER_KNOTS.);
#12529 = CARTESIAN_POINT('',(1.5517578125,2.1875));
#12530 = CARTESIAN_POINT('',(1.468017578125,2.209716796875));
#12531 = CARTESIAN_POINT('',(1.242431640625,2.209716796875));
#12532 = ( GEOMETRIC_REPRESENTATION_CONTEXT(2) 
PARAMETRIC_REPRESENTATION_CONTEXT() REPRESENTATION_CONTEXT('2D SPACE',''
  ) );
#12533 = PCURVE('',#12534,#12541);
#12534 = SURFACE_OF_LINEAR_EXTRUSION('',#12535,#12539);
#12535 = B_SPLINE_CURVE_WITH_KNOTS('',2,(#12536,#12537,#12538),
  .UNSPECIFIED.,.F.,.F.,(3,3),(0.,1.),.PIECEWISE_BEZIER_KNOTS.);
#12536 = CARTESIAN_POINT('',(31.0517578125,54.981372070313,26.8));
#12537 = CARTESIAN_POINT('',(30.968017578125,55.003588867188,26.8));
#12538 = CARTESIAN_POINT('',(30.742431640625,55.003588867188,26.8));
#12539 = VECTOR('',#12540,1.);
#12540 = DIRECTION('',(-0.,-0.,-1.));
#12541 = DEFINITIONAL_REPRESENTATION('',(#12542),#12546);
#12542 = LINE('',#12543,#12544);
#12543 = CARTESIAN_POINT('',(0.,0.));
#12544 = VECTOR('',#12545,1.);
#12545 = DIRECTION('',(1.,0.));
#12546 = ( GEOMETRIC_REPRESENTATION_CONTEXT(2) 
PARAMETRIC_REPRESENTATION_CONTEXT() REPRESENTATION_CONTEXT('2D SPACE',''
  ) );
#12547 = ORIENTED_EDGE('',*,*,#12548,.T.);
#12548 = EDGE_CURVE('',#12519,#12341,#12549,.T.);
#12549 = SURFACE_CURVE('',#12550,(#12554,#12561),.PCURVE_S1.);
#12550 = LINE('',#12551,#12552);
#12551 = CARTESIAN_POINT('',(30.742431640625,55.003588867188,26.8));
#12552 = VECTOR('',#12553,1.);
#12553 = DIRECTION('',(-1.,0.,0.));
#12554 = PCURVE('',#8746,#12555);
#12555 = DEFINITIONAL_REPRESENTATION('',(#12556),#12560);
#12556 = LINE('',#12557,#12558);
#12557 = CARTESIAN_POINT('',(1.242431640625,2.209716796875));
#12558 = VECTOR('',#12559,1.);
#12559 = DIRECTION('',(-1.,0.));
#12560 = ( GEOMETRIC_REPRESENTATION_CONTEXT(2) 
PARAMETRIC_REPRESENTATION_CONTEXT() REPRESENTATION_CONTEXT('2D SPACE',''
  ) );
#12561 = PCURVE('',#12562,#12567);
#12562 = PLANE('',#12563);
#12563 = AXIS2_PLACEMENT_3D('',#12564,#12565,#12566);
#12564 = CARTESIAN_POINT('',(30.742431640625,55.003588867188,26.8));
#12565 = DIRECTION('',(0.,-1.,0.));
#12566 = DIRECTION('',(-1.,0.,0.));
#12567 = DEFINITIONAL_REPRESENTATION('',(#12568),#12572);
#12568 = LINE('',#12569,#12570);
#12569 = CARTESIAN_POINT('',(0.,-0.));
#12570 = VECTOR('',#12571,1.);
#12571 = DIRECTION('',(1.,0.));
#12572 = ( GEOMETRIC_REPRESENTATION_CONTEXT(2) 
PARAMETRIC_REPRESENTATION_CONTEXT() REPRESENTATION_CONTEXT('2D SPACE',''
  ) );
#12573 = ADVANCED_FACE('',(#12574),#9290,.T.);
#12574 = FACE_BOUND('',#12575,.F.);
#12575 = EDGE_LOOP('',(#12576,#12577,#12578,#12579,#12580,#12581,#12582,
    #12583,#12584,#12585,#12586,#12587,#12588,#12589,#12590,#12591,
    #12592,#12593,#12594));
#12576 = ORIENTED_EDGE('',*,*,#9272,.T.);
#12577 = ORIENTED_EDGE('',*,*,#9348,.T.);
#12578 = ORIENTED_EDGE('',*,*,#9446,.T.);
#12579 = ORIENTED_EDGE('',*,*,#9544,.T.);
#12580 = ORIENTED_EDGE('',*,*,#9642,.T.);
#12581 = ORIENTED_EDGE('',*,*,#9740,.T.);
#12582 = ORIENTED_EDGE('',*,*,#9838,.T.);
#12583 = ORIENTED_EDGE('',*,*,#9936,.T.);
#12584 = ORIENTED_EDGE('',*,*,#10034,.T.);
#12585 = ORIENTED_EDGE('',*,*,#10132,.T.);
#12586 = ORIENTED_EDGE('',*,*,#10181,.T.);
#12587 = ORIENTED_EDGE('',*,*,#10083,.T.);
#12588 = ORIENTED_EDGE('',*,*,#9985,.T.);
#12589 = ORIENTED_EDGE('',*,*,#9887,.T.);
#12590 = ORIENTED_EDGE('',*,*,#9789,.T.);
#12591 = ORIENTED_EDGE('',*,*,#9691,.T.);
#12592 = ORIENTED_EDGE('',*,*,#9593,.T.);
#12593 = ORIENTED_EDGE('',*,*,#9495,.T.);
#12594 = ORIENTED_EDGE('',*,*,#9397,.T.);
#12595 = ADVANCED_FACE('',(#12596,#12617),#10226,.T.);
#12596 = FACE_BOUND('',#12597,.F.);
#12597 = EDGE_LOOP('',(#12598,#12599,#12600,#12601,#12602,#12603,#12604,
    #12605,#12606,#12607,#12608,#12609,#12610,#12611,#12612,#12613,
    #12614,#12615,#12616));
#12598 = ORIENTED_EDGE('',*,*,#10208,.T.);
#12599 = ORIENTED_EDGE('',*,*,#10284,.T.);
#12600 = ORIENTED_EDGE('',*,*,#10382,.T.);
#12601 = ORIENTED_EDGE('',*,*,#10480,.T.);
#12602 = ORIENTED_EDGE('',*,*,#10578,.T.);
#12603 = ORIENTED_EDGE('',*,*,#10676,.T.);
#12604 = ORIENTED_EDGE('',*,*,#10774,.T.);
#12605 = ORIENTED_EDGE('',*,*,#10872,.T.);
#12606 = ORIENTED_EDGE('',*,*,#10970,.T.);
#12607 = ORIENTED_EDGE('',*,*,#11068,.T.);
#12608 = ORIENTED_EDGE('',*,*,#11117,.T.);
#12609 = ORIENTED_EDGE('',*,*,#11019,.T.);
#12610 = ORIENTED_EDGE('',*,*,#10921,.T.);
#12611 = ORIENTED_EDGE('',*,*,#10823,.T.);
#12612 = ORIENTED_EDGE('',*,*,#10725,.T.);
#12613 = ORIENTED_EDGE('',*,*,#10627,.T.);
#12614 = ORIENTED_EDGE('',*,*,#10529,.T.);
#12615 = ORIENTED_EDGE('',*,*,#10431,.T.);
#12616 = ORIENTED_EDGE('',*,*,#10333,.T.);
#12617 = FACE_BOUND('',#12618,.F.);
#12618 = EDGE_LOOP('',(#12619,#12649,#12677,#12707,#12737,#12767,#12797,
    #12827));
#12619 = ORIENTED_EDGE('',*,*,#12620,.T.);
#12620 = EDGE_CURVE('',#12621,#12623,#12625,.T.);
#12621 = VERTEX_POINT('',#12622);
#12622 = CARTESIAN_POINT('',(35.74462890625,55.022387695313,26.8));
#12623 = VERTEX_POINT('',#12624);
#12624 = CARTESIAN_POINT('',(35.74462890625,54.193530273438,26.8));
#12625 = SURFACE_CURVE('',#12626,(#12630,#12637),.PCURVE_S1.);
#12626 = LINE('',#12627,#12628);
#12627 = CARTESIAN_POINT('',(35.74462890625,55.022387695313,26.8));
#12628 = VECTOR('',#12629,1.);
#12629 = DIRECTION('',(0.,-1.,0.));
#12630 = PCURVE('',#10226,#12631);
#12631 = DEFINITIONAL_REPRESENTATION('',(#12632),#12636);
#12632 = LINE('',#12633,#12634);
#12633 = CARTESIAN_POINT('',(0.606689453125,2.228515625));
#12634 = VECTOR('',#12635,1.);
#12635 = DIRECTION('',(0.,-1.));
#12636 = ( GEOMETRIC_REPRESENTATION_CONTEXT(2) 
PARAMETRIC_REPRESENTATION_CONTEXT() REPRESENTATION_CONTEXT('2D SPACE',''
  ) );
#12637 = PCURVE('',#12638,#12643);
#12638 = PLANE('',#12639);
#12639 = AXIS2_PLACEMENT_3D('',#12640,#12641,#12642);
#12640 = CARTESIAN_POINT('',(35.74462890625,55.022387695313,26.8));
#12641 = DIRECTION('',(1.,0.,0.));
#12642 = DIRECTION('',(0.,-1.,0.));
#12643 = DEFINITIONAL_REPRESENTATION('',(#12644),#12648);
#12644 = LINE('',#12645,#12646);
#12645 = CARTESIAN_POINT('',(0.,0.));
#12646 = VECTOR('',#12647,1.);
#12647 = DIRECTION('',(1.,0.));
#12648 = ( GEOMETRIC_REPRESENTATION_CONTEXT(2) 
PARAMETRIC_REPRESENTATION_CONTEXT() REPRESENTATION_CONTEXT('2D SPACE',''
  ) );
#12649 = ORIENTED_EDGE('',*,*,#12650,.T.);
#12650 = EDGE_CURVE('',#12623,#12651,#12653,.T.);
#12651 = VERTEX_POINT('',#12652);
#12652 = CARTESIAN_POINT('',(36.457275390625,54.193530273438,26.8));
#12653 = SURFACE_CURVE('',#12654,(#12658,#12665),.PCURVE_S1.);
#12654 = LINE('',#12655,#12656);
#12655 = CARTESIAN_POINT('',(35.74462890625,54.193530273438,26.8));
#12656 = VECTOR('',#12657,1.);
#12657 = DIRECTION('',(1.,0.,0.));
#12658 = PCURVE('',#10226,#12659);
#12659 = DEFINITIONAL_REPRESENTATION('',(#12660),#12664);
#12660 = LINE('',#12661,#12662);
#12661 = CARTESIAN_POINT('',(0.606689453125,1.399658203125));
#12662 = VECTOR('',#12663,1.);
#12663 = DIRECTION('',(1.,0.));
#12664 = ( GEOMETRIC_REPRESENTATION_CONTEXT(2) 
PARAMETRIC_REPRESENTATION_CONTEXT() REPRESENTATION_CONTEXT('2D SPACE',''
  ) );
#12665 = PCURVE('',#12666,#12671);
#12666 = PLANE('',#12667);
#12667 = AXIS2_PLACEMENT_3D('',#12668,#12669,#12670);
#12668 = CARTESIAN_POINT('',(35.74462890625,54.193530273438,26.8));
#12669 = DIRECTION('',(0.,1.,0.));
#12670 = DIRECTION('',(1.,0.,0.));
#12671 = DEFINITIONAL_REPRESENTATION('',(#12672),#12676);
#12672 = LINE('',#12673,#12674);
#12673 = CARTESIAN_POINT('',(0.,0.));
#12674 = VECTOR('',#12675,1.);
#12675 = DIRECTION('',(1.,0.));
#12676 = ( GEOMETRIC_REPRESENTATION_CONTEXT(2) 
PARAMETRIC_REPRESENTATION_CONTEXT() REPRESENTATION_CONTEXT('2D SPACE',''
  ) );
#12677 = ORIENTED_EDGE('',*,*,#12678,.T.);
#12678 = EDGE_CURVE('',#12651,#12679,#12681,.T.);
#12679 = VERTEX_POINT('',#12680);
#12680 = CARTESIAN_POINT('',(36.812744140625,54.24052734375,26.8));
#12681 = SURFACE_CURVE('',#12682,(#12686,#12693),.PCURVE_S1.);
#12682 = B_SPLINE_CURVE_WITH_KNOTS('',2,(#12683,#12684,#12685),
  .UNSPECIFIED.,.F.,.F.,(3,3),(0.,1.),.PIECEWISE_BEZIER_KNOTS.);
#12683 = CARTESIAN_POINT('',(36.457275390625,54.193530273438,26.8));
#12684 = CARTESIAN_POINT('',(36.6845703125,54.193530273438,26.8));
#12685 = CARTESIAN_POINT('',(36.812744140625,54.24052734375,26.8));
#12686 = PCURVE('',#10226,#12687);
#12687 = DEFINITIONAL_REPRESENTATION('',(#12688),#12692);
#12688 = B_SPLINE_CURVE_WITH_KNOTS('',2,(#12689,#12690,#12691),
  .UNSPECIFIED.,.F.,.F.,(3,3),(0.,1.),.PIECEWISE_BEZIER_KNOTS.);
#12689 = CARTESIAN_POINT('',(1.3193359375,1.399658203125));
#12690 = CARTESIAN_POINT('',(1.546630859375,1.399658203125));
#12691 = CARTESIAN_POINT('',(1.6748046875,1.446655273438));
#12692 = ( GEOMETRIC_REPRESENTATION_CONTEXT(2) 
PARAMETRIC_REPRESENTATION_CONTEXT() REPRESENTATION_CONTEXT('2D SPACE',''
  ) );
#12693 = PCURVE('',#12694,#12701);
#12694 = SURFACE_OF_LINEAR_EXTRUSION('',#12695,#12699);
#12695 = B_SPLINE_CURVE_WITH_KNOTS('',2,(#12696,#12697,#12698),
  .UNSPECIFIED.,.F.,.F.,(3,3),(0.,1.),.PIECEWISE_BEZIER_KNOTS.);
#12696 = CARTESIAN_POINT('',(36.457275390625,54.193530273438,26.8));
#12697 = CARTESIAN_POINT('',(36.6845703125,54.193530273438,26.8));
#12698 = CARTESIAN_POINT('',(36.812744140625,54.24052734375,26.8));
#12699 = VECTOR('',#12700,1.);
#12700 = DIRECTION('',(-0.,-0.,-1.));
#12701 = DEFINITIONAL_REPRESENTATION('',(#12702),#12706);
#12702 = LINE('',#12703,#12704);
#12703 = CARTESIAN_POINT('',(0.,0.));
#12704 = VECTOR('',#12705,1.);
#12705 = DIRECTION('',(1.,0.));
#12706 = ( GEOMETRIC_REPRESENTATION_CONTEXT(2) 
PARAMETRIC_REPRESENTATION_CONTEXT() REPRESENTATION_CONTEXT('2D SPACE',''
  ) );
#12707 = ORIENTED_EDGE('',*,*,#12708,.T.);
#12708 = EDGE_CURVE('',#12679,#12709,#12711,.T.);
#12709 = VERTEX_POINT('',#12710);
#12710 = CARTESIAN_POINT('',(37.007568359375,54.39091796875,26.8));
#12711 = SURFACE_CURVE('',#12712,(#12716,#12723),.PCURVE_S1.);
#12712 = B_SPLINE_CURVE_WITH_KNOTS('',2,(#12713,#12714,#12715),
  .UNSPECIFIED.,.F.,.F.,(3,3),(0.,1.),.PIECEWISE_BEZIER_KNOTS.);
#12713 = CARTESIAN_POINT('',(36.812744140625,54.24052734375,26.8));
#12714 = CARTESIAN_POINT('',(36.94091796875,54.287524414063,26.8));
#12715 = CARTESIAN_POINT('',(37.007568359375,54.39091796875,26.8));
#12716 = PCURVE('',#10226,#12717);
#12717 = DEFINITIONAL_REPRESENTATION('',(#12718),#12722);
#12718 = B_SPLINE_CURVE_WITH_KNOTS('',2,(#12719,#12720,#12721),
  .UNSPECIFIED.,.F.,.F.,(3,3),(0.,1.),.PIECEWISE_BEZIER_KNOTS.);
#12719 = CARTESIAN_POINT('',(1.6748046875,1.446655273438));
#12720 = CARTESIAN_POINT('',(1.802978515625,1.49365234375));
#12721 = CARTESIAN_POINT('',(1.86962890625,1.597045898438));
#12722 = ( GEOMETRIC_REPRESENTATION_CONTEXT(2) 
PARAMETRIC_REPRESENTATION_CONTEXT() REPRESENTATION_CONTEXT('2D SPACE',''
  ) );
#12723 = PCURVE('',#12724,#12731);
#12724 = SURFACE_OF_LINEAR_EXTRUSION('',#12725,#12729);
#12725 = B_SPLINE_CURVE_WITH_KNOTS('',2,(#12726,#12727,#12728),
  .UNSPECIFIED.,.F.,.F.,(3,3),(0.,1.),.PIECEWISE_BEZIER_KNOTS.);
#12726 = CARTESIAN_POINT('',(36.812744140625,54.24052734375,26.8));
#12727 = CARTESIAN_POINT('',(36.94091796875,54.287524414063,26.8));
#12728 = CARTESIAN_POINT('',(37.007568359375,54.39091796875,26.8));
#12729 = VECTOR('',#12730,1.);
#12730 = DIRECTION('',(-0.,-0.,-1.));
#12731 = DEFINITIONAL_REPRESENTATION('',(#12732),#12736);
#12732 = LINE('',#12733,#12734);
#12733 = CARTESIAN_POINT('',(0.,0.));
#12734 = VECTOR('',#12735,1.);
#12735 = DIRECTION('',(1.,0.));
#12736 = ( GEOMETRIC_REPRESENTATION_CONTEXT(2) 
PARAMETRIC_REPRESENTATION_CONTEXT() REPRESENTATION_CONTEXT('2D SPACE',''
  ) );
#12737 = ORIENTED_EDGE('',*,*,#12738,.T.);
#12738 = EDGE_CURVE('',#12709,#12739,#12741,.T.);
#12739 = VERTEX_POINT('',#12740);
#12740 = CARTESIAN_POINT('',(37.07421875,54.615649414063,26.8));
#12741 = SURFACE_CURVE('',#12742,(#12746,#12753),.PCURVE_S1.);
#12742 = B_SPLINE_CURVE_WITH_KNOTS('',2,(#12743,#12744,#12745),
  .UNSPECIFIED.,.F.,.F.,(3,3),(0.,1.),.PIECEWISE_BEZIER_KNOTS.);
#12743 = CARTESIAN_POINT('',(37.007568359375,54.39091796875,26.8));
#12744 = CARTESIAN_POINT('',(37.07421875,54.494311523438,26.8));
#12745 = CARTESIAN_POINT('',(37.07421875,54.615649414063,26.8));
#12746 = PCURVE('',#10226,#12747);
#12747 = DEFINITIONAL_REPRESENTATION('',(#12748),#12752);
#12748 = B_SPLINE_CURVE_WITH_KNOTS('',2,(#12749,#12750,#12751),
  .UNSPECIFIED.,.F.,.F.,(3,3),(0.,1.),.PIECEWISE_BEZIER_KNOTS.);
#12749 = CARTESIAN_POINT('',(1.86962890625,1.597045898438));
#12750 = CARTESIAN_POINT('',(1.936279296875,1.700439453125));
#12751 = CARTESIAN_POINT('',(1.936279296875,1.82177734375));
#12752 = ( GEOMETRIC_REPRESENTATION_CONTEXT(2) 
PARAMETRIC_REPRESENTATION_CONTEXT() REPRESENTATION_CONTEXT('2D SPACE',''
  ) );
#12753 = PCURVE('',#12754,#12761);
#12754 = SURFACE_OF_LINEAR_EXTRUSION('',#12755,#12759);
#12755 = B_SPLINE_CURVE_WITH_KNOTS('',2,(#12756,#12757,#12758),
  .UNSPECIFIED.,.F.,.F.,(3,3),(0.,1.),.PIECEWISE_BEZIER_KNOTS.);
#12756 = CARTESIAN_POINT('',(37.007568359375,54.39091796875,26.8));
#12757 = CARTESIAN_POINT('',(37.07421875,54.494311523438,26.8));
#12758 = CARTESIAN_POINT('',(37.07421875,54.615649414063,26.8));
#12759 = VECTOR('',#12760,1.);
#12760 = DIRECTION('',(-0.,-0.,-1.));
#12761 = DEFINITIONAL_REPRESENTATION('',(#12762),#12766);
#12762 = LINE('',#12763,#12764);
#12763 = CARTESIAN_POINT('',(0.,0.));
#12764 = VECTOR('',#12765,1.);
#12765 = DIRECTION('',(1.,0.));
#12766 = ( GEOMETRIC_REPRESENTATION_CONTEXT(2) 
PARAMETRIC_REPRESENTATION_CONTEXT() REPRESENTATION_CONTEXT('2D SPACE',''
  ) );
#12767 = ORIENTED_EDGE('',*,*,#12768,.T.);
#12768 = EDGE_CURVE('',#12739,#12769,#12771,.T.);
#12769 = VERTEX_POINT('',#12770);
#12770 = CARTESIAN_POINT('',(36.945190429688,54.907885742188,26.8));
#12771 = SURFACE_CURVE('',#12772,(#12776,#12783),.PCURVE_S1.);
#12772 = B_SPLINE_CURVE_WITH_KNOTS('',2,(#12773,#12774,#12775),
  .UNSPECIFIED.,.F.,.F.,(3,3),(0.,1.),.PIECEWISE_BEZIER_KNOTS.);
#12773 = CARTESIAN_POINT('',(37.07421875,54.615649414063,26.8));
#12774 = CARTESIAN_POINT('',(37.07421875,54.793383789063,26.8));
#12775 = CARTESIAN_POINT('',(36.945190429688,54.907885742188,26.8));
#12776 = PCURVE('',#10226,#12777);
#12777 = DEFINITIONAL_REPRESENTATION('',(#12778),#12782);
#12778 = B_SPLINE_CURVE_WITH_KNOTS('',2,(#12779,#12780,#12781),
  .UNSPECIFIED.,.F.,.F.,(3,3),(0.,1.),.PIECEWISE_BEZIER_KNOTS.);
#12779 = CARTESIAN_POINT('',(1.936279296875,1.82177734375));
#12780 = CARTESIAN_POINT('',(1.936279296875,1.99951171875));
#12781 = CARTESIAN_POINT('',(1.807250976562,2.114013671875));
#12782 = ( GEOMETRIC_REPRESENTATION_CONTEXT(2) 
PARAMETRIC_REPRESENTATION_CONTEXT() REPRESENTATION_CONTEXT('2D SPACE',''
  ) );
#12783 = PCURVE('',#12784,#12791);
#12784 = SURFACE_OF_LINEAR_EXTRUSION('',#12785,#12789);
#12785 = B_SPLINE_CURVE_WITH_KNOTS('',2,(#12786,#12787,#12788),
  .UNSPECIFIED.,.F.,.F.,(3,3),(0.,1.),.PIECEWISE_BEZIER_KNOTS.);
#12786 = CARTESIAN_POINT('',(37.07421875,54.615649414063,26.8));
#12787 = CARTESIAN_POINT('',(37.07421875,54.793383789063,26.8));
#12788 = CARTESIAN_POINT('',(36.945190429688,54.907885742188,26.8));
#12789 = VECTOR('',#12790,1.);
#12790 = DIRECTION('',(-0.,-0.,-1.));
#12791 = DEFINITIONAL_REPRESENTATION('',(#12792),#12796);
#12792 = LINE('',#12793,#12794);
#12793 = CARTESIAN_POINT('',(0.,0.));
#12794 = VECTOR('',#12795,1.);
#12795 = DIRECTION('',(1.,0.));
#12796 = ( GEOMETRIC_REPRESENTATION_CONTEXT(2) 
PARAMETRIC_REPRESENTATION_CONTEXT() REPRESENTATION_CONTEXT('2D SPACE',''
  ) );
#12797 = ORIENTED_EDGE('',*,*,#12798,.T.);
#12798 = EDGE_CURVE('',#12769,#12799,#12801,.T.);
#12799 = VERTEX_POINT('',#12800);
#12800 = CARTESIAN_POINT('',(36.53759765625,55.022387695313,26.8));
#12801 = SURFACE_CURVE('',#12802,(#12806,#12813),.PCURVE_S1.);
#12802 = B_SPLINE_CURVE_WITH_KNOTS('',2,(#12803,#12804,#12805),
  .UNSPECIFIED.,.F.,.F.,(3,3),(0.,1.),.PIECEWISE_BEZIER_KNOTS.);
#12803 = CARTESIAN_POINT('',(36.945190429688,54.907885742188,26.8));
#12804 = CARTESIAN_POINT('',(36.816162109375,55.022387695313,26.8));
#12805 = CARTESIAN_POINT('',(36.53759765625,55.022387695313,26.8));
#12806 = PCURVE('',#10226,#12807);
#12807 = DEFINITIONAL_REPRESENTATION('',(#12808),#12812);
#12808 = B_SPLINE_CURVE_WITH_KNOTS('',2,(#12809,#12810,#12811),
  .UNSPECIFIED.,.F.,.F.,(3,3),(0.,1.),.PIECEWISE_BEZIER_KNOTS.);
#12809 = CARTESIAN_POINT('',(1.807250976562,2.114013671875));
#12810 = CARTESIAN_POINT('',(1.67822265625,2.228515625));
#12811 = CARTESIAN_POINT('',(1.399658203125,2.228515625));
#12812 = ( GEOMETRIC_REPRESENTATION_CONTEXT(2) 
PARAMETRIC_REPRESENTATION_CONTEXT() REPRESENTATION_CONTEXT('2D SPACE',''
  ) );
#12813 = PCURVE('',#12814,#12821);
#12814 = SURFACE_OF_LINEAR_EXTRUSION('',#12815,#12819);
#12815 = B_SPLINE_CURVE_WITH_KNOTS('',2,(#12816,#12817,#12818),
  .UNSPECIFIED.,.F.,.F.,(3,3),(0.,1.),.PIECEWISE_BEZIER_KNOTS.);
#12816 = CARTESIAN_POINT('',(36.945190429688,54.907885742188,26.8));
#12817 = CARTESIAN_POINT('',(36.816162109375,55.022387695313,26.8));
#12818 = CARTESIAN_POINT('',(36.53759765625,55.022387695313,26.8));
#12819 = VECTOR('',#12820,1.);
#12820 = DIRECTION('',(-0.,-0.,-1.));
#12821 = DEFINITIONAL_REPRESENTATION('',(#12822),#12826);
#12822 = LINE('',#12823,#12824);
#12823 = CARTESIAN_POINT('',(0.,0.));
#12824 = VECTOR('',#12825,1.);
#12825 = DIRECTION('',(1.,0.));
#12826 = ( GEOMETRIC_REPRESENTATION_CONTEXT(2) 
PARAMETRIC_REPRESENTATION_CONTEXT() REPRESENTATION_CONTEXT('2D SPACE',''
  ) );
#12827 = ORIENTED_EDGE('',*,*,#12828,.T.);
#12828 = EDGE_CURVE('',#12799,#12621,#12829,.T.);
#12829 = SURFACE_CURVE('',#12830,(#12834,#12841),.PCURVE_S1.);
#12830 = LINE('',#12831,#12832);
#12831 = CARTESIAN_POINT('',(36.53759765625,55.022387695313,26.8));
#12832 = VECTOR('',#12833,1.);
#12833 = DIRECTION('',(-1.,0.,0.));
#12834 = PCURVE('',#10226,#12835);
#12835 = DEFINITIONAL_REPRESENTATION('',(#12836),#12840);
#12836 = LINE('',#12837,#12838);
#12837 = CARTESIAN_POINT('',(1.399658203125,2.228515625));
#12838 = VECTOR('',#12839,1.);
#12839 = DIRECTION('',(-1.,0.));
#12840 = ( GEOMETRIC_REPRESENTATION_CONTEXT(2) 
PARAMETRIC_REPRESENTATION_CONTEXT() REPRESENTATION_CONTEXT('2D SPACE',''
  ) );
#12841 = PCURVE('',#12842,#12847);
#12842 = PLANE('',#12843);
#12843 = AXIS2_PLACEMENT_3D('',#12844,#12845,#12846);
#12844 = CARTESIAN_POINT('',(36.53759765625,55.022387695313,26.8));
#12845 = DIRECTION('',(0.,-1.,0.));
#12846 = DIRECTION('',(-1.,0.,0.));
#12847 = DEFINITIONAL_REPRESENTATION('',(#12848),#12852);
#12848 = LINE('',#12849,#12850);
#12849 = CARTESIAN_POINT('',(0.,-0.));
#12850 = VECTOR('',#12851,1.);
#12851 = DIRECTION('',(1.,0.));
#12852 = ( GEOMETRIC_REPRESENTATION_CONTEXT(2) 
PARAMETRIC_REPRESENTATION_CONTEXT() REPRESENTATION_CONTEXT('2D SPACE',''
  ) );
#12853 = ADVANCED_FACE('',(#12854),#11360,.F.);
#12854 = FACE_BOUND('',#12855,.F.);
#12855 = EDGE_LOOP('',(#12856,#12857,#12880,#12913));
#12856 = ORIENTED_EDGE('',*,*,#11341,.F.);
#12857 = ORIENTED_EDGE('',*,*,#12858,.T.);
#12858 = EDGE_CURVE('',#11342,#12859,#12861,.T.);
#12859 = VERTEX_POINT('',#12860);
#12860 = CARTESIAN_POINT('',(2.75,8.895099728875,24.));
#12861 = SURFACE_CURVE('',#12862,(#12866,#12873),.PCURVE_S1.);
#12862 = LINE('',#12863,#12864);
#12863 = CARTESIAN_POINT('',(2.75,8.895099728875,21.));
#12864 = VECTOR('',#12865,1.);
#12865 = DIRECTION('',(0.,0.,1.));
#12866 = PCURVE('',#11360,#12867);
#12867 = DEFINITIONAL_REPRESENTATION('',(#12868),#12872);
#12868 = LINE('',#12869,#12870);
#12869 = CARTESIAN_POINT('',(6.450633386399,0.));
#12870 = VECTOR('',#12871,1.);
#12871 = DIRECTION('',(0.,-1.));
#12872 = ( GEOMETRIC_REPRESENTATION_CONTEXT(2) 
PARAMETRIC_REPRESENTATION_CONTEXT() REPRESENTATION_CONTEXT('2D SPACE',''
  ) );
#12873 = PCURVE('',#11389,#12874);
#12874 = DEFINITIONAL_REPRESENTATION('',(#12875),#12879);
#12875 = LINE('',#12876,#12877);
#12876 = CARTESIAN_POINT('',(-7.939213809897,0.));
#12877 = VECTOR('',#12878,1.);
#12878 = DIRECTION('',(-0.,-1.));
#12879 = ( GEOMETRIC_REPRESENTATION_CONTEXT(2) 
PARAMETRIC_REPRESENTATION_CONTEXT() REPRESENTATION_CONTEXT('2D SPACE',''
  ) );
#12880 = ORIENTED_EDGE('',*,*,#12881,.T.);
#12881 = EDGE_CURVE('',#12859,#12882,#12884,.T.);
#12882 = VERTEX_POINT('',#12883);
#12883 = CARTESIAN_POINT('',(1.5,10.374119674649,24.));
#12884 = SURFACE_CURVE('',#12885,(#12890,#12897),.PCURVE_S1.);
#12885 = CIRCLE('',#12886,1.5);
#12886 = AXIS2_PLACEMENT_3D('',#12887,#12888,#12889);
#12887 = CARTESIAN_POINT('',(3.,10.374119674649,24.));
#12888 = DIRECTION('',(-0.,0.,-1.));
#12889 = DIRECTION('',(-0.,-1.,0.));
#12890 = PCURVE('',#11360,#12891);
#12891 = DEFINITIONAL_REPRESENTATION('',(#12892),#12896);
#12892 = LINE('',#12893,#12894);
#12893 = CARTESIAN_POINT('',(6.28318530718,-3.));
#12894 = VECTOR('',#12895,1.);
#12895 = DIRECTION('',(1.,0.));
#12896 = ( GEOMETRIC_REPRESENTATION_CONTEXT(2) 
PARAMETRIC_REPRESENTATION_CONTEXT() REPRESENTATION_CONTEXT('2D SPACE',''
  ) );
#12897 = PCURVE('',#12898,#12903);
#12898 = PLANE('',#12899);
#12899 = AXIS2_PLACEMENT_3D('',#12900,#12901,#12902);
#12900 = CARTESIAN_POINT('',(49.25,36.45,24.));
#12901 = DIRECTION('',(0.,0.,1.));
#12902 = DIRECTION('',(1.,0.,-0.));
#12903 = DEFINITIONAL_REPRESENTATION('',(#12904),#12912);
#12904 = ( BOUNDED_CURVE() B_SPLINE_CURVE(2,(#12905,#12906,#12907,#12908
    ,#12909,#12910,#12911),.UNSPECIFIED.,.T.,.F.) 
B_SPLINE_CURVE_WITH_KNOTS((1,2,2,2,2,1),(-2.094395102393,0.,
    2.094395102393,4.188790204786,6.28318530718,8.377580409573),
.UNSPECIFIED.) CURVE() GEOMETRIC_REPRESENTATION_ITEM() 
RATIONAL_B_SPLINE_CURVE((1.,0.5,1.,0.5,1.,0.5,1.)) REPRESENTATION_ITEM(
  '') );
#12905 = CARTESIAN_POINT('',(-46.25,-27.57588032535));
#12906 = CARTESIAN_POINT('',(-48.84807621135,-27.57588032535));
#12907 = CARTESIAN_POINT('',(-47.54903810567,-25.32588032535));
#12908 = CARTESIAN_POINT('',(-46.25,-23.07588032535));
#12909 = CARTESIAN_POINT('',(-44.95096189432,-25.32588032535));
#12910 = CARTESIAN_POINT('',(-43.65192378864,-27.57588032535));
#12911 = CARTESIAN_POINT('',(-46.25,-27.57588032535));
#12912 = ( GEOMETRIC_REPRESENTATION_CONTEXT(2) 
PARAMETRIC_REPRESENTATION_CONTEXT() REPRESENTATION_CONTEXT('2D SPACE',''
  ) );
#12913 = ORIENTED_EDGE('',*,*,#12914,.F.);
#12914 = EDGE_CURVE('',#11344,#12882,#12915,.T.);
#12915 = SURFACE_CURVE('',#12916,(#12920,#12927),.PCURVE_S1.);
#12916 = LINE('',#12917,#12918);
#12917 = CARTESIAN_POINT('',(1.5,10.374119674649,21.));
#12918 = VECTOR('',#12919,1.);
#12919 = DIRECTION('',(0.,0.,1.));
#12920 = PCURVE('',#11360,#12921);
#12921 = DEFINITIONAL_REPRESENTATION('',(#12922),#12926);
#12922 = LINE('',#12923,#12924);
#12923 = CARTESIAN_POINT('',(7.853981633974,0.));
#12924 = VECTOR('',#12925,1.);
#12925 = DIRECTION('',(0.,-1.));
#12926 = ( GEOMETRIC_REPRESENTATION_CONTEXT(2) 
PARAMETRIC_REPRESENTATION_CONTEXT() REPRESENTATION_CONTEXT('2D SPACE',''
  ) );
#12927 = PCURVE('',#12008,#12928);
#12928 = DEFINITIONAL_REPRESENTATION('',(#12929),#12933);
#12929 = LINE('',#12930,#12931);
#12930 = CARTESIAN_POINT('',(52.151760650701,0.));
#12931 = VECTOR('',#12932,1.);
#12932 = DIRECTION('',(0.,-1.));
#12933 = ( GEOMETRIC_REPRESENTATION_CONTEXT(2) 
PARAMETRIC_REPRESENTATION_CONTEXT() REPRESENTATION_CONTEXT('2D SPACE',''
  ) );
#12934 = ADVANCED_FACE('',(#12935),#12008,.T.);
#12935 = FACE_BOUND('',#12936,.T.);
#12936 = EDGE_LOOP('',(#12937,#12938,#12961,#12981));
#12937 = ORIENTED_EDGE('',*,*,#11995,.F.);
#12938 = ORIENTED_EDGE('',*,*,#12939,.T.);
#12939 = EDGE_CURVE('',#11967,#12940,#12942,.T.);
#12940 = VERTEX_POINT('',#12941);
#12941 = CARTESIAN_POINT('',(1.5,62.525880325351,24.));
#12942 = SURFACE_CURVE('',#12943,(#12947,#12954),.PCURVE_S1.);
#12943 = LINE('',#12944,#12945);
#12944 = CARTESIAN_POINT('',(1.5,62.525880325351,21.));
#12945 = VECTOR('',#12946,1.);
#12946 = DIRECTION('',(0.,0.,1.));
#12947 = PCURVE('',#12008,#12948);
#12948 = DEFINITIONAL_REPRESENTATION('',(#12949),#12953);
#12949 = LINE('',#12950,#12951);
#12950 = CARTESIAN_POINT('',(0.,0.));
#12951 = VECTOR('',#12952,1.);
#12952 = DIRECTION('',(0.,-1.));
#12953 = ( GEOMETRIC_REPRESENTATION_CONTEXT(2) 
PARAMETRIC_REPRESENTATION_CONTEXT() REPRESENTATION_CONTEXT('2D SPACE',''
  ) );
#12954 = PCURVE('',#11983,#12955);
#12955 = DEFINITIONAL_REPRESENTATION('',(#12956),#12960);
#12956 = LINE('',#12957,#12958);
#12957 = CARTESIAN_POINT('',(1.570796326795,0.));
#12958 = VECTOR('',#12959,1.);
#12959 = DIRECTION('',(0.,-1.));
#12960 = ( GEOMETRIC_REPRESENTATION_CONTEXT(2) 
PARAMETRIC_REPRESENTATION_CONTEXT() REPRESENTATION_CONTEXT('2D SPACE',''
  ) );
#12961 = ORIENTED_EDGE('',*,*,#12962,.T.);
#12962 = EDGE_CURVE('',#12940,#12882,#12963,.T.);
#12963 = SURFACE_CURVE('',#12964,(#12968,#12974),.PCURVE_S1.);
#12964 = LINE('',#12965,#12966);
#12965 = CARTESIAN_POINT('',(1.5,49.487940162675,24.));
#12966 = VECTOR('',#12967,1.);
#12967 = DIRECTION('',(-0.,-1.,0.));
#12968 = PCURVE('',#12008,#12969);
#12969 = DEFINITIONAL_REPRESENTATION('',(#12970),#12973);
#12970 = B_SPLINE_CURVE_WITH_KNOTS('',1,(#12971,#12972),.UNSPECIFIED.,
  .F.,.F.,(2,2),(-13.03794016267,39.113820488026),
  .PIECEWISE_BEZIER_KNOTS.);
#12971 = CARTESIAN_POINT('',(0.,-3.));
#12972 = CARTESIAN_POINT('',(52.151760650701,-3.));
#12973 = ( GEOMETRIC_REPRESENTATION_CONTEXT(2) 
PARAMETRIC_REPRESENTATION_CONTEXT() REPRESENTATION_CONTEXT('2D SPACE',''
  ) );
#12974 = PCURVE('',#12898,#12975);
#12975 = DEFINITIONAL_REPRESENTATION('',(#12976),#12980);
#12976 = LINE('',#12977,#12978);
#12977 = CARTESIAN_POINT('',(-47.75,13.037940162675));
#12978 = VECTOR('',#12979,1.);
#12979 = DIRECTION('',(-0.,-1.));
#12980 = ( GEOMETRIC_REPRESENTATION_CONTEXT(2) 
PARAMETRIC_REPRESENTATION_CONTEXT() REPRESENTATION_CONTEXT('2D SPACE',''
  ) );
#12981 = ORIENTED_EDGE('',*,*,#12914,.F.);
#12982 = ADVANCED_FACE('',(#12983),#11983,.F.);
#12983 = FACE_BOUND('',#12984,.F.);
#12984 = EDGE_LOOP('',(#12985,#12986,#12987,#13015));
#12985 = ORIENTED_EDGE('',*,*,#11966,.F.);
#12986 = ORIENTED_EDGE('',*,*,#12939,.T.);
#12987 = ORIENTED_EDGE('',*,*,#12988,.T.);
#12988 = EDGE_CURVE('',#12940,#12989,#12991,.T.);
#12989 = VERTEX_POINT('',#12990);
#12990 = CARTESIAN_POINT('',(2.75,64.004900271125,24.));
#12991 = SURFACE_CURVE('',#12992,(#12997,#13004),.PCURVE_S1.);
#12992 = CIRCLE('',#12993,1.5);
#12993 = AXIS2_PLACEMENT_3D('',#12994,#12995,#12996);
#12994 = CARTESIAN_POINT('',(3.,62.525880325351,24.));
#12995 = DIRECTION('',(-0.,0.,-1.));
#12996 = DIRECTION('',(-0.,-1.,0.));
#12997 = PCURVE('',#11983,#12998);
#12998 = DEFINITIONAL_REPRESENTATION('',(#12999),#13003);
#12999 = LINE('',#13000,#13001);
#13000 = CARTESIAN_POINT('',(0.,-3.));
#13001 = VECTOR('',#13002,1.);
#13002 = DIRECTION('',(1.,0.));
#13003 = ( GEOMETRIC_REPRESENTATION_CONTEXT(2) 
PARAMETRIC_REPRESENTATION_CONTEXT() REPRESENTATION_CONTEXT('2D SPACE',''
  ) );
#13004 = PCURVE('',#12898,#13005);
#13005 = DEFINITIONAL_REPRESENTATION('',(#13006),#13014);
#13006 = ( BOUNDED_CURVE() B_SPLINE_CURVE(2,(#13007,#13008,#13009,#13010
    ,#13011,#13012,#13013),.UNSPECIFIED.,.T.,.F.) 
B_SPLINE_CURVE_WITH_KNOTS((1,2,2,2,2,1),(-2.094395102393,0.,
    2.094395102393,4.188790204786,6.28318530718,8.377580409573),
.UNSPECIFIED.) CURVE() GEOMETRIC_REPRESENTATION_ITEM() 
RATIONAL_B_SPLINE_CURVE((1.,0.5,1.,0.5,1.,0.5,1.)) REPRESENTATION_ITEM(
  '') );
#13007 = CARTESIAN_POINT('',(-46.25,24.575880325351));
#13008 = CARTESIAN_POINT('',(-48.84807621135,24.575880325351));
#13009 = CARTESIAN_POINT('',(-47.54903810567,26.825880325351));
#13010 = CARTESIAN_POINT('',(-46.25,29.075880325351));
#13011 = CARTESIAN_POINT('',(-44.95096189432,26.825880325351));
#13012 = CARTESIAN_POINT('',(-43.65192378864,24.575880325351));
#13013 = CARTESIAN_POINT('',(-46.25,24.575880325351));
#13014 = ( GEOMETRIC_REPRESENTATION_CONTEXT(2) 
PARAMETRIC_REPRESENTATION_CONTEXT() REPRESENTATION_CONTEXT('2D SPACE',''
  ) );
#13015 = ORIENTED_EDGE('',*,*,#13016,.F.);
#13016 = EDGE_CURVE('',#11938,#12989,#13017,.T.);
#13017 = SURFACE_CURVE('',#13018,(#13022,#13029),.PCURVE_S1.);
#13018 = LINE('',#13019,#13020);
#13019 = CARTESIAN_POINT('',(2.75,64.004900271125,21.));
#13020 = VECTOR('',#13021,1.);
#13021 = DIRECTION('',(0.,0.,1.));
#13022 = PCURVE('',#11983,#13023);
#13023 = DEFINITIONAL_REPRESENTATION('',(#13024),#13028);
#13024 = LINE('',#13025,#13026);
#13025 = CARTESIAN_POINT('',(2.97414457437,0.));
#13026 = VECTOR('',#13027,1.);
#13027 = DIRECTION('',(0.,-1.));
#13028 = ( GEOMETRIC_REPRESENTATION_CONTEXT(2) 
PARAMETRIC_REPRESENTATION_CONTEXT() REPRESENTATION_CONTEXT('2D SPACE',''
  ) );
#13029 = PCURVE('',#11954,#13030);
#13030 = DEFINITIONAL_REPRESENTATION('',(#13031),#13035);
#13031 = LINE('',#13032,#13033);
#13032 = CARTESIAN_POINT('',(-6.703313641541,0.));
#13033 = VECTOR('',#13034,1.);
#13034 = DIRECTION('',(-0.,-1.));
#13035 = ( GEOMETRIC_REPRESENTATION_CONTEXT(2) 
PARAMETRIC_REPRESENTATION_CONTEXT() REPRESENTATION_CONTEXT('2D SPACE',''
  ) );
#13036 = ADVANCED_FACE('',(#13037),#11954,.T.);
#13037 = FACE_BOUND('',#13038,.F.);
#13038 = EDGE_LOOP('',(#13039,#13040,#13041,#13069));
#13039 = ORIENTED_EDGE('',*,*,#11937,.T.);
#13040 = ORIENTED_EDGE('',*,*,#13016,.T.);
#13041 = ORIENTED_EDGE('',*,*,#13042,.F.);
#13042 = EDGE_CURVE('',#13043,#12989,#13045,.T.);
#13043 = VERTEX_POINT('',#13044);
#13044 = CARTESIAN_POINT('',(8.895099728875,70.15,24.));
#13045 = SURFACE_CURVE('',#13046,(#13051,#13058),.PCURVE_S1.);
#13046 = CIRCLE('',#13047,7.5);
#13047 = AXIS2_PLACEMENT_3D('',#13048,#13049,#13050);
#13048 = CARTESIAN_POINT('',(1.5,71.4,24.));
#13049 = DIRECTION('',(-0.,0.,-1.));
#13050 = DIRECTION('',(-0.25,-0.968245836552,0.));
#13051 = PCURVE('',#11954,#13052);
#13052 = DEFINITIONAL_REPRESENTATION('',(#13053),#13057);
#13053 = LINE('',#13054,#13055);
#13054 = CARTESIAN_POINT('',(-12.56637061435,-3.));
#13055 = VECTOR('',#13056,1.);
#13056 = DIRECTION('',(1.,-0.));
#13057 = ( GEOMETRIC_REPRESENTATION_CONTEXT(2) 
PARAMETRIC_REPRESENTATION_CONTEXT() REPRESENTATION_CONTEXT('2D SPACE',''
  ) );
#13058 = PCURVE('',#12898,#13059);
#13059 = DEFINITIONAL_REPRESENTATION('',(#13060),#13068);
#13060 = ( BOUNDED_CURVE() B_SPLINE_CURVE(2,(#13061,#13062,#13063,#13064
    ,#13065,#13066,#13067),.UNSPECIFIED.,.T.,.F.) 
B_SPLINE_CURVE_WITH_KNOTS((1,2,2,2,2,1),(-2.094395102393,0.,
    2.094395102393,4.188790204786,6.28318530718,8.377580409573),
.UNSPECIFIED.) CURVE() GEOMETRIC_REPRESENTATION_ITEM() 
RATIONAL_B_SPLINE_CURVE((1.,0.5,1.,0.5,1.,0.5,1.)) REPRESENTATION_ITEM(
  '') );
#13061 = CARTESIAN_POINT('',(-49.625,27.688156225861));
#13062 = CARTESIAN_POINT('',(-62.20288237343,30.935751490053));
#13063 = CARTESIAN_POINT('',(-53.10144118671,40.204719519165));
#13064 = CARTESIAN_POINT('',(-44.,49.473687548278));
#13065 = CARTESIAN_POINT('',(-40.52355881328,36.957124254974));
#13066 = CARTESIAN_POINT('',(-37.04711762656,24.440560961669));
#13067 = CARTESIAN_POINT('',(-49.625,27.688156225861));
#13068 = ( GEOMETRIC_REPRESENTATION_CONTEXT(2) 
PARAMETRIC_REPRESENTATION_CONTEXT() REPRESENTATION_CONTEXT('2D SPACE',''
  ) );
#13069 = ORIENTED_EDGE('',*,*,#13070,.F.);
#13070 = EDGE_CURVE('',#11909,#13043,#13071,.T.);
#13071 = SURFACE_CURVE('',#13072,(#13076,#13083),.PCURVE_S1.);
#13072 = LINE('',#13073,#13074);
#13073 = CARTESIAN_POINT('',(8.895099728875,70.15,21.));
#13074 = VECTOR('',#13075,1.);
#13075 = DIRECTION('',(0.,0.,1.));
#13076 = PCURVE('',#11954,#13077);
#13077 = DEFINITIONAL_REPRESENTATION('',(#13078),#13082);
#13078 = LINE('',#13079,#13080);
#13079 = CARTESIAN_POINT('',(-7.939213809897,0.));
#13080 = VECTOR('',#13081,1.);
#13081 = DIRECTION('',(-0.,-1.));
#13082 = ( GEOMETRIC_REPRESENTATION_CONTEXT(2) 
PARAMETRIC_REPRESENTATION_CONTEXT() REPRESENTATION_CONTEXT('2D SPACE',''
  ) );
#13083 = PCURVE('',#11925,#13084);
#13084 = DEFINITIONAL_REPRESENTATION('',(#13085),#13089);
#13085 = LINE('',#13086,#13087);
#13086 = CARTESIAN_POINT('',(1.738244406015,0.));
#13087 = VECTOR('',#13088,1.);
#13088 = DIRECTION('',(0.,-1.));
#13089 = ( GEOMETRIC_REPRESENTATION_CONTEXT(2) 
PARAMETRIC_REPRESENTATION_CONTEXT() REPRESENTATION_CONTEXT('2D SPACE',''
  ) );
#13090 = ADVANCED_FACE('',(#13091),#11925,.F.);
#13091 = FACE_BOUND('',#13092,.F.);
#13092 = EDGE_LOOP('',(#13093,#13094,#13095,#13123));
#13093 = ORIENTED_EDGE('',*,*,#11908,.F.);
#13094 = ORIENTED_EDGE('',*,*,#13070,.T.);
#13095 = ORIENTED_EDGE('',*,*,#13096,.T.);
#13096 = EDGE_CURVE('',#13043,#13097,#13099,.T.);
#13097 = VERTEX_POINT('',#13098);
#13098 = CARTESIAN_POINT('',(10.374119674649,71.4,24.));
#13099 = SURFACE_CURVE('',#13100,(#13105,#13112),.PCURVE_S1.);
#13100 = CIRCLE('',#13101,1.5);
#13101 = AXIS2_PLACEMENT_3D('',#13102,#13103,#13104);
#13102 = CARTESIAN_POINT('',(10.374119674649,69.9,24.));
#13103 = DIRECTION('',(-0.,0.,-1.));
#13104 = DIRECTION('',(-0.,-1.,0.));
#13105 = PCURVE('',#11925,#13106);
#13106 = DEFINITIONAL_REPRESENTATION('',(#13107),#13111);
#13107 = LINE('',#13108,#13109);
#13108 = CARTESIAN_POINT('',(0.,-3.));
#13109 = VECTOR('',#13110,1.);
#13110 = DIRECTION('',(1.,0.));
#13111 = ( GEOMETRIC_REPRESENTATION_CONTEXT(2) 
PARAMETRIC_REPRESENTATION_CONTEXT() REPRESENTATION_CONTEXT('2D SPACE',''
  ) );
#13112 = PCURVE('',#12898,#13113);
#13113 = DEFINITIONAL_REPRESENTATION('',(#13114),#13122);
#13114 = ( BOUNDED_CURVE() B_SPLINE_CURVE(2,(#13115,#13116,#13117,#13118
    ,#13119,#13120,#13121),.UNSPECIFIED.,.T.,.F.) 
B_SPLINE_CURVE_WITH_KNOTS((1,2,2,2,2,1),(-2.094395102393,0.,
    2.094395102393,4.188790204786,6.28318530718,8.377580409573),
.UNSPECIFIED.) CURVE() GEOMETRIC_REPRESENTATION_ITEM() 
RATIONAL_B_SPLINE_CURVE((1.,0.5,1.,0.5,1.,0.5,1.)) REPRESENTATION_ITEM(
  '') );
#13115 = CARTESIAN_POINT('',(-38.87588032535,31.95));
#13116 = CARTESIAN_POINT('',(-41.4739565367,31.95));
#13117 = CARTESIAN_POINT('',(-40.17491843102,34.2));
#13118 = CARTESIAN_POINT('',(-38.87588032535,36.45));
#13119 = CARTESIAN_POINT('',(-37.57684221967,34.2));
#13120 = CARTESIAN_POINT('',(-36.27780411399,31.95));
#13121 = CARTESIAN_POINT('',(-38.87588032535,31.95));
#13122 = ( GEOMETRIC_REPRESENTATION_CONTEXT(2) 
PARAMETRIC_REPRESENTATION_CONTEXT() REPRESENTATION_CONTEXT('2D SPACE',''
  ) );
#13123 = ORIENTED_EDGE('',*,*,#13124,.F.);
#13124 = EDGE_CURVE('',#11883,#13097,#13125,.T.);
#13125 = SURFACE_CURVE('',#13126,(#13130,#13137),.PCURVE_S1.);
#13126 = LINE('',#13127,#13128);
#13127 = CARTESIAN_POINT('',(10.374119674649,71.4,21.));
#13128 = VECTOR('',#13129,1.);
#13129 = DIRECTION('',(0.,0.,1.));
#13130 = PCURVE('',#11925,#13131);
#13131 = DEFINITIONAL_REPRESENTATION('',(#13132),#13136);
#13132 = LINE('',#13133,#13134);
#13133 = CARTESIAN_POINT('',(3.14159265359,0.));
#13134 = VECTOR('',#13135,1.);
#13135 = DIRECTION('',(0.,-1.));
#13136 = ( GEOMETRIC_REPRESENTATION_CONTEXT(2) 
PARAMETRIC_REPRESENTATION_CONTEXT() REPRESENTATION_CONTEXT('2D SPACE',''
  ) );
#13137 = PCURVE('',#11897,#13138);
#13138 = DEFINITIONAL_REPRESENTATION('',(#13139),#13143);
#13139 = LINE('',#13140,#13141);
#13140 = CARTESIAN_POINT('',(30.001760650701,0.));
#13141 = VECTOR('',#13142,1.);
#13142 = DIRECTION('',(0.,-1.));
#13143 = ( GEOMETRIC_REPRESENTATION_CONTEXT(2) 
PARAMETRIC_REPRESENTATION_CONTEXT() REPRESENTATION_CONTEXT('2D SPACE',''
  ) );
#13144 = ADVANCED_FACE('',(#13145),#11897,.T.);
#13145 = FACE_BOUND('',#13146,.T.);
#13146 = EDGE_LOOP('',(#13147,#13148,#13171,#13191));
#13147 = ORIENTED_EDGE('',*,*,#11882,.F.);
#13148 = ORIENTED_EDGE('',*,*,#13149,.T.);
#13149 = EDGE_CURVE('',#11854,#13150,#13152,.T.);
#13150 = VERTEX_POINT('',#13151);
#13151 = CARTESIAN_POINT('',(40.375880325351,71.4,24.));
#13152 = SURFACE_CURVE('',#13153,(#13157,#13164),.PCURVE_S1.);
#13153 = LINE('',#13154,#13155);
#13154 = CARTESIAN_POINT('',(40.375880325351,71.4,21.));
#13155 = VECTOR('',#13156,1.);
#13156 = DIRECTION('',(0.,0.,1.));
#13157 = PCURVE('',#11897,#13158);
#13158 = DEFINITIONAL_REPRESENTATION('',(#13159),#13163);
#13159 = LINE('',#13160,#13161);
#13160 = CARTESIAN_POINT('',(0.,-0.));
#13161 = VECTOR('',#13162,1.);
#13162 = DIRECTION('',(0.,-1.));
#13163 = ( GEOMETRIC_REPRESENTATION_CONTEXT(2) 
PARAMETRIC_REPRESENTATION_CONTEXT() REPRESENTATION_CONTEXT('2D SPACE',''
  ) );
#13164 = PCURVE('',#11870,#13165);
#13165 = DEFINITIONAL_REPRESENTATION('',(#13166),#13170);
#13166 = LINE('',#13167,#13168);
#13167 = CARTESIAN_POINT('',(3.14159265359,0.));
#13168 = VECTOR('',#13169,1.);
#13169 = DIRECTION('',(0.,-1.));
#13170 = ( GEOMETRIC_REPRESENTATION_CONTEXT(2) 
PARAMETRIC_REPRESENTATION_CONTEXT() REPRESENTATION_CONTEXT('2D SPACE',''
  ) );
#13171 = ORIENTED_EDGE('',*,*,#13172,.T.);
#13172 = EDGE_CURVE('',#13150,#13097,#13173,.T.);
#13173 = SURFACE_CURVE('',#13174,(#13178,#13184),.PCURVE_S1.);
#13174 = LINE('',#13175,#13176);
#13175 = CARTESIAN_POINT('',(44.812940162675,71.4,24.));
#13176 = VECTOR('',#13177,1.);
#13177 = DIRECTION('',(-1.,0.,0.));
#13178 = PCURVE('',#11897,#13179);
#13179 = DEFINITIONAL_REPRESENTATION('',(#13180),#13183);
#13180 = B_SPLINE_CURVE_WITH_KNOTS('',1,(#13181,#13182),.UNSPECIFIED.,
  .F.,.F.,(2,2),(4.437059837325,34.438820488026),
  .PIECEWISE_BEZIER_KNOTS.);
#13181 = CARTESIAN_POINT('',(0.,-3.));
#13182 = CARTESIAN_POINT('',(30.001760650701,-3.));
#13183 = ( GEOMETRIC_REPRESENTATION_CONTEXT(2) 
PARAMETRIC_REPRESENTATION_CONTEXT() REPRESENTATION_CONTEXT('2D SPACE',''
  ) );
#13184 = PCURVE('',#12898,#13185);
#13185 = DEFINITIONAL_REPRESENTATION('',(#13186),#13190);
#13186 = LINE('',#13187,#13188);
#13187 = CARTESIAN_POINT('',(-4.437059837325,34.95));
#13188 = VECTOR('',#13189,1.);
#13189 = DIRECTION('',(-1.,0.));
#13190 = ( GEOMETRIC_REPRESENTATION_CONTEXT(2) 
PARAMETRIC_REPRESENTATION_CONTEXT() REPRESENTATION_CONTEXT('2D SPACE',''
  ) );
#13191 = ORIENTED_EDGE('',*,*,#13124,.F.);
#13192 = ADVANCED_FACE('',(#13193),#11870,.F.);
#13193 = FACE_BOUND('',#13194,.F.);
#13194 = EDGE_LOOP('',(#13195,#13196,#13197,#13225));
#13195 = ORIENTED_EDGE('',*,*,#11853,.F.);
#13196 = ORIENTED_EDGE('',*,*,#13149,.T.);
#13197 = ORIENTED_EDGE('',*,*,#13198,.T.);
#13198 = EDGE_CURVE('',#13150,#13199,#13201,.T.);
#13199 = VERTEX_POINT('',#13200);
#13200 = CARTESIAN_POINT('',(41.854900271125,70.15,24.));
#13201 = SURFACE_CURVE('',#13202,(#13207,#13214),.PCURVE_S1.);
#13202 = CIRCLE('',#13203,1.5);
#13203 = AXIS2_PLACEMENT_3D('',#13204,#13205,#13206);
#13204 = CARTESIAN_POINT('',(40.375880325351,69.9,24.));
#13205 = DIRECTION('',(-0.,0.,-1.));
#13206 = DIRECTION('',(-0.,-1.,0.));
#13207 = PCURVE('',#11870,#13208);
#13208 = DEFINITIONAL_REPRESENTATION('',(#13209),#13213);
#13209 = LINE('',#13210,#13211);
#13210 = CARTESIAN_POINT('',(0.,-3.));
#13211 = VECTOR('',#13212,1.);
#13212 = DIRECTION('',(1.,0.));
#13213 = ( GEOMETRIC_REPRESENTATION_CONTEXT(2) 
PARAMETRIC_REPRESENTATION_CONTEXT() REPRESENTATION_CONTEXT('2D SPACE',''
  ) );
#13214 = PCURVE('',#12898,#13215);
#13215 = DEFINITIONAL_REPRESENTATION('',(#13216),#13224);
#13216 = ( BOUNDED_CURVE() B_SPLINE_CURVE(2,(#13217,#13218,#13219,#13220
    ,#13221,#13222,#13223),.UNSPECIFIED.,.T.,.F.) 
B_SPLINE_CURVE_WITH_KNOTS((1,2,2,2,2,1),(-2.094395102393,0.,
    2.094395102393,4.188790204786,6.28318530718,8.377580409573),
.UNSPECIFIED.) CURVE() GEOMETRIC_REPRESENTATION_ITEM() 
RATIONAL_B_SPLINE_CURVE((1.,0.5,1.,0.5,1.,0.5,1.)) REPRESENTATION_ITEM(
  '') );
#13217 = CARTESIAN_POINT('',(-8.874119674649,31.95));
#13218 = CARTESIAN_POINT('',(-11.472195886,31.95));
#13219 = CARTESIAN_POINT('',(-10.17315778032,34.2));
#13220 = CARTESIAN_POINT('',(-8.874119674649,36.45));
#13221 = CARTESIAN_POINT('',(-7.575081568973,34.2));
#13222 = CARTESIAN_POINT('',(-6.276043463296,31.95));
#13223 = CARTESIAN_POINT('',(-8.874119674649,31.95));
#13224 = ( GEOMETRIC_REPRESENTATION_CONTEXT(2) 
PARAMETRIC_REPRESENTATION_CONTEXT() REPRESENTATION_CONTEXT('2D SPACE',''
  ) );
#13225 = ORIENTED_EDGE('',*,*,#13226,.F.);
#13226 = EDGE_CURVE('',#11825,#13199,#13227,.T.);
#13227 = SURFACE_CURVE('',#13228,(#13232,#13239),.PCURVE_S1.);
#13228 = LINE('',#13229,#13230);
#13229 = CARTESIAN_POINT('',(41.854900271125,70.15,21.));
#13230 = VECTOR('',#13231,1.);
#13231 = DIRECTION('',(0.,0.,1.));
#13232 = PCURVE('',#11870,#13233);
#13233 = DEFINITIONAL_REPRESENTATION('',(#13234),#13238);
#13234 = LINE('',#13235,#13236);
#13235 = CARTESIAN_POINT('',(4.544940901165,0.));
#13236 = VECTOR('',#13237,1.);
#13237 = DIRECTION('',(0.,-1.));
#13238 = ( GEOMETRIC_REPRESENTATION_CONTEXT(2) 
PARAMETRIC_REPRESENTATION_CONTEXT() REPRESENTATION_CONTEXT('2D SPACE',''
  ) );
#13239 = PCURVE('',#11841,#13240);
#13240 = DEFINITIONAL_REPRESENTATION('',(#13241),#13245);
#13241 = LINE('',#13242,#13243);
#13242 = CARTESIAN_POINT('',(-6.703313641541,0.));
#13243 = VECTOR('',#13244,1.);
#13244 = DIRECTION('',(-0.,-1.));
#13245 = ( GEOMETRIC_REPRESENTATION_CONTEXT(2) 
PARAMETRIC_REPRESENTATION_CONTEXT() REPRESENTATION_CONTEXT('2D SPACE',''
  ) );
#13246 = ADVANCED_FACE('',(#13247),#11841,.T.);
#13247 = FACE_BOUND('',#13248,.F.);
#13248 = EDGE_LOOP('',(#13249,#13250,#13251,#13279));
#13249 = ORIENTED_EDGE('',*,*,#11824,.T.);
#13250 = ORIENTED_EDGE('',*,*,#13226,.T.);
#13251 = ORIENTED_EDGE('',*,*,#13252,.F.);
#13252 = EDGE_CURVE('',#13253,#13199,#13255,.T.);
#13253 = VERTEX_POINT('',#13254);
#13254 = CARTESIAN_POINT('',(56.645099728875,70.15,24.));
#13255 = SURFACE_CURVE('',#13256,(#13261,#13268),.PCURVE_S1.);
#13256 = CIRCLE('',#13257,7.5);
#13257 = AXIS2_PLACEMENT_3D('',#13258,#13259,#13260);
#13258 = CARTESIAN_POINT('',(49.25,71.4,24.));
#13259 = DIRECTION('',(-0.,0.,-1.));
#13260 = DIRECTION('',(-0.968245836552,0.25,0.));
#13261 = PCURVE('',#11841,#13262);
#13262 = DEFINITIONAL_REPRESENTATION('',(#13263),#13267);
#13263 = LINE('',#13264,#13265);
#13264 = CARTESIAN_POINT('',(-12.56637061435,-3.));
#13265 = VECTOR('',#13266,1.);
#13266 = DIRECTION('',(1.,-0.));
#13267 = ( GEOMETRIC_REPRESENTATION_CONTEXT(2) 
PARAMETRIC_REPRESENTATION_CONTEXT() REPRESENTATION_CONTEXT('2D SPACE',''
  ) );
#13268 = PCURVE('',#12898,#13269);
#13269 = DEFINITIONAL_REPRESENTATION('',(#13270),#13278);
#13270 = ( BOUNDED_CURVE() B_SPLINE_CURVE(2,(#13271,#13272,#13273,#13274
    ,#13275,#13276,#13277),.UNSPECIFIED.,.T.,.F.) 
B_SPLINE_CURVE_WITH_KNOTS((1,2,2,2,2,1),(-2.094395102393,0.,
    2.094395102393,4.188790204786,6.28318530718,8.377580409573),
.UNSPECIFIED.) CURVE() GEOMETRIC_REPRESENTATION_ITEM() 
RATIONAL_B_SPLINE_CURVE((1.,0.5,1.,0.5,1.,0.5,1.)) REPRESENTATION_ITEM(
  '') );
#13271 = CARTESIAN_POINT('',(-7.261843774139,36.825));
#13272 = CARTESIAN_POINT('',(-4.014248509947,49.402882373436));
#13273 = CARTESIAN_POINT('',(5.254719519165,40.301441186718));
#13274 = CARTESIAN_POINT('',(14.523687548278,31.2));
#13275 = CARTESIAN_POINT('',(2.007124254974,27.723558813282));
#13276 = CARTESIAN_POINT('',(-10.50943903833,24.247117626564));
#13277 = CARTESIAN_POINT('',(-7.261843774139,36.825));
#13278 = ( GEOMETRIC_REPRESENTATION_CONTEXT(2) 
PARAMETRIC_REPRESENTATION_CONTEXT() REPRESENTATION_CONTEXT('2D SPACE',''
  ) );
#13279 = ORIENTED_EDGE('',*,*,#13280,.F.);
#13280 = EDGE_CURVE('',#11796,#13253,#13281,.T.);
#13281 = SURFACE_CURVE('',#13282,(#13286,#13293),.PCURVE_S1.);
#13282 = LINE('',#13283,#13284);
#13283 = CARTESIAN_POINT('',(56.645099728875,70.15,21.));
#13284 = VECTOR('',#13285,1.);
#13285 = DIRECTION('',(0.,0.,1.));
#13286 = PCURVE('',#11841,#13287);
#13287 = DEFINITIONAL_REPRESENTATION('',(#13288),#13292);
#13288 = LINE('',#13289,#13290);
#13289 = CARTESIAN_POINT('',(-9.510010136692,0.));
#13290 = VECTOR('',#13291,1.);
#13291 = DIRECTION('',(-0.,-1.));
#13292 = ( GEOMETRIC_REPRESENTATION_CONTEXT(2) 
PARAMETRIC_REPRESENTATION_CONTEXT() REPRESENTATION_CONTEXT('2D SPACE',''
  ) );
#13293 = PCURVE('',#11812,#13294);
#13294 = DEFINITIONAL_REPRESENTATION('',(#13295),#13299);
#13295 = LINE('',#13296,#13297);
#13296 = CARTESIAN_POINT('',(1.738244406015,0.));
#13297 = VECTOR('',#13298,1.);
#13298 = DIRECTION('',(0.,-1.));
#13299 = ( GEOMETRIC_REPRESENTATION_CONTEXT(2) 
PARAMETRIC_REPRESENTATION_CONTEXT() REPRESENTATION_CONTEXT('2D SPACE',''
  ) );
#13300 = ADVANCED_FACE('',(#13301),#11812,.F.);
#13301 = FACE_BOUND('',#13302,.F.);
#13302 = EDGE_LOOP('',(#13303,#13304,#13305,#13333));
#13303 = ORIENTED_EDGE('',*,*,#11795,.F.);
#13304 = ORIENTED_EDGE('',*,*,#13280,.T.);
#13305 = ORIENTED_EDGE('',*,*,#13306,.T.);
#13306 = EDGE_CURVE('',#13253,#13307,#13309,.T.);
#13307 = VERTEX_POINT('',#13308);
#13308 = CARTESIAN_POINT('',(58.124119674649,71.4,24.));
#13309 = SURFACE_CURVE('',#13310,(#13315,#13322),.PCURVE_S1.);
#13310 = CIRCLE('',#13311,1.5);
#13311 = AXIS2_PLACEMENT_3D('',#13312,#13313,#13314);
#13312 = CARTESIAN_POINT('',(58.124119674649,69.9,24.));
#13313 = DIRECTION('',(-0.,0.,-1.));
#13314 = DIRECTION('',(-0.,-1.,0.));
#13315 = PCURVE('',#11812,#13316);
#13316 = DEFINITIONAL_REPRESENTATION('',(#13317),#13321);
#13317 = LINE('',#13318,#13319);
#13318 = CARTESIAN_POINT('',(0.,-3.));
#13319 = VECTOR('',#13320,1.);
#13320 = DIRECTION('',(1.,0.));
#13321 = ( GEOMETRIC_REPRESENTATION_CONTEXT(2) 
PARAMETRIC_REPRESENTATION_CONTEXT() REPRESENTATION_CONTEXT('2D SPACE',''
  ) );
#13322 = PCURVE('',#12898,#13323);
#13323 = DEFINITIONAL_REPRESENTATION('',(#13324),#13332);
#13324 = ( BOUNDED_CURVE() B_SPLINE_CURVE(2,(#13325,#13326,#13327,#13328
    ,#13329,#13330,#13331),.UNSPECIFIED.,.T.,.F.) 
B_SPLINE_CURVE_WITH_KNOTS((1,2,2,2,2,1),(-2.094395102393,0.,
    2.094395102393,4.188790204786,6.28318530718,8.377580409573),
.UNSPECIFIED.) CURVE() GEOMETRIC_REPRESENTATION_ITEM() 
RATIONAL_B_SPLINE_CURVE((1.,0.5,1.,0.5,1.,0.5,1.)) REPRESENTATION_ITEM(
  '') );
#13325 = CARTESIAN_POINT('',(8.874119674649,31.95));
#13326 = CARTESIAN_POINT('',(6.276043463296,31.95));
#13327 = CARTESIAN_POINT('',(7.575081568973,34.2));
#13328 = CARTESIAN_POINT('',(8.874119674649,36.45));
#13329 = CARTESIAN_POINT('',(10.173157780326,34.2));
#13330 = CARTESIAN_POINT('',(11.472195886003,31.95));
#13331 = CARTESIAN_POINT('',(8.874119674649,31.95));
#13332 = ( GEOMETRIC_REPRESENTATION_CONTEXT(2) 
PARAMETRIC_REPRESENTATION_CONTEXT() REPRESENTATION_CONTEXT('2D SPACE',''
  ) );
#13333 = ORIENTED_EDGE('',*,*,#13334,.F.);
#13334 = EDGE_CURVE('',#11770,#13307,#13335,.T.);
#13335 = SURFACE_CURVE('',#13336,(#13340,#13347),.PCURVE_S1.);
#13336 = LINE('',#13337,#13338);
#13337 = CARTESIAN_POINT('',(58.124119674649,71.4,21.));
#13338 = VECTOR('',#13339,1.);
#13339 = DIRECTION('',(0.,0.,1.));
#13340 = PCURVE('',#11812,#13341);
#13341 = DEFINITIONAL_REPRESENTATION('',(#13342),#13346);
#13342 = LINE('',#13343,#13344);
#13343 = CARTESIAN_POINT('',(3.14159265359,0.));
#13344 = VECTOR('',#13345,1.);
#13345 = DIRECTION('',(0.,-1.));
#13346 = ( GEOMETRIC_REPRESENTATION_CONTEXT(2) 
PARAMETRIC_REPRESENTATION_CONTEXT() REPRESENTATION_CONTEXT('2D SPACE',''
  ) );
#13347 = PCURVE('',#11784,#13348);
#13348 = DEFINITIONAL_REPRESENTATION('',(#13349),#13353);
#13349 = LINE('',#13350,#13351);
#13350 = CARTESIAN_POINT('',(30.001760650701,0.));
#13351 = VECTOR('',#13352,1.);
#13352 = DIRECTION('',(0.,-1.));
#13353 = ( GEOMETRIC_REPRESENTATION_CONTEXT(2) 
PARAMETRIC_REPRESENTATION_CONTEXT() REPRESENTATION_CONTEXT('2D SPACE',''
  ) );
#13354 = ADVANCED_FACE('',(#13355),#11784,.T.);
#13355 = FACE_BOUND('',#13356,.T.);
#13356 = EDGE_LOOP('',(#13357,#13358,#13381,#13401));
#13357 = ORIENTED_EDGE('',*,*,#11769,.F.);
#13358 = ORIENTED_EDGE('',*,*,#13359,.T.);
#13359 = EDGE_CURVE('',#11741,#13360,#13362,.T.);
#13360 = VERTEX_POINT('',#13361);
#13361 = CARTESIAN_POINT('',(88.125880325351,71.4,24.));
#13362 = SURFACE_CURVE('',#13363,(#13367,#13374),.PCURVE_S1.);
#13363 = LINE('',#13364,#13365);
#13364 = CARTESIAN_POINT('',(88.125880325351,71.4,21.));
#13365 = VECTOR('',#13366,1.);
#13366 = DIRECTION('',(0.,0.,1.));
#13367 = PCURVE('',#11784,#13368);
#13368 = DEFINITIONAL_REPRESENTATION('',(#13369),#13373);
#13369 = LINE('',#13370,#13371);
#13370 = CARTESIAN_POINT('',(0.,-0.));
#13371 = VECTOR('',#13372,1.);
#13372 = DIRECTION('',(0.,-1.));
#13373 = ( GEOMETRIC_REPRESENTATION_CONTEXT(2) 
PARAMETRIC_REPRESENTATION_CONTEXT() REPRESENTATION_CONTEXT('2D SPACE',''
  ) );
#13374 = PCURVE('',#11757,#13375);
#13375 = DEFINITIONAL_REPRESENTATION('',(#13376),#13380);
#13376 = LINE('',#13377,#13378);
#13377 = CARTESIAN_POINT('',(3.14159265359,0.));
#13378 = VECTOR('',#13379,1.);
#13379 = DIRECTION('',(0.,-1.));
#13380 = ( GEOMETRIC_REPRESENTATION_CONTEXT(2) 
PARAMETRIC_REPRESENTATION_CONTEXT() REPRESENTATION_CONTEXT('2D SPACE',''
  ) );
#13381 = ORIENTED_EDGE('',*,*,#13382,.T.);
#13382 = EDGE_CURVE('',#13360,#13307,#13383,.T.);
#13383 = SURFACE_CURVE('',#13384,(#13388,#13394),.PCURVE_S1.);
#13384 = LINE('',#13385,#13386);
#13385 = CARTESIAN_POINT('',(68.687940162675,71.4,24.));
#13386 = VECTOR('',#13387,1.);
#13387 = DIRECTION('',(-1.,0.,0.));
#13388 = PCURVE('',#11784,#13389);
#13389 = DEFINITIONAL_REPRESENTATION('',(#13390),#13393);
#13390 = B_SPLINE_CURVE_WITH_KNOTS('',1,(#13391,#13392),.UNSPECIFIED.,
  .F.,.F.,(2,2),(-19.43794016267,10.563820488026),
  .PIECEWISE_BEZIER_KNOTS.);
#13391 = CARTESIAN_POINT('',(0.,-3.));
#13392 = CARTESIAN_POINT('',(30.001760650701,-3.));
#13393 = ( GEOMETRIC_REPRESENTATION_CONTEXT(2) 
PARAMETRIC_REPRESENTATION_CONTEXT() REPRESENTATION_CONTEXT('2D SPACE',''
  ) );
#13394 = PCURVE('',#12898,#13395);
#13395 = DEFINITIONAL_REPRESENTATION('',(#13396),#13400);
#13396 = LINE('',#13397,#13398);
#13397 = CARTESIAN_POINT('',(19.437940162675,34.95));
#13398 = VECTOR('',#13399,1.);
#13399 = DIRECTION('',(-1.,0.));
#13400 = ( GEOMETRIC_REPRESENTATION_CONTEXT(2) 
PARAMETRIC_REPRESENTATION_CONTEXT() REPRESENTATION_CONTEXT('2D SPACE',''
  ) );
#13401 = ORIENTED_EDGE('',*,*,#13334,.F.);
#13402 = ADVANCED_FACE('',(#13403),#11757,.F.);
#13403 = FACE_BOUND('',#13404,.F.);
#13404 = EDGE_LOOP('',(#13405,#13406,#13407,#13435));
#13405 = ORIENTED_EDGE('',*,*,#11740,.F.);
#13406 = ORIENTED_EDGE('',*,*,#13359,.T.);
#13407 = ORIENTED_EDGE('',*,*,#13408,.T.);
#13408 = EDGE_CURVE('',#13360,#13409,#13411,.T.);
#13409 = VERTEX_POINT('',#13410);
#13410 = CARTESIAN_POINT('',(89.604900271125,70.15,24.));
#13411 = SURFACE_CURVE('',#13412,(#13417,#13424),.PCURVE_S1.);
#13412 = CIRCLE('',#13413,1.5);
#13413 = AXIS2_PLACEMENT_3D('',#13414,#13415,#13416);
#13414 = CARTESIAN_POINT('',(88.125880325351,69.9,24.));
#13415 = DIRECTION('',(-0.,0.,-1.));
#13416 = DIRECTION('',(-0.,-1.,0.));
#13417 = PCURVE('',#11757,#13418);
#13418 = DEFINITIONAL_REPRESENTATION('',(#13419),#13423);
#13419 = LINE('',#13420,#13421);
#13420 = CARTESIAN_POINT('',(0.,-3.));
#13421 = VECTOR('',#13422,1.);
#13422 = DIRECTION('',(1.,0.));
#13423 = ( GEOMETRIC_REPRESENTATION_CONTEXT(2) 
PARAMETRIC_REPRESENTATION_CONTEXT() REPRESENTATION_CONTEXT('2D SPACE',''
  ) );
#13424 = PCURVE('',#12898,#13425);
#13425 = DEFINITIONAL_REPRESENTATION('',(#13426),#13434);
#13426 = ( BOUNDED_CURVE() B_SPLINE_CURVE(2,(#13427,#13428,#13429,#13430
    ,#13431,#13432,#13433),.UNSPECIFIED.,.T.,.F.) 
B_SPLINE_CURVE_WITH_KNOTS((1,2,2,2,2,1),(-2.094395102393,0.,
    2.094395102393,4.188790204786,6.28318530718,8.377580409573),
.UNSPECIFIED.) CURVE() GEOMETRIC_REPRESENTATION_ITEM() 
RATIONAL_B_SPLINE_CURVE((1.,0.5,1.,0.5,1.,0.5,1.)) REPRESENTATION_ITEM(
  '') );
#13427 = CARTESIAN_POINT('',(38.875880325351,31.95));
#13428 = CARTESIAN_POINT('',(36.277804113997,31.95));
#13429 = CARTESIAN_POINT('',(37.576842219674,34.2));
#13430 = CARTESIAN_POINT('',(38.875880325351,36.45));
#13431 = CARTESIAN_POINT('',(40.174918431027,34.2));
#13432 = CARTESIAN_POINT('',(41.473956536704,31.95));
#13433 = CARTESIAN_POINT('',(38.875880325351,31.95));
#13434 = ( GEOMETRIC_REPRESENTATION_CONTEXT(2) 
PARAMETRIC_REPRESENTATION_CONTEXT() REPRESENTATION_CONTEXT('2D SPACE',''
  ) );
#13435 = ORIENTED_EDGE('',*,*,#13436,.F.);
#13436 = EDGE_CURVE('',#11712,#13409,#13437,.T.);
#13437 = SURFACE_CURVE('',#13438,(#13442,#13449),.PCURVE_S1.);
#13438 = LINE('',#13439,#13440);
#13439 = CARTESIAN_POINT('',(89.604900271125,70.15,21.));
#13440 = VECTOR('',#13441,1.);
#13441 = DIRECTION('',(0.,0.,1.));
#13442 = PCURVE('',#11757,#13443);
#13443 = DEFINITIONAL_REPRESENTATION('',(#13444),#13448);
#13444 = LINE('',#13445,#13446);
#13445 = CARTESIAN_POINT('',(4.544940901165,0.));
#13446 = VECTOR('',#13447,1.);
#13447 = DIRECTION('',(0.,-1.));
#13448 = ( GEOMETRIC_REPRESENTATION_CONTEXT(2) 
PARAMETRIC_REPRESENTATION_CONTEXT() REPRESENTATION_CONTEXT('2D SPACE',''
  ) );
#13449 = PCURVE('',#11728,#13450);
#13450 = DEFINITIONAL_REPRESENTATION('',(#13451),#13455);
#13451 = LINE('',#13452,#13453);
#13452 = CARTESIAN_POINT('',(-3.309040732809,0.));
#13453 = VECTOR('',#13454,1.);
#13454 = DIRECTION('',(-0.,-1.));
#13455 = ( GEOMETRIC_REPRESENTATION_CONTEXT(2) 
PARAMETRIC_REPRESENTATION_CONTEXT() REPRESENTATION_CONTEXT('2D SPACE',''
  ) );
#13456 = ADVANCED_FACE('',(#13457),#11728,.T.);
#13457 = FACE_BOUND('',#13458,.F.);
#13458 = EDGE_LOOP('',(#13459,#13460,#13461,#13489));
#13459 = ORIENTED_EDGE('',*,*,#11711,.T.);
#13460 = ORIENTED_EDGE('',*,*,#13436,.T.);
#13461 = ORIENTED_EDGE('',*,*,#13462,.F.);
#13462 = EDGE_CURVE('',#13463,#13409,#13465,.T.);
#13463 = VERTEX_POINT('',#13464);
#13464 = CARTESIAN_POINT('',(95.75,64.004900271125,24.));
#13465 = SURFACE_CURVE('',#13466,(#13471,#13478),.PCURVE_S1.);
#13466 = CIRCLE('',#13467,7.5);
#13467 = AXIS2_PLACEMENT_3D('',#13468,#13469,#13470);
#13468 = CARTESIAN_POINT('',(97.,71.4,24.));
#13469 = DIRECTION('',(0.,0.,-1.));
#13470 = DIRECTION('',(1.,0.,0.));
#13471 = PCURVE('',#11728,#13472);
#13472 = DEFINITIONAL_REPRESENTATION('',(#13473),#13477);
#13473 = LINE('',#13474,#13475);
#13474 = CARTESIAN_POINT('',(-6.28318530718,-3.));
#13475 = VECTOR('',#13476,1.);
#13476 = DIRECTION('',(1.,-0.));
#13477 = ( GEOMETRIC_REPRESENTATION_CONTEXT(2) 
PARAMETRIC_REPRESENTATION_CONTEXT() REPRESENTATION_CONTEXT('2D SPACE',''
  ) );
#13478 = PCURVE('',#12898,#13479);
#13479 = DEFINITIONAL_REPRESENTATION('',(#13480),#13488);
#13480 = ( BOUNDED_CURVE() B_SPLINE_CURVE(2,(#13481,#13482,#13483,#13484
    ,#13485,#13486,#13487),.UNSPECIFIED.,.T.,.F.) 
B_SPLINE_CURVE_WITH_KNOTS((1,2,2,2,2,1),(-2.094395102393,0.,
    2.094395102393,4.188790204786,6.28318530718,8.377580409573),
.UNSPECIFIED.) CURVE() GEOMETRIC_REPRESENTATION_ITEM() 
RATIONAL_B_SPLINE_CURVE((1.,0.5,1.,0.5,1.,0.5,1.)) REPRESENTATION_ITEM(
  '') );
#13481 = CARTESIAN_POINT('',(55.25,34.95));
#13482 = CARTESIAN_POINT('',(55.25,21.959618943233));
#13483 = CARTESIAN_POINT('',(44.,28.454809471617));
#13484 = CARTESIAN_POINT('',(32.75,34.95));
#13485 = CARTESIAN_POINT('',(44.,41.445190528383));
#13486 = CARTESIAN_POINT('',(55.25,47.940381056767));
#13487 = CARTESIAN_POINT('',(55.25,34.95));
#13488 = ( GEOMETRIC_REPRESENTATION_CONTEXT(2) 
PARAMETRIC_REPRESENTATION_CONTEXT() REPRESENTATION_CONTEXT('2D SPACE',''
  ) );
#13489 = ORIENTED_EDGE('',*,*,#13490,.F.);
#13490 = EDGE_CURVE('',#11683,#13463,#13491,.T.);
#13491 = SURFACE_CURVE('',#13492,(#13496,#13503),.PCURVE_S1.);
#13492 = LINE('',#13493,#13494);
#13493 = CARTESIAN_POINT('',(95.75,64.004900271125,21.));
#13494 = VECTOR('',#13495,1.);
#13495 = DIRECTION('',(0.,0.,1.));
#13496 = PCURVE('',#11728,#13497);
#13497 = DEFINITIONAL_REPRESENTATION('',(#13498),#13502);
#13498 = LINE('',#13499,#13500);
#13499 = CARTESIAN_POINT('',(-4.544940901165,0.));
#13500 = VECTOR('',#13501,1.);
#13501 = DIRECTION('',(-0.,-1.));
#13502 = ( GEOMETRIC_REPRESENTATION_CONTEXT(2) 
PARAMETRIC_REPRESENTATION_CONTEXT() REPRESENTATION_CONTEXT('2D SPACE',''
  ) );
#13503 = PCURVE('',#11699,#13504);
#13504 = DEFINITIONAL_REPRESENTATION('',(#13505),#13509);
#13505 = LINE('',#13506,#13507);
#13506 = CARTESIAN_POINT('',(3.309040732809,0.));
#13507 = VECTOR('',#13508,1.);
#13508 = DIRECTION('',(0.,-1.));
#13509 = ( GEOMETRIC_REPRESENTATION_CONTEXT(2) 
PARAMETRIC_REPRESENTATION_CONTEXT() REPRESENTATION_CONTEXT('2D SPACE',''
  ) );
#13510 = ADVANCED_FACE('',(#13511),#11699,.F.);
#13511 = FACE_BOUND('',#13512,.F.);
#13512 = EDGE_LOOP('',(#13513,#13514,#13515,#13543));
#13513 = ORIENTED_EDGE('',*,*,#11682,.F.);
#13514 = ORIENTED_EDGE('',*,*,#13490,.T.);
#13515 = ORIENTED_EDGE('',*,*,#13516,.T.);
#13516 = EDGE_CURVE('',#13463,#13517,#13519,.T.);
#13517 = VERTEX_POINT('',#13518);
#13518 = CARTESIAN_POINT('',(97.,62.525880325351,24.));
#13519 = SURFACE_CURVE('',#13520,(#13525,#13532),.PCURVE_S1.);
#13520 = CIRCLE('',#13521,1.5);
#13521 = AXIS2_PLACEMENT_3D('',#13522,#13523,#13524);
#13522 = CARTESIAN_POINT('',(95.5,62.525880325351,24.));
#13523 = DIRECTION('',(-0.,0.,-1.));
#13524 = DIRECTION('',(-0.,-1.,0.));
#13525 = PCURVE('',#11699,#13526);
#13526 = DEFINITIONAL_REPRESENTATION('',(#13527),#13531);
#13527 = LINE('',#13528,#13529);
#13528 = CARTESIAN_POINT('',(0.,-3.));
#13529 = VECTOR('',#13530,1.);
#13530 = DIRECTION('',(1.,0.));
#13531 = ( GEOMETRIC_REPRESENTATION_CONTEXT(2) 
PARAMETRIC_REPRESENTATION_CONTEXT() REPRESENTATION_CONTEXT('2D SPACE',''
  ) );
#13532 = PCURVE('',#12898,#13533);
#13533 = DEFINITIONAL_REPRESENTATION('',(#13534),#13542);
#13534 = ( BOUNDED_CURVE() B_SPLINE_CURVE(2,(#13535,#13536,#13537,#13538
    ,#13539,#13540,#13541),.UNSPECIFIED.,.T.,.F.) 
B_SPLINE_CURVE_WITH_KNOTS((1,2,2,2,2,1),(-2.094395102393,0.,
    2.094395102393,4.188790204786,6.28318530718,8.377580409573),
.UNSPECIFIED.) CURVE() GEOMETRIC_REPRESENTATION_ITEM() 
RATIONAL_B_SPLINE_CURVE((1.,0.5,1.,0.5,1.,0.5,1.)) REPRESENTATION_ITEM(
  '') );
#13535 = CARTESIAN_POINT('',(46.25,24.575880325351));
#13536 = CARTESIAN_POINT('',(43.651923788647,24.575880325351));
#13537 = CARTESIAN_POINT('',(44.950961894323,26.825880325351));
#13538 = CARTESIAN_POINT('',(46.25,29.075880325351));
#13539 = CARTESIAN_POINT('',(47.549038105677,26.825880325351));
#13540 = CARTESIAN_POINT('',(48.848076211353,24.575880325351));
#13541 = CARTESIAN_POINT('',(46.25,24.575880325351));
#13542 = ( GEOMETRIC_REPRESENTATION_CONTEXT(2) 
PARAMETRIC_REPRESENTATION_CONTEXT() REPRESENTATION_CONTEXT('2D SPACE',''
  ) );
#13543 = ORIENTED_EDGE('',*,*,#13544,.F.);
#13544 = EDGE_CURVE('',#11657,#13517,#13545,.T.);
#13545 = SURFACE_CURVE('',#13546,(#13550,#13557),.PCURVE_S1.);
#13546 = LINE('',#13547,#13548);
#13547 = CARTESIAN_POINT('',(97.,62.525880325351,21.));
#13548 = VECTOR('',#13549,1.);
#13549 = DIRECTION('',(0.,0.,1.));
#13550 = PCURVE('',#11699,#13551);
#13551 = DEFINITIONAL_REPRESENTATION('',(#13552),#13556);
#13552 = LINE('',#13553,#13554);
#13553 = CARTESIAN_POINT('',(4.712388980385,0.));
#13554 = VECTOR('',#13555,1.);
#13555 = DIRECTION('',(0.,-1.));
#13556 = ( GEOMETRIC_REPRESENTATION_CONTEXT(2) 
PARAMETRIC_REPRESENTATION_CONTEXT() REPRESENTATION_CONTEXT('2D SPACE',''
  ) );
#13557 = PCURVE('',#11671,#13558);
#13558 = DEFINITIONAL_REPRESENTATION('',(#13559),#13563);
#13559 = LINE('',#13560,#13561);
#13560 = CARTESIAN_POINT('',(52.151760650701,0.));
#13561 = VECTOR('',#13562,1.);
#13562 = DIRECTION('',(0.,-1.));
#13563 = ( GEOMETRIC_REPRESENTATION_CONTEXT(2) 
PARAMETRIC_REPRESENTATION_CONTEXT() REPRESENTATION_CONTEXT('2D SPACE',''
  ) );
#13564 = ADVANCED_FACE('',(#13565),#11671,.T.);
#13565 = FACE_BOUND('',#13566,.T.);
#13566 = EDGE_LOOP('',(#13567,#13568,#13591,#13611));
#13567 = ORIENTED_EDGE('',*,*,#11656,.F.);
#13568 = ORIENTED_EDGE('',*,*,#13569,.T.);
#13569 = EDGE_CURVE('',#11628,#13570,#13572,.T.);
#13570 = VERTEX_POINT('',#13571);
#13571 = CARTESIAN_POINT('',(97.,10.374119674649,24.));
#13572 = SURFACE_CURVE('',#13573,(#13577,#13584),.PCURVE_S1.);
#13573 = LINE('',#13574,#13575);
#13574 = CARTESIAN_POINT('',(97.,10.374119674649,21.));
#13575 = VECTOR('',#13576,1.);
#13576 = DIRECTION('',(0.,0.,1.));
#13577 = PCURVE('',#11671,#13578);
#13578 = DEFINITIONAL_REPRESENTATION('',(#13579),#13583);
#13579 = LINE('',#13580,#13581);
#13580 = CARTESIAN_POINT('',(0.,0.));
#13581 = VECTOR('',#13582,1.);
#13582 = DIRECTION('',(0.,-1.));
#13583 = ( GEOMETRIC_REPRESENTATION_CONTEXT(2) 
PARAMETRIC_REPRESENTATION_CONTEXT() REPRESENTATION_CONTEXT('2D SPACE',''
  ) );
#13584 = PCURVE('',#11644,#13585);
#13585 = DEFINITIONAL_REPRESENTATION('',(#13586),#13590);
#13586 = LINE('',#13587,#13588);
#13587 = CARTESIAN_POINT('',(4.712388980385,0.));
#13588 = VECTOR('',#13589,1.);
#13589 = DIRECTION('',(0.,-1.));
#13590 = ( GEOMETRIC_REPRESENTATION_CONTEXT(2) 
PARAMETRIC_REPRESENTATION_CONTEXT() REPRESENTATION_CONTEXT('2D SPACE',''
  ) );
#13591 = ORIENTED_EDGE('',*,*,#13592,.T.);
#13592 = EDGE_CURVE('',#13570,#13517,#13593,.T.);
#13593 = SURFACE_CURVE('',#13594,(#13598,#13604),.PCURVE_S1.);
#13594 = LINE('',#13595,#13596);
#13595 = CARTESIAN_POINT('',(97.,23.412059837325,24.));
#13596 = VECTOR('',#13597,1.);
#13597 = DIRECTION('',(0.,1.,-0.));
#13598 = PCURVE('',#11671,#13599);
#13599 = DEFINITIONAL_REPRESENTATION('',(#13600),#13603);
#13600 = B_SPLINE_CURVE_WITH_KNOTS('',1,(#13601,#13602),.UNSPECIFIED.,
  .F.,.F.,(2,2),(-13.03794016267,39.113820488026),
  .PIECEWISE_BEZIER_KNOTS.);
#13601 = CARTESIAN_POINT('',(0.,-3.));
#13602 = CARTESIAN_POINT('',(52.151760650701,-3.));
#13603 = ( GEOMETRIC_REPRESENTATION_CONTEXT(2) 
PARAMETRIC_REPRESENTATION_CONTEXT() REPRESENTATION_CONTEXT('2D SPACE',''
  ) );
#13604 = PCURVE('',#12898,#13605);
#13605 = DEFINITIONAL_REPRESENTATION('',(#13606),#13610);
#13606 = LINE('',#13607,#13608);
#13607 = CARTESIAN_POINT('',(47.75,-13.03794016267));
#13608 = VECTOR('',#13609,1.);
#13609 = DIRECTION('',(0.,1.));
#13610 = ( GEOMETRIC_REPRESENTATION_CONTEXT(2) 
PARAMETRIC_REPRESENTATION_CONTEXT() REPRESENTATION_CONTEXT('2D SPACE',''
  ) );
#13611 = ORIENTED_EDGE('',*,*,#13544,.F.);
#13612 = ADVANCED_FACE('',(#13613),#11644,.F.);
#13613 = FACE_BOUND('',#13614,.F.);
#13614 = EDGE_LOOP('',(#13615,#13616,#13617,#13645));
#13615 = ORIENTED_EDGE('',*,*,#11627,.F.);
#13616 = ORIENTED_EDGE('',*,*,#13569,.T.);
#13617 = ORIENTED_EDGE('',*,*,#13618,.T.);
#13618 = EDGE_CURVE('',#13570,#13619,#13621,.T.);
#13619 = VERTEX_POINT('',#13620);
#13620 = CARTESIAN_POINT('',(95.75,8.895099728875,24.));
#13621 = SURFACE_CURVE('',#13622,(#13627,#13634),.PCURVE_S1.);
#13622 = CIRCLE('',#13623,1.5);
#13623 = AXIS2_PLACEMENT_3D('',#13624,#13625,#13626);
#13624 = CARTESIAN_POINT('',(95.5,10.374119674649,24.));
#13625 = DIRECTION('',(-0.,0.,-1.));
#13626 = DIRECTION('',(-0.,-1.,0.));
#13627 = PCURVE('',#11644,#13628);
#13628 = DEFINITIONAL_REPRESENTATION('',(#13629),#13633);
#13629 = LINE('',#13630,#13631);
#13630 = CARTESIAN_POINT('',(0.,-3.));
#13631 = VECTOR('',#13632,1.);
#13632 = DIRECTION('',(1.,0.));
#13633 = ( GEOMETRIC_REPRESENTATION_CONTEXT(2) 
PARAMETRIC_REPRESENTATION_CONTEXT() REPRESENTATION_CONTEXT('2D SPACE',''
  ) );
#13634 = PCURVE('',#12898,#13635);
#13635 = DEFINITIONAL_REPRESENTATION('',(#13636),#13644);
#13636 = ( BOUNDED_CURVE() B_SPLINE_CURVE(2,(#13637,#13638,#13639,#13640
    ,#13641,#13642,#13643),.UNSPECIFIED.,.T.,.F.) 
B_SPLINE_CURVE_WITH_KNOTS((1,2,2,2,2,1),(-2.094395102393,0.,
    2.094395102393,4.188790204786,6.28318530718,8.377580409573),
.UNSPECIFIED.) CURVE() GEOMETRIC_REPRESENTATION_ITEM() 
RATIONAL_B_SPLINE_CURVE((1.,0.5,1.,0.5,1.,0.5,1.)) REPRESENTATION_ITEM(
  '') );
#13637 = CARTESIAN_POINT('',(46.25,-27.57588032535));
#13638 = CARTESIAN_POINT('',(43.651923788647,-27.57588032535));
#13639 = CARTESIAN_POINT('',(44.950961894323,-25.32588032535));
#13640 = CARTESIAN_POINT('',(46.25,-23.07588032535));
#13641 = CARTESIAN_POINT('',(47.549038105677,-25.32588032535));
#13642 = CARTESIAN_POINT('',(48.848076211353,-27.57588032535));
#13643 = CARTESIAN_POINT('',(46.25,-27.57588032535));
#13644 = ( GEOMETRIC_REPRESENTATION_CONTEXT(2) 
PARAMETRIC_REPRESENTATION_CONTEXT() REPRESENTATION_CONTEXT('2D SPACE',''
  ) );
#13645 = ORIENTED_EDGE('',*,*,#13646,.F.);
#13646 = EDGE_CURVE('',#11599,#13619,#13647,.T.);
#13647 = SURFACE_CURVE('',#13648,(#13652,#13659),.PCURVE_S1.);
#13648 = LINE('',#13649,#13650);
#13649 = CARTESIAN_POINT('',(95.75,8.895099728875,21.));
#13650 = VECTOR('',#13651,1.);
#13651 = DIRECTION('',(0.,0.,1.));
#13652 = PCURVE('',#11644,#13653);
#13653 = DEFINITIONAL_REPRESENTATION('',(#13654),#13658);
#13654 = LINE('',#13655,#13656);
#13655 = CARTESIAN_POINT('',(6.11573722796,0.));
#13656 = VECTOR('',#13657,1.);
#13657 = DIRECTION('',(0.,-1.));
#13658 = ( GEOMETRIC_REPRESENTATION_CONTEXT(2) 
PARAMETRIC_REPRESENTATION_CONTEXT() REPRESENTATION_CONTEXT('2D SPACE',''
  ) );
#13659 = PCURVE('',#11615,#13660);
#13660 = DEFINITIONAL_REPRESENTATION('',(#13661),#13665);
#13661 = LINE('',#13662,#13663);
#13662 = CARTESIAN_POINT('',(-1.738244406015,0.));
#13663 = VECTOR('',#13664,1.);
#13664 = DIRECTION('',(-0.,-1.));
#13665 = ( GEOMETRIC_REPRESENTATION_CONTEXT(2) 
PARAMETRIC_REPRESENTATION_CONTEXT() REPRESENTATION_CONTEXT('2D SPACE',''
  ) );
#13666 = ADVANCED_FACE('',(#13667),#11615,.T.);
#13667 = FACE_BOUND('',#13668,.F.);
#13668 = EDGE_LOOP('',(#13669,#13670,#13671,#13699));
#13669 = ORIENTED_EDGE('',*,*,#11598,.T.);
#13670 = ORIENTED_EDGE('',*,*,#13646,.T.);
#13671 = ORIENTED_EDGE('',*,*,#13672,.F.);
#13672 = EDGE_CURVE('',#13673,#13619,#13675,.T.);
#13673 = VERTEX_POINT('',#13674);
#13674 = CARTESIAN_POINT('',(89.604900271125,2.75,24.));
#13675 = SURFACE_CURVE('',#13676,(#13681,#13688),.PCURVE_S1.);
#13676 = CIRCLE('',#13677,7.5);
#13677 = AXIS2_PLACEMENT_3D('',#13678,#13679,#13680);
#13678 = CARTESIAN_POINT('',(97.,1.5,24.));
#13679 = DIRECTION('',(0.,0.,-1.));
#13680 = DIRECTION('',(1.,0.,0.));
#13681 = PCURVE('',#11615,#13682);
#13682 = DEFINITIONAL_REPRESENTATION('',(#13683),#13687);
#13683 = LINE('',#13684,#13685);
#13684 = CARTESIAN_POINT('',(-6.28318530718,-3.));
#13685 = VECTOR('',#13686,1.);
#13686 = DIRECTION('',(1.,-0.));
#13687 = ( GEOMETRIC_REPRESENTATION_CONTEXT(2) 
PARAMETRIC_REPRESENTATION_CONTEXT() REPRESENTATION_CONTEXT('2D SPACE',''
  ) );
#13688 = PCURVE('',#12898,#13689);
#13689 = DEFINITIONAL_REPRESENTATION('',(#13690),#13698);
#13690 = ( BOUNDED_CURVE() B_SPLINE_CURVE(2,(#13691,#13692,#13693,#13694
    ,#13695,#13696,#13697),.UNSPECIFIED.,.T.,.F.) 
B_SPLINE_CURVE_WITH_KNOTS((1,2,2,2,2,1),(-2.094395102393,0.,
    2.094395102393,4.188790204786,6.28318530718,8.377580409573),
.UNSPECIFIED.) CURVE() GEOMETRIC_REPRESENTATION_ITEM() 
RATIONAL_B_SPLINE_CURVE((1.,0.5,1.,0.5,1.,0.5,1.)) REPRESENTATION_ITEM(
  '') );
#13691 = CARTESIAN_POINT('',(55.25,-34.95));
#13692 = CARTESIAN_POINT('',(55.25,-47.94038105676));
#13693 = CARTESIAN_POINT('',(44.,-41.44519052838));
#13694 = CARTESIAN_POINT('',(32.75,-34.95));
#13695 = CARTESIAN_POINT('',(44.,-28.45480947161));
#13696 = CARTESIAN_POINT('',(55.25,-21.95961894323));
#13697 = CARTESIAN_POINT('',(55.25,-34.95));
#13698 = ( GEOMETRIC_REPRESENTATION_CONTEXT(2) 
PARAMETRIC_REPRESENTATION_CONTEXT() REPRESENTATION_CONTEXT('2D SPACE',''
  ) );
#13699 = ORIENTED_EDGE('',*,*,#13700,.F.);
#13700 = EDGE_CURVE('',#11570,#13673,#13701,.T.);
#13701 = SURFACE_CURVE('',#13702,(#13706,#13713),.PCURVE_S1.);
#13702 = LINE('',#13703,#13704);
#13703 = CARTESIAN_POINT('',(89.604900271125,2.75,21.));
#13704 = VECTOR('',#13705,1.);
#13705 = DIRECTION('',(0.,0.,1.));
#13706 = PCURVE('',#11615,#13707);
#13707 = DEFINITIONAL_REPRESENTATION('',(#13708),#13712);
#13708 = LINE('',#13709,#13710);
#13709 = CARTESIAN_POINT('',(-2.97414457437,0.));
#13710 = VECTOR('',#13711,1.);
#13711 = DIRECTION('',(-0.,-1.));
#13712 = ( GEOMETRIC_REPRESENTATION_CONTEXT(2) 
PARAMETRIC_REPRESENTATION_CONTEXT() REPRESENTATION_CONTEXT('2D SPACE',''
  ) );
#13713 = PCURVE('',#11586,#13714);
#13714 = DEFINITIONAL_REPRESENTATION('',(#13715),#13719);
#13715 = LINE('',#13716,#13717);
#13716 = CARTESIAN_POINT('',(4.879837059604,0.));
#13717 = VECTOR('',#13718,1.);
#13718 = DIRECTION('',(0.,-1.));
#13719 = ( GEOMETRIC_REPRESENTATION_CONTEXT(2) 
PARAMETRIC_REPRESENTATION_CONTEXT() REPRESENTATION_CONTEXT('2D SPACE',''
  ) );
#13720 = ADVANCED_FACE('',(#13721),#11586,.F.);
#13721 = FACE_BOUND('',#13722,.F.);
#13722 = EDGE_LOOP('',(#13723,#13724,#13725,#13753));
#13723 = ORIENTED_EDGE('',*,*,#11569,.F.);
#13724 = ORIENTED_EDGE('',*,*,#13700,.T.);
#13725 = ORIENTED_EDGE('',*,*,#13726,.T.);
#13726 = EDGE_CURVE('',#13673,#13727,#13729,.T.);
#13727 = VERTEX_POINT('',#13728);
#13728 = CARTESIAN_POINT('',(88.125880325351,1.5,24.));
#13729 = SURFACE_CURVE('',#13730,(#13735,#13742),.PCURVE_S1.);
#13730 = CIRCLE('',#13731,1.5);
#13731 = AXIS2_PLACEMENT_3D('',#13732,#13733,#13734);
#13732 = CARTESIAN_POINT('',(88.125880325351,3.,24.));
#13733 = DIRECTION('',(-0.,0.,-1.));
#13734 = DIRECTION('',(-0.,-1.,0.));
#13735 = PCURVE('',#11586,#13736);
#13736 = DEFINITIONAL_REPRESENTATION('',(#13737),#13741);
#13737 = LINE('',#13738,#13739);
#13738 = CARTESIAN_POINT('',(1.7763568394E-15,-3.));
#13739 = VECTOR('',#13740,1.);
#13740 = DIRECTION('',(1.,0.));
#13741 = ( GEOMETRIC_REPRESENTATION_CONTEXT(2) 
PARAMETRIC_REPRESENTATION_CONTEXT() REPRESENTATION_CONTEXT('2D SPACE',''
  ) );
#13742 = PCURVE('',#12898,#13743);
#13743 = DEFINITIONAL_REPRESENTATION('',(#13744),#13752);
#13744 = ( BOUNDED_CURVE() B_SPLINE_CURVE(2,(#13745,#13746,#13747,#13748
    ,#13749,#13750,#13751),.UNSPECIFIED.,.T.,.F.) 
B_SPLINE_CURVE_WITH_KNOTS((1,2,2,2,2,1),(-2.094395102393,0.,
    2.094395102393,4.188790204786,6.28318530718,8.377580409573),
.UNSPECIFIED.) CURVE() GEOMETRIC_REPRESENTATION_ITEM() 
RATIONAL_B_SPLINE_CURVE((1.,0.5,1.,0.5,1.,0.5,1.)) REPRESENTATION_ITEM(
  '') );
#13745 = CARTESIAN_POINT('',(38.875880325351,-34.95));
#13746 = CARTESIAN_POINT('',(36.277804113997,-34.95));
#13747 = CARTESIAN_POINT('',(37.576842219674,-32.7));
#13748 = CARTESIAN_POINT('',(38.875880325351,-30.45));
#13749 = CARTESIAN_POINT('',(40.174918431027,-32.7));
#13750 = CARTESIAN_POINT('',(41.473956536704,-34.95));
#13751 = CARTESIAN_POINT('',(38.875880325351,-34.95));
#13752 = ( GEOMETRIC_REPRESENTATION_CONTEXT(2) 
PARAMETRIC_REPRESENTATION_CONTEXT() REPRESENTATION_CONTEXT('2D SPACE',''
  ) );
#13753 = ORIENTED_EDGE('',*,*,#13754,.F.);
#13754 = EDGE_CURVE('',#11544,#13727,#13755,.T.);
#13755 = SURFACE_CURVE('',#13756,(#13760,#13767),.PCURVE_S1.);
#13756 = LINE('',#13757,#13758);
#13757 = CARTESIAN_POINT('',(88.125880325351,1.5,21.));
#13758 = VECTOR('',#13759,1.);
#13759 = DIRECTION('',(0.,0.,1.));
#13760 = PCURVE('',#11586,#13761);
#13761 = DEFINITIONAL_REPRESENTATION('',(#13762),#13766);
#13762 = LINE('',#13763,#13764);
#13763 = CARTESIAN_POINT('',(6.28318530718,0.));
#13764 = VECTOR('',#13765,1.);
#13765 = DIRECTION('',(0.,-1.));
#13766 = ( GEOMETRIC_REPRESENTATION_CONTEXT(2) 
PARAMETRIC_REPRESENTATION_CONTEXT() REPRESENTATION_CONTEXT('2D SPACE',''
  ) );
#13767 = PCURVE('',#11558,#13768);
#13768 = DEFINITIONAL_REPRESENTATION('',(#13769),#13773);
#13769 = LINE('',#13770,#13771);
#13770 = CARTESIAN_POINT('',(30.001760650701,0.));
#13771 = VECTOR('',#13772,1.);
#13772 = DIRECTION('',(0.,-1.));
#13773 = ( GEOMETRIC_REPRESENTATION_CONTEXT(2) 
PARAMETRIC_REPRESENTATION_CONTEXT() REPRESENTATION_CONTEXT('2D SPACE',''
  ) );
#13774 = ADVANCED_FACE('',(#13775),#11558,.T.);
#13775 = FACE_BOUND('',#13776,.T.);
#13776 = EDGE_LOOP('',(#13777,#13778,#13801,#13821));
#13777 = ORIENTED_EDGE('',*,*,#11543,.F.);
#13778 = ORIENTED_EDGE('',*,*,#13779,.T.);
#13779 = EDGE_CURVE('',#11515,#13780,#13782,.T.);
#13780 = VERTEX_POINT('',#13781);
#13781 = CARTESIAN_POINT('',(58.124119674649,1.5,24.));
#13782 = SURFACE_CURVE('',#13783,(#13787,#13794),.PCURVE_S1.);
#13783 = LINE('',#13784,#13785);
#13784 = CARTESIAN_POINT('',(58.124119674649,1.5,21.));
#13785 = VECTOR('',#13786,1.);
#13786 = DIRECTION('',(0.,0.,1.));
#13787 = PCURVE('',#11558,#13788);
#13788 = DEFINITIONAL_REPRESENTATION('',(#13789),#13793);
#13789 = LINE('',#13790,#13791);
#13790 = CARTESIAN_POINT('',(0.,0.));
#13791 = VECTOR('',#13792,1.);
#13792 = DIRECTION('',(0.,-1.));
#13793 = ( GEOMETRIC_REPRESENTATION_CONTEXT(2) 
PARAMETRIC_REPRESENTATION_CONTEXT() REPRESENTATION_CONTEXT('2D SPACE',''
  ) );
#13794 = PCURVE('',#11531,#13795);
#13795 = DEFINITIONAL_REPRESENTATION('',(#13796),#13800);
#13796 = LINE('',#13797,#13798);
#13797 = CARTESIAN_POINT('',(6.28318530718,0.));
#13798 = VECTOR('',#13799,1.);
#13799 = DIRECTION('',(0.,-1.));
#13800 = ( GEOMETRIC_REPRESENTATION_CONTEXT(2) 
PARAMETRIC_REPRESENTATION_CONTEXT() REPRESENTATION_CONTEXT('2D SPACE',''
  ) );
#13801 = ORIENTED_EDGE('',*,*,#13802,.T.);
#13802 = EDGE_CURVE('',#13780,#13727,#13803,.T.);
#13803 = SURFACE_CURVE('',#13804,(#13808,#13814),.PCURVE_S1.);
#13804 = LINE('',#13805,#13806);
#13805 = CARTESIAN_POINT('',(53.687059837325,1.5,24.));
#13806 = VECTOR('',#13807,1.);
#13807 = DIRECTION('',(1.,0.,-0.));
#13808 = PCURVE('',#11558,#13809);
#13809 = DEFINITIONAL_REPRESENTATION('',(#13810),#13813);
#13810 = B_SPLINE_CURVE_WITH_KNOTS('',1,(#13811,#13812),.UNSPECIFIED.,
  .F.,.F.,(2,2),(4.437059837325,34.438820488026),
  .PIECEWISE_BEZIER_KNOTS.);
#13811 = CARTESIAN_POINT('',(0.,-3.));
#13812 = CARTESIAN_POINT('',(30.001760650701,-3.));
#13813 = ( GEOMETRIC_REPRESENTATION_CONTEXT(2) 
PARAMETRIC_REPRESENTATION_CONTEXT() REPRESENTATION_CONTEXT('2D SPACE',''
  ) );
#13814 = PCURVE('',#12898,#13815);
#13815 = DEFINITIONAL_REPRESENTATION('',(#13816),#13820);
#13816 = LINE('',#13817,#13818);
#13817 = CARTESIAN_POINT('',(4.437059837325,-34.95));
#13818 = VECTOR('',#13819,1.);
#13819 = DIRECTION('',(1.,0.));
#13820 = ( GEOMETRIC_REPRESENTATION_CONTEXT(2) 
PARAMETRIC_REPRESENTATION_CONTEXT() REPRESENTATION_CONTEXT('2D SPACE',''
  ) );
#13821 = ORIENTED_EDGE('',*,*,#13754,.F.);
#13822 = ADVANCED_FACE('',(#13823),#11531,.F.);
#13823 = FACE_BOUND('',#13824,.F.);
#13824 = EDGE_LOOP('',(#13825,#13826,#13827,#13855));
#13825 = ORIENTED_EDGE('',*,*,#11514,.F.);
#13826 = ORIENTED_EDGE('',*,*,#13779,.T.);
#13827 = ORIENTED_EDGE('',*,*,#13828,.T.);
#13828 = EDGE_CURVE('',#13780,#13829,#13831,.T.);
#13829 = VERTEX_POINT('',#13830);
#13830 = CARTESIAN_POINT('',(56.645099728875,2.75,24.));
#13831 = SURFACE_CURVE('',#13832,(#13837,#13844),.PCURVE_S1.);
#13832 = CIRCLE('',#13833,1.5);
#13833 = AXIS2_PLACEMENT_3D('',#13834,#13835,#13836);
#13834 = CARTESIAN_POINT('',(58.124119674649,3.,24.));
#13835 = DIRECTION('',(-0.,0.,-1.));
#13836 = DIRECTION('',(-0.,-1.,0.));
#13837 = PCURVE('',#11531,#13838);
#13838 = DEFINITIONAL_REPRESENTATION('',(#13839),#13843);
#13839 = LINE('',#13840,#13841);
#13840 = CARTESIAN_POINT('',(6.28318530718,-3.));
#13841 = VECTOR('',#13842,1.);
#13842 = DIRECTION('',(1.,0.));
#13843 = ( GEOMETRIC_REPRESENTATION_CONTEXT(2) 
PARAMETRIC_REPRESENTATION_CONTEXT() REPRESENTATION_CONTEXT('2D SPACE',''
  ) );
#13844 = PCURVE('',#12898,#13845);
#13845 = DEFINITIONAL_REPRESENTATION('',(#13846),#13854);
#13846 = ( BOUNDED_CURVE() B_SPLINE_CURVE(2,(#13847,#13848,#13849,#13850
    ,#13851,#13852,#13853),.UNSPECIFIED.,.T.,.F.) 
B_SPLINE_CURVE_WITH_KNOTS((1,2,2,2,2,1),(-2.094395102393,0.,
    2.094395102393,4.188790204786,6.28318530718,8.377580409573),
.UNSPECIFIED.) CURVE() GEOMETRIC_REPRESENTATION_ITEM() 
RATIONAL_B_SPLINE_CURVE((1.,0.5,1.,0.5,1.,0.5,1.)) REPRESENTATION_ITEM(
  '') );
#13847 = CARTESIAN_POINT('',(8.874119674649,-34.95));
#13848 = CARTESIAN_POINT('',(6.276043463296,-34.95));
#13849 = CARTESIAN_POINT('',(7.575081568973,-32.7));
#13850 = CARTESIAN_POINT('',(8.874119674649,-30.45));
#13851 = CARTESIAN_POINT('',(10.173157780326,-32.7));
#13852 = CARTESIAN_POINT('',(11.472195886003,-34.95));
#13853 = CARTESIAN_POINT('',(8.874119674649,-34.95));
#13854 = ( GEOMETRIC_REPRESENTATION_CONTEXT(2) 
PARAMETRIC_REPRESENTATION_CONTEXT() REPRESENTATION_CONTEXT('2D SPACE',''
  ) );
#13855 = ORIENTED_EDGE('',*,*,#13856,.F.);
#13856 = EDGE_CURVE('',#11486,#13829,#13857,.T.);
#13857 = SURFACE_CURVE('',#13858,(#13862,#13869),.PCURVE_S1.);
#13858 = LINE('',#13859,#13860);
#13859 = CARTESIAN_POINT('',(56.645099728875,2.75,21.));
#13860 = VECTOR('',#13861,1.);
#13861 = DIRECTION('',(0.,0.,1.));
#13862 = PCURVE('',#11531,#13863);
#13863 = DEFINITIONAL_REPRESENTATION('',(#13864),#13868);
#13864 = LINE('',#13865,#13866);
#13865 = CARTESIAN_POINT('',(7.686533554755,0.));
#13866 = VECTOR('',#13867,1.);
#13867 = DIRECTION('',(0.,-1.));
#13868 = ( GEOMETRIC_REPRESENTATION_CONTEXT(2) 
PARAMETRIC_REPRESENTATION_CONTEXT() REPRESENTATION_CONTEXT('2D SPACE',''
  ) );
#13869 = PCURVE('',#11502,#13870);
#13870 = DEFINITIONAL_REPRESENTATION('',(#13871),#13875);
#13871 = LINE('',#13872,#13873);
#13872 = CARTESIAN_POINT('',(-6.703313641541,0.));
#13873 = VECTOR('',#13874,1.);
#13874 = DIRECTION('',(-0.,-1.));
#13875 = ( GEOMETRIC_REPRESENTATION_CONTEXT(2) 
PARAMETRIC_REPRESENTATION_CONTEXT() REPRESENTATION_CONTEXT('2D SPACE',''
  ) );
#13876 = ADVANCED_FACE('',(#13877),#11502,.T.);
#13877 = FACE_BOUND('',#13878,.F.);
#13878 = EDGE_LOOP('',(#13879,#13880,#13881,#13909));
#13879 = ORIENTED_EDGE('',*,*,#11485,.T.);
#13880 = ORIENTED_EDGE('',*,*,#13856,.T.);
#13881 = ORIENTED_EDGE('',*,*,#13882,.F.);
#13882 = EDGE_CURVE('',#13883,#13829,#13885,.T.);
#13883 = VERTEX_POINT('',#13884);
#13884 = CARTESIAN_POINT('',(41.854900271125,2.75,24.));
#13885 = SURFACE_CURVE('',#13886,(#13891,#13898),.PCURVE_S1.);
#13886 = CIRCLE('',#13887,7.5);
#13887 = AXIS2_PLACEMENT_3D('',#13888,#13889,#13890);
#13888 = CARTESIAN_POINT('',(49.25,1.5,24.));
#13889 = DIRECTION('',(0.,-0.,-1.));
#13890 = DIRECTION('',(0.968245836552,-0.25,0.));
#13891 = PCURVE('',#11502,#13892);
#13892 = DEFINITIONAL_REPRESENTATION('',(#13893),#13897);
#13893 = LINE('',#13894,#13895);
#13894 = CARTESIAN_POINT('',(-12.56637061435,-3.));
#13895 = VECTOR('',#13896,1.);
#13896 = DIRECTION('',(1.,-0.));
#13897 = ( GEOMETRIC_REPRESENTATION_CONTEXT(2) 
PARAMETRIC_REPRESENTATION_CONTEXT() REPRESENTATION_CONTEXT('2D SPACE',''
  ) );
#13898 = PCURVE('',#12898,#13899);
#13899 = DEFINITIONAL_REPRESENTATION('',(#13900),#13908);
#13900 = ( BOUNDED_CURVE() B_SPLINE_CURVE(2,(#13901,#13902,#13903,#13904
    ,#13905,#13906,#13907),.UNSPECIFIED.,.T.,.F.) 
B_SPLINE_CURVE_WITH_KNOTS((1,2,2,2,2,1),(-2.094395102393,0.,
    2.094395102393,4.188790204786,6.28318530718,8.377580409573),
.UNSPECIFIED.) CURVE() GEOMETRIC_REPRESENTATION_ITEM() 
RATIONAL_B_SPLINE_CURVE((1.,0.5,1.,0.5,1.,0.5,1.)) REPRESENTATION_ITEM(
  '') );
#13901 = CARTESIAN_POINT('',(7.261843774139,-36.825));
#13902 = CARTESIAN_POINT('',(4.014248509947,-49.40288237343));
#13903 = CARTESIAN_POINT('',(-5.254719519165,-40.30144118671));
#13904 = CARTESIAN_POINT('',(-14.52368754827,-31.2));
#13905 = CARTESIAN_POINT('',(-2.007124254974,-27.72355881328));
#13906 = CARTESIAN_POINT('',(10.509439038331,-24.24711762656));
#13907 = CARTESIAN_POINT('',(7.261843774139,-36.825));
#13908 = ( GEOMETRIC_REPRESENTATION_CONTEXT(2) 
PARAMETRIC_REPRESENTATION_CONTEXT() REPRESENTATION_CONTEXT('2D SPACE',''
  ) );
#13909 = ORIENTED_EDGE('',*,*,#13910,.F.);
#13910 = EDGE_CURVE('',#11457,#13883,#13911,.T.);
#13911 = SURFACE_CURVE('',#13912,(#13916,#13923),.PCURVE_S1.);
#13912 = LINE('',#13913,#13914);
#13913 = CARTESIAN_POINT('',(41.854900271125,2.75,21.));
#13914 = VECTOR('',#13915,1.);
#13915 = DIRECTION('',(0.,0.,1.));
#13916 = PCURVE('',#11502,#13917);
#13917 = DEFINITIONAL_REPRESENTATION('',(#13918),#13922);
#13918 = LINE('',#13919,#13920);
#13919 = CARTESIAN_POINT('',(-9.510010136692,0.));
#13920 = VECTOR('',#13921,1.);
#13921 = DIRECTION('',(-0.,-1.));
#13922 = ( GEOMETRIC_REPRESENTATION_CONTEXT(2) 
PARAMETRIC_REPRESENTATION_CONTEXT() REPRESENTATION_CONTEXT('2D SPACE',''
  ) );
#13923 = PCURVE('',#11473,#13924);
#13924 = DEFINITIONAL_REPRESENTATION('',(#13925),#13929);
#13925 = LINE('',#13926,#13927);
#13926 = CARTESIAN_POINT('',(-7.686533554755,0.));
#13927 = VECTOR('',#13928,1.);
#13928 = DIRECTION('',(-0.,-1.));
#13929 = ( GEOMETRIC_REPRESENTATION_CONTEXT(2) 
PARAMETRIC_REPRESENTATION_CONTEXT() REPRESENTATION_CONTEXT('2D SPACE',''
  ) );
#13930 = ADVANCED_FACE('',(#13931),#11473,.F.);
#13931 = FACE_BOUND('',#13932,.T.);
#13932 = EDGE_LOOP('',(#13933,#13934,#13957,#13983));
#13933 = ORIENTED_EDGE('',*,*,#11456,.T.);
#13934 = ORIENTED_EDGE('',*,*,#13935,.T.);
#13935 = EDGE_CURVE('',#11431,#13936,#13938,.T.);
#13936 = VERTEX_POINT('',#13937);
#13937 = CARTESIAN_POINT('',(40.375880325351,1.5,24.));
#13938 = SURFACE_CURVE('',#13939,(#13943,#13950),.PCURVE_S1.);
#13939 = LINE('',#13940,#13941);
#13940 = CARTESIAN_POINT('',(40.375880325351,1.5,21.));
#13941 = VECTOR('',#13942,1.);
#13942 = DIRECTION('',(0.,0.,1.));
#13943 = PCURVE('',#11473,#13944);
#13944 = DEFINITIONAL_REPRESENTATION('',(#13945),#13949);
#13945 = LINE('',#13946,#13947);
#13946 = CARTESIAN_POINT('',(-6.28318530718,0.));
#13947 = VECTOR('',#13948,1.);
#13948 = DIRECTION('',(-0.,-1.));
#13949 = ( GEOMETRIC_REPRESENTATION_CONTEXT(2) 
PARAMETRIC_REPRESENTATION_CONTEXT() REPRESENTATION_CONTEXT('2D SPACE',''
  ) );
#13950 = PCURVE('',#11445,#13951);
#13951 = DEFINITIONAL_REPRESENTATION('',(#13952),#13956);
#13952 = LINE('',#13953,#13954);
#13953 = CARTESIAN_POINT('',(30.001760650701,0.));
#13954 = VECTOR('',#13955,1.);
#13955 = DIRECTION('',(0.,-1.));
#13956 = ( GEOMETRIC_REPRESENTATION_CONTEXT(2) 
PARAMETRIC_REPRESENTATION_CONTEXT() REPRESENTATION_CONTEXT('2D SPACE',''
  ) );
#13957 = ORIENTED_EDGE('',*,*,#13958,.F.);
#13958 = EDGE_CURVE('',#13883,#13936,#13959,.T.);
#13959 = SURFACE_CURVE('',#13960,(#13965,#13972),.PCURVE_S1.);
#13960 = CIRCLE('',#13961,1.5);
#13961 = AXIS2_PLACEMENT_3D('',#13962,#13963,#13964);
#13962 = CARTESIAN_POINT('',(40.375880325351,3.,24.));
#13963 = DIRECTION('',(-0.,-0.,-1.));
#13964 = DIRECTION('',(0.,-1.,0.));
#13965 = PCURVE('',#11473,#13966);
#13966 = DEFINITIONAL_REPRESENTATION('',(#13967),#13971);
#13967 = LINE('',#13968,#13969);
#13968 = CARTESIAN_POINT('',(-12.56637061435,-3.));
#13969 = VECTOR('',#13970,1.);
#13970 = DIRECTION('',(1.,-0.));
#13971 = ( GEOMETRIC_REPRESENTATION_CONTEXT(2) 
PARAMETRIC_REPRESENTATION_CONTEXT() REPRESENTATION_CONTEXT('2D SPACE',''
  ) );
#13972 = PCURVE('',#12898,#13973);
#13973 = DEFINITIONAL_REPRESENTATION('',(#13974),#13982);
#13974 = ( BOUNDED_CURVE() B_SPLINE_CURVE(2,(#13975,#13976,#13977,#13978
    ,#13979,#13980,#13981),.UNSPECIFIED.,.T.,.F.) 
B_SPLINE_CURVE_WITH_KNOTS((1,2,2,2,2,1),(-2.094395102393,0.,
    2.094395102393,4.188790204786,6.28318530718,8.377580409573),
.UNSPECIFIED.) CURVE() GEOMETRIC_REPRESENTATION_ITEM() 
RATIONAL_B_SPLINE_CURVE((1.,0.5,1.,0.5,1.,0.5,1.)) REPRESENTATION_ITEM(
  '') );
#13975 = CARTESIAN_POINT('',(-8.874119674649,-34.95));
#13976 = CARTESIAN_POINT('',(-11.472195886,-34.95));
#13977 = CARTESIAN_POINT('',(-10.17315778032,-32.7));
#13978 = CARTESIAN_POINT('',(-8.874119674649,-30.45));
#13979 = CARTESIAN_POINT('',(-7.575081568973,-32.7));
#13980 = CARTESIAN_POINT('',(-6.276043463296,-34.95));
#13981 = CARTESIAN_POINT('',(-8.874119674649,-34.95));
#13982 = ( GEOMETRIC_REPRESENTATION_CONTEXT(2) 
PARAMETRIC_REPRESENTATION_CONTEXT() REPRESENTATION_CONTEXT('2D SPACE',''
  ) );
#13983 = ORIENTED_EDGE('',*,*,#13910,.F.);
#13984 = ADVANCED_FACE('',(#13985),#11445,.T.);
#13985 = FACE_BOUND('',#13986,.T.);
#13986 = EDGE_LOOP('',(#13987,#13988,#14011,#14031));
#13987 = ORIENTED_EDGE('',*,*,#11430,.F.);
#13988 = ORIENTED_EDGE('',*,*,#13989,.T.);
#13989 = EDGE_CURVE('',#11402,#13990,#13992,.T.);
#13990 = VERTEX_POINT('',#13991);
#13991 = CARTESIAN_POINT('',(10.374119674649,1.5,24.));
#13992 = SURFACE_CURVE('',#13993,(#13997,#14004),.PCURVE_S1.);
#13993 = LINE('',#13994,#13995);
#13994 = CARTESIAN_POINT('',(10.374119674649,1.5,21.));
#13995 = VECTOR('',#13996,1.);
#13996 = DIRECTION('',(0.,0.,1.));
#13997 = PCURVE('',#11445,#13998);
#13998 = DEFINITIONAL_REPRESENTATION('',(#13999),#14003);
#13999 = LINE('',#14000,#14001);
#14000 = CARTESIAN_POINT('',(0.,0.));
#14001 = VECTOR('',#14002,1.);
#14002 = DIRECTION('',(0.,-1.));
#14003 = ( GEOMETRIC_REPRESENTATION_CONTEXT(2) 
PARAMETRIC_REPRESENTATION_CONTEXT() REPRESENTATION_CONTEXT('2D SPACE',''
  ) );
#14004 = PCURVE('',#11418,#14005);
#14005 = DEFINITIONAL_REPRESENTATION('',(#14006),#14010);
#14006 = LINE('',#14007,#14008);
#14007 = CARTESIAN_POINT('',(6.28318530718,0.));
#14008 = VECTOR('',#14009,1.);
#14009 = DIRECTION('',(0.,-1.));
#14010 = ( GEOMETRIC_REPRESENTATION_CONTEXT(2) 
PARAMETRIC_REPRESENTATION_CONTEXT() REPRESENTATION_CONTEXT('2D SPACE',''
  ) );
#14011 = ORIENTED_EDGE('',*,*,#14012,.T.);
#14012 = EDGE_CURVE('',#13990,#13936,#14013,.T.);
#14013 = SURFACE_CURVE('',#14014,(#14018,#14024),.PCURVE_S1.);
#14014 = LINE('',#14015,#14016);
#14015 = CARTESIAN_POINT('',(29.812059837325,1.5,24.));
#14016 = VECTOR('',#14017,1.);
#14017 = DIRECTION('',(1.,0.,-0.));
#14018 = PCURVE('',#11445,#14019);
#14019 = DEFINITIONAL_REPRESENTATION('',(#14020),#14023);
#14020 = B_SPLINE_CURVE_WITH_KNOTS('',1,(#14021,#14022),.UNSPECIFIED.,
  .F.,.F.,(2,2),(-19.43794016267,10.563820488026),
  .PIECEWISE_BEZIER_KNOTS.);
#14021 = CARTESIAN_POINT('',(0.,-3.));
#14022 = CARTESIAN_POINT('',(30.001760650701,-3.));
#14023 = ( GEOMETRIC_REPRESENTATION_CONTEXT(2) 
PARAMETRIC_REPRESENTATION_CONTEXT() REPRESENTATION_CONTEXT('2D SPACE',''
  ) );
#14024 = PCURVE('',#12898,#14025);
#14025 = DEFINITIONAL_REPRESENTATION('',(#14026),#14030);
#14026 = LINE('',#14027,#14028);
#14027 = CARTESIAN_POINT('',(-19.43794016267,-34.95));
#14028 = VECTOR('',#14029,1.);
#14029 = DIRECTION('',(1.,0.));
#14030 = ( GEOMETRIC_REPRESENTATION_CONTEXT(2) 
PARAMETRIC_REPRESENTATION_CONTEXT() REPRESENTATION_CONTEXT('2D SPACE',''
  ) );
#14031 = ORIENTED_EDGE('',*,*,#13935,.F.);
#14032 = ADVANCED_FACE('',(#14033),#11418,.F.);
#14033 = FACE_BOUND('',#14034,.F.);
#14034 = EDGE_LOOP('',(#14035,#14036,#14037,#14065));
#14035 = ORIENTED_EDGE('',*,*,#11401,.F.);
#14036 = ORIENTED_EDGE('',*,*,#13989,.T.);
#14037 = ORIENTED_EDGE('',*,*,#14038,.T.);
#14038 = EDGE_CURVE('',#13990,#14039,#14041,.T.);
#14039 = VERTEX_POINT('',#14040);
#14040 = CARTESIAN_POINT('',(8.895099728875,2.75,24.));
#14041 = SURFACE_CURVE('',#14042,(#14047,#14054),.PCURVE_S1.);
#14042 = CIRCLE('',#14043,1.5);
#14043 = AXIS2_PLACEMENT_3D('',#14044,#14045,#14046);
#14044 = CARTESIAN_POINT('',(10.374119674649,3.,24.));
#14045 = DIRECTION('',(-0.,0.,-1.));
#14046 = DIRECTION('',(-0.,-1.,0.));
#14047 = PCURVE('',#11418,#14048);
#14048 = DEFINITIONAL_REPRESENTATION('',(#14049),#14053);
#14049 = LINE('',#14050,#14051);
#14050 = CARTESIAN_POINT('',(6.28318530718,-3.));
#14051 = VECTOR('',#14052,1.);
#14052 = DIRECTION('',(1.,0.));
#14053 = ( GEOMETRIC_REPRESENTATION_CONTEXT(2) 
PARAMETRIC_REPRESENTATION_CONTEXT() REPRESENTATION_CONTEXT('2D SPACE',''
  ) );
#14054 = PCURVE('',#12898,#14055);
#14055 = DEFINITIONAL_REPRESENTATION('',(#14056),#14064);
#14056 = ( BOUNDED_CURVE() B_SPLINE_CURVE(2,(#14057,#14058,#14059,#14060
    ,#14061,#14062,#14063),.UNSPECIFIED.,.T.,.F.) 
B_SPLINE_CURVE_WITH_KNOTS((1,2,2,2,2,1),(-2.094395102393,0.,
    2.094395102393,4.188790204786,6.28318530718,8.377580409573),
.UNSPECIFIED.) CURVE() GEOMETRIC_REPRESENTATION_ITEM() 
RATIONAL_B_SPLINE_CURVE((1.,0.5,1.,0.5,1.,0.5,1.)) REPRESENTATION_ITEM(
  '') );
#14057 = CARTESIAN_POINT('',(-38.87588032535,-34.95));
#14058 = CARTESIAN_POINT('',(-41.4739565367,-34.95));
#14059 = CARTESIAN_POINT('',(-40.17491843102,-32.7));
#14060 = CARTESIAN_POINT('',(-38.87588032535,-30.45));
#14061 = CARTESIAN_POINT('',(-37.57684221967,-32.7));
#14062 = CARTESIAN_POINT('',(-36.27780411399,-34.95));
#14063 = CARTESIAN_POINT('',(-38.87588032535,-34.95));
#14064 = ( GEOMETRIC_REPRESENTATION_CONTEXT(2) 
PARAMETRIC_REPRESENTATION_CONTEXT() REPRESENTATION_CONTEXT('2D SPACE',''
  ) );
#14065 = ORIENTED_EDGE('',*,*,#14066,.F.);
#14066 = EDGE_CURVE('',#11373,#14039,#14067,.T.);
#14067 = SURFACE_CURVE('',#14068,(#14072,#14079),.PCURVE_S1.);
#14068 = LINE('',#14069,#14070);
#14069 = CARTESIAN_POINT('',(8.895099728875,2.75,21.));
#14070 = VECTOR('',#14071,1.);
#14071 = DIRECTION('',(0.,0.,1.));
#14072 = PCURVE('',#11418,#14073);
#14073 = DEFINITIONAL_REPRESENTATION('',(#14074),#14078);
#14074 = LINE('',#14075,#14076);
#14075 = CARTESIAN_POINT('',(7.686533554755,0.));
#14076 = VECTOR('',#14077,1.);
#14077 = DIRECTION('',(0.,-1.));
#14078 = ( GEOMETRIC_REPRESENTATION_CONTEXT(2) 
PARAMETRIC_REPRESENTATION_CONTEXT() REPRESENTATION_CONTEXT('2D SPACE',''
  ) );
#14079 = PCURVE('',#11389,#14080);
#14080 = DEFINITIONAL_REPRESENTATION('',(#14081),#14085);
#14081 = LINE('',#14082,#14083);
#14082 = CARTESIAN_POINT('',(-6.703313641541,0.));
#14083 = VECTOR('',#14084,1.);
#14084 = DIRECTION('',(-0.,-1.));
#14085 = ( GEOMETRIC_REPRESENTATION_CONTEXT(2) 
PARAMETRIC_REPRESENTATION_CONTEXT() REPRESENTATION_CONTEXT('2D SPACE',''
  ) );
#14086 = ADVANCED_FACE('',(#14087),#11389,.T.);
#14087 = FACE_BOUND('',#14088,.F.);
#14088 = EDGE_LOOP('',(#14089,#14090,#14091,#14117));
#14089 = ORIENTED_EDGE('',*,*,#11372,.T.);
#14090 = ORIENTED_EDGE('',*,*,#14066,.T.);
#14091 = ORIENTED_EDGE('',*,*,#14092,.F.);
#14092 = EDGE_CURVE('',#12859,#14039,#14093,.T.);
#14093 = SURFACE_CURVE('',#14094,(#14099,#14106),.PCURVE_S1.);
#14094 = CIRCLE('',#14095,7.5);
#14095 = AXIS2_PLACEMENT_3D('',#14096,#14097,#14098);
#14096 = CARTESIAN_POINT('',(1.5,1.5,24.));
#14097 = DIRECTION('',(0.,-0.,-1.));
#14098 = DIRECTION('',(0.968245836552,-0.25,0.));
#14099 = PCURVE('',#11389,#14100);
#14100 = DEFINITIONAL_REPRESENTATION('',(#14101),#14105);
#14101 = LINE('',#14102,#14103);
#14102 = CARTESIAN_POINT('',(-12.56637061435,-3.));
#14103 = VECTOR('',#14104,1.);
#14104 = DIRECTION('',(1.,-0.));
#14105 = ( GEOMETRIC_REPRESENTATION_CONTEXT(2) 
PARAMETRIC_REPRESENTATION_CONTEXT() REPRESENTATION_CONTEXT('2D SPACE',''
  ) );
#14106 = PCURVE('',#12898,#14107);
#14107 = DEFINITIONAL_REPRESENTATION('',(#14108),#14116);
#14108 = ( BOUNDED_CURVE() B_SPLINE_CURVE(2,(#14109,#14110,#14111,#14112
    ,#14113,#14114,#14115),.UNSPECIFIED.,.T.,.F.) 
B_SPLINE_CURVE_WITH_KNOTS((1,2,2,2,2,1),(-2.094395102393,0.,
    2.094395102393,4.188790204786,6.28318530718,8.377580409573),
.UNSPECIFIED.) CURVE() GEOMETRIC_REPRESENTATION_ITEM() 
RATIONAL_B_SPLINE_CURVE((1.,0.5,1.,0.5,1.,0.5,1.)) REPRESENTATION_ITEM(
  '') );
#14109 = CARTESIAN_POINT('',(-40.48815622586,-36.825));
#14110 = CARTESIAN_POINT('',(-43.73575149005,-49.40288237343));
#14111 = CARTESIAN_POINT('',(-53.00471951916,-40.30144118671));
#14112 = CARTESIAN_POINT('',(-62.27368754827,-31.2));
#14113 = CARTESIAN_POINT('',(-49.75712425497,-27.72355881328));
#14114 = CARTESIAN_POINT('',(-37.24056096166,-24.24711762656));
#14115 = CARTESIAN_POINT('',(-40.48815622586,-36.825));
#14116 = ( GEOMETRIC_REPRESENTATION_CONTEXT(2) 
PARAMETRIC_REPRESENTATION_CONTEXT() REPRESENTATION_CONTEXT('2D SPACE',''
  ) );
#14117 = ORIENTED_EDGE('',*,*,#12858,.F.);
#14118 = ADVANCED_FACE('',(#14119),#12082,.F.);
#14119 = FACE_BOUND('',#14120,.F.);
#14120 = EDGE_LOOP('',(#14121,#14122,#14145,#14171));
#14121 = ORIENTED_EDGE('',*,*,#12064,.F.);
#14122 = ORIENTED_EDGE('',*,*,#14123,.T.);
#14123 = EDGE_CURVE('',#12065,#14124,#14126,.T.);
#14124 = VERTEX_POINT('',#14125);
#14125 = CARTESIAN_POINT('',(30.106689453125,46.022387695313,27.2));
#14126 = SURFACE_CURVE('',#14127,(#14131,#14138),.PCURVE_S1.);
#14127 = LINE('',#14128,#14129);
#14128 = CARTESIAN_POINT('',(30.106689453125,46.022387695313,26.8));
#14129 = VECTOR('',#14130,1.);
#14130 = DIRECTION('',(0.,0.,1.));
#14131 = PCURVE('',#12082,#14132);
#14132 = DEFINITIONAL_REPRESENTATION('',(#14133),#14137);
#14133 = LINE('',#14134,#14135);
#14134 = CARTESIAN_POINT('',(0.,0.));
#14135 = VECTOR('',#14136,1.);
#14136 = DIRECTION('',(0.,-1.));
#14137 = ( GEOMETRIC_REPRESENTATION_CONTEXT(2) 
PARAMETRIC_REPRESENTATION_CONTEXT() REPRESENTATION_CONTEXT('2D SPACE',''
  ) );
#14138 = PCURVE('',#12286,#14139);
#14139 = DEFINITIONAL_REPRESENTATION('',(#14140),#14144);
#14140 = LINE('',#14141,#14142);
#14141 = CARTESIAN_POINT('',(0.79296875,0.));
#14142 = VECTOR('',#14143,1.);
#14143 = DIRECTION('',(0.,-1.));
#14144 = ( GEOMETRIC_REPRESENTATION_CONTEXT(2) 
PARAMETRIC_REPRESENTATION_CONTEXT() REPRESENTATION_CONTEXT('2D SPACE',''
  ) );
#14145 = ORIENTED_EDGE('',*,*,#14146,.F.);
#14146 = EDGE_CURVE('',#14147,#14124,#14149,.T.);
#14147 = VERTEX_POINT('',#14148);
#14148 = CARTESIAN_POINT('',(30.106689453125,45.193530273438,27.2));
#14149 = SURFACE_CURVE('',#14150,(#14154,#14160),.PCURVE_S1.);
#14150 = LINE('',#14151,#14152);
#14151 = CARTESIAN_POINT('',(30.106689453125,41.236193847656,27.2));
#14152 = VECTOR('',#14153,1.);
#14153 = DIRECTION('',(0.,1.,0.));
#14154 = PCURVE('',#12082,#14155);
#14155 = DEFINITIONAL_REPRESENTATION('',(#14156),#14159);
#14156 = B_SPLINE_CURVE_WITH_KNOTS('',1,(#14157,#14158),.UNSPECIFIED.,
  .F.,.F.,(2,2),(3.957336425781,4.786193847656),
  .PIECEWISE_BEZIER_KNOTS.);
#14157 = CARTESIAN_POINT('',(0.828857421875,-0.4));
#14158 = CARTESIAN_POINT('',(0.,-0.4));
#14159 = ( GEOMETRIC_REPRESENTATION_CONTEXT(2) 
PARAMETRIC_REPRESENTATION_CONTEXT() REPRESENTATION_CONTEXT('2D SPACE',''
  ) );
#14160 = PCURVE('',#14161,#14166);
#14161 = PLANE('',#14162);
#14162 = AXIS2_PLACEMENT_3D('',#14163,#14164,#14165);
#14163 = CARTESIAN_POINT('',(49.25,36.45,27.2));
#14164 = DIRECTION('',(0.,0.,1.));
#14165 = DIRECTION('',(1.,0.,-0.));
#14166 = DEFINITIONAL_REPRESENTATION('',(#14167),#14170);
#14167 = B_SPLINE_CURVE_WITH_KNOTS('',1,(#14168,#14169),.UNSPECIFIED.,
  .F.,.F.,(2,2),(3.957336425781,4.786193847656),
  .PIECEWISE_BEZIER_KNOTS.);
#14168 = CARTESIAN_POINT('',(-19.14331054687,8.743530273437));
#14169 = CARTESIAN_POINT('',(-19.14331054687,9.572387695312));
#14170 = ( GEOMETRIC_REPRESENTATION_CONTEXT(2) 
PARAMETRIC_REPRESENTATION_CONTEXT() REPRESENTATION_CONTEXT('2D SPACE',''
  ) );
#14171 = ORIENTED_EDGE('',*,*,#14172,.F.);
#14172 = EDGE_CURVE('',#12067,#14147,#14173,.T.);
#14173 = SURFACE_CURVE('',#14174,(#14178,#14185),.PCURVE_S1.);
#14174 = LINE('',#14175,#14176);
#14175 = CARTESIAN_POINT('',(30.106689453125,45.193530273438,26.8));
#14176 = VECTOR('',#14177,1.);
#14177 = DIRECTION('',(0.,0.,1.));
#14178 = PCURVE('',#12082,#14179);
#14179 = DEFINITIONAL_REPRESENTATION('',(#14180),#14184);
#14180 = LINE('',#14181,#14182);
#14181 = CARTESIAN_POINT('',(0.828857421875,0.));
#14182 = VECTOR('',#14183,1.);
#14183 = DIRECTION('',(0.,-1.));
#14184 = ( GEOMETRIC_REPRESENTATION_CONTEXT(2) 
PARAMETRIC_REPRESENTATION_CONTEXT() REPRESENTATION_CONTEXT('2D SPACE',''
  ) );
#14185 = PCURVE('',#12110,#14186);
#14186 = DEFINITIONAL_REPRESENTATION('',(#14187),#14191);
#14187 = LINE('',#14188,#14189);
#14188 = CARTESIAN_POINT('',(0.,0.));
#14189 = VECTOR('',#14190,1.);
#14190 = DIRECTION('',(0.,-1.));
#14191 = ( GEOMETRIC_REPRESENTATION_CONTEXT(2) 
PARAMETRIC_REPRESENTATION_CONTEXT() REPRESENTATION_CONTEXT('2D SPACE',''
  ) );
#14192 = ADVANCED_FACE('',(#14193),#12110,.F.);
#14193 = FACE_BOUND('',#14194,.F.);
#14194 = EDGE_LOOP('',(#14195,#14196,#14197,#14218));
#14195 = ORIENTED_EDGE('',*,*,#12094,.F.);
#14196 = ORIENTED_EDGE('',*,*,#14172,.T.);
#14197 = ORIENTED_EDGE('',*,*,#14198,.F.);
#14198 = EDGE_CURVE('',#14199,#14147,#14201,.T.);
#14199 = VERTEX_POINT('',#14200);
#14200 = CARTESIAN_POINT('',(30.8193359375,45.193530273438,27.2));
#14201 = SURFACE_CURVE('',#14202,(#14206,#14212),.PCURVE_S1.);
#14202 = LINE('',#14203,#14204);
#14203 = CARTESIAN_POINT('',(39.678344726562,45.193530273438,27.2));
#14204 = VECTOR('',#14205,1.);
#14205 = DIRECTION('',(-1.,0.,0.));
#14206 = PCURVE('',#12110,#14207);
#14207 = DEFINITIONAL_REPRESENTATION('',(#14208),#14211);
#14208 = B_SPLINE_CURVE_WITH_KNOTS('',1,(#14209,#14210),.UNSPECIFIED.,
  .F.,.F.,(2,2),(8.859008789062,9.571655273438),
  .PIECEWISE_BEZIER_KNOTS.);
#14209 = CARTESIAN_POINT('',(0.712646484375,-0.4));
#14210 = CARTESIAN_POINT('',(0.,-0.4));
#14211 = ( GEOMETRIC_REPRESENTATION_CONTEXT(2) 
PARAMETRIC_REPRESENTATION_CONTEXT() REPRESENTATION_CONTEXT('2D SPACE',''
  ) );
#14212 = PCURVE('',#14161,#14213);
#14213 = DEFINITIONAL_REPRESENTATION('',(#14214),#14217);
#14214 = B_SPLINE_CURVE_WITH_KNOTS('',1,(#14215,#14216),.UNSPECIFIED.,
  .F.,.F.,(2,2),(8.859008789062,9.571655273438),
  .PIECEWISE_BEZIER_KNOTS.);
#14215 = CARTESIAN_POINT('',(-18.4306640625,8.743530273437));
#14216 = CARTESIAN_POINT('',(-19.14331054687,8.743530273437));
#14217 = ( GEOMETRIC_REPRESENTATION_CONTEXT(2) 
PARAMETRIC_REPRESENTATION_CONTEXT() REPRESENTATION_CONTEXT('2D SPACE',''
  ) );
#14218 = ORIENTED_EDGE('',*,*,#14219,.F.);
#14219 = EDGE_CURVE('',#12095,#14199,#14220,.T.);
#14220 = SURFACE_CURVE('',#14221,(#14225,#14232),.PCURVE_S1.);
#14221 = LINE('',#14222,#14223);
#14222 = CARTESIAN_POINT('',(30.8193359375,45.193530273438,26.8));
#14223 = VECTOR('',#14224,1.);
#14224 = DIRECTION('',(0.,0.,1.));
#14225 = PCURVE('',#12110,#14226);
#14226 = DEFINITIONAL_REPRESENTATION('',(#14227),#14231);
#14227 = LINE('',#14228,#14229);
#14228 = CARTESIAN_POINT('',(0.712646484375,0.));
#14229 = VECTOR('',#14230,1.);
#14230 = DIRECTION('',(0.,-1.));
#14231 = ( GEOMETRIC_REPRESENTATION_CONTEXT(2) 
PARAMETRIC_REPRESENTATION_CONTEXT() REPRESENTATION_CONTEXT('2D SPACE',''
  ) );
#14232 = PCURVE('',#12138,#14233);
#14233 = DEFINITIONAL_REPRESENTATION('',(#14234),#14238);
#14234 = LINE('',#14235,#14236);
#14235 = CARTESIAN_POINT('',(0.,0.));
#14236 = VECTOR('',#14237,1.);
#14237 = DIRECTION('',(0.,-1.));
#14238 = ( GEOMETRIC_REPRESENTATION_CONTEXT(2) 
PARAMETRIC_REPRESENTATION_CONTEXT() REPRESENTATION_CONTEXT('2D SPACE',''
  ) );
#14239 = ADVANCED_FACE('',(#14240),#12138,.F.);
#14240 = FACE_BOUND('',#14241,.F.);
#14241 = EDGE_LOOP('',(#14242,#14243,#14244,#14276));
#14242 = ORIENTED_EDGE('',*,*,#12122,.F.);
#14243 = ORIENTED_EDGE('',*,*,#14219,.T.);
#14244 = ORIENTED_EDGE('',*,*,#14245,.F.);
#14245 = EDGE_CURVE('',#14246,#14199,#14248,.T.);
#14246 = VERTEX_POINT('',#14247);
#14247 = CARTESIAN_POINT('',(31.1748046875,45.24052734375,27.2));
#14248 = SURFACE_CURVE('',#14249,(#14256,#14266),.PCURVE_S1.);
#14249 = B_SPLINE_CURVE_WITH_KNOTS('',5,(#14250,#14251,#14252,#14253,
    #14254,#14255),.UNSPECIFIED.,.F.,.F.,(6,6),(0.,1.),
  .PIECEWISE_BEZIER_KNOTS.);
#14250 = CARTESIAN_POINT('',(31.1748046875,45.24052734375,27.2));
#14251 = CARTESIAN_POINT('',(31.122176498926,45.221230341273,27.2));
#14252 = CARTESIAN_POINT('',(31.059630501468,45.207078847478,27.2));
#14253 = CARTESIAN_POINT('',(30.987770127456,45.197940311161,27.2));
#14254 = CARTESIAN_POINT('',(30.907405524633,45.193530273438,27.2));
#14255 = CARTESIAN_POINT('',(30.8193359375,45.193530273438,27.2));
#14256 = PCURVE('',#12138,#14257);
#14257 = DEFINITIONAL_REPRESENTATION('',(#14258),#14265);
#14258 = B_SPLINE_CURVE_WITH_KNOTS('',5,(#14259,#14260,#14261,#14262,
    #14263,#14264),.UNSPECIFIED.,.F.,.F.,(6,6),(0.,1.),
  .PIECEWISE_BEZIER_KNOTS.);
#14259 = CARTESIAN_POINT('',(1.,-0.4));
#14260 = CARTESIAN_POINT('',(0.794699942476,-0.4));
#14261 = CARTESIAN_POINT('',(0.591455664935,-0.4));
#14262 = CARTESIAN_POINT('',(0.390979611336,-0.4));
#14263 = CARTESIAN_POINT('',(0.193734172341,-0.4));
#14264 = CARTESIAN_POINT('',(0.,-0.4));
#14265 = ( GEOMETRIC_REPRESENTATION_CONTEXT(2) 
PARAMETRIC_REPRESENTATION_CONTEXT() REPRESENTATION_CONTEXT('2D SPACE',''
  ) );
#14266 = PCURVE('',#14161,#14267);
#14267 = DEFINITIONAL_REPRESENTATION('',(#14268),#14275);
#14268 = B_SPLINE_CURVE_WITH_KNOTS('',5,(#14269,#14270,#14271,#14272,
    #14273,#14274),.UNSPECIFIED.,.F.,.F.,(6,6),(0.,1.),
  .PIECEWISE_BEZIER_KNOTS.);
#14269 = CARTESIAN_POINT('',(-18.0751953125,8.79052734375));
#14270 = CARTESIAN_POINT('',(-18.12782350107,8.771230341273));
#14271 = CARTESIAN_POINT('',(-18.19036949853,8.757078847478));
#14272 = CARTESIAN_POINT('',(-18.26222987254,8.747940311161));
#14273 = CARTESIAN_POINT('',(-18.34259447536,8.743530273437));
#14274 = CARTESIAN_POINT('',(-18.4306640625,8.743530273437));
#14275 = ( GEOMETRIC_REPRESENTATION_CONTEXT(2) 
PARAMETRIC_REPRESENTATION_CONTEXT() REPRESENTATION_CONTEXT('2D SPACE',''
  ) );
#14276 = ORIENTED_EDGE('',*,*,#14277,.F.);
#14277 = EDGE_CURVE('',#12123,#14246,#14278,.T.);
#14278 = SURFACE_CURVE('',#14279,(#14283,#14290),.PCURVE_S1.);
#14279 = LINE('',#14280,#14281);
#14280 = CARTESIAN_POINT('',(31.1748046875,45.24052734375,26.8));
#14281 = VECTOR('',#14282,1.);
#14282 = DIRECTION('',(0.,0.,1.));
#14283 = PCURVE('',#12138,#14284);
#14284 = DEFINITIONAL_REPRESENTATION('',(#14285),#14289);
#14285 = LINE('',#14286,#14287);
#14286 = CARTESIAN_POINT('',(1.,0.));
#14287 = VECTOR('',#14288,1.);
#14288 = DIRECTION('',(0.,-1.));
#14289 = ( GEOMETRIC_REPRESENTATION_CONTEXT(2) 
PARAMETRIC_REPRESENTATION_CONTEXT() REPRESENTATION_CONTEXT('2D SPACE',''
  ) );
#14290 = PCURVE('',#12168,#14291);
#14291 = DEFINITIONAL_REPRESENTATION('',(#14292),#14296);
#14292 = LINE('',#14293,#14294);
#14293 = CARTESIAN_POINT('',(0.,0.));
#14294 = VECTOR('',#14295,1.);
#14295 = DIRECTION('',(0.,-1.));
#14296 = ( GEOMETRIC_REPRESENTATION_CONTEXT(2) 
PARAMETRIC_REPRESENTATION_CONTEXT() REPRESENTATION_CONTEXT('2D SPACE',''
  ) );
#14297 = ADVANCED_FACE('',(#14298),#12168,.F.);
#14298 = FACE_BOUND('',#14299,.F.);
#14299 = EDGE_LOOP('',(#14300,#14301,#14302,#14340));
#14300 = ORIENTED_EDGE('',*,*,#12152,.F.);
#14301 = ORIENTED_EDGE('',*,*,#14277,.T.);
#14302 = ORIENTED_EDGE('',*,*,#14303,.F.);
#14303 = EDGE_CURVE('',#14304,#14246,#14306,.T.);
#14304 = VERTEX_POINT('',#14305);
#14305 = CARTESIAN_POINT('',(31.36962890625,45.39091796875,27.2));
#14306 = SURFACE_CURVE('',#14307,(#14316,#14328),.PCURVE_S1.);
#14307 = B_SPLINE_CURVE_WITH_KNOTS('',4,(#14308,#14309,#14310,#14311,
    #14312,#14313,#14314,#14315),.UNSPECIFIED.,.F.,.F.,(5,3,5),(0.,
    0.248588972653,1.),.UNSPECIFIED.);
#14308 = CARTESIAN_POINT('',(31.36962890625,45.39091796875,27.2));
#14309 = CARTESIAN_POINT('',(31.36133542433,45.378052439105,27.2));
#14310 = CARTESIAN_POINT('',(31.352402386932,45.365762083468,27.2));
#14311 = CARTESIAN_POINT('',(31.342830483005,45.354051798343,27.2));
#14312 = CARTESIAN_POINT('',(31.301766771185,45.309290434713,27.2));
#14313 = CARTESIAN_POINT('',(31.265098629478,45.280983902751,27.2));
#14314 = CARTESIAN_POINT('',(31.222698273189,45.258088325169,27.2));
#14315 = CARTESIAN_POINT('',(31.1748046875,45.24052734375,27.2));
#14316 = PCURVE('',#12168,#14317);
#14317 = DEFINITIONAL_REPRESENTATION('',(#14318),#14327);
#14318 = B_SPLINE_CURVE_WITH_KNOTS('',4,(#14319,#14320,#14321,#14322,
    #14323,#14324,#14325,#14326),.UNSPECIFIED.,.F.,.F.,(5,3,5),(0.,
    0.248588972653,1.),.UNSPECIFIED.);
#14319 = CARTESIAN_POINT('',(1.,-0.4));
#14320 = CARTESIAN_POINT('',(0.937783696073,-0.4));
#14321 = CARTESIAN_POINT('',(0.87553369649,-0.4));
#14322 = CARTESIAN_POINT('',(0.813266804849,-0.4));
#14323 = CARTESIAN_POINT('',(0.562785843508,-0.4));
#14324 = CARTESIAN_POINT('',(0.374570478526,-0.4));
#14325 = CARTESIAN_POINT('',(0.186830597128,-0.4));
#14326 = CARTESIAN_POINT('',(0.,-0.4));
#14327 = ( GEOMETRIC_REPRESENTATION_CONTEXT(2) 
PARAMETRIC_REPRESENTATION_CONTEXT() REPRESENTATION_CONTEXT('2D SPACE',''
  ) );
#14328 = PCURVE('',#14161,#14329);
#14329 = DEFINITIONAL_REPRESENTATION('',(#14330),#14339);
#14330 = B_SPLINE_CURVE_WITH_KNOTS('',4,(#14331,#14332,#14333,#14334,
    #14335,#14336,#14337,#14338),.UNSPECIFIED.,.F.,.F.,(5,3,5),(0.,
    0.248588972653,1.),.UNSPECIFIED.);
#14331 = CARTESIAN_POINT('',(-17.88037109375,8.94091796875));
#14332 = CARTESIAN_POINT('',(-17.88866457567,8.928052439105));
#14333 = CARTESIAN_POINT('',(-17.89759761306,8.915762083468));
#14334 = CARTESIAN_POINT('',(-17.90716951699,8.904051798343));
#14335 = CARTESIAN_POINT('',(-17.94823322881,8.859290434713));
#14336 = CARTESIAN_POINT('',(-17.98490137052,8.830983902751));
#14337 = CARTESIAN_POINT('',(-18.02730172681,8.808088325169));
#14338 = CARTESIAN_POINT('',(-18.0751953125,8.79052734375));
#14339 = ( GEOMETRIC_REPRESENTATION_CONTEXT(2) 
PARAMETRIC_REPRESENTATION_CONTEXT() REPRESENTATION_CONTEXT('2D SPACE',''
  ) );
#14340 = ORIENTED_EDGE('',*,*,#14341,.F.);
#14341 = EDGE_CURVE('',#12153,#14304,#14342,.T.);
#14342 = SURFACE_CURVE('',#14343,(#14347,#14354),.PCURVE_S1.);
#14343 = LINE('',#14344,#14345);
#14344 = CARTESIAN_POINT('',(31.36962890625,45.39091796875,26.8));
#14345 = VECTOR('',#14346,1.);
#14346 = DIRECTION('',(0.,0.,1.));
#14347 = PCURVE('',#12168,#14348);
#14348 = DEFINITIONAL_REPRESENTATION('',(#14349),#14353);
#14349 = LINE('',#14350,#14351);
#14350 = CARTESIAN_POINT('',(1.,0.));
#14351 = VECTOR('',#14352,1.);
#14352 = DIRECTION('',(0.,-1.));
#14353 = ( GEOMETRIC_REPRESENTATION_CONTEXT(2) 
PARAMETRIC_REPRESENTATION_CONTEXT() REPRESENTATION_CONTEXT('2D SPACE',''
  ) );
#14354 = PCURVE('',#12198,#14355);
#14355 = DEFINITIONAL_REPRESENTATION('',(#14356),#14360);
#14356 = LINE('',#14357,#14358);
#14357 = CARTESIAN_POINT('',(0.,0.));
#14358 = VECTOR('',#14359,1.);
#14359 = DIRECTION('',(0.,-1.));
#14360 = ( GEOMETRIC_REPRESENTATION_CONTEXT(2) 
PARAMETRIC_REPRESENTATION_CONTEXT() REPRESENTATION_CONTEXT('2D SPACE',''
  ) );
#14361 = ADVANCED_FACE('',(#14362),#12198,.F.);
#14362 = FACE_BOUND('',#14363,.F.);
#14363 = EDGE_LOOP('',(#14364,#14365,#14366,#14404));
#14364 = ORIENTED_EDGE('',*,*,#12182,.F.);
#14365 = ORIENTED_EDGE('',*,*,#14341,.T.);
#14366 = ORIENTED_EDGE('',*,*,#14367,.F.);
#14367 = EDGE_CURVE('',#14368,#14304,#14370,.T.);
#14368 = VERTEX_POINT('',#14369);
#14369 = CARTESIAN_POINT('',(31.436279296875,45.615649414063,27.2));
#14370 = SURFACE_CURVE('',#14371,(#14380,#14392),.PCURVE_S1.);
#14371 = B_SPLINE_CURVE_WITH_KNOTS('',4,(#14372,#14373,#14374,#14375,
    #14376,#14377,#14378,#14379),.UNSPECIFIED.,.F.,.F.,(5,3,5),(0.,
    0.455936705876,1.),.UNSPECIFIED.);
#14372 = CARTESIAN_POINT('',(31.436279296875,45.615649414063,27.2));
#14373 = CARTESIAN_POINT('',(31.436279296875,45.588019029483,27.2));
#14374 = CARTESIAN_POINT('',(31.433975254452,45.560974442848,27.2));
#14375 = CARTESIAN_POINT('',(31.429354152942,45.534536180849,27.2));
#14376 = CARTESIAN_POINT('',(31.414146183058,45.477915055008,27.2));
#14377 = CARTESIAN_POINT('',(31.402578820071,45.447996068722,27.2));
#14378 = CARTESIAN_POINT('',(31.38772572797,45.41899124347,27.2));
#14379 = CARTESIAN_POINT('',(31.36962890625,45.39091796875,27.2));
#14380 = PCURVE('',#12198,#14381);
#14381 = DEFINITIONAL_REPRESENTATION('',(#14382),#14391);
#14382 = B_SPLINE_CURVE_WITH_KNOTS('',4,(#14383,#14384,#14385,#14386,
    #14387,#14388,#14389,#14390),.UNSPECIFIED.,.F.,.F.,(5,3,5),(0.,
    0.455936705876,1.),.UNSPECIFIED.);
#14383 = CARTESIAN_POINT('',(1.,-0.4));
#14384 = CARTESIAN_POINT('',(0.886142801571,-0.4));
#14385 = CARTESIAN_POINT('',(0.772143350921,-0.4));
#14386 = CARTESIAN_POINT('',(0.658071791862,-0.4));
#14387 = CARTESIAN_POINT('',(0.40787962617,-0.4));
#14388 = CARTESIAN_POINT('',(0.271758600204,-0.4));
#14389 = CARTESIAN_POINT('',(0.135759307263,-0.4));
#14390 = CARTESIAN_POINT('',(0.,-0.4));
#14391 = ( GEOMETRIC_REPRESENTATION_CONTEXT(2) 
PARAMETRIC_REPRESENTATION_CONTEXT() REPRESENTATION_CONTEXT('2D SPACE',''
  ) );
#14392 = PCURVE('',#14161,#14393);
#14393 = DEFINITIONAL_REPRESENTATION('',(#14394),#14403);
#14394 = B_SPLINE_CURVE_WITH_KNOTS('',4,(#14395,#14396,#14397,#14398,
    #14399,#14400,#14401,#14402),.UNSPECIFIED.,.F.,.F.,(5,3,5),(0.,
    0.455936705876,1.),.UNSPECIFIED.);
#14395 = CARTESIAN_POINT('',(-17.81372070312,9.165649414062));
#14396 = CARTESIAN_POINT('',(-17.81372070312,9.138019029483));
#14397 = CARTESIAN_POINT('',(-17.81602474554,9.110974442848));
#14398 = CARTESIAN_POINT('',(-17.82064584705,9.084536180849));
#14399 = CARTESIAN_POINT('',(-17.83585381694,9.027915055008));
#14400 = CARTESIAN_POINT('',(-17.84742117992,8.997996068722));
#14401 = CARTESIAN_POINT('',(-17.86227427203,8.96899124347));
#14402 = CARTESIAN_POINT('',(-17.88037109375,8.94091796875));
#14403 = ( GEOMETRIC_REPRESENTATION_CONTEXT(2) 
PARAMETRIC_REPRESENTATION_CONTEXT() REPRESENTATION_CONTEXT('2D SPACE',''
  ) );
#14404 = ORIENTED_EDGE('',*,*,#14405,.F.);
#14405 = EDGE_CURVE('',#12183,#14368,#14406,.T.);
#14406 = SURFACE_CURVE('',#14407,(#14411,#14418),.PCURVE_S1.);
#14407 = LINE('',#14408,#14409);
#14408 = CARTESIAN_POINT('',(31.436279296875,45.615649414063,26.8));
#14409 = VECTOR('',#14410,1.);
#14410 = DIRECTION('',(0.,0.,1.));
#14411 = PCURVE('',#12198,#14412);
#14412 = DEFINITIONAL_REPRESENTATION('',(#14413),#14417);
#14413 = LINE('',#14414,#14415);
#14414 = CARTESIAN_POINT('',(1.,0.));
#14415 = VECTOR('',#14416,1.);
#14416 = DIRECTION('',(0.,-1.));
#14417 = ( GEOMETRIC_REPRESENTATION_CONTEXT(2) 
PARAMETRIC_REPRESENTATION_CONTEXT() REPRESENTATION_CONTEXT('2D SPACE',''
  ) );
#14418 = PCURVE('',#12228,#14419);
#14419 = DEFINITIONAL_REPRESENTATION('',(#14420),#14424);
#14420 = LINE('',#14421,#14422);
#14421 = CARTESIAN_POINT('',(0.,0.));
#14422 = VECTOR('',#14423,1.);
#14423 = DIRECTION('',(0.,-1.));
#14424 = ( GEOMETRIC_REPRESENTATION_CONTEXT(2) 
PARAMETRIC_REPRESENTATION_CONTEXT() REPRESENTATION_CONTEXT('2D SPACE',''
  ) );
#14425 = ADVANCED_FACE('',(#14426),#12228,.F.);
#14426 = FACE_BOUND('',#14427,.F.);
#14427 = EDGE_LOOP('',(#14428,#14429,#14430,#14474));
#14428 = ORIENTED_EDGE('',*,*,#12212,.F.);
#14429 = ORIENTED_EDGE('',*,*,#14405,.T.);
#14430 = ORIENTED_EDGE('',*,*,#14431,.F.);
#14431 = EDGE_CURVE('',#14432,#14368,#14434,.T.);
#14432 = VERTEX_POINT('',#14433);
#14433 = CARTESIAN_POINT('',(31.307250976562,45.907885742188,27.2));
#14434 = SURFACE_CURVE('',#14435,(#14446,#14460),.PCURVE_S1.);
#14435 = B_SPLINE_CURVE_WITH_KNOTS('',5,(#14436,#14437,#14438,#14439,
    #14440,#14441,#14442,#14443,#14444,#14445),.UNSPECIFIED.,.F.,.F.,(6,
    4,6),(0.,0.455727168227,1.),.UNSPECIFIED.);
#14436 = CARTESIAN_POINT('',(31.307250976562,45.907885742188,27.2));
#14437 = CARTESIAN_POINT('',(31.330665056938,45.887107684106,27.2));
#14438 = CARTESIAN_POINT('',(31.351513356504,45.864948886421,27.2));
#14439 = CARTESIAN_POINT('',(31.369725996589,45.841414300864,27.2));
#14440 = CARTESIAN_POINT('',(31.385259176169,45.816523697366,27.2));
#14441 = CARTESIAN_POINT('',(31.413425141687,45.759006754926,27.2));
#14442 = CARTESIAN_POINT('',(31.424908719761,45.725816288681,27.2));
#14443 = CARTESIAN_POINT('',(31.432516251851,45.690800127967,27.2));
#14444 = CARTESIAN_POINT('',(31.436279296875,45.654043027979,27.2));
#14445 = CARTESIAN_POINT('',(31.436279296875,45.615649414063,27.2));
#14446 = PCURVE('',#12228,#14447);
#14447 = DEFINITIONAL_REPRESENTATION('',(#14448),#14459);
#14448 = B_SPLINE_CURVE_WITH_KNOTS('',5,(#14449,#14450,#14451,#14452,
    #14453,#14454,#14455,#14456,#14457,#14458),.UNSPECIFIED.,.F.,.F.,(6,
    4,6),(0.,0.455727168227,1.),.UNSPECIFIED.);
#14449 = CARTESIAN_POINT('',(1.,-0.4));
#14450 = CARTESIAN_POINT('',(0.909267669613,-0.4));
#14451 = CARTESIAN_POINT('',(0.81818836896,-0.4));
#14452 = CARTESIAN_POINT('',(0.726872366263,-0.4));
#14453 = CARTESIAN_POINT('',(0.635435664217,-0.4));
#14454 = CARTESIAN_POINT('',(0.434798812627,-0.4));
#14455 = CARTESIAN_POINT('',(0.325596020528,-0.4));
#14456 = CARTESIAN_POINT('',(0.216600911259,-0.4));
#14457 = CARTESIAN_POINT('',(0.10800840838,-0.4));
#14458 = CARTESIAN_POINT('',(0.,-0.4));
#14459 = ( GEOMETRIC_REPRESENTATION_CONTEXT(2) 
PARAMETRIC_REPRESENTATION_CONTEXT() REPRESENTATION_CONTEXT('2D SPACE',''
  ) );
#14460 = PCURVE('',#14161,#14461);
#14461 = DEFINITIONAL_REPRESENTATION('',(#14462),#14473);
#14462 = B_SPLINE_CURVE_WITH_KNOTS('',5,(#14463,#14464,#14465,#14466,
    #14467,#14468,#14469,#14470,#14471,#14472),.UNSPECIFIED.,.F.,.F.,(6,
    4,6),(0.,0.455727168227,1.),.UNSPECIFIED.);
#14463 = CARTESIAN_POINT('',(-17.94274902343,9.457885742187));
#14464 = CARTESIAN_POINT('',(-17.91933494306,9.437107684106));
#14465 = CARTESIAN_POINT('',(-17.89848664349,9.414948886421));
#14466 = CARTESIAN_POINT('',(-17.88027400341,9.391414300864));
#14467 = CARTESIAN_POINT('',(-17.86474082383,9.366523697366));
#14468 = CARTESIAN_POINT('',(-17.83657485831,9.309006754926));
#14469 = CARTESIAN_POINT('',(-17.82509128023,9.275816288681));
#14470 = CARTESIAN_POINT('',(-17.81748374814,9.240800127967));
#14471 = CARTESIAN_POINT('',(-17.81372070312,9.204043027979));
#14472 = CARTESIAN_POINT('',(-17.81372070312,9.165649414062));
#14473 = ( GEOMETRIC_REPRESENTATION_CONTEXT(2) 
PARAMETRIC_REPRESENTATION_CONTEXT() REPRESENTATION_CONTEXT('2D SPACE',''
  ) );
#14474 = ORIENTED_EDGE('',*,*,#14475,.F.);
#14475 = EDGE_CURVE('',#12213,#14432,#14476,.T.);
#14476 = SURFACE_CURVE('',#14477,(#14481,#14488),.PCURVE_S1.);
#14477 = LINE('',#14478,#14479);
#14478 = CARTESIAN_POINT('',(31.307250976562,45.907885742188,26.8));
#14479 = VECTOR('',#14480,1.);
#14480 = DIRECTION('',(0.,0.,1.));
#14481 = PCURVE('',#12228,#14482);
#14482 = DEFINITIONAL_REPRESENTATION('',(#14483),#14487);
#14483 = LINE('',#14484,#14485);
#14484 = CARTESIAN_POINT('',(1.,0.));
#14485 = VECTOR('',#14486,1.);
#14486 = DIRECTION('',(0.,-1.));
#14487 = ( GEOMETRIC_REPRESENTATION_CONTEXT(2) 
PARAMETRIC_REPRESENTATION_CONTEXT() REPRESENTATION_CONTEXT('2D SPACE',''
  ) );
#14488 = PCURVE('',#12258,#14489);
#14489 = DEFINITIONAL_REPRESENTATION('',(#14490),#14494);
#14490 = LINE('',#14491,#14492);
#14491 = CARTESIAN_POINT('',(0.,0.));
#14492 = VECTOR('',#14493,1.);
#14493 = DIRECTION('',(0.,-1.));
#14494 = ( GEOMETRIC_REPRESENTATION_CONTEXT(2) 
PARAMETRIC_REPRESENTATION_CONTEXT() REPRESENTATION_CONTEXT('2D SPACE',''
  ) );
#14495 = ADVANCED_FACE('',(#14496),#12258,.F.);
#14496 = FACE_BOUND('',#14497,.F.);
#14497 = EDGE_LOOP('',(#14498,#14499,#14500,#14535));
#14498 = ORIENTED_EDGE('',*,*,#12242,.F.);
#14499 = ORIENTED_EDGE('',*,*,#14475,.T.);
#14500 = ORIENTED_EDGE('',*,*,#14501,.F.);
#14501 = EDGE_CURVE('',#14502,#14432,#14504,.T.);
#14502 = VERTEX_POINT('',#14503);
#14503 = CARTESIAN_POINT('',(30.899658203125,46.022387695313,27.2));
#14504 = SURFACE_CURVE('',#14505,(#14513,#14524),.PCURVE_S1.);
#14505 = B_SPLINE_CURVE_WITH_KNOTS('',6,(#14506,#14507,#14508,#14509,
    #14510,#14511,#14512),.UNSPECIFIED.,.F.,.F.,(7,7),(0.,1.),
  .PIECEWISE_BEZIER_KNOTS.);
#14506 = CARTESIAN_POINT('',(30.899658203125,46.022387695313,27.2));
#14507 = CARTESIAN_POINT('',(30.988147990446,46.022387695313,27.2));
#14508 = CARTESIAN_POINT('',(31.069760189879,46.015455032215,27.2));
#14509 = CARTESIAN_POINT('',(31.143440341319,46.000950437021,27.2));
#14510 = CARTESIAN_POINT('',(31.208122975902,45.978322815133,27.2));
#14511 = CARTESIAN_POINT('',(31.262891689872,45.947250936999,27.2));
#14512 = CARTESIAN_POINT('',(31.307250976562,45.907885742188,27.2));
#14513 = PCURVE('',#12258,#14514);
#14514 = DEFINITIONAL_REPRESENTATION('',(#14515),#14523);
#14515 = B_SPLINE_CURVE_WITH_KNOTS('',6,(#14516,#14517,#14518,#14519,
    #14520,#14521,#14522),.UNSPECIFIED.,.F.,.F.,(7,7),(0.,1.),
  .PIECEWISE_BEZIER_KNOTS.);
#14516 = CARTESIAN_POINT('',(1.,-0.4));
#14517 = CARTESIAN_POINT('',(0.841168199444,-0.4));
#14518 = CARTESIAN_POINT('',(0.678430187693,-0.4));
#14519 = CARTESIAN_POINT('',(0.512180117464,-0.4));
#14520 = CARTESIAN_POINT('',(0.34303859158,-0.4));
#14521 = CARTESIAN_POINT('',(0.171897481821,-0.4));
#14522 = CARTESIAN_POINT('',(0.,-0.4));
#14523 = ( GEOMETRIC_REPRESENTATION_CONTEXT(2) 
PARAMETRIC_REPRESENTATION_CONTEXT() REPRESENTATION_CONTEXT('2D SPACE',''
  ) );
#14524 = PCURVE('',#14161,#14525);
#14525 = DEFINITIONAL_REPRESENTATION('',(#14526),#14534);
#14526 = B_SPLINE_CURVE_WITH_KNOTS('',6,(#14527,#14528,#14529,#14530,
    #14531,#14532,#14533),.UNSPECIFIED.,.F.,.F.,(7,7),(0.,1.),
  .PIECEWISE_BEZIER_KNOTS.);
#14527 = CARTESIAN_POINT('',(-18.35034179687,9.572387695312));
#14528 = CARTESIAN_POINT('',(-18.26185200955,9.572387695312));
#14529 = CARTESIAN_POINT('',(-18.18023981012,9.565455032215));
#14530 = CARTESIAN_POINT('',(-18.10655965868,9.550950437021));
#14531 = CARTESIAN_POINT('',(-18.04187702409,9.528322815133));
#14532 = CARTESIAN_POINT('',(-17.98710831012,9.497250936999));
#14533 = CARTESIAN_POINT('',(-17.94274902343,9.457885742187));
#14534 = ( GEOMETRIC_REPRESENTATION_CONTEXT(2) 
PARAMETRIC_REPRESENTATION_CONTEXT() REPRESENTATION_CONTEXT('2D SPACE',''
  ) );
#14535 = ORIENTED_EDGE('',*,*,#14536,.F.);
#14536 = EDGE_CURVE('',#12243,#14502,#14537,.T.);
#14537 = SURFACE_CURVE('',#14538,(#14542,#14549),.PCURVE_S1.);
#14538 = LINE('',#14539,#14540);
#14539 = CARTESIAN_POINT('',(30.899658203125,46.022387695313,26.8));
#14540 = VECTOR('',#14541,1.);
#14541 = DIRECTION('',(0.,0.,1.));
#14542 = PCURVE('',#12258,#14543);
#14543 = DEFINITIONAL_REPRESENTATION('',(#14544),#14548);
#14544 = LINE('',#14545,#14546);
#14545 = CARTESIAN_POINT('',(1.,0.));
#14546 = VECTOR('',#14547,1.);
#14547 = DIRECTION('',(0.,-1.));
#14548 = ( GEOMETRIC_REPRESENTATION_CONTEXT(2) 
PARAMETRIC_REPRESENTATION_CONTEXT() REPRESENTATION_CONTEXT('2D SPACE',''
  ) );
#14549 = PCURVE('',#12286,#14550);
#14550 = DEFINITIONAL_REPRESENTATION('',(#14551),#14555);
#14551 = LINE('',#14552,#14553);
#14552 = CARTESIAN_POINT('',(0.,-0.));
#14553 = VECTOR('',#14554,1.);
#14554 = DIRECTION('',(0.,-1.));
#14555 = ( GEOMETRIC_REPRESENTATION_CONTEXT(2) 
PARAMETRIC_REPRESENTATION_CONTEXT() REPRESENTATION_CONTEXT('2D SPACE',''
  ) );
#14556 = ADVANCED_FACE('',(#14557),#12286,.F.);
#14557 = FACE_BOUND('',#14558,.F.);
#14558 = EDGE_LOOP('',(#14559,#14560,#14561,#14580));
#14559 = ORIENTED_EDGE('',*,*,#12272,.F.);
#14560 = ORIENTED_EDGE('',*,*,#14536,.T.);
#14561 = ORIENTED_EDGE('',*,*,#14562,.F.);
#14562 = EDGE_CURVE('',#14124,#14502,#14563,.T.);
#14563 = SURFACE_CURVE('',#14564,(#14568,#14574),.PCURVE_S1.);
#14564 = LINE('',#14565,#14566);
#14565 = CARTESIAN_POINT('',(40.074829101562,46.022387695313,27.2));
#14566 = VECTOR('',#14567,1.);
#14567 = DIRECTION('',(1.,0.,-0.));
#14568 = PCURVE('',#12286,#14569);
#14569 = DEFINITIONAL_REPRESENTATION('',(#14570),#14573);
#14570 = B_SPLINE_CURVE_WITH_KNOTS('',1,(#14571,#14572),.UNSPECIFIED.,
  .F.,.F.,(2,2),(-9.968139648438,-9.175170898438),
  .PIECEWISE_BEZIER_KNOTS.);
#14571 = CARTESIAN_POINT('',(0.79296875,-0.4));
#14572 = CARTESIAN_POINT('',(0.,-0.4));
#14573 = ( GEOMETRIC_REPRESENTATION_CONTEXT(2) 
PARAMETRIC_REPRESENTATION_CONTEXT() REPRESENTATION_CONTEXT('2D SPACE',''
  ) );
#14574 = PCURVE('',#14161,#14575);
#14575 = DEFINITIONAL_REPRESENTATION('',(#14576),#14579);
#14576 = B_SPLINE_CURVE_WITH_KNOTS('',1,(#14577,#14578),.UNSPECIFIED.,
  .F.,.F.,(2,2),(-9.968139648438,-9.175170898438),
  .PIECEWISE_BEZIER_KNOTS.);
#14577 = CARTESIAN_POINT('',(-19.14331054687,9.572387695312));
#14578 = CARTESIAN_POINT('',(-18.35034179687,9.572387695312));
#14579 = ( GEOMETRIC_REPRESENTATION_CONTEXT(2) 
PARAMETRIC_REPRESENTATION_CONTEXT() REPRESENTATION_CONTEXT('2D SPACE',''
  ) );
#14580 = ORIENTED_EDGE('',*,*,#14123,.F.);
#14581 = ADVANCED_FACE('',(#14582),#12358,.F.);
#14582 = FACE_BOUND('',#14583,.F.);
#14583 = EDGE_LOOP('',(#14584,#14585,#14608,#14634));
#14584 = ORIENTED_EDGE('',*,*,#12340,.F.);
#14585 = ORIENTED_EDGE('',*,*,#14586,.T.);
#14586 = EDGE_CURVE('',#12341,#14587,#14589,.T.);
#14587 = VERTEX_POINT('',#14588);
#14588 = CARTESIAN_POINT('',(30.1015625,55.003588867188,27.2));
#14589 = SURFACE_CURVE('',#14590,(#14594,#14601),.PCURVE_S1.);
#14590 = LINE('',#14591,#14592);
#14591 = CARTESIAN_POINT('',(30.1015625,55.003588867188,26.8));
#14592 = VECTOR('',#14593,1.);
#14593 = DIRECTION('',(0.,0.,1.));
#14594 = PCURVE('',#12358,#14595);
#14595 = DEFINITIONAL_REPRESENTATION('',(#14596),#14600);
#14596 = LINE('',#14597,#14598);
#14597 = CARTESIAN_POINT('',(0.,0.));
#14598 = VECTOR('',#14599,1.);
#14599 = DIRECTION('',(0.,-1.));
#14600 = ( GEOMETRIC_REPRESENTATION_CONTEXT(2) 
PARAMETRIC_REPRESENTATION_CONTEXT() REPRESENTATION_CONTEXT('2D SPACE',''
  ) );
#14601 = PCURVE('',#12562,#14602);
#14602 = DEFINITIONAL_REPRESENTATION('',(#14603),#14607);
#14603 = LINE('',#14604,#14605);
#14604 = CARTESIAN_POINT('',(0.640869140625,0.));
#14605 = VECTOR('',#14606,1.);
#14606 = DIRECTION('',(0.,-1.));
#14607 = ( GEOMETRIC_REPRESENTATION_CONTEXT(2) 
PARAMETRIC_REPRESENTATION_CONTEXT() REPRESENTATION_CONTEXT('2D SPACE',''
  ) );
#14608 = ORIENTED_EDGE('',*,*,#14609,.F.);
#14609 = EDGE_CURVE('',#14610,#14587,#14612,.T.);
#14610 = VERTEX_POINT('',#14611);
#14611 = CARTESIAN_POINT('',(30.1015625,54.108081054688,27.2));
#14612 = SURFACE_CURVE('',#14613,(#14617,#14623),.PCURVE_S1.);
#14613 = LINE('',#14614,#14615);
#14614 = CARTESIAN_POINT('',(30.1015625,45.726794433594,27.2));
#14615 = VECTOR('',#14616,1.);
#14616 = DIRECTION('',(0.,1.,0.));
#14617 = PCURVE('',#12358,#14618);
#14618 = DEFINITIONAL_REPRESENTATION('',(#14619),#14622);
#14619 = B_SPLINE_CURVE_WITH_KNOTS('',1,(#14620,#14621),.UNSPECIFIED.,
  .F.,.F.,(2,2),(8.381286621094,9.276794433594),
  .PIECEWISE_BEZIER_KNOTS.);
#14620 = CARTESIAN_POINT('',(0.8955078125,-0.4));
#14621 = CARTESIAN_POINT('',(0.,-0.4));
#14622 = ( GEOMETRIC_REPRESENTATION_CONTEXT(2) 
PARAMETRIC_REPRESENTATION_CONTEXT() REPRESENTATION_CONTEXT('2D SPACE',''
  ) );
#14623 = PCURVE('',#14624,#14629);
#14624 = PLANE('',#14625);
#14625 = AXIS2_PLACEMENT_3D('',#14626,#14627,#14628);
#14626 = CARTESIAN_POINT('',(49.25,36.45,27.2));
#14627 = DIRECTION('',(0.,0.,1.));
#14628 = DIRECTION('',(1.,0.,-0.));
#14629 = DEFINITIONAL_REPRESENTATION('',(#14630),#14633);
#14630 = B_SPLINE_CURVE_WITH_KNOTS('',1,(#14631,#14632),.UNSPECIFIED.,
  .F.,.F.,(2,2),(8.381286621094,9.276794433594),
  .PIECEWISE_BEZIER_KNOTS.);
#14631 = CARTESIAN_POINT('',(-19.1484375,17.658081054687));
#14632 = CARTESIAN_POINT('',(-19.1484375,18.553588867187));
#14633 = ( GEOMETRIC_REPRESENTATION_CONTEXT(2) 
PARAMETRIC_REPRESENTATION_CONTEXT() REPRESENTATION_CONTEXT('2D SPACE',''
  ) );
#14634 = ORIENTED_EDGE('',*,*,#14635,.F.);
#14635 = EDGE_CURVE('',#12343,#14610,#14636,.T.);
#14636 = SURFACE_CURVE('',#14637,(#14641,#14648),.PCURVE_S1.);
#14637 = LINE('',#14638,#14639);
#14638 = CARTESIAN_POINT('',(30.1015625,54.108081054688,26.8));
#14639 = VECTOR('',#14640,1.);
#14640 = DIRECTION('',(0.,0.,1.));
#14641 = PCURVE('',#12358,#14642);
#14642 = DEFINITIONAL_REPRESENTATION('',(#14643),#14647);
#14643 = LINE('',#14644,#14645);
#14644 = CARTESIAN_POINT('',(0.8955078125,0.));
#14645 = VECTOR('',#14646,1.);
#14646 = DIRECTION('',(0.,-1.));
#14647 = ( GEOMETRIC_REPRESENTATION_CONTEXT(2) 
PARAMETRIC_REPRESENTATION_CONTEXT() REPRESENTATION_CONTEXT('2D SPACE',''
  ) );
#14648 = PCURVE('',#12386,#14649);
#14649 = DEFINITIONAL_REPRESENTATION('',(#14650),#14654);
#14650 = LINE('',#14651,#14652);
#14651 = CARTESIAN_POINT('',(0.,0.));
#14652 = VECTOR('',#14653,1.);
#14653 = DIRECTION('',(0.,-1.));
#14654 = ( GEOMETRIC_REPRESENTATION_CONTEXT(2) 
PARAMETRIC_REPRESENTATION_CONTEXT() REPRESENTATION_CONTEXT('2D SPACE',''
  ) );
#14655 = ADVANCED_FACE('',(#14656),#12386,.F.);
#14656 = FACE_BOUND('',#14657,.F.);
#14657 = EDGE_LOOP('',(#14658,#14659,#14660,#14681));
#14658 = ORIENTED_EDGE('',*,*,#12370,.F.);
#14659 = ORIENTED_EDGE('',*,*,#14635,.T.);
#14660 = ORIENTED_EDGE('',*,*,#14661,.F.);
#14661 = EDGE_CURVE('',#14662,#14610,#14664,.T.);
#14662 = VERTEX_POINT('',#14663);
#14663 = CARTESIAN_POINT('',(30.749267578125,54.108081054688,27.2));
#14664 = SURFACE_CURVE('',#14665,(#14669,#14675),.PCURVE_S1.);
#14665 = LINE('',#14666,#14667);
#14666 = CARTESIAN_POINT('',(39.67578125,54.108081054688,27.2));
#14667 = VECTOR('',#14668,1.);
#14668 = DIRECTION('',(-1.,0.,0.));
#14669 = PCURVE('',#12386,#14670);
#14670 = DEFINITIONAL_REPRESENTATION('',(#14671),#14674);
#14671 = B_SPLINE_CURVE_WITH_KNOTS('',1,(#14672,#14673),.UNSPECIFIED.,
  .F.,.F.,(2,2),(8.926513671875,9.57421875),.PIECEWISE_BEZIER_KNOTS.);
#14672 = CARTESIAN_POINT('',(0.647705078125,-0.4));
#14673 = CARTESIAN_POINT('',(0.,-0.4));
#14674 = ( GEOMETRIC_REPRESENTATION_CONTEXT(2) 
PARAMETRIC_REPRESENTATION_CONTEXT() REPRESENTATION_CONTEXT('2D SPACE',''
  ) );
#14675 = PCURVE('',#14624,#14676);
#14676 = DEFINITIONAL_REPRESENTATION('',(#14677),#14680);
#14677 = B_SPLINE_CURVE_WITH_KNOTS('',1,(#14678,#14679),.UNSPECIFIED.,
  .F.,.F.,(2,2),(8.926513671875,9.57421875),.PIECEWISE_BEZIER_KNOTS.);
#14678 = CARTESIAN_POINT('',(-18.50073242187,17.658081054687));
#14679 = CARTESIAN_POINT('',(-19.1484375,17.658081054687));
#14680 = ( GEOMETRIC_REPRESENTATION_CONTEXT(2) 
PARAMETRIC_REPRESENTATION_CONTEXT() REPRESENTATION_CONTEXT('2D SPACE',''
  ) );
#14681 = ORIENTED_EDGE('',*,*,#14682,.F.);
#14682 = EDGE_CURVE('',#12371,#14662,#14683,.T.);
#14683 = SURFACE_CURVE('',#14684,(#14688,#14695),.PCURVE_S1.);
#14684 = LINE('',#14685,#14686);
#14685 = CARTESIAN_POINT('',(30.749267578125,54.108081054688,26.8));
#14686 = VECTOR('',#14687,1.);
#14687 = DIRECTION('',(0.,0.,1.));
#14688 = PCURVE('',#12386,#14689);
#14689 = DEFINITIONAL_REPRESENTATION('',(#14690),#14694);
#14690 = LINE('',#14691,#14692);
#14691 = CARTESIAN_POINT('',(0.647705078125,0.));
#14692 = VECTOR('',#14693,1.);
#14693 = DIRECTION('',(0.,-1.));
#14694 = ( GEOMETRIC_REPRESENTATION_CONTEXT(2) 
PARAMETRIC_REPRESENTATION_CONTEXT() REPRESENTATION_CONTEXT('2D SPACE',''
  ) );
#14695 = PCURVE('',#12414,#14696);
#14696 = DEFINITIONAL_REPRESENTATION('',(#14697),#14701);
#14697 = LINE('',#14698,#14699);
#14698 = CARTESIAN_POINT('',(0.,0.));
#14699 = VECTOR('',#14700,1.);
#14700 = DIRECTION('',(0.,-1.));
#14701 = ( GEOMETRIC_REPRESENTATION_CONTEXT(2) 
PARAMETRIC_REPRESENTATION_CONTEXT() REPRESENTATION_CONTEXT('2D SPACE',''
  ) );
#14702 = ADVANCED_FACE('',(#14703),#12414,.F.);
#14703 = FACE_BOUND('',#14704,.F.);
#14704 = EDGE_LOOP('',(#14705,#14706,#14707,#14742));
#14705 = ORIENTED_EDGE('',*,*,#12398,.F.);
#14706 = ORIENTED_EDGE('',*,*,#14682,.T.);
#14707 = ORIENTED_EDGE('',*,*,#14708,.F.);
#14708 = EDGE_CURVE('',#14709,#14662,#14711,.T.);
#14709 = VERTEX_POINT('',#14710);
#14710 = CARTESIAN_POINT('',(31.20556640625,54.227709960938,27.2));
#14711 = SURFACE_CURVE('',#14712,(#14720,#14731),.PCURVE_S1.);
#14712 = B_SPLINE_CURVE_WITH_KNOTS('',6,(#14713,#14714,#14715,#14716,
    #14717,#14718,#14719),.UNSPECIFIED.,.F.,.F.,(7,7),(0.,1.),
  .PIECEWISE_BEZIER_KNOTS.);
#14713 = CARTESIAN_POINT('',(31.20556640625,54.227709960938,27.2));
#14714 = CARTESIAN_POINT('',(31.158472149639,54.185980872801,27.2));
#14715 = CARTESIAN_POINT('',(31.098153197555,54.153317564598,27.2));
#14716 = CARTESIAN_POINT('',(31.025481123854,54.129871224664,27.2));
#14717 = CARTESIAN_POINT('',(30.94203609606,54.115062930711,27.2));
#14718 = CARTESIAN_POINT('',(30.849473124273,54.108081054688,27.2));
#14719 = CARTESIAN_POINT('',(30.749267578125,54.108081054688,27.2));
#14720 = PCURVE('',#12414,#14721);
#14721 = DEFINITIONAL_REPRESENTATION('',(#14722),#14730);
#14722 = B_SPLINE_CURVE_WITH_KNOTS('',6,(#14723,#14724,#14725,#14726,
    #14727,#14728,#14729),.UNSPECIFIED.,.F.,.F.,(7,7),(0.,1.),
  .PIECEWISE_BEZIER_KNOTS.);
#14723 = CARTESIAN_POINT('',(1.,-0.4));
#14724 = CARTESIAN_POINT('',(0.825589443872,-0.4));
#14725 = CARTESIAN_POINT('',(0.652567075355,-0.4));
#14726 = CARTESIAN_POINT('',(0.482655635476,-0.4));
#14727 = CARTESIAN_POINT('',(0.316911342592,-0.4));
#14728 = CARTESIAN_POINT('',(0.155942977592,-0.4));
#14729 = CARTESIAN_POINT('',(0.,-0.4));
#14730 = ( GEOMETRIC_REPRESENTATION_CONTEXT(2) 
PARAMETRIC_REPRESENTATION_CONTEXT() REPRESENTATION_CONTEXT('2D SPACE',''
  ) );
#14731 = PCURVE('',#14624,#14732);
#14732 = DEFINITIONAL_REPRESENTATION('',(#14733),#14741);
#14733 = B_SPLINE_CURVE_WITH_KNOTS('',6,(#14734,#14735,#14736,#14737,
    #14738,#14739,#14740),.UNSPECIFIED.,.F.,.F.,(7,7),(0.,1.),
  .PIECEWISE_BEZIER_KNOTS.);
#14734 = CARTESIAN_POINT('',(-18.04443359375,17.777709960937));
#14735 = CARTESIAN_POINT('',(-18.09152785036,17.735980872801));
#14736 = CARTESIAN_POINT('',(-18.15184680244,17.703317564598));
#14737 = CARTESIAN_POINT('',(-18.22451887614,17.679871224664));
#14738 = CARTESIAN_POINT('',(-18.30796390394,17.665062930711));
#14739 = CARTESIAN_POINT('',(-18.40052687572,17.658081054687));
#14740 = CARTESIAN_POINT('',(-18.50073242187,17.658081054687));
#14741 = ( GEOMETRIC_REPRESENTATION_CONTEXT(2) 
PARAMETRIC_REPRESENTATION_CONTEXT() REPRESENTATION_CONTEXT('2D SPACE',''
  ) );
#14742 = ORIENTED_EDGE('',*,*,#14743,.F.);
#14743 = EDGE_CURVE('',#12399,#14709,#14744,.T.);
#14744 = SURFACE_CURVE('',#14745,(#14749,#14756),.PCURVE_S1.);
#14745 = LINE('',#14746,#14747);
#14746 = CARTESIAN_POINT('',(31.20556640625,54.227709960938,26.8));
#14747 = VECTOR('',#14748,1.);
#14748 = DIRECTION('',(0.,0.,1.));
#14749 = PCURVE('',#12414,#14750);
#14750 = DEFINITIONAL_REPRESENTATION('',(#14751),#14755);
#14751 = LINE('',#14752,#14753);
#14752 = CARTESIAN_POINT('',(1.,0.));
#14753 = VECTOR('',#14754,1.);
#14754 = DIRECTION('',(0.,-1.));
#14755 = ( GEOMETRIC_REPRESENTATION_CONTEXT(2) 
PARAMETRIC_REPRESENTATION_CONTEXT() REPRESENTATION_CONTEXT('2D SPACE',''
  ) );
#14756 = PCURVE('',#12444,#14757);
#14757 = DEFINITIONAL_REPRESENTATION('',(#14758),#14762);
#14758 = LINE('',#14759,#14760);
#14759 = CARTESIAN_POINT('',(0.,0.));
#14760 = VECTOR('',#14761,1.);
#14761 = DIRECTION('',(0.,-1.));
#14762 = ( GEOMETRIC_REPRESENTATION_CONTEXT(2) 
PARAMETRIC_REPRESENTATION_CONTEXT() REPRESENTATION_CONTEXT('2D SPACE',''
  ) );
#14763 = ADVANCED_FACE('',(#14764),#12444,.F.);
#14764 = FACE_BOUND('',#14765,.F.);
#14765 = EDGE_LOOP('',(#14766,#14767,#14768,#14812));
#14766 = ORIENTED_EDGE('',*,*,#12428,.F.);
#14767 = ORIENTED_EDGE('',*,*,#14743,.T.);
#14768 = ORIENTED_EDGE('',*,*,#14769,.F.);
#14769 = EDGE_CURVE('',#14770,#14709,#14772,.T.);
#14770 = VERTEX_POINT('',#14771);
#14771 = CARTESIAN_POINT('',(31.340576171875,54.564379882813,27.2));
#14772 = SURFACE_CURVE('',#14773,(#14784,#14798),.PCURVE_S1.);
#14773 = B_SPLINE_CURVE_WITH_KNOTS('',5,(#14774,#14775,#14776,#14777,
    #14778,#14779,#14780,#14781,#14782,#14783),.UNSPECIFIED.,.F.,.F.,(6,
    4,6),(0.,0.76354004958,1.),.UNSPECIFIED.);
#14774 = CARTESIAN_POINT('',(31.340576171875,54.564379882813,27.2));
#14775 = CARTESIAN_POINT('',(31.340576171875,54.499437421551,27.2));
#14776 = CARTESIAN_POINT('',(31.333021435325,54.439073594748,27.2));
#14777 = CARTESIAN_POINT('',(31.317506142921,54.383822556158,27.2));
#14778 = CARTESIAN_POINT('',(31.293837740064,54.334113008375,27.2));
#14779 = CARTESIAN_POINT('',(31.252380610791,54.276562816262,27.2));
#14780 = CARTESIAN_POINT('',(31.241811436523,54.263507223055,27.2));
#14781 = CARTESIAN_POINT('',(31.230480656505,54.251010741226,27.2));
#14782 = CARTESIAN_POINT('',(31.218395619701,54.239077618426,27.2));
#14783 = CARTESIAN_POINT('',(31.20556640625,54.227709960938,27.2));
#14784 = PCURVE('',#12444,#14785);
#14785 = DEFINITIONAL_REPRESENTATION('',(#14786),#14797);
#14786 = B_SPLINE_CURVE_WITH_KNOTS('',5,(#14787,#14788,#14789,#14790,
    #14791,#14792,#14793,#14794,#14795,#14796),.UNSPECIFIED.,.F.,.F.,(6,
    4,6),(0.,0.76354004958,1.),.UNSPECIFIED.);
#14787 = CARTESIAN_POINT('',(1.,-0.4));
#14788 = CARTESIAN_POINT('',(0.850391270344,-0.4));
#14789 = CARTESIAN_POINT('',(0.698773124625,-0.4));
#14790 = CARTESIAN_POINT('',(0.545701557802,-0.4));
#14791 = CARTESIAN_POINT('',(0.391844118339,-0.4));
#14792 = CARTESIAN_POINT('',(0.190356169641,-0.4));
#14793 = CARTESIAN_POINT('',(0.14271205716,-0.4));
#14794 = CARTESIAN_POINT('',(9.509005656017E-02,-0.4));
#14795 = CARTESIAN_POINT('',(4.751216844041E-02,-0.4));
#14796 = CARTESIAN_POINT('',(0.,-0.4));
#14797 = ( GEOMETRIC_REPRESENTATION_CONTEXT(2) 
PARAMETRIC_REPRESENTATION_CONTEXT() REPRESENTATION_CONTEXT('2D SPACE',''
  ) );
#14798 = PCURVE('',#14624,#14799);
#14799 = DEFINITIONAL_REPRESENTATION('',(#14800),#14811);
#14800 = B_SPLINE_CURVE_WITH_KNOTS('',5,(#14801,#14802,#14803,#14804,
    #14805,#14806,#14807,#14808,#14809,#14810),.UNSPECIFIED.,.F.,.F.,(6,
    4,6),(0.,0.76354004958,1.),.UNSPECIFIED.);
#14801 = CARTESIAN_POINT('',(-17.90942382812,18.114379882812));
#14802 = CARTESIAN_POINT('',(-17.90942382812,18.049437421551));
#14803 = CARTESIAN_POINT('',(-17.91697856467,17.989073594748));
#14804 = CARTESIAN_POINT('',(-17.93249385707,17.933822556158));
#14805 = CARTESIAN_POINT('',(-17.95616225993,17.884113008375));
#14806 = CARTESIAN_POINT('',(-17.9976193892,17.826562816262));
#14807 = CARTESIAN_POINT('',(-18.00818856347,17.813507223055));
#14808 = CARTESIAN_POINT('',(-18.01951934349,17.801010741226));
#14809 = CARTESIAN_POINT('',(-18.03160438029,17.789077618426));
#14810 = CARTESIAN_POINT('',(-18.04443359375,17.777709960937));
#14811 = ( GEOMETRIC_REPRESENTATION_CONTEXT(2) 
PARAMETRIC_REPRESENTATION_CONTEXT() REPRESENTATION_CONTEXT('2D SPACE',''
  ) );
#14812 = ORIENTED_EDGE('',*,*,#14813,.F.);
#14813 = EDGE_CURVE('',#12429,#14770,#14814,.T.);
#14814 = SURFACE_CURVE('',#14815,(#14819,#14826),.PCURVE_S1.);
#14815 = LINE('',#14816,#14817);
#14816 = CARTESIAN_POINT('',(31.340576171875,54.564379882813,26.8));
#14817 = VECTOR('',#14818,1.);
#14818 = DIRECTION('',(0.,0.,1.));
#14819 = PCURVE('',#12444,#14820);
#14820 = DEFINITIONAL_REPRESENTATION('',(#14821),#14825);
#14821 = LINE('',#14822,#14823);
#14822 = CARTESIAN_POINT('',(1.,0.));
#14823 = VECTOR('',#14824,1.);
#14824 = DIRECTION('',(0.,-1.));
#14825 = ( GEOMETRIC_REPRESENTATION_CONTEXT(2) 
PARAMETRIC_REPRESENTATION_CONTEXT() REPRESENTATION_CONTEXT('2D SPACE',''
  ) );
#14826 = PCURVE('',#12474,#14827);
#14827 = DEFINITIONAL_REPRESENTATION('',(#14828),#14832);
#14828 = LINE('',#14829,#14830);
#14829 = CARTESIAN_POINT('',(0.,0.));
#14830 = VECTOR('',#14831,1.);
#14831 = DIRECTION('',(0.,-1.));
#14832 = ( GEOMETRIC_REPRESENTATION_CONTEXT(2) 
PARAMETRIC_REPRESENTATION_CONTEXT() REPRESENTATION_CONTEXT('2D SPACE',''
  ) );
#14833 = ADVANCED_FACE('',(#14834),#12474,.F.);
#14834 = FACE_BOUND('',#14835,.F.);
#14835 = EDGE_LOOP('',(#14836,#14837,#14838,#14882));
#14836 = ORIENTED_EDGE('',*,*,#12458,.F.);
#14837 = ORIENTED_EDGE('',*,*,#14813,.T.);
#14838 = ORIENTED_EDGE('',*,*,#14839,.F.);
#14839 = EDGE_CURVE('',#14840,#14770,#14842,.T.);
#14840 = VERTEX_POINT('',#14841);
#14841 = CARTESIAN_POINT('',(31.261108398438,54.833544921875,27.2));
#14842 = SURFACE_CURVE('',#14843,(#14854,#14868),.PCURVE_S1.);
#14843 = B_SPLINE_CURVE_WITH_KNOTS('',5,(#14844,#14845,#14846,#14847,
    #14848,#14849,#14850,#14851,#14852,#14853),.UNSPECIFIED.,.F.,.F.,(6,
    4,6),(0.,0.149538157618,1.),.UNSPECIFIED.);
#14844 = CARTESIAN_POINT('',(31.261108398438,54.833544921875,27.2));
#14845 = CARTESIAN_POINT('',(31.265875364182,54.826830163676,27.2));
#14846 = CARTESIAN_POINT('',(31.270464438166,54.820012387787,27.2));
#14847 = CARTESIAN_POINT('',(31.274875218563,54.813091914281,27.2));
#14848 = CARTESIAN_POINT('',(31.279107386402,54.806069111683,27.2));
#14849 = CARTESIAN_POINT('',(31.306212970882,54.758424317711,27.2));
#14850 = CARTESIAN_POINT('',(31.32348082639,54.714607174995,27.2));
#14851 = CARTESIAN_POINT('',(31.334919138823,54.667571556604,27.2));
#14852 = CARTESIAN_POINT('',(31.340576171875,54.617442070577,27.2));
#14853 = CARTESIAN_POINT('',(31.340576171875,54.564379882813,27.2));
#14854 = PCURVE('',#12474,#14855);
#14855 = DEFINITIONAL_REPRESENTATION('',(#14856),#14867);
#14856 = B_SPLINE_CURVE_WITH_KNOTS('',5,(#14857,#14858,#14859,#14860,
    #14861,#14862,#14863,#14864,#14865,#14866),.UNSPECIFIED.,.F.,.F.,(6,
    4,6),(0.,0.149538157618,1.),.UNSPECIFIED.);
#14857 = CARTESIAN_POINT('',(1.,-0.4));
#14858 = CARTESIAN_POINT('',(0.97000692521,-0.4));
#14859 = CARTESIAN_POINT('',(0.940008639737,-0.4));
#14860 = CARTESIAN_POINT('',(0.910006889698,-0.4));
#14861 = CARTESIAN_POINT('',(0.880003425132,-0.4));
#14862 = CARTESIAN_POINT('',(0.679362828711,-0.4));
#14863 = CARTESIAN_POINT('',(0.508723838887,-0.4));
#14864 = CARTESIAN_POINT('',(0.338414745752,-0.4));
#14865 = CARTESIAN_POINT('',(0.168744348669,-0.4));
#14866 = CARTESIAN_POINT('',(0.,-0.4));
#14867 = ( GEOMETRIC_REPRESENTATION_CONTEXT(2) 
PARAMETRIC_REPRESENTATION_CONTEXT() REPRESENTATION_CONTEXT('2D SPACE',''
  ) );
#14868 = PCURVE('',#14624,#14869);
#14869 = DEFINITIONAL_REPRESENTATION('',(#14870),#14881);
#14870 = B_SPLINE_CURVE_WITH_KNOTS('',5,(#14871,#14872,#14873,#14874,
    #14875,#14876,#14877,#14878,#14879,#14880),.UNSPECIFIED.,.F.,.F.,(6,
    4,6),(0.,0.149538157618,1.),.UNSPECIFIED.);
#14871 = CARTESIAN_POINT('',(-17.98889160156,18.383544921875));
#14872 = CARTESIAN_POINT('',(-17.98412463581,18.376830163676));
#14873 = CARTESIAN_POINT('',(-17.97953556183,18.370012387787));
#14874 = CARTESIAN_POINT('',(-17.97512478143,18.363091914281));
#14875 = CARTESIAN_POINT('',(-17.97089261359,18.356069111683));
#14876 = CARTESIAN_POINT('',(-17.94378702911,18.308424317711));
#14877 = CARTESIAN_POINT('',(-17.92651917361,18.264607174995));
#14878 = CARTESIAN_POINT('',(-17.91508086117,18.217571556604));
#14879 = CARTESIAN_POINT('',(-17.90942382812,18.167442070577));
#14880 = CARTESIAN_POINT('',(-17.90942382812,18.114379882812));
#14881 = ( GEOMETRIC_REPRESENTATION_CONTEXT(2) 
PARAMETRIC_REPRESENTATION_CONTEXT() REPRESENTATION_CONTEXT('2D SPACE',''
  ) );
#14882 = ORIENTED_EDGE('',*,*,#14883,.F.);
#14883 = EDGE_CURVE('',#12459,#14840,#14884,.T.);
#14884 = SURFACE_CURVE('',#14885,(#14889,#14896),.PCURVE_S1.);
#14885 = LINE('',#14886,#14887);
#14886 = CARTESIAN_POINT('',(31.261108398438,54.833544921875,26.8));
#14887 = VECTOR('',#14888,1.);
#14888 = DIRECTION('',(0.,0.,1.));
#14889 = PCURVE('',#12474,#14890);
#14890 = DEFINITIONAL_REPRESENTATION('',(#14891),#14895);
#14891 = LINE('',#14892,#14893);
#14892 = CARTESIAN_POINT('',(1.,0.));
#14893 = VECTOR('',#14894,1.);
#14894 = DIRECTION('',(0.,-1.));
#14895 = ( GEOMETRIC_REPRESENTATION_CONTEXT(2) 
PARAMETRIC_REPRESENTATION_CONTEXT() REPRESENTATION_CONTEXT('2D SPACE',''
  ) );
#14896 = PCURVE('',#12504,#14897);
#14897 = DEFINITIONAL_REPRESENTATION('',(#14898),#14902);
#14898 = LINE('',#14899,#14900);
#14899 = CARTESIAN_POINT('',(0.,0.));
#14900 = VECTOR('',#14901,1.);
#14901 = DIRECTION('',(0.,-1.));
#14902 = ( GEOMETRIC_REPRESENTATION_CONTEXT(2) 
PARAMETRIC_REPRESENTATION_CONTEXT() REPRESENTATION_CONTEXT('2D SPACE',''
  ) );
#14903 = ADVANCED_FACE('',(#14904),#12504,.F.);
#14904 = FACE_BOUND('',#14905,.F.);
#14905 = EDGE_LOOP('',(#14906,#14907,#14908,#14946));
#14906 = ORIENTED_EDGE('',*,*,#12488,.F.);
#14907 = ORIENTED_EDGE('',*,*,#14883,.T.);
#14908 = ORIENTED_EDGE('',*,*,#14909,.F.);
#14909 = EDGE_CURVE('',#14910,#14840,#14912,.T.);
#14910 = VERTEX_POINT('',#14911);
#14911 = CARTESIAN_POINT('',(31.0517578125,54.981372070313,27.2));
#14912 = SURFACE_CURVE('',#14913,(#14922,#14934),.PCURVE_S1.);
#14913 = B_SPLINE_CURVE_WITH_KNOTS('',4,(#14914,#14915,#14916,#14917,
    #14918,#14919,#14920,#14921),.UNSPECIFIED.,.F.,.F.,(5,3,5),(0.,
    0.458893219725,1.),.UNSPECIFIED.);
#14914 = CARTESIAN_POINT('',(31.0517578125,54.981372070313,27.2));
#14915 = CARTESIAN_POINT('',(31.081500896402,54.973153586603,27.2));
#14916 = CARTESIAN_POINT('',(31.109546203967,54.962258514645,27.2));
#14917 = CARTESIAN_POINT('',(31.135844591827,54.948669364515,27.2));
#14918 = CARTESIAN_POINT('',(31.189286548799,54.913224639716,27.2));
#14919 = CARTESIAN_POINT('',(31.215737605853,54.890324079733,27.2));
#14920 = CARTESIAN_POINT('',(31.239677498915,54.86373253303,27.2));
#14921 = CARTESIAN_POINT('',(31.261108398438,54.833544921875,27.2));
#14922 = PCURVE('',#12504,#14923);
#14923 = DEFINITIONAL_REPRESENTATION('',(#14924),#14933);
#14924 = B_SPLINE_CURVE_WITH_KNOTS('',4,(#14925,#14926,#14927,#14928,
    #14929,#14930,#14931,#14932),.UNSPECIFIED.,.F.,.F.,(5,3,5),(0.,
    0.458893219725,1.),.UNSPECIFIED.);
#14925 = CARTESIAN_POINT('',(1.,-0.4));
#14926 = CARTESIAN_POINT('',(0.885500308586,-0.4));
#14927 = CARTESIAN_POINT('',(0.770751417362,-0.4));
#14928 = CARTESIAN_POINT('',(0.655875496896,-0.4));
#14929 = CARTESIAN_POINT('',(0.405543846834,-0.4));
#14930 = CARTESIAN_POINT('',(0.270087365598,-0.4));
#14931 = CARTESIAN_POINT('',(0.134840191158,-0.4));
#14932 = CARTESIAN_POINT('',(0.,-0.4));
#14933 = ( GEOMETRIC_REPRESENTATION_CONTEXT(2) 
PARAMETRIC_REPRESENTATION_CONTEXT() REPRESENTATION_CONTEXT('2D SPACE',''
  ) );
#14934 = PCURVE('',#14624,#14935);
#14935 = DEFINITIONAL_REPRESENTATION('',(#14936),#14945);
#14936 = B_SPLINE_CURVE_WITH_KNOTS('',4,(#14937,#14938,#14939,#14940,
    #14941,#14942,#14943,#14944),.UNSPECIFIED.,.F.,.F.,(5,3,5),(0.,
    0.458893219725,1.),.UNSPECIFIED.);
#14937 = CARTESIAN_POINT('',(-18.1982421875,18.531372070312));
#14938 = CARTESIAN_POINT('',(-18.16849910359,18.523153586603));
#14939 = CARTESIAN_POINT('',(-18.14045379603,18.512258514645));
#14940 = CARTESIAN_POINT('',(-18.11415540817,18.498669364515));
#14941 = CARTESIAN_POINT('',(-18.0607134512,18.463224639716));
#14942 = CARTESIAN_POINT('',(-18.03426239414,18.440324079733));
#14943 = CARTESIAN_POINT('',(-18.01032250108,18.41373253303));
#14944 = CARTESIAN_POINT('',(-17.98889160156,18.383544921875));
#14945 = ( GEOMETRIC_REPRESENTATION_CONTEXT(2) 
PARAMETRIC_REPRESENTATION_CONTEXT() REPRESENTATION_CONTEXT('2D SPACE',''
  ) );
#14946 = ORIENTED_EDGE('',*,*,#14947,.F.);
#14947 = EDGE_CURVE('',#12489,#14910,#14948,.T.);
#14948 = SURFACE_CURVE('',#14949,(#14953,#14960),.PCURVE_S1.);
#14949 = LINE('',#14950,#14951);
#14950 = CARTESIAN_POINT('',(31.0517578125,54.981372070313,26.8));
#14951 = VECTOR('',#14952,1.);
#14952 = DIRECTION('',(0.,0.,1.));
#14953 = PCURVE('',#12504,#14954);
#14954 = DEFINITIONAL_REPRESENTATION('',(#14955),#14959);
#14955 = LINE('',#14956,#14957);
#14956 = CARTESIAN_POINT('',(1.,0.));
#14957 = VECTOR('',#14958,1.);
#14958 = DIRECTION('',(0.,-1.));
#14959 = ( GEOMETRIC_REPRESENTATION_CONTEXT(2) 
PARAMETRIC_REPRESENTATION_CONTEXT() REPRESENTATION_CONTEXT('2D SPACE',''
  ) );
#14960 = PCURVE('',#12534,#14961);
#14961 = DEFINITIONAL_REPRESENTATION('',(#14962),#14966);
#14962 = LINE('',#14963,#14964);
#14963 = CARTESIAN_POINT('',(0.,0.));
#14964 = VECTOR('',#14965,1.);
#14965 = DIRECTION('',(0.,-1.));
#14966 = ( GEOMETRIC_REPRESENTATION_CONTEXT(2) 
PARAMETRIC_REPRESENTATION_CONTEXT() REPRESENTATION_CONTEXT('2D SPACE',''
  ) );
#14967 = ADVANCED_FACE('',(#14968),#12534,.F.);
#14968 = FACE_BOUND('',#14969,.F.);
#14969 = EDGE_LOOP('',(#14970,#14971,#14972,#15007));
#14970 = ORIENTED_EDGE('',*,*,#12518,.F.);
#14971 = ORIENTED_EDGE('',*,*,#14947,.T.);
#14972 = ORIENTED_EDGE('',*,*,#14973,.F.);
#14973 = EDGE_CURVE('',#14974,#14910,#14976,.T.);
#14974 = VERTEX_POINT('',#14975);
#14975 = CARTESIAN_POINT('',(30.742431640625,55.003588867188,27.2));
#14976 = SURFACE_CURVE('',#14977,(#14985,#14996),.PCURVE_S1.);
#14977 = B_SPLINE_CURVE_WITH_KNOTS('',6,(#14978,#14979,#14980,#14981,
    #14982,#14983,#14984),.UNSPECIFIED.,.F.,.F.,(7,7),(0.,1.),
  .PIECEWISE_BEZIER_KNOTS.);
#14978 = CARTESIAN_POINT('',(30.742431640625,55.003588867188,27.2));
#14979 = CARTESIAN_POINT('',(30.81439714394,55.003588867188,27.2));
#14980 = CARTESIAN_POINT('',(30.879173213339,55.002232252951,27.2));
#14981 = CARTESIAN_POINT('',(30.936009736199,54.999414942945,27.2));
#14982 = CARTESIAN_POINT('',(30.984142526865,54.995040171057,27.2));
#14983 = CARTESIAN_POINT('',(31.022879251762,54.989033729284,27.2));
#14984 = CARTESIAN_POINT('',(31.0517578125,54.981372070313,27.2));
#14985 = PCURVE('',#12534,#14986);
#14986 = DEFINITIONAL_REPRESENTATION('',(#14987),#14995);
#14987 = B_SPLINE_CURVE_WITH_KNOTS('',6,(#14988,#14989,#14990,#14991,
    #14992,#14993,#14994),.UNSPECIFIED.,.F.,.F.,(7,7),(0.,1.),
  .PIECEWISE_BEZIER_KNOTS.);
#14988 = CARTESIAN_POINT('',(1.,-0.4));
#14989 = CARTESIAN_POINT('',(0.840492044601,-0.4));
#14990 = CARTESIAN_POINT('',(0.677721416393,-0.4));
#14991 = CARTESIAN_POINT('',(0.511877825926,-0.4));
#14992 = CARTESIAN_POINT('',(0.343285697777,-0.4));
#14993 = CARTESIAN_POINT('',(0.17242942388,-0.4));
#14994 = CARTESIAN_POINT('',(0.,-0.4));
#14995 = ( GEOMETRIC_REPRESENTATION_CONTEXT(2) 
PARAMETRIC_REPRESENTATION_CONTEXT() REPRESENTATION_CONTEXT('2D SPACE',''
  ) );
#14996 = PCURVE('',#14624,#14997);
#14997 = DEFINITIONAL_REPRESENTATION('',(#14998),#15006);
#14998 = B_SPLINE_CURVE_WITH_KNOTS('',6,(#14999,#15000,#15001,#15002,
    #15003,#15004,#15005),.UNSPECIFIED.,.F.,.F.,(7,7),(0.,1.),
  .PIECEWISE_BEZIER_KNOTS.);
#14999 = CARTESIAN_POINT('',(-18.50756835937,18.553588867187));
#15000 = CARTESIAN_POINT('',(-18.43560285606,18.553588867187));
#15001 = CARTESIAN_POINT('',(-18.37082678666,18.552232252951));
#15002 = CARTESIAN_POINT('',(-18.3139902638,18.549414942945));
#15003 = CARTESIAN_POINT('',(-18.26585747313,18.545040171057));
#15004 = CARTESIAN_POINT('',(-18.22712074823,18.539033729284));
#15005 = CARTESIAN_POINT('',(-18.1982421875,18.531372070312));
#15006 = ( GEOMETRIC_REPRESENTATION_CONTEXT(2) 
PARAMETRIC_REPRESENTATION_CONTEXT() REPRESENTATION_CONTEXT('2D SPACE',''
  ) );
#15007 = ORIENTED_EDGE('',*,*,#15008,.F.);
#15008 = EDGE_CURVE('',#12519,#14974,#15009,.T.);
#15009 = SURFACE_CURVE('',#15010,(#15014,#15021),.PCURVE_S1.);
#15010 = LINE('',#15011,#15012);
#15011 = CARTESIAN_POINT('',(30.742431640625,55.003588867188,26.8));
#15012 = VECTOR('',#15013,1.);
#15013 = DIRECTION('',(0.,0.,1.));
#15014 = PCURVE('',#12534,#15015);
#15015 = DEFINITIONAL_REPRESENTATION('',(#15016),#15020);
#15016 = LINE('',#15017,#15018);
#15017 = CARTESIAN_POINT('',(1.,0.));
#15018 = VECTOR('',#15019,1.);
#15019 = DIRECTION('',(0.,-1.));
#15020 = ( GEOMETRIC_REPRESENTATION_CONTEXT(2) 
PARAMETRIC_REPRESENTATION_CONTEXT() REPRESENTATION_CONTEXT('2D SPACE',''
  ) );
#15021 = PCURVE('',#12562,#15022);
#15022 = DEFINITIONAL_REPRESENTATION('',(#15023),#15027);
#15023 = LINE('',#15024,#15025);
#15024 = CARTESIAN_POINT('',(0.,-0.));
#15025 = VECTOR('',#15026,1.);
#15026 = DIRECTION('',(0.,-1.));
#15027 = ( GEOMETRIC_REPRESENTATION_CONTEXT(2) 
PARAMETRIC_REPRESENTATION_CONTEXT() REPRESENTATION_CONTEXT('2D SPACE',''
  ) );
#15028 = ADVANCED_FACE('',(#15029),#12562,.F.);
#15029 = FACE_BOUND('',#15030,.F.);
#15030 = EDGE_LOOP('',(#15031,#15032,#15033,#15052));
#15031 = ORIENTED_EDGE('',*,*,#12548,.F.);
#15032 = ORIENTED_EDGE('',*,*,#15008,.T.);
#15033 = ORIENTED_EDGE('',*,*,#15034,.F.);
#15034 = EDGE_CURVE('',#14587,#14974,#15035,.T.);
#15035 = SURFACE_CURVE('',#15036,(#15040,#15046),.PCURVE_S1.);
#15036 = LINE('',#15037,#15038);
#15037 = CARTESIAN_POINT('',(39.996215820312,55.003588867188,27.2));
#15038 = VECTOR('',#15039,1.);
#15039 = DIRECTION('',(1.,0.,-0.));
#15040 = PCURVE('',#12562,#15041);
#15041 = DEFINITIONAL_REPRESENTATION('',(#15042),#15045);
#15042 = B_SPLINE_CURVE_WITH_KNOTS('',1,(#15043,#15044),.UNSPECIFIED.,
  .F.,.F.,(2,2),(-9.894653320312,-9.253784179688),
  .PIECEWISE_BEZIER_KNOTS.);
#15043 = CARTESIAN_POINT('',(0.640869140625,-0.4));
#15044 = CARTESIAN_POINT('',(0.,-0.4));
#15045 = ( GEOMETRIC_REPRESENTATION_CONTEXT(2) 
PARAMETRIC_REPRESENTATION_CONTEXT() REPRESENTATION_CONTEXT('2D SPACE',''
  ) );
#15046 = PCURVE('',#14624,#15047);
#15047 = DEFINITIONAL_REPRESENTATION('',(#15048),#15051);
#15048 = B_SPLINE_CURVE_WITH_KNOTS('',1,(#15049,#15050),.UNSPECIFIED.,
  .F.,.F.,(2,2),(-9.894653320312,-9.253784179688),
  .PIECEWISE_BEZIER_KNOTS.);
#15049 = CARTESIAN_POINT('',(-19.1484375,18.553588867187));
#15050 = CARTESIAN_POINT('',(-18.50756835937,18.553588867187));
#15051 = ( GEOMETRIC_REPRESENTATION_CONTEXT(2) 
PARAMETRIC_REPRESENTATION_CONTEXT() REPRESENTATION_CONTEXT('2D SPACE',''
  ) );
#15052 = ORIENTED_EDGE('',*,*,#14586,.F.);
#15053 = ADVANCED_FACE('',(#15054),#12638,.F.);
#15054 = FACE_BOUND('',#15055,.F.);
#15055 = EDGE_LOOP('',(#15056,#15057,#15080,#15106));
#15056 = ORIENTED_EDGE('',*,*,#12620,.F.);
#15057 = ORIENTED_EDGE('',*,*,#15058,.T.);
#15058 = EDGE_CURVE('',#12621,#15059,#15061,.T.);
#15059 = VERTEX_POINT('',#15060);
#15060 = CARTESIAN_POINT('',(35.74462890625,55.022387695313,27.2));
#15061 = SURFACE_CURVE('',#15062,(#15066,#15073),.PCURVE_S1.);
#15062 = LINE('',#15063,#15064);
#15063 = CARTESIAN_POINT('',(35.74462890625,55.022387695313,26.8));
#15064 = VECTOR('',#15065,1.);
#15065 = DIRECTION('',(0.,0.,1.));
#15066 = PCURVE('',#12638,#15067);
#15067 = DEFINITIONAL_REPRESENTATION('',(#15068),#15072);
#15068 = LINE('',#15069,#15070);
#15069 = CARTESIAN_POINT('',(0.,0.));
#15070 = VECTOR('',#15071,1.);
#15071 = DIRECTION('',(0.,-1.));
#15072 = ( GEOMETRIC_REPRESENTATION_CONTEXT(2) 
PARAMETRIC_REPRESENTATION_CONTEXT() REPRESENTATION_CONTEXT('2D SPACE',''
  ) );
#15073 = PCURVE('',#12842,#15074);
#15074 = DEFINITIONAL_REPRESENTATION('',(#15075),#15079);
#15075 = LINE('',#15076,#15077);
#15076 = CARTESIAN_POINT('',(0.79296875,0.));
#15077 = VECTOR('',#15078,1.);
#15078 = DIRECTION('',(0.,-1.));
#15079 = ( GEOMETRIC_REPRESENTATION_CONTEXT(2) 
PARAMETRIC_REPRESENTATION_CONTEXT() REPRESENTATION_CONTEXT('2D SPACE',''
  ) );
#15080 = ORIENTED_EDGE('',*,*,#15081,.F.);
#15081 = EDGE_CURVE('',#15082,#15059,#15084,.T.);
#15082 = VERTEX_POINT('',#15083);
#15083 = CARTESIAN_POINT('',(35.74462890625,54.193530273438,27.2));
#15084 = SURFACE_CURVE('',#15085,(#15089,#15095),.PCURVE_S1.);
#15085 = LINE('',#15086,#15087);
#15086 = CARTESIAN_POINT('',(35.74462890625,45.736193847656,27.2));
#15087 = VECTOR('',#15088,1.);
#15088 = DIRECTION('',(0.,1.,0.));
#15089 = PCURVE('',#12638,#15090);
#15090 = DEFINITIONAL_REPRESENTATION('',(#15091),#15094);
#15091 = B_SPLINE_CURVE_WITH_KNOTS('',1,(#15092,#15093),.UNSPECIFIED.,
  .F.,.F.,(2,2),(8.457336425781,9.286193847656),
  .PIECEWISE_BEZIER_KNOTS.);
#15092 = CARTESIAN_POINT('',(0.828857421875,-0.4));
#15093 = CARTESIAN_POINT('',(0.,-0.4));
#15094 = ( GEOMETRIC_REPRESENTATION_CONTEXT(2) 
PARAMETRIC_REPRESENTATION_CONTEXT() REPRESENTATION_CONTEXT('2D SPACE',''
  ) );
#15095 = PCURVE('',#15096,#15101);
#15096 = PLANE('',#15097);
#15097 = AXIS2_PLACEMENT_3D('',#15098,#15099,#15100);
#15098 = CARTESIAN_POINT('',(49.25,36.45,27.2));
#15099 = DIRECTION('',(0.,0.,1.));
#15100 = DIRECTION('',(1.,0.,-0.));
#15101 = DEFINITIONAL_REPRESENTATION('',(#15102),#15105);
#15102 = B_SPLINE_CURVE_WITH_KNOTS('',1,(#15103,#15104),.UNSPECIFIED.,
  .F.,.F.,(2,2),(8.457336425781,9.286193847656),
  .PIECEWISE_BEZIER_KNOTS.);
#15103 = CARTESIAN_POINT('',(-13.50537109375,17.743530273437));
#15104 = CARTESIAN_POINT('',(-13.50537109375,18.572387695312));
#15105 = ( GEOMETRIC_REPRESENTATION_CONTEXT(2) 
PARAMETRIC_REPRESENTATION_CONTEXT() REPRESENTATION_CONTEXT('2D SPACE',''
  ) );
#15106 = ORIENTED_EDGE('',*,*,#15107,.F.);
#15107 = EDGE_CURVE('',#12623,#15082,#15108,.T.);
#15108 = SURFACE_CURVE('',#15109,(#15113,#15120),.PCURVE_S1.);
#15109 = LINE('',#15110,#15111);
#15110 = CARTESIAN_POINT('',(35.74462890625,54.193530273438,26.8));
#15111 = VECTOR('',#15112,1.);
#15112 = DIRECTION('',(0.,0.,1.));
#15113 = PCURVE('',#12638,#15114);
#15114 = DEFINITIONAL_REPRESENTATION('',(#15115),#15119);
#15115 = LINE('',#15116,#15117);
#15116 = CARTESIAN_POINT('',(0.828857421875,0.));
#15117 = VECTOR('',#15118,1.);
#15118 = DIRECTION('',(0.,-1.));
#15119 = ( GEOMETRIC_REPRESENTATION_CONTEXT(2) 
PARAMETRIC_REPRESENTATION_CONTEXT() REPRESENTATION_CONTEXT('2D SPACE',''
  ) );
#15120 = PCURVE('',#12666,#15121);
#15121 = DEFINITIONAL_REPRESENTATION('',(#15122),#15126);
#15122 = LINE('',#15123,#15124);
#15123 = CARTESIAN_POINT('',(0.,0.));
#15124 = VECTOR('',#15125,1.);
#15125 = DIRECTION('',(0.,-1.));
#15126 = ( GEOMETRIC_REPRESENTATION_CONTEXT(2) 
PARAMETRIC_REPRESENTATION_CONTEXT() REPRESENTATION_CONTEXT('2D SPACE',''
  ) );
#15127 = ADVANCED_FACE('',(#15128),#12666,.F.);
#15128 = FACE_BOUND('',#15129,.F.);
#15129 = EDGE_LOOP('',(#15130,#15131,#15132,#15153));
#15130 = ORIENTED_EDGE('',*,*,#12650,.F.);
#15131 = ORIENTED_EDGE('',*,*,#15107,.T.);
#15132 = ORIENTED_EDGE('',*,*,#15133,.F.);
#15133 = EDGE_CURVE('',#15134,#15082,#15136,.T.);
#15134 = VERTEX_POINT('',#15135);
#15135 = CARTESIAN_POINT('',(36.457275390625,54.193530273438,27.2));
#15136 = SURFACE_CURVE('',#15137,(#15141,#15147),.PCURVE_S1.);
#15137 = LINE('',#15138,#15139);
#15138 = CARTESIAN_POINT('',(42.497314453125,54.193530273438,27.2));
#15139 = VECTOR('',#15140,1.);
#15140 = DIRECTION('',(-1.,0.,0.));
#15141 = PCURVE('',#12666,#15142);
#15142 = DEFINITIONAL_REPRESENTATION('',(#15143),#15146);
#15143 = B_SPLINE_CURVE_WITH_KNOTS('',1,(#15144,#15145),.UNSPECIFIED.,
  .F.,.F.,(2,2),(6.0400390625,6.752685546875),.PIECEWISE_BEZIER_KNOTS.);
#15144 = CARTESIAN_POINT('',(0.712646484375,-0.4));
#15145 = CARTESIAN_POINT('',(0.,-0.4));
#15146 = ( GEOMETRIC_REPRESENTATION_CONTEXT(2) 
PARAMETRIC_REPRESENTATION_CONTEXT() REPRESENTATION_CONTEXT('2D SPACE',''
  ) );
#15147 = PCURVE('',#15096,#15148);
#15148 = DEFINITIONAL_REPRESENTATION('',(#15149),#15152);
#15149 = B_SPLINE_CURVE_WITH_KNOTS('',1,(#15150,#15151),.UNSPECIFIED.,
  .F.,.F.,(2,2),(6.0400390625,6.752685546875),.PIECEWISE_BEZIER_KNOTS.);
#15150 = CARTESIAN_POINT('',(-12.79272460937,17.743530273437));
#15151 = CARTESIAN_POINT('',(-13.50537109375,17.743530273437));
#15152 = ( GEOMETRIC_REPRESENTATION_CONTEXT(2) 
PARAMETRIC_REPRESENTATION_CONTEXT() REPRESENTATION_CONTEXT('2D SPACE',''
  ) );
#15153 = ORIENTED_EDGE('',*,*,#15154,.F.);
#15154 = EDGE_CURVE('',#12651,#15134,#15155,.T.);
#15155 = SURFACE_CURVE('',#15156,(#15160,#15167),.PCURVE_S1.);
#15156 = LINE('',#15157,#15158);
#15157 = CARTESIAN_POINT('',(36.457275390625,54.193530273438,26.8));
#15158 = VECTOR('',#15159,1.);
#15159 = DIRECTION('',(0.,0.,1.));
#15160 = PCURVE('',#12666,#15161);
#15161 = DEFINITIONAL_REPRESENTATION('',(#15162),#15166);
#15162 = LINE('',#15163,#15164);
#15163 = CARTESIAN_POINT('',(0.712646484375,0.));
#15164 = VECTOR('',#15165,1.);
#15165 = DIRECTION('',(0.,-1.));
#15166 = ( GEOMETRIC_REPRESENTATION_CONTEXT(2) 
PARAMETRIC_REPRESENTATION_CONTEXT() REPRESENTATION_CONTEXT('2D SPACE',''
  ) );
#15167 = PCURVE('',#12694,#15168);
#15168 = DEFINITIONAL_REPRESENTATION('',(#15169),#15173);
#15169 = LINE('',#15170,#15171);
#15170 = CARTESIAN_POINT('',(0.,0.));
#15171 = VECTOR('',#15172,1.);
#15172 = DIRECTION('',(0.,-1.));
#15173 = ( GEOMETRIC_REPRESENTATION_CONTEXT(2) 
PARAMETRIC_REPRESENTATION_CONTEXT() REPRESENTATION_CONTEXT('2D SPACE',''
  ) );
#15174 = ADVANCED_FACE('',(#15175),#12694,.F.);
#15175 = FACE_BOUND('',#15176,.F.);
#15176 = EDGE_LOOP('',(#15177,#15178,#15179,#15211));
#15177 = ORIENTED_EDGE('',*,*,#12678,.F.);
#15178 = ORIENTED_EDGE('',*,*,#15154,.T.);
#15179 = ORIENTED_EDGE('',*,*,#15180,.F.);
#15180 = EDGE_CURVE('',#15181,#15134,#15183,.T.);
#15181 = VERTEX_POINT('',#15182);
#15182 = CARTESIAN_POINT('',(36.812744140625,54.24052734375,27.2));
#15183 = SURFACE_CURVE('',#15184,(#15191,#15201),.PCURVE_S1.);
#15184 = B_SPLINE_CURVE_WITH_KNOTS('',5,(#15185,#15186,#15187,#15188,
    #15189,#15190),.UNSPECIFIED.,.F.,.F.,(6,6),(0.,1.),
  .PIECEWISE_BEZIER_KNOTS.);
#15185 = CARTESIAN_POINT('',(36.812744140625,54.24052734375,27.2));
#15186 = CARTESIAN_POINT('',(36.760115952051,54.221230341273,27.2));
#15187 = CARTESIAN_POINT('',(36.697569954593,54.207078847478,27.2));
#15188 = CARTESIAN_POINT('',(36.625709580581,54.197940311161,27.2));
#15189 = CARTESIAN_POINT('',(36.545344977758,54.193530273438,27.2));
#15190 = CARTESIAN_POINT('',(36.457275390625,54.193530273438,27.2));
#15191 = PCURVE('',#12694,#15192);
#15192 = DEFINITIONAL_REPRESENTATION('',(#15193),#15200);
#15193 = B_SPLINE_CURVE_WITH_KNOTS('',5,(#15194,#15195,#15196,#15197,
    #15198,#15199),.UNSPECIFIED.,.F.,.F.,(6,6),(0.,1.),
  .PIECEWISE_BEZIER_KNOTS.);
#15194 = CARTESIAN_POINT('',(1.,-0.4));
#15195 = CARTESIAN_POINT('',(0.794699942476,-0.4));
#15196 = CARTESIAN_POINT('',(0.591455664935,-0.4));
#15197 = CARTESIAN_POINT('',(0.390979611336,-0.4));
#15198 = CARTESIAN_POINT('',(0.193734172341,-0.4));
#15199 = CARTESIAN_POINT('',(0.,-0.4));
#15200 = ( GEOMETRIC_REPRESENTATION_CONTEXT(2) 
PARAMETRIC_REPRESENTATION_CONTEXT() REPRESENTATION_CONTEXT('2D SPACE',''
  ) );
#15201 = PCURVE('',#15096,#15202);
#15202 = DEFINITIONAL_REPRESENTATION('',(#15203),#15210);
#15203 = B_SPLINE_CURVE_WITH_KNOTS('',5,(#15204,#15205,#15206,#15207,
    #15208,#15209),.UNSPECIFIED.,.F.,.F.,(6,6),(0.,1.),
  .PIECEWISE_BEZIER_KNOTS.);
#15204 = CARTESIAN_POINT('',(-12.43725585937,17.79052734375));
#15205 = CARTESIAN_POINT('',(-12.48988404794,17.771230341273));
#15206 = CARTESIAN_POINT('',(-12.5524300454,17.757078847478));
#15207 = CARTESIAN_POINT('',(-12.62429041942,17.747940311161));
#15208 = CARTESIAN_POINT('',(-12.70465502224,17.743530273437));
#15209 = CARTESIAN_POINT('',(-12.79272460937,17.743530273437));
#15210 = ( GEOMETRIC_REPRESENTATION_CONTEXT(2) 
PARAMETRIC_REPRESENTATION_CONTEXT() REPRESENTATION_CONTEXT('2D SPACE',''
  ) );
#15211 = ORIENTED_EDGE('',*,*,#15212,.F.);
#15212 = EDGE_CURVE('',#12679,#15181,#15213,.T.);
#15213 = SURFACE_CURVE('',#15214,(#15218,#15225),.PCURVE_S1.);
#15214 = LINE('',#15215,#15216);
#15215 = CARTESIAN_POINT('',(36.812744140625,54.24052734375,26.8));
#15216 = VECTOR('',#15217,1.);
#15217 = DIRECTION('',(0.,0.,1.));
#15218 = PCURVE('',#12694,#15219);
#15219 = DEFINITIONAL_REPRESENTATION('',(#15220),#15224);
#15220 = LINE('',#15221,#15222);
#15221 = CARTESIAN_POINT('',(1.,0.));
#15222 = VECTOR('',#15223,1.);
#15223 = DIRECTION('',(0.,-1.));
#15224 = ( GEOMETRIC_REPRESENTATION_CONTEXT(2) 
PARAMETRIC_REPRESENTATION_CONTEXT() REPRESENTATION_CONTEXT('2D SPACE',''
  ) );
#15225 = PCURVE('',#12724,#15226);
#15226 = DEFINITIONAL_REPRESENTATION('',(#15227),#15231);
#15227 = LINE('',#15228,#15229);
#15228 = CARTESIAN_POINT('',(0.,0.));
#15229 = VECTOR('',#15230,1.);
#15230 = DIRECTION('',(0.,-1.));
#15231 = ( GEOMETRIC_REPRESENTATION_CONTEXT(2) 
PARAMETRIC_REPRESENTATION_CONTEXT() REPRESENTATION_CONTEXT('2D SPACE',''
  ) );
#15232 = ADVANCED_FACE('',(#15233),#12724,.F.);
#15233 = FACE_BOUND('',#15234,.F.);
#15234 = EDGE_LOOP('',(#15235,#15236,#15237,#15275));
#15235 = ORIENTED_EDGE('',*,*,#12708,.F.);
#15236 = ORIENTED_EDGE('',*,*,#15212,.T.);
#15237 = ORIENTED_EDGE('',*,*,#15238,.F.);
#15238 = EDGE_CURVE('',#15239,#15181,#15241,.T.);
#15239 = VERTEX_POINT('',#15240);
#15240 = CARTESIAN_POINT('',(37.007568359375,54.39091796875,27.2));
#15241 = SURFACE_CURVE('',#15242,(#15251,#15263),.PCURVE_S1.);
#15242 = B_SPLINE_CURVE_WITH_KNOTS('',4,(#15243,#15244,#15245,#15246,
    #15247,#15248,#15249,#15250),.UNSPECIFIED.,.F.,.F.,(5,3,5),(0.,
    0.248588972653,1.),.UNSPECIFIED.);
#15243 = CARTESIAN_POINT('',(37.007568359375,54.39091796875,27.2));
#15244 = CARTESIAN_POINT('',(36.999274877455,54.378052439105,27.2));
#15245 = CARTESIAN_POINT('',(36.990341840057,54.365762083468,27.2));
#15246 = CARTESIAN_POINT('',(36.98076993613,54.354051798343,27.2));
#15247 = CARTESIAN_POINT('',(36.93970622431,54.309290434713,27.2));
#15248 = CARTESIAN_POINT('',(36.903038082603,54.280983902751,27.2));
#15249 = CARTESIAN_POINT('',(36.860637726314,54.258088325169,27.2));
#15250 = CARTESIAN_POINT('',(36.812744140625,54.24052734375,27.2));
#15251 = PCURVE('',#12724,#15252);
#15252 = DEFINITIONAL_REPRESENTATION('',(#15253),#15262);
#15253 = B_SPLINE_CURVE_WITH_KNOTS('',4,(#15254,#15255,#15256,#15257,
    #15258,#15259,#15260,#15261),.UNSPECIFIED.,.F.,.F.,(5,3,5),(0.,
    0.248588972653,1.),.UNSPECIFIED.);
#15254 = CARTESIAN_POINT('',(1.,-0.4));
#15255 = CARTESIAN_POINT('',(0.937783696073,-0.4));
#15256 = CARTESIAN_POINT('',(0.87553369649,-0.4));
#15257 = CARTESIAN_POINT('',(0.813266804849,-0.4));
#15258 = CARTESIAN_POINT('',(0.562785843508,-0.4));
#15259 = CARTESIAN_POINT('',(0.374570478526,-0.4));
#15260 = CARTESIAN_POINT('',(0.186830597128,-0.4));
#15261 = CARTESIAN_POINT('',(0.,-0.4));
#15262 = ( GEOMETRIC_REPRESENTATION_CONTEXT(2) 
PARAMETRIC_REPRESENTATION_CONTEXT() REPRESENTATION_CONTEXT('2D SPACE',''
  ) );
#15263 = PCURVE('',#15096,#15264);
#15264 = DEFINITIONAL_REPRESENTATION('',(#15265),#15274);
#15265 = B_SPLINE_CURVE_WITH_KNOTS('',4,(#15266,#15267,#15268,#15269,
    #15270,#15271,#15272,#15273),.UNSPECIFIED.,.F.,.F.,(5,3,5),(0.,
    0.248588972653,1.),.UNSPECIFIED.);
#15266 = CARTESIAN_POINT('',(-12.24243164062,17.94091796875));
#15267 = CARTESIAN_POINT('',(-12.25072512254,17.928052439105));
#15268 = CARTESIAN_POINT('',(-12.25965815994,17.915762083468));
#15269 = CARTESIAN_POINT('',(-12.26923006387,17.904051798343));
#15270 = CARTESIAN_POINT('',(-12.31029377569,17.859290434713));
#15271 = CARTESIAN_POINT('',(-12.34696191739,17.830983902751));
#15272 = CARTESIAN_POINT('',(-12.38936227368,17.808088325169));
#15273 = CARTESIAN_POINT('',(-12.43725585937,17.79052734375));
#15274 = ( GEOMETRIC_REPRESENTATION_CONTEXT(2) 
PARAMETRIC_REPRESENTATION_CONTEXT() REPRESENTATION_CONTEXT('2D SPACE',''
  ) );
#15275 = ORIENTED_EDGE('',*,*,#15276,.F.);
#15276 = EDGE_CURVE('',#12709,#15239,#15277,.T.);
#15277 = SURFACE_CURVE('',#15278,(#15282,#15289),.PCURVE_S1.);
#15278 = LINE('',#15279,#15280);
#15279 = CARTESIAN_POINT('',(37.007568359375,54.39091796875,26.8));
#15280 = VECTOR('',#15281,1.);
#15281 = DIRECTION('',(0.,0.,1.));
#15282 = PCURVE('',#12724,#15283);
#15283 = DEFINITIONAL_REPRESENTATION('',(#15284),#15288);
#15284 = LINE('',#15285,#15286);
#15285 = CARTESIAN_POINT('',(1.,0.));
#15286 = VECTOR('',#15287,1.);
#15287 = DIRECTION('',(0.,-1.));
#15288 = ( GEOMETRIC_REPRESENTATION_CONTEXT(2) 
PARAMETRIC_REPRESENTATION_CONTEXT() REPRESENTATION_CONTEXT('2D SPACE',''
  ) );
#15289 = PCURVE('',#12754,#15290);
#15290 = DEFINITIONAL_REPRESENTATION('',(#15291),#15295);
#15291 = LINE('',#15292,#15293);
#15292 = CARTESIAN_POINT('',(0.,0.));
#15293 = VECTOR('',#15294,1.);
#15294 = DIRECTION('',(0.,-1.));
#15295 = ( GEOMETRIC_REPRESENTATION_CONTEXT(2) 
PARAMETRIC_REPRESENTATION_CONTEXT() REPRESENTATION_CONTEXT('2D SPACE',''
  ) );
#15296 = ADVANCED_FACE('',(#15297),#12754,.F.);
#15297 = FACE_BOUND('',#15298,.F.);
#15298 = EDGE_LOOP('',(#15299,#15300,#15301,#15339));
#15299 = ORIENTED_EDGE('',*,*,#12738,.F.);
#15300 = ORIENTED_EDGE('',*,*,#15276,.T.);
#15301 = ORIENTED_EDGE('',*,*,#15302,.F.);
#15302 = EDGE_CURVE('',#15303,#15239,#15305,.T.);
#15303 = VERTEX_POINT('',#15304);
#15304 = CARTESIAN_POINT('',(37.07421875,54.615649414063,27.2));
#15305 = SURFACE_CURVE('',#15306,(#15315,#15327),.PCURVE_S1.);
#15306 = B_SPLINE_CURVE_WITH_KNOTS('',4,(#15307,#15308,#15309,#15310,
    #15311,#15312,#15313,#15314),.UNSPECIFIED.,.F.,.F.,(5,3,5),(0.,
    0.455936705876,1.),.UNSPECIFIED.);
#15307 = CARTESIAN_POINT('',(37.07421875,54.615649414063,27.2));
#15308 = CARTESIAN_POINT('',(37.07421875,54.588019029483,27.2));
#15309 = CARTESIAN_POINT('',(37.071914707577,54.560974442848,27.2));
#15310 = CARTESIAN_POINT('',(37.067293606067,54.534536180849,27.2));
#15311 = CARTESIAN_POINT('',(37.052085636183,54.477915055008,27.2));
#15312 = CARTESIAN_POINT('',(37.040518273196,54.447996068722,27.2));
#15313 = CARTESIAN_POINT('',(37.025665181095,54.41899124347,27.2));
#15314 = CARTESIAN_POINT('',(37.007568359375,54.39091796875,27.2));
#15315 = PCURVE('',#12754,#15316);
#15316 = DEFINITIONAL_REPRESENTATION('',(#15317),#15326);
#15317 = B_SPLINE_CURVE_WITH_KNOTS('',4,(#15318,#15319,#15320,#15321,
    #15322,#15323,#15324,#15325),.UNSPECIFIED.,.F.,.F.,(5,3,5),(0.,
    0.455936705876,1.),.UNSPECIFIED.);
#15318 = CARTESIAN_POINT('',(1.,-0.4));
#15319 = CARTESIAN_POINT('',(0.886142801571,-0.4));
#15320 = CARTESIAN_POINT('',(0.772143350921,-0.4));
#15321 = CARTESIAN_POINT('',(0.658071791862,-0.4));
#15322 = CARTESIAN_POINT('',(0.40787962617,-0.4));
#15323 = CARTESIAN_POINT('',(0.271758600204,-0.4));
#15324 = CARTESIAN_POINT('',(0.135759307263,-0.4));
#15325 = CARTESIAN_POINT('',(0.,-0.4));
#15326 = ( GEOMETRIC_REPRESENTATION_CONTEXT(2) 
PARAMETRIC_REPRESENTATION_CONTEXT() REPRESENTATION_CONTEXT('2D SPACE',''
  ) );
#15327 = PCURVE('',#15096,#15328);
#15328 = DEFINITIONAL_REPRESENTATION('',(#15329),#15338);
#15329 = B_SPLINE_CURVE_WITH_KNOTS('',4,(#15330,#15331,#15332,#15333,
    #15334,#15335,#15336,#15337),.UNSPECIFIED.,.F.,.F.,(5,3,5),(0.,
    0.455936705876,1.),.UNSPECIFIED.);
#15330 = CARTESIAN_POINT('',(-12.17578125,18.165649414062));
#15331 = CARTESIAN_POINT('',(-12.17578125,18.138019029483));
#15332 = CARTESIAN_POINT('',(-12.17808529242,18.110974442848));
#15333 = CARTESIAN_POINT('',(-12.18270639393,18.084536180849));
#15334 = CARTESIAN_POINT('',(-12.19791436381,18.027915055008));
#15335 = CARTESIAN_POINT('',(-12.2094817268,17.997996068722));
#15336 = CARTESIAN_POINT('',(-12.2243348189,17.96899124347));
#15337 = CARTESIAN_POINT('',(-12.24243164062,17.94091796875));
#15338 = ( GEOMETRIC_REPRESENTATION_CONTEXT(2) 
PARAMETRIC_REPRESENTATION_CONTEXT() REPRESENTATION_CONTEXT('2D SPACE',''
  ) );
#15339 = ORIENTED_EDGE('',*,*,#15340,.F.);
#15340 = EDGE_CURVE('',#12739,#15303,#15341,.T.);
#15341 = SURFACE_CURVE('',#15342,(#15346,#15353),.PCURVE_S1.);
#15342 = LINE('',#15343,#15344);
#15343 = CARTESIAN_POINT('',(37.07421875,54.615649414063,26.8));
#15344 = VECTOR('',#15345,1.);
#15345 = DIRECTION('',(0.,0.,1.));
#15346 = PCURVE('',#12754,#15347);
#15347 = DEFINITIONAL_REPRESENTATION('',(#15348),#15352);
#15348 = LINE('',#15349,#15350);
#15349 = CARTESIAN_POINT('',(1.,0.));
#15350 = VECTOR('',#15351,1.);
#15351 = DIRECTION('',(0.,-1.));
#15352 = ( GEOMETRIC_REPRESENTATION_CONTEXT(2) 
PARAMETRIC_REPRESENTATION_CONTEXT() REPRESENTATION_CONTEXT('2D SPACE',''
  ) );
#15353 = PCURVE('',#12784,#15354);
#15354 = DEFINITIONAL_REPRESENTATION('',(#15355),#15359);
#15355 = LINE('',#15356,#15357);
#15356 = CARTESIAN_POINT('',(0.,0.));
#15357 = VECTOR('',#15358,1.);
#15358 = DIRECTION('',(0.,-1.));
#15359 = ( GEOMETRIC_REPRESENTATION_CONTEXT(2) 
PARAMETRIC_REPRESENTATION_CONTEXT() REPRESENTATION_CONTEXT('2D SPACE',''
  ) );
#15360 = ADVANCED_FACE('',(#15361),#12784,.F.);
#15361 = FACE_BOUND('',#15362,.F.);
#15362 = EDGE_LOOP('',(#15363,#15364,#15365,#15409));
#15363 = ORIENTED_EDGE('',*,*,#12768,.F.);
#15364 = ORIENTED_EDGE('',*,*,#15340,.T.);
#15365 = ORIENTED_EDGE('',*,*,#15366,.F.);
#15366 = EDGE_CURVE('',#15367,#15303,#15369,.T.);
#15367 = VERTEX_POINT('',#15368);
#15368 = CARTESIAN_POINT('',(36.945190429688,54.907885742188,27.2));
#15369 = SURFACE_CURVE('',#15370,(#15381,#15395),.PCURVE_S1.);
#15370 = B_SPLINE_CURVE_WITH_KNOTS('',5,(#15371,#15372,#15373,#15374,
    #15375,#15376,#15377,#15378,#15379,#15380),.UNSPECIFIED.,.F.,.F.,(6,
    4,6),(0.,0.455727168227,1.),.UNSPECIFIED.);
#15371 = CARTESIAN_POINT('',(36.945190429688,54.907885742188,27.2));
#15372 = CARTESIAN_POINT('',(36.968604510063,54.887107684106,27.2));
#15373 = CARTESIAN_POINT('',(36.989452809629,54.864948886421,27.2));
#15374 = CARTESIAN_POINT('',(37.007665449714,54.841414300864,27.2));
#15375 = CARTESIAN_POINT('',(37.023198629294,54.816523697366,27.2));
#15376 = CARTESIAN_POINT('',(37.051364594812,54.759006754926,27.2));
#15377 = CARTESIAN_POINT('',(37.062848172886,54.725816288681,27.2));
#15378 = CARTESIAN_POINT('',(37.070455704976,54.690800127967,27.2));
#15379 = CARTESIAN_POINT('',(37.07421875,54.654043027979,27.2));
#15380 = CARTESIAN_POINT('',(37.07421875,54.615649414063,27.2));
#15381 = PCURVE('',#12784,#15382);
#15382 = DEFINITIONAL_REPRESENTATION('',(#15383),#15394);
#15383 = B_SPLINE_CURVE_WITH_KNOTS('',5,(#15384,#15385,#15386,#15387,
    #15388,#15389,#15390,#15391,#15392,#15393),.UNSPECIFIED.,.F.,.F.,(6,
    4,6),(0.,0.455727168227,1.),.UNSPECIFIED.);
#15384 = CARTESIAN_POINT('',(1.,-0.4));
#15385 = CARTESIAN_POINT('',(0.909267669613,-0.4));
#15386 = CARTESIAN_POINT('',(0.81818836896,-0.4));
#15387 = CARTESIAN_POINT('',(0.726872366263,-0.4));
#15388 = CARTESIAN_POINT('',(0.635435664217,-0.4));
#15389 = CARTESIAN_POINT('',(0.434798812627,-0.4));
#15390 = CARTESIAN_POINT('',(0.325596020528,-0.4));
#15391 = CARTESIAN_POINT('',(0.216600911259,-0.4));
#15392 = CARTESIAN_POINT('',(0.10800840838,-0.4));
#15393 = CARTESIAN_POINT('',(0.,-0.4));
#15394 = ( GEOMETRIC_REPRESENTATION_CONTEXT(2) 
PARAMETRIC_REPRESENTATION_CONTEXT() REPRESENTATION_CONTEXT('2D SPACE',''
  ) );
#15395 = PCURVE('',#15096,#15396);
#15396 = DEFINITIONAL_REPRESENTATION('',(#15397),#15408);
#15397 = B_SPLINE_CURVE_WITH_KNOTS('',5,(#15398,#15399,#15400,#15401,
    #15402,#15403,#15404,#15405,#15406,#15407),.UNSPECIFIED.,.F.,.F.,(6,
    4,6),(0.,0.455727168227,1.),.UNSPECIFIED.);
#15398 = CARTESIAN_POINT('',(-12.30480957031,18.457885742187));
#15399 = CARTESIAN_POINT('',(-12.28139548993,18.437107684106));
#15400 = CARTESIAN_POINT('',(-12.26054719037,18.414948886421));
#15401 = CARTESIAN_POINT('',(-12.24233455028,18.391414300864));
#15402 = CARTESIAN_POINT('',(-12.2268013707,18.366523697366));
#15403 = CARTESIAN_POINT('',(-12.19863540518,18.309006754926));
#15404 = CARTESIAN_POINT('',(-12.18715182711,18.275816288681));
#15405 = CARTESIAN_POINT('',(-12.17954429502,18.240800127967));
#15406 = CARTESIAN_POINT('',(-12.17578125,18.204043027979));
#15407 = CARTESIAN_POINT('',(-12.17578125,18.165649414062));
#15408 = ( GEOMETRIC_REPRESENTATION_CONTEXT(2) 
PARAMETRIC_REPRESENTATION_CONTEXT() REPRESENTATION_CONTEXT('2D SPACE',''
  ) );
#15409 = ORIENTED_EDGE('',*,*,#15410,.F.);
#15410 = EDGE_CURVE('',#12769,#15367,#15411,.T.);
#15411 = SURFACE_CURVE('',#15412,(#15416,#15423),.PCURVE_S1.);
#15412 = LINE('',#15413,#15414);
#15413 = CARTESIAN_POINT('',(36.945190429688,54.907885742188,26.8));
#15414 = VECTOR('',#15415,1.);
#15415 = DIRECTION('',(0.,0.,1.));
#15416 = PCURVE('',#12784,#15417);
#15417 = DEFINITIONAL_REPRESENTATION('',(#15418),#15422);
#15418 = LINE('',#15419,#15420);
#15419 = CARTESIAN_POINT('',(1.,0.));
#15420 = VECTOR('',#15421,1.);
#15421 = DIRECTION('',(0.,-1.));
#15422 = ( GEOMETRIC_REPRESENTATION_CONTEXT(2) 
PARAMETRIC_REPRESENTATION_CONTEXT() REPRESENTATION_CONTEXT('2D SPACE',''
  ) );
#15423 = PCURVE('',#12814,#15424);
#15424 = DEFINITIONAL_REPRESENTATION('',(#15425),#15429);
#15425 = LINE('',#15426,#15427);
#15426 = CARTESIAN_POINT('',(0.,0.));
#15427 = VECTOR('',#15428,1.);
#15428 = DIRECTION('',(0.,-1.));
#15429 = ( GEOMETRIC_REPRESENTATION_CONTEXT(2) 
PARAMETRIC_REPRESENTATION_CONTEXT() REPRESENTATION_CONTEXT('2D SPACE',''
  ) );
#15430 = ADVANCED_FACE('',(#15431),#12814,.F.);
#15431 = FACE_BOUND('',#15432,.F.);
#15432 = EDGE_LOOP('',(#15433,#15434,#15435,#15470));
#15433 = ORIENTED_EDGE('',*,*,#12798,.F.);
#15434 = ORIENTED_EDGE('',*,*,#15410,.T.);
#15435 = ORIENTED_EDGE('',*,*,#15436,.F.);
#15436 = EDGE_CURVE('',#15437,#15367,#15439,.T.);
#15437 = VERTEX_POINT('',#15438);
#15438 = CARTESIAN_POINT('',(36.53759765625,55.022387695313,27.2));
#15439 = SURFACE_CURVE('',#15440,(#15448,#15459),.PCURVE_S1.);
#15440 = B_SPLINE_CURVE_WITH_KNOTS('',6,(#15441,#15442,#15443,#15444,
    #15445,#15446,#15447),.UNSPECIFIED.,.F.,.F.,(7,7),(0.,1.),
  .PIECEWISE_BEZIER_KNOTS.);
#15441 = CARTESIAN_POINT('',(36.53759765625,55.022387695313,27.2));
#15442 = CARTESIAN_POINT('',(36.626087443571,55.022387695313,27.2));
#15443 = CARTESIAN_POINT('',(36.707699643004,55.015455032215,27.2));
#15444 = CARTESIAN_POINT('',(36.781379794444,55.000950437021,27.2));
#15445 = CARTESIAN_POINT('',(36.846062429027,54.978322815133,27.2));
#15446 = CARTESIAN_POINT('',(36.900831142997,54.947250936999,27.2));
#15447 = CARTESIAN_POINT('',(36.945190429688,54.907885742188,27.2));
#15448 = PCURVE('',#12814,#15449);
#15449 = DEFINITIONAL_REPRESENTATION('',(#15450),#15458);
#15450 = B_SPLINE_CURVE_WITH_KNOTS('',6,(#15451,#15452,#15453,#15454,
    #15455,#15456,#15457),.UNSPECIFIED.,.F.,.F.,(7,7),(0.,1.),
  .PIECEWISE_BEZIER_KNOTS.);
#15451 = CARTESIAN_POINT('',(1.,-0.4));
#15452 = CARTESIAN_POINT('',(0.841168199444,-0.4));
#15453 = CARTESIAN_POINT('',(0.678430187693,-0.4));
#15454 = CARTESIAN_POINT('',(0.512180117465,-0.4));
#15455 = CARTESIAN_POINT('',(0.343038591579,-0.4));
#15456 = CARTESIAN_POINT('',(0.171897481821,-0.4));
#15457 = CARTESIAN_POINT('',(0.,-0.4));
#15458 = ( GEOMETRIC_REPRESENTATION_CONTEXT(2) 
PARAMETRIC_REPRESENTATION_CONTEXT() REPRESENTATION_CONTEXT('2D SPACE',''
  ) );
#15459 = PCURVE('',#15096,#15460);
#15460 = DEFINITIONAL_REPRESENTATION('',(#15461),#15469);
#15461 = B_SPLINE_CURVE_WITH_KNOTS('',6,(#15462,#15463,#15464,#15465,
    #15466,#15467,#15468),.UNSPECIFIED.,.F.,.F.,(7,7),(0.,1.),
  .PIECEWISE_BEZIER_KNOTS.);
#15462 = CARTESIAN_POINT('',(-12.71240234375,18.572387695312));
#15463 = CARTESIAN_POINT('',(-12.62391255642,18.572387695312));
#15464 = CARTESIAN_POINT('',(-12.54230035699,18.565455032215));
#15465 = CARTESIAN_POINT('',(-12.46862020555,18.550950437021));
#15466 = CARTESIAN_POINT('',(-12.40393757097,18.528322815133));
#15467 = CARTESIAN_POINT('',(-12.349168857,18.497250936999));
#15468 = CARTESIAN_POINT('',(-12.30480957031,18.457885742187));
#15469 = ( GEOMETRIC_REPRESENTATION_CONTEXT(2) 
PARAMETRIC_REPRESENTATION_CONTEXT() REPRESENTATION_CONTEXT('2D SPACE',''
  ) );
#15470 = ORIENTED_EDGE('',*,*,#15471,.F.);
#15471 = EDGE_CURVE('',#12799,#15437,#15472,.T.);
#15472 = SURFACE_CURVE('',#15473,(#15477,#15484),.PCURVE_S1.);
#15473 = LINE('',#15474,#15475);
#15474 = CARTESIAN_POINT('',(36.53759765625,55.022387695313,26.8));
#15475 = VECTOR('',#15476,1.);
#15476 = DIRECTION('',(0.,0.,1.));
#15477 = PCURVE('',#12814,#15478);
#15478 = DEFINITIONAL_REPRESENTATION('',(#15479),#15483);
#15479 = LINE('',#15480,#15481);
#15480 = CARTESIAN_POINT('',(1.,0.));
#15481 = VECTOR('',#15482,1.);
#15482 = DIRECTION('',(0.,-1.));
#15483 = ( GEOMETRIC_REPRESENTATION_CONTEXT(2) 
PARAMETRIC_REPRESENTATION_CONTEXT() REPRESENTATION_CONTEXT('2D SPACE',''
  ) );
#15484 = PCURVE('',#12842,#15485);
#15485 = DEFINITIONAL_REPRESENTATION('',(#15486),#15490);
#15486 = LINE('',#15487,#15488);
#15487 = CARTESIAN_POINT('',(0.,-0.));
#15488 = VECTOR('',#15489,1.);
#15489 = DIRECTION('',(0.,-1.));
#15490 = ( GEOMETRIC_REPRESENTATION_CONTEXT(2) 
PARAMETRIC_REPRESENTATION_CONTEXT() REPRESENTATION_CONTEXT('2D SPACE',''
  ) );
#15491 = ADVANCED_FACE('',(#15492),#12842,.F.);
#15492 = FACE_BOUND('',#15493,.F.);
#15493 = EDGE_LOOP('',(#15494,#15495,#15496,#15515));
#15494 = ORIENTED_EDGE('',*,*,#12828,.F.);
#15495 = ORIENTED_EDGE('',*,*,#15471,.T.);
#15496 = ORIENTED_EDGE('',*,*,#15497,.F.);
#15497 = EDGE_CURVE('',#15059,#15437,#15498,.T.);
#15498 = SURFACE_CURVE('',#15499,(#15503,#15509),.PCURVE_S1.);
#15499 = LINE('',#15500,#15501);
#15500 = CARTESIAN_POINT('',(42.893798828125,55.022387695313,27.2));
#15501 = VECTOR('',#15502,1.);
#15502 = DIRECTION('',(1.,0.,-0.));
#15503 = PCURVE('',#12842,#15504);
#15504 = DEFINITIONAL_REPRESENTATION('',(#15505),#15508);
#15505 = B_SPLINE_CURVE_WITH_KNOTS('',1,(#15506,#15507),.UNSPECIFIED.,
  .F.,.F.,(2,2),(-7.149169921875,-6.356201171875),
  .PIECEWISE_BEZIER_KNOTS.);
#15506 = CARTESIAN_POINT('',(0.79296875,-0.4));
#15507 = CARTESIAN_POINT('',(0.,-0.4));
#15508 = ( GEOMETRIC_REPRESENTATION_CONTEXT(2) 
PARAMETRIC_REPRESENTATION_CONTEXT() REPRESENTATION_CONTEXT('2D SPACE',''
  ) );
#15509 = PCURVE('',#15096,#15510);
#15510 = DEFINITIONAL_REPRESENTATION('',(#15511),#15514);
#15511 = B_SPLINE_CURVE_WITH_KNOTS('',1,(#15512,#15513),.UNSPECIFIED.,
  .F.,.F.,(2,2),(-7.149169921875,-6.356201171875),
  .PIECEWISE_BEZIER_KNOTS.);
#15512 = CARTESIAN_POINT('',(-13.50537109375,18.572387695312));
#15513 = CARTESIAN_POINT('',(-12.71240234375,18.572387695312));
#15514 = ( GEOMETRIC_REPRESENTATION_CONTEXT(2) 
PARAMETRIC_REPRESENTATION_CONTEXT() REPRESENTATION_CONTEXT('2D SPACE',''
  ) );
#15515 = ORIENTED_EDGE('',*,*,#15058,.F.);
#15516 = ADVANCED_FACE('',(#15517,#15543,#15574),#12898,.F.);
#15517 = FACE_BOUND('',#15518,.F.);
#15518 = EDGE_LOOP('',(#15519,#15520,#15521,#15522,#15523,#15524,#15525,
    #15526,#15527,#15528,#15529,#15530,#15531,#15532,#15533,#15534,
    #15535,#15536,#15537,#15538,#15539,#15540,#15541,#15542));
#15519 = ORIENTED_EDGE('',*,*,#12881,.F.);
#15520 = ORIENTED_EDGE('',*,*,#14092,.T.);
#15521 = ORIENTED_EDGE('',*,*,#14038,.F.);
#15522 = ORIENTED_EDGE('',*,*,#14012,.T.);
#15523 = ORIENTED_EDGE('',*,*,#13958,.F.);
#15524 = ORIENTED_EDGE('',*,*,#13882,.T.);
#15525 = ORIENTED_EDGE('',*,*,#13828,.F.);
#15526 = ORIENTED_EDGE('',*,*,#13802,.T.);
#15527 = ORIENTED_EDGE('',*,*,#13726,.F.);
#15528 = ORIENTED_EDGE('',*,*,#13672,.T.);
#15529 = ORIENTED_EDGE('',*,*,#13618,.F.);
#15530 = ORIENTED_EDGE('',*,*,#13592,.T.);
#15531 = ORIENTED_EDGE('',*,*,#13516,.F.);
#15532 = ORIENTED_EDGE('',*,*,#13462,.T.);
#15533 = ORIENTED_EDGE('',*,*,#13408,.F.);
#15534 = ORIENTED_EDGE('',*,*,#13382,.T.);
#15535 = ORIENTED_EDGE('',*,*,#13306,.F.);
#15536 = ORIENTED_EDGE('',*,*,#13252,.T.);
#15537 = ORIENTED_EDGE('',*,*,#13198,.F.);
#15538 = ORIENTED_EDGE('',*,*,#13172,.T.);
#15539 = ORIENTED_EDGE('',*,*,#13096,.F.);
#15540 = ORIENTED_EDGE('',*,*,#13042,.T.);
#15541 = ORIENTED_EDGE('',*,*,#12988,.F.);
#15542 = ORIENTED_EDGE('',*,*,#12962,.T.);
#15543 = FACE_BOUND('',#15544,.F.);
#15544 = EDGE_LOOP('',(#15545));
#15545 = ORIENTED_EDGE('',*,*,#15546,.F.);
#15546 = EDGE_CURVE('',#15547,#15547,#15549,.T.);
#15547 = VERTEX_POINT('',#15548);
#15548 = CARTESIAN_POINT('',(27.6,44.95,24.));
#15549 = SURFACE_CURVE('',#15550,(#15555,#15562),.PCURVE_S1.);
#15550 = CIRCLE('',#15551,1.6);
#15551 = AXIS2_PLACEMENT_3D('',#15552,#15553,#15554);
#15552 = CARTESIAN_POINT('',(26.,44.95,24.));
#15553 = DIRECTION('',(0.,0.,1.));
#15554 = DIRECTION('',(1.,0.,-0.));
#15555 = PCURVE('',#12898,#15556);
#15556 = DEFINITIONAL_REPRESENTATION('',(#15557),#15561);
#15557 = CIRCLE('',#15558,1.6);
#15558 = AXIS2_PLACEMENT_2D('',#15559,#15560);
#15559 = CARTESIAN_POINT('',(-23.25,8.5));
#15560 = DIRECTION('',(1.,0.));
#15561 = ( GEOMETRIC_REPRESENTATION_CONTEXT(2) 
PARAMETRIC_REPRESENTATION_CONTEXT() REPRESENTATION_CONTEXT('2D SPACE',''
  ) );
#15562 = PCURVE('',#15563,#15568);
#15563 = CYLINDRICAL_SURFACE('',#15564,1.6);
#15564 = AXIS2_PLACEMENT_3D('',#15565,#15566,#15567);
#15565 = CARTESIAN_POINT('',(26.,44.95,23.));
#15566 = DIRECTION('',(0.,0.,1.));
#15567 = DIRECTION('',(1.,0.,-0.));
#15568 = DEFINITIONAL_REPRESENTATION('',(#15569),#15573);
#15569 = LINE('',#15570,#15571);
#15570 = CARTESIAN_POINT('',(0.,1.));
#15571 = VECTOR('',#15572,1.);
#15572 = DIRECTION('',(1.,0.));
#15573 = ( GEOMETRIC_REPRESENTATION_CONTEXT(2) 
PARAMETRIC_REPRESENTATION_CONTEXT() REPRESENTATION_CONTEXT('2D SPACE',''
  ) );
#15574 = FACE_BOUND('',#15575,.F.);
#15575 = EDGE_LOOP('',(#15576));
#15576 = ORIENTED_EDGE('',*,*,#15577,.F.);
#15577 = EDGE_CURVE('',#15578,#15578,#15580,.T.);
#15578 = VERTEX_POINT('',#15579);
#15579 = CARTESIAN_POINT('',(27.6,53.95,24.));
#15580 = SURFACE_CURVE('',#15581,(#15586,#15593),.PCURVE_S1.);
#15581 = CIRCLE('',#15582,1.6);
#15582 = AXIS2_PLACEMENT_3D('',#15583,#15584,#15585);
#15583 = CARTESIAN_POINT('',(26.,53.95,24.));
#15584 = DIRECTION('',(0.,0.,1.));
#15585 = DIRECTION('',(1.,0.,-0.));
#15586 = PCURVE('',#12898,#15587);
#15587 = DEFINITIONAL_REPRESENTATION('',(#15588),#15592);
#15588 = CIRCLE('',#15589,1.6);
#15589 = AXIS2_PLACEMENT_2D('',#15590,#15591);
#15590 = CARTESIAN_POINT('',(-23.25,17.5));
#15591 = DIRECTION('',(1.,0.));
#15592 = ( GEOMETRIC_REPRESENTATION_CONTEXT(2) 
PARAMETRIC_REPRESENTATION_CONTEXT() REPRESENTATION_CONTEXT('2D SPACE',''
  ) );
#15593 = PCURVE('',#15594,#15599);
#15594 = CYLINDRICAL_SURFACE('',#15595,1.6);
#15595 = AXIS2_PLACEMENT_3D('',#15596,#15597,#15598);
#15596 = CARTESIAN_POINT('',(26.,53.95,23.));
#15597 = DIRECTION('',(0.,0.,1.));
#15598 = DIRECTION('',(1.,0.,-0.));
#15599 = DEFINITIONAL_REPRESENTATION('',(#15600),#15604);
#15600 = LINE('',#15601,#15602);
#15601 = CARTESIAN_POINT('',(0.,1.));
#15602 = VECTOR('',#15603,1.);
#15603 = DIRECTION('',(1.,0.));
#15604 = ( GEOMETRIC_REPRESENTATION_CONTEXT(2) 
PARAMETRIC_REPRESENTATION_CONTEXT() REPRESENTATION_CONTEXT('2D SPACE',''
  ) );
#15605 = ADVANCED_FACE('',(#15606),#14161,.T.);
#15606 = FACE_BOUND('',#15607,.T.);
#15607 = EDGE_LOOP('',(#15608,#15609,#15610,#15611,#15612,#15613,#15614,
    #15615));
#15608 = ORIENTED_EDGE('',*,*,#14146,.F.);
#15609 = ORIENTED_EDGE('',*,*,#14198,.F.);
#15610 = ORIENTED_EDGE('',*,*,#14245,.F.);
#15611 = ORIENTED_EDGE('',*,*,#14303,.F.);
#15612 = ORIENTED_EDGE('',*,*,#14367,.F.);
#15613 = ORIENTED_EDGE('',*,*,#14431,.F.);
#15614 = ORIENTED_EDGE('',*,*,#14501,.F.);
#15615 = ORIENTED_EDGE('',*,*,#14562,.F.);
#15616 = ADVANCED_FACE('',(#15617),#14624,.T.);
#15617 = FACE_BOUND('',#15618,.T.);
#15618 = EDGE_LOOP('',(#15619,#15620,#15621,#15622,#15623,#15624,#15625,
    #15626));
#15619 = ORIENTED_EDGE('',*,*,#14609,.F.);
#15620 = ORIENTED_EDGE('',*,*,#14661,.F.);
#15621 = ORIENTED_EDGE('',*,*,#14708,.F.);
#15622 = ORIENTED_EDGE('',*,*,#14769,.F.);
#15623 = ORIENTED_EDGE('',*,*,#14839,.F.);
#15624 = ORIENTED_EDGE('',*,*,#14909,.F.);
#15625 = ORIENTED_EDGE('',*,*,#14973,.F.);
#15626 = ORIENTED_EDGE('',*,*,#15034,.F.);
#15627 = ADVANCED_FACE('',(#15628),#15096,.T.);
#15628 = FACE_BOUND('',#15629,.T.);
#15629 = EDGE_LOOP('',(#15630,#15631,#15632,#15633,#15634,#15635,#15636,
    #15637));
#15630 = ORIENTED_EDGE('',*,*,#15081,.F.);
#15631 = ORIENTED_EDGE('',*,*,#15133,.F.);
#15632 = ORIENTED_EDGE('',*,*,#15180,.F.);
#15633 = ORIENTED_EDGE('',*,*,#15238,.F.);
#15634 = ORIENTED_EDGE('',*,*,#15302,.F.);
#15635 = ORIENTED_EDGE('',*,*,#15366,.F.);
#15636 = ORIENTED_EDGE('',*,*,#15436,.F.);
#15637 = ORIENTED_EDGE('',*,*,#15497,.F.);
#15638 = ADVANCED_FACE('',(#15639),#15563,.F.);
#15639 = FACE_BOUND('',#15640,.F.);
#15640 = EDGE_LOOP('',(#15641,#15664,#15691,#15692));
#15641 = ORIENTED_EDGE('',*,*,#15642,.T.);
#15642 = EDGE_CURVE('',#15547,#15643,#15645,.T.);
#15643 = VERTEX_POINT('',#15644);
#15644 = CARTESIAN_POINT('',(27.6,44.95,26.6));
#15645 = SEAM_CURVE('',#15646,(#15650,#15657),.PCURVE_S1.);
#15646 = LINE('',#15647,#15648);
#15647 = CARTESIAN_POINT('',(27.6,44.95,23.));
#15648 = VECTOR('',#15649,1.);
#15649 = DIRECTION('',(0.,0.,1.));
#15650 = PCURVE('',#15563,#15651);
#15651 = DEFINITIONAL_REPRESENTATION('',(#15652),#15656);
#15652 = LINE('',#15653,#15654);
#15653 = CARTESIAN_POINT('',(6.28318530718,-0.));
#15654 = VECTOR('',#15655,1.);
#15655 = DIRECTION('',(0.,1.));
#15656 = ( GEOMETRIC_REPRESENTATION_CONTEXT(2) 
PARAMETRIC_REPRESENTATION_CONTEXT() REPRESENTATION_CONTEXT('2D SPACE',''
  ) );
#15657 = PCURVE('',#15563,#15658);
#15658 = DEFINITIONAL_REPRESENTATION('',(#15659),#15663);
#15659 = LINE('',#15660,#15661);
#15660 = CARTESIAN_POINT('',(0.,-0.));
#15661 = VECTOR('',#15662,1.);
#15662 = DIRECTION('',(0.,1.));
#15663 = ( GEOMETRIC_REPRESENTATION_CONTEXT(2) 
PARAMETRIC_REPRESENTATION_CONTEXT() REPRESENTATION_CONTEXT('2D SPACE',''
  ) );
#15664 = ORIENTED_EDGE('',*,*,#15665,.F.);
#15665 = EDGE_CURVE('',#15643,#15643,#15666,.T.);
#15666 = SURFACE_CURVE('',#15667,(#15672,#15679),.PCURVE_S1.);
#15667 = CIRCLE('',#15668,1.6);
#15668 = AXIS2_PLACEMENT_3D('',#15669,#15670,#15671);
#15669 = CARTESIAN_POINT('',(26.,44.95,26.6));
#15670 = DIRECTION('',(0.,0.,1.));
#15671 = DIRECTION('',(1.,0.,-0.));
#15672 = PCURVE('',#15563,#15673);
#15673 = DEFINITIONAL_REPRESENTATION('',(#15674),#15678);
#15674 = LINE('',#15675,#15676);
#15675 = CARTESIAN_POINT('',(0.,3.6));
#15676 = VECTOR('',#15677,1.);
#15677 = DIRECTION('',(1.,0.));
#15678 = ( GEOMETRIC_REPRESENTATION_CONTEXT(2) 
PARAMETRIC_REPRESENTATION_CONTEXT() REPRESENTATION_CONTEXT('2D SPACE',''
  ) );
#15679 = PCURVE('',#15680,#15685);
#15680 = PLANE('',#15681);
#15681 = AXIS2_PLACEMENT_3D('',#15682,#15683,#15684);
#15682 = CARTESIAN_POINT('',(26.,44.95,26.6));
#15683 = DIRECTION('',(0.,0.,1.));
#15684 = DIRECTION('',(1.,0.,-0.));
#15685 = DEFINITIONAL_REPRESENTATION('',(#15686),#15690);
#15686 = CIRCLE('',#15687,1.6);
#15687 = AXIS2_PLACEMENT_2D('',#15688,#15689);
#15688 = CARTESIAN_POINT('',(0.,0.));
#15689 = DIRECTION('',(1.,0.));
#15690 = ( GEOMETRIC_REPRESENTATION_CONTEXT(2) 
PARAMETRIC_REPRESENTATION_CONTEXT() REPRESENTATION_CONTEXT('2D SPACE',''
  ) );
#15691 = ORIENTED_EDGE('',*,*,#15642,.F.);
#15692 = ORIENTED_EDGE('',*,*,#15546,.T.);
#15693 = ADVANCED_FACE('',(#15694),#15594,.F.);
#15694 = FACE_BOUND('',#15695,.F.);
#15695 = EDGE_LOOP('',(#15696,#15719,#15746,#15747));
#15696 = ORIENTED_EDGE('',*,*,#15697,.T.);
#15697 = EDGE_CURVE('',#15578,#15698,#15700,.T.);
#15698 = VERTEX_POINT('',#15699);
#15699 = CARTESIAN_POINT('',(27.6,53.95,26.6));
#15700 = SEAM_CURVE('',#15701,(#15705,#15712),.PCURVE_S1.);
#15701 = LINE('',#15702,#15703);
#15702 = CARTESIAN_POINT('',(27.6,53.95,23.));
#15703 = VECTOR('',#15704,1.);
#15704 = DIRECTION('',(0.,0.,1.));
#15705 = PCURVE('',#15594,#15706);
#15706 = DEFINITIONAL_REPRESENTATION('',(#15707),#15711);
#15707 = LINE('',#15708,#15709);
#15708 = CARTESIAN_POINT('',(6.28318530718,-0.));
#15709 = VECTOR('',#15710,1.);
#15710 = DIRECTION('',(0.,1.));
#15711 = ( GEOMETRIC_REPRESENTATION_CONTEXT(2) 
PARAMETRIC_REPRESENTATION_CONTEXT() REPRESENTATION_CONTEXT('2D SPACE',''
  ) );
#15712 = PCURVE('',#15594,#15713);
#15713 = DEFINITIONAL_REPRESENTATION('',(#15714),#15718);
#15714 = LINE('',#15715,#15716);
#15715 = CARTESIAN_POINT('',(0.,-0.));
#15716 = VECTOR('',#15717,1.);
#15717 = DIRECTION('',(0.,1.));
#15718 = ( GEOMETRIC_REPRESENTATION_CONTEXT(2) 
PARAMETRIC_REPRESENTATION_CONTEXT() REPRESENTATION_CONTEXT('2D SPACE',''
  ) );
#15719 = ORIENTED_EDGE('',*,*,#15720,.F.);
#15720 = EDGE_CURVE('',#15698,#15698,#15721,.T.);
#15721 = SURFACE_CURVE('',#15722,(#15727,#15734),.PCURVE_S1.);
#15722 = CIRCLE('',#15723,1.6);
#15723 = AXIS2_PLACEMENT_3D('',#15724,#15725,#15726);
#15724 = CARTESIAN_POINT('',(26.,53.95,26.6));
#15725 = DIRECTION('',(0.,0.,1.));
#15726 = DIRECTION('',(1.,0.,-0.));
#15727 = PCURVE('',#15594,#15728);
#15728 = DEFINITIONAL_REPRESENTATION('',(#15729),#15733);
#15729 = LINE('',#15730,#15731);
#15730 = CARTESIAN_POINT('',(0.,3.6));
#15731 = VECTOR('',#15732,1.);
#15732 = DIRECTION('',(1.,0.));
#15733 = ( GEOMETRIC_REPRESENTATION_CONTEXT(2) 
PARAMETRIC_REPRESENTATION_CONTEXT() REPRESENTATION_CONTEXT('2D SPACE',''
  ) );
#15734 = PCURVE('',#15735,#15740);
#15735 = PLANE('',#15736);
#15736 = AXIS2_PLACEMENT_3D('',#15737,#15738,#15739);
#15737 = CARTESIAN_POINT('',(26.,53.95,26.6));
#15738 = DIRECTION('',(0.,0.,1.));
#15739 = DIRECTION('',(1.,0.,-0.));
#15740 = DEFINITIONAL_REPRESENTATION('',(#15741),#15745);
#15741 = CIRCLE('',#15742,1.6);
#15742 = AXIS2_PLACEMENT_2D('',#15743,#15744);
#15743 = CARTESIAN_POINT('',(0.,0.));
#15744 = DIRECTION('',(1.,0.));
#15745 = ( GEOMETRIC_REPRESENTATION_CONTEXT(2) 
PARAMETRIC_REPRESENTATION_CONTEXT() REPRESENTATION_CONTEXT('2D SPACE',''
  ) );
#15746 = ORIENTED_EDGE('',*,*,#15697,.F.);
#15747 = ORIENTED_EDGE('',*,*,#15577,.T.);
#15748 = ADVANCED_FACE('',(#15749),#15680,.F.);
#15749 = FACE_BOUND('',#15750,.F.);
#15750 = EDGE_LOOP('',(#15751));
#15751 = ORIENTED_EDGE('',*,*,#15665,.T.);
#15752 = ADVANCED_FACE('',(#15753),#15735,.F.);
#15753 = FACE_BOUND('',#15754,.F.);
#15754 = EDGE_LOOP('',(#15755));
#15755 = ORIENTED_EDGE('',*,*,#15720,.T.);
#15756 = ( GEOMETRIC_REPRESENTATION_CONTEXT(3) 
GLOBAL_UNCERTAINTY_ASSIGNED_CONTEXT((#15760)) 
GLOBAL_UNIT_ASSIGNED_CONTEXT((#15757,#15758,#15759)) 
REPRESENTATION_CONTEXT('Context #1',
  '3D Context with UNIT and UNCERTAINTY') );
#15757 = ( LENGTH_UNIT() NAMED_UNIT(*) SI_UNIT(.MILLI.,.METRE.) );
#15758 = ( NAMED_UNIT(*) PLANE_ANGLE_UNIT() SI_UNIT($,.RADIAN.) );
#15759 = ( NAMED_UNIT(*) SI_UNIT($,.STERADIAN.) SOLID_ANGLE_UNIT() );
#15760 = UNCERTAINTY_MEASURE_WITH_UNIT(LENGTH_MEASURE(1.E-06),#15757,
  'distance_accuracy_value','confusion accuracy');
#15761 = PRODUCT_RELATED_PRODUCT_CATEGORY('part',$,(#7));
ENDSEC;
END-ISO-10303-21;
