ISO-10303-21;
HEADER;
FILE_DESCRIPTION(('Open CASCADE Model'),'2;1');
FILE_NAME('Open CASCADE Shape Model','2026-09-19T10:51:08',('Author'),(
    'Open CASCADE'),'Open CASCADE STEP processor 7.9','Open CASCADE 7.9'
  ,'Unknown');
FILE_SCHEMA(('AUTOMOTIVE_DESIGN { 1 0 10303 214 1 1 1 1 }'));
ENDSEC;
DATA;
#1 = APPLICATION_PROTOCOL_DEFINITION('international standard',
  'automotive_design',2000,#2);
#2 = APPLICATION_CONTEXT(
  'core data for automotive mechanical design processes');
#3 = SHAPE_DEFINITION_REPRESENTATION(#4,#10);
#4 = PRODUCT_DEFINITION_SHAPE('','',#5);
#5 = PRODUCT_DEFINITION('design','',#6,#9);
#6 = PRODUCT_DEFINITION_FORMATION('','',#7);
#7 = PRODUCT('Open CASCADE STEP translator 7.9 1',
  'Open CASCADE STEP translator 7.9 1','',(#8));
#8 = PRODUCT_CONTEXT('',#2,'mechanical');
#9 = PRODUCT_DEFINITION_CONTEXT('part definition',#2,'design');
#10 = ADVANCED_BREP_SHAPE_REPRESENTATION('',(#11,#15),#14364);
#11 = AXIS2_PLACEMENT_3D('',#12,#13,#14);
#12 = CARTESIAN_POINT('',(0.,0.,0.));
#13 = DIRECTION('',(0.,0.,1.));
#14 = DIRECTION('',(1.,0.,-0.));
#15 = MANIFOLD_SOLID_BREP('',#16);
#16 = CLOSED_SHELL('',(#17,#137,#224,#303,#1405,#1455,#1509,#1620,#1908,
    #1934,#2018,#2068,#2118,#2145,#2200,#2255,#2310,#2365,#2441,#2495,
    #2545,#2599,#2653,#2703,#2753,#2802,#2851,#2901,#2951,#3005,#3059,
    #3109,#3159,#3208,#3257,#3307,#3357,#3411,#3465,#3515,#3565,#3592,
    #3647,#3702,#3728,#3783,#3833,#3859,#3885,#3911,#3918,#3973,#4028,
    #4083,#4138,#4197,#4201,#4205,#4209,#4213,#4920,#4924,#4928,#5047,
    #5051,#5055,#5059,#5063,#5169,#5245,#5299,#5353,#5400,#5454,#5508,
    #5562,#5609,#5663,#5717,#5771,#5818,#5872,#5926,#5980,#6027,#6081,
    #6135,#6189,#6236,#6290,#6344,#6398,#6423,#8383,#8437,#8491,#9067,
    #9094,#9121,#9237,#9286,#9336,#9363,#9390,#9417,#9444,#9540,#9589,
    #9639,#9666,#9693,#9700,#9727,#9754,#9884,#9933,#10011,#10203,#10305
    ,#10354,#10403,#10453,#10500,#10648,#10697,#10843,#10892,#10964,
    #11011,#11121,#11168,#11283,#11310,#11317,#11344,#11351,#11403,
    #11456,#11508,#11560,#11636,#11685,#11784,#11831,#11922,#11971,
    #12020,#12119,#12166,#12257,#12306,#12355,#12454,#12501,#12592,
    #12641,#12690,#12789,#12836,#12905,#12955,#13063,#13095,#13102,
    #13109,#13138,#13165,#13172,#13225,#13254,#13259,#13311,#13382,
    #13408,#13435,#13442,#13469,#13496,#13503,#13530,#13537,#13592,
    #13647,#13702,#13757,#13860,#13885,#13892,#13917,#13924,#13949,
    #13956,#13981,#13988,#14023,#14058,#14093,#14128,#14183,#14238,
    #14293,#14348,#14352,#14356,#14360));
#17 = ADVANCED_FACE('',(#18),#32,.F.);
#18 = FACE_BOUND('',#19,.F.);
#19 = EDGE_LOOP('',(#20,#55,#83,#111));
#20 = ORIENTED_EDGE('',*,*,#21,.T.);
#21 = EDGE_CURVE('',#22,#24,#26,.T.);
#22 = VERTEX_POINT('',#23);
#23 = CARTESIAN_POINT('',(3.,-4.,-0.9));
#24 = VERTEX_POINT('',#25);
#25 = CARTESIAN_POINT('',(3.,-4.,24.));
#26 = SURFACE_CURVE('',#27,(#31,#43),.PCURVE_S1.);
#27 = LINE('',#28,#29);
#28 = CARTESIAN_POINT('',(3.,-4.,-2.4));
#29 = VECTOR('',#30,1.);
#30 = DIRECTION('',(0.,0.,1.));
#31 = PCURVE('',#32,#37);
#32 = PLANE('',#33);
#33 = AXIS2_PLACEMENT_3D('',#34,#35,#36);
#34 = CARTESIAN_POINT('',(-4.,-4.,-2.4));
#35 = DIRECTION('',(0.,1.,0.));
#36 = DIRECTION('',(1.,0.,0.));
#37 = DEFINITIONAL_REPRESENTATION('',(#38),#42);
#38 = LINE('',#39,#40);
#39 = CARTESIAN_POINT('',(7.,0.));
#40 = VECTOR('',#41,1.);
#41 = DIRECTION('',(0.,-1.));
#42 = ( GEOMETRIC_REPRESENTATION_CONTEXT(2) 
PARAMETRIC_REPRESENTATION_CONTEXT() REPRESENTATION_CONTEXT('2D SPACE',''
  ) );
#43 = PCURVE('',#44,#49);
#44 = CYLINDRICAL_SURFACE('',#45,7.);
#45 = AXIS2_PLACEMENT_3D('',#46,#47,#48);
#46 = CARTESIAN_POINT('',(3.,3.,-2.4));
#47 = DIRECTION('',(0.,0.,1.));
#48 = DIRECTION('',(0.,-1.,0.));
#49 = DEFINITIONAL_REPRESENTATION('',(#50),#54);
#50 = LINE('',#51,#52);
#51 = CARTESIAN_POINT('',(-0.,0.));
#52 = VECTOR('',#53,1.);
#53 = DIRECTION('',(-0.,1.));
#54 = ( GEOMETRIC_REPRESENTATION_CONTEXT(2) 
PARAMETRIC_REPRESENTATION_CONTEXT() REPRESENTATION_CONTEXT('2D SPACE',''
  ) );
#55 = ORIENTED_EDGE('',*,*,#56,.T.);
#56 = EDGE_CURVE('',#24,#57,#59,.T.);
#57 = VERTEX_POINT('',#58);
#58 = CARTESIAN_POINT('',(95.5,-4.,24.));
#59 = SURFACE_CURVE('',#60,(#64,#71),.PCURVE_S1.);
#60 = LINE('',#61,#62);
#61 = CARTESIAN_POINT('',(-4.,-4.,24.));
#62 = VECTOR('',#63,1.);
#63 = DIRECTION('',(1.,0.,0.));
#64 = PCURVE('',#32,#65);
#65 = DEFINITIONAL_REPRESENTATION('',(#66),#70);
#66 = LINE('',#67,#68);
#67 = CARTESIAN_POINT('',(0.,-26.4));
#68 = VECTOR('',#69,1.);
#69 = DIRECTION('',(1.,0.));
#70 = ( GEOMETRIC_REPRESENTATION_CONTEXT(2) 
PARAMETRIC_REPRESENTATION_CONTEXT() REPRESENTATION_CONTEXT('2D SPACE',''
  ) );
#71 = PCURVE('',#72,#77);
#72 = PLANE('',#73);
#73 = AXIS2_PLACEMENT_3D('',#74,#75,#76);
#74 = CARTESIAN_POINT('',(49.25,36.45,24.));
#75 = DIRECTION('',(0.,0.,1.));
#76 = DIRECTION('',(1.,0.,-0.));
#77 = DEFINITIONAL_REPRESENTATION('',(#78),#82);
#78 = LINE('',#79,#80);
#79 = CARTESIAN_POINT('',(-53.25,-40.45));
#80 = VECTOR('',#81,1.);
#81 = DIRECTION('',(1.,0.));
#82 = ( GEOMETRIC_REPRESENTATION_CONTEXT(2) 
PARAMETRIC_REPRESENTATION_CONTEXT() REPRESENTATION_CONTEXT('2D SPACE',''
  ) );
#83 = ORIENTED_EDGE('',*,*,#84,.F.);
#84 = EDGE_CURVE('',#85,#57,#87,.T.);
#85 = VERTEX_POINT('',#86);
#86 = CARTESIAN_POINT('',(95.5,-4.,-0.9));
#87 = SURFACE_CURVE('',#88,(#92,#99),.PCURVE_S1.);
#88 = LINE('',#89,#90);
#89 = CARTESIAN_POINT('',(95.5,-4.,-2.4));
#90 = VECTOR('',#91,1.);
#91 = DIRECTION('',(0.,0.,1.));
#92 = PCURVE('',#32,#93);
#93 = DEFINITIONAL_REPRESENTATION('',(#94),#98);
#94 = LINE('',#95,#96);
#95 = CARTESIAN_POINT('',(99.5,0.));
#96 = VECTOR('',#97,1.);
#97 = DIRECTION('',(0.,-1.));
#98 = ( GEOMETRIC_REPRESENTATION_CONTEXT(2) 
PARAMETRIC_REPRESENTATION_CONTEXT() REPRESENTATION_CONTEXT('2D SPACE',''
  ) );
#99 = PCURVE('',#100,#105);
#100 = CYLINDRICAL_SURFACE('',#101,7.);
#101 = AXIS2_PLACEMENT_3D('',#102,#103,#104);
#102 = CARTESIAN_POINT('',(95.5,3.,-2.4));
#103 = DIRECTION('',(0.,0.,1.));
#104 = DIRECTION('',(0.,-1.,0.));
#105 = DEFINITIONAL_REPRESENTATION('',(#106),#110);
#106 = LINE('',#107,#108);
#107 = CARTESIAN_POINT('',(0.,0.));
#108 = VECTOR('',#109,1.);
#109 = DIRECTION('',(0.,1.));
#110 = ( GEOMETRIC_REPRESENTATION_CONTEXT(2) 
PARAMETRIC_REPRESENTATION_CONTEXT() REPRESENTATION_CONTEXT('2D SPACE',''
  ) );
#111 = ORIENTED_EDGE('',*,*,#112,.F.);
#112 = EDGE_CURVE('',#22,#85,#113,.T.);
#113 = SURFACE_CURVE('',#114,(#118,#125),.PCURVE_S1.);
#114 = LINE('',#115,#116);
#115 = CARTESIAN_POINT('',(3.,-4.,-0.9));
#116 = VECTOR('',#117,1.);
#117 = DIRECTION('',(1.,0.,0.));
#118 = PCURVE('',#32,#119);
#119 = DEFINITIONAL_REPRESENTATION('',(#120),#124);
#120 = LINE('',#121,#122);
#121 = CARTESIAN_POINT('',(7.,-1.5));
#122 = VECTOR('',#123,1.);
#123 = DIRECTION('',(1.,0.));
#124 = ( GEOMETRIC_REPRESENTATION_CONTEXT(2) 
PARAMETRIC_REPRESENTATION_CONTEXT() REPRESENTATION_CONTEXT('2D SPACE',''
  ) );
#125 = PCURVE('',#126,#131);
#126 = CYLINDRICAL_SURFACE('',#127,1.5);
#127 = AXIS2_PLACEMENT_3D('',#128,#129,#130);
#128 = CARTESIAN_POINT('',(3.,-2.5,-0.9));
#129 = DIRECTION('',(1.,0.,0.));
#130 = DIRECTION('',(0.,-1.,-0.));
#131 = DEFINITIONAL_REPRESENTATION('',(#132),#136);
#132 = LINE('',#133,#134);
#133 = CARTESIAN_POINT('',(0.,0.));
#134 = VECTOR('',#135,1.);
#135 = DIRECTION('',(0.,1.));
#136 = ( GEOMETRIC_REPRESENTATION_CONTEXT(2) 
PARAMETRIC_REPRESENTATION_CONTEXT() REPRESENTATION_CONTEXT('2D SPACE',''
  ) );
#137 = ADVANCED_FACE('',(#138),#44,.T.);
#138 = FACE_BOUND('',#139,.F.);
#139 = EDGE_LOOP('',(#140,#141,#170,#198));
#140 = ORIENTED_EDGE('',*,*,#21,.F.);
#141 = ORIENTED_EDGE('',*,*,#142,.F.);
#142 = EDGE_CURVE('',#143,#22,#145,.T.);
#143 = VERTEX_POINT('',#144);
#144 = CARTESIAN_POINT('',(-4.,3.,-0.9));
#145 = SURFACE_CURVE('',#146,(#151,#158),.PCURVE_S1.);
#146 = CIRCLE('',#147,7.);
#147 = AXIS2_PLACEMENT_3D('',#148,#149,#150);
#148 = CARTESIAN_POINT('',(3.,3.,-0.9));
#149 = DIRECTION('',(0.,0.,1.));
#150 = DIRECTION('',(-1.,-1.903239470786E-16,0.));
#151 = PCURVE('',#44,#152);
#152 = DEFINITIONAL_REPRESENTATION('',(#153),#157);
#153 = LINE('',#154,#155);
#154 = CARTESIAN_POINT('',(-1.570796326795,1.5));
#155 = VECTOR('',#156,1.);
#156 = DIRECTION('',(1.,-0.));
#157 = ( GEOMETRIC_REPRESENTATION_CONTEXT(2) 
PARAMETRIC_REPRESENTATION_CONTEXT() REPRESENTATION_CONTEXT('2D SPACE',''
  ) );
#158 = PCURVE('',#159,#164);
#159 = TOROIDAL_SURFACE('',#160,5.5,1.5);
#160 = AXIS2_PLACEMENT_3D('',#161,#162,#163);
#161 = CARTESIAN_POINT('',(3.,3.,-0.9));
#162 = DIRECTION('',(-0.,-0.,-1.));
#163 = DIRECTION('',(-1.,-1.903239470786E-16,0.));
#164 = DEFINITIONAL_REPRESENTATION('',(#165),#169);
#165 = LINE('',#166,#167);
#166 = CARTESIAN_POINT('',(-0.,0.));
#167 = VECTOR('',#168,1.);
#168 = DIRECTION('',(-1.,0.));
#169 = ( GEOMETRIC_REPRESENTATION_CONTEXT(2) 
PARAMETRIC_REPRESENTATION_CONTEXT() REPRESENTATION_CONTEXT('2D SPACE',''
  ) );
#170 = ORIENTED_EDGE('',*,*,#171,.T.);
#171 = EDGE_CURVE('',#143,#172,#174,.T.);
#172 = VERTEX_POINT('',#173);
#173 = CARTESIAN_POINT('',(-4.,3.,24.));
#174 = SURFACE_CURVE('',#175,(#179,#186),.PCURVE_S1.);
#175 = LINE('',#176,#177);
#176 = CARTESIAN_POINT('',(-4.,3.,-2.4));
#177 = VECTOR('',#178,1.);
#178 = DIRECTION('',(0.,0.,1.));
#179 = PCURVE('',#44,#180);
#180 = DEFINITIONAL_REPRESENTATION('',(#181),#185);
#181 = LINE('',#182,#183);
#182 = CARTESIAN_POINT('',(-1.570796326795,0.));
#183 = VECTOR('',#184,1.);
#184 = DIRECTION('',(-0.,1.));
#185 = ( GEOMETRIC_REPRESENTATION_CONTEXT(2) 
PARAMETRIC_REPRESENTATION_CONTEXT() REPRESENTATION_CONTEXT('2D SPACE',''
  ) );
#186 = PCURVE('',#187,#192);
#187 = PLANE('',#188);
#188 = AXIS2_PLACEMENT_3D('',#189,#190,#191);
#189 = CARTESIAN_POINT('',(-4.,76.9,-2.4));
#190 = DIRECTION('',(1.,0.,-0.));
#191 = DIRECTION('',(0.,-1.,0.));
#192 = DEFINITIONAL_REPRESENTATION('',(#193),#197);
#193 = LINE('',#194,#195);
#194 = CARTESIAN_POINT('',(73.9,0.));
#195 = VECTOR('',#196,1.);
#196 = DIRECTION('',(0.,-1.));
#197 = ( GEOMETRIC_REPRESENTATION_CONTEXT(2) 
PARAMETRIC_REPRESENTATION_CONTEXT() REPRESENTATION_CONTEXT('2D SPACE',''
  ) );
#198 = ORIENTED_EDGE('',*,*,#199,.F.);
#199 = EDGE_CURVE('',#24,#172,#200,.T.);
#200 = SURFACE_CURVE('',#201,(#206,#213),.PCURVE_S1.);
#201 = CIRCLE('',#202,7.);
#202 = AXIS2_PLACEMENT_3D('',#203,#204,#205);
#203 = CARTESIAN_POINT('',(3.,3.,24.));
#204 = DIRECTION('',(-0.,-0.,-1.));
#205 = DIRECTION('',(0.,-1.,0.));
#206 = PCURVE('',#44,#207);
#207 = DEFINITIONAL_REPRESENTATION('',(#208),#212);
#208 = LINE('',#209,#210);
#209 = CARTESIAN_POINT('',(-0.,26.4));
#210 = VECTOR('',#211,1.);
#211 = DIRECTION('',(-1.,0.));
#212 = ( GEOMETRIC_REPRESENTATION_CONTEXT(2) 
PARAMETRIC_REPRESENTATION_CONTEXT() REPRESENTATION_CONTEXT('2D SPACE',''
  ) );
#213 = PCURVE('',#72,#214);
#214 = DEFINITIONAL_REPRESENTATION('',(#215),#223);
#215 = ( BOUNDED_CURVE() B_SPLINE_CURVE(2,(#216,#217,#218,#219,#220,#221
,#222),.UNSPECIFIED.,.T.,.F.) B_SPLINE_CURVE_WITH_KNOTS((1,2,2,2,2,1),(
    -2.094395102393,0.,2.094395102393,4.188790204786,6.28318530718,
8.377580409573),.UNSPECIFIED.) CURVE() GEOMETRIC_REPRESENTATION_ITEM() 
RATIONAL_B_SPLINE_CURVE((1.,0.5,1.,0.5,1.,0.5,1.)) REPRESENTATION_ITEM(
  '') );
#216 = CARTESIAN_POINT('',(-46.25,-40.45));
#217 = CARTESIAN_POINT('',(-58.37435565298,-40.45));
#218 = CARTESIAN_POINT('',(-52.31217782649,-29.95));
#219 = CARTESIAN_POINT('',(-46.25,-19.45));
#220 = CARTESIAN_POINT('',(-40.1878221735,-29.95));
#221 = CARTESIAN_POINT('',(-34.12564434701,-40.45));
#222 = CARTESIAN_POINT('',(-46.25,-40.45));
#223 = ( GEOMETRIC_REPRESENTATION_CONTEXT(2) 
PARAMETRIC_REPRESENTATION_CONTEXT() REPRESENTATION_CONTEXT('2D SPACE',''
  ) );
#224 = ADVANCED_FACE('',(#225),#126,.T.);
#225 = FACE_BOUND('',#226,.T.);
#226 = EDGE_LOOP('',(#227,#249,#277,#302));
#227 = ORIENTED_EDGE('',*,*,#228,.T.);
#228 = EDGE_CURVE('',#22,#229,#231,.T.);
#229 = VERTEX_POINT('',#230);
#230 = CARTESIAN_POINT('',(3.,-2.5,-2.4));
#231 = SURFACE_CURVE('',#232,(#237,#243),.PCURVE_S1.);
#232 = CIRCLE('',#233,1.5);
#233 = AXIS2_PLACEMENT_3D('',#234,#235,#236);
#234 = CARTESIAN_POINT('',(3.,-2.5,-0.9));
#235 = DIRECTION('',(1.,0.,0.));
#236 = DIRECTION('',(0.,-1.,-0.));
#237 = PCURVE('',#126,#238);
#238 = DEFINITIONAL_REPRESENTATION('',(#239),#242);
#239 = B_SPLINE_CURVE_WITH_KNOTS('',1,(#240,#241),.UNSPECIFIED.,.F.,.F.,
  (2,2),(0.,1.570796326795),.PIECEWISE_BEZIER_KNOTS.);
#240 = CARTESIAN_POINT('',(0.,-8.881784197001E-16));
#241 = CARTESIAN_POINT('',(1.570796326795,-8.881784197001E-16));
#242 = ( GEOMETRIC_REPRESENTATION_CONTEXT(2) 
PARAMETRIC_REPRESENTATION_CONTEXT() REPRESENTATION_CONTEXT('2D SPACE',''
  ) );
#243 = PCURVE('',#159,#244);
#244 = DEFINITIONAL_REPRESENTATION('',(#245),#248);
#245 = B_SPLINE_CURVE_WITH_KNOTS('',1,(#246,#247),.UNSPECIFIED.,.F.,.F.,
  (2,2),(0.,1.570796326795),.PIECEWISE_BEZIER_KNOTS.);
#246 = CARTESIAN_POINT('',(-1.570796326795,0.));
#247 = CARTESIAN_POINT('',(-1.570796326795,1.570796326795));
#248 = ( GEOMETRIC_REPRESENTATION_CONTEXT(2) 
PARAMETRIC_REPRESENTATION_CONTEXT() REPRESENTATION_CONTEXT('2D SPACE',''
  ) );
#249 = ORIENTED_EDGE('',*,*,#250,.T.);
#250 = EDGE_CURVE('',#229,#251,#253,.T.);
#251 = VERTEX_POINT('',#252);
#252 = CARTESIAN_POINT('',(95.5,-2.5,-2.4));
#253 = SURFACE_CURVE('',#254,(#258,#265),.PCURVE_S1.);
#254 = LINE('',#255,#256);
#255 = CARTESIAN_POINT('',(3.,-2.5,-2.4));
#256 = VECTOR('',#257,1.);
#257 = DIRECTION('',(1.,0.,0.));
#258 = PCURVE('',#126,#259);
#259 = DEFINITIONAL_REPRESENTATION('',(#260),#264);
#260 = LINE('',#261,#262);
#261 = CARTESIAN_POINT('',(1.570796326795,0.));
#262 = VECTOR('',#263,1.);
#263 = DIRECTION('',(0.,1.));
#264 = ( GEOMETRIC_REPRESENTATION_CONTEXT(2) 
PARAMETRIC_REPRESENTATION_CONTEXT() REPRESENTATION_CONTEXT('2D SPACE',''
  ) );
#265 = PCURVE('',#266,#271);
#266 = PLANE('',#267);
#267 = AXIS2_PLACEMENT_3D('',#268,#269,#270);
#268 = CARTESIAN_POINT('',(49.25,36.45,-2.4));
#269 = DIRECTION('',(0.,0.,1.));
#270 = DIRECTION('',(1.,0.,-0.));
#271 = DEFINITIONAL_REPRESENTATION('',(#272),#276);
#272 = LINE('',#273,#274);
#273 = CARTESIAN_POINT('',(-46.25,-38.95));
#274 = VECTOR('',#275,1.);
#275 = DIRECTION('',(1.,0.));
#276 = ( GEOMETRIC_REPRESENTATION_CONTEXT(2) 
PARAMETRIC_REPRESENTATION_CONTEXT() REPRESENTATION_CONTEXT('2D SPACE',''
  ) );
#277 = ORIENTED_EDGE('',*,*,#278,.F.);
#278 = EDGE_CURVE('',#85,#251,#279,.T.);
#279 = SURFACE_CURVE('',#280,(#285,#291),.PCURVE_S1.);
#280 = CIRCLE('',#281,1.5);
#281 = AXIS2_PLACEMENT_3D('',#282,#283,#284);
#282 = CARTESIAN_POINT('',(95.5,-2.5,-0.9));
#283 = DIRECTION('',(1.,0.,0.));
#284 = DIRECTION('',(0.,-1.,-0.));
#285 = PCURVE('',#126,#286);
#286 = DEFINITIONAL_REPRESENTATION('',(#287),#290);
#287 = B_SPLINE_CURVE_WITH_KNOTS('',1,(#288,#289),.UNSPECIFIED.,.F.,.F.,
  (2,2),(0.,1.570796326795),.PIECEWISE_BEZIER_KNOTS.);
#288 = CARTESIAN_POINT('',(0.,92.5));
#289 = CARTESIAN_POINT('',(1.570796326795,92.5));
#290 = ( GEOMETRIC_REPRESENTATION_CONTEXT(2) 
PARAMETRIC_REPRESENTATION_CONTEXT() REPRESENTATION_CONTEXT('2D SPACE',''
  ) );
#291 = PCURVE('',#292,#297);
#292 = TOROIDAL_SURFACE('',#293,5.5,1.5);
#293 = AXIS2_PLACEMENT_3D('',#294,#295,#296);
#294 = CARTESIAN_POINT('',(95.5,3.,-0.9));
#295 = DIRECTION('',(-0.,-0.,-1.));
#296 = DIRECTION('',(0.,-1.,0.));
#297 = DEFINITIONAL_REPRESENTATION('',(#298),#301);
#298 = B_SPLINE_CURVE_WITH_KNOTS('',1,(#299,#300),.UNSPECIFIED.,.F.,.F.,
  (2,2),(0.,1.570796326795),.PIECEWISE_BEZIER_KNOTS.);
#299 = CARTESIAN_POINT('',(0.,0.));
#300 = CARTESIAN_POINT('',(0.,1.570796326795));
#301 = ( GEOMETRIC_REPRESENTATION_CONTEXT(2) 
PARAMETRIC_REPRESENTATION_CONTEXT() REPRESENTATION_CONTEXT('2D SPACE',''
  ) );
#302 = ORIENTED_EDGE('',*,*,#112,.F.);
#303 = ADVANCED_FACE('',(#304,#467,#498,#529,#560,#591,#1343,#1374),#72,
  .T.);
#304 = FACE_BOUND('',#305,.T.);
#305 = EDGE_LOOP('',(#306,#307,#331,#359,#388,#416,#445,#466));
#306 = ORIENTED_EDGE('',*,*,#56,.T.);
#307 = ORIENTED_EDGE('',*,*,#308,.T.);
#308 = EDGE_CURVE('',#57,#309,#311,.T.);
#309 = VERTEX_POINT('',#310);
#310 = CARTESIAN_POINT('',(102.5,3.,24.));
#311 = SURFACE_CURVE('',#312,(#317,#324),.PCURVE_S1.);
#312 = CIRCLE('',#313,7.);
#313 = AXIS2_PLACEMENT_3D('',#314,#315,#316);
#314 = CARTESIAN_POINT('',(95.5,3.,24.));
#315 = DIRECTION('',(0.,0.,1.));
#316 = DIRECTION('',(0.,-1.,0.));
#317 = PCURVE('',#72,#318);
#318 = DEFINITIONAL_REPRESENTATION('',(#319),#323);
#319 = CIRCLE('',#320,7.);
#320 = AXIS2_PLACEMENT_2D('',#321,#322);
#321 = CARTESIAN_POINT('',(46.25,-33.45));
#322 = DIRECTION('',(0.,-1.));
#323 = ( GEOMETRIC_REPRESENTATION_CONTEXT(2) 
PARAMETRIC_REPRESENTATION_CONTEXT() REPRESENTATION_CONTEXT('2D SPACE',''
  ) );
#324 = PCURVE('',#100,#325);
#325 = DEFINITIONAL_REPRESENTATION('',(#326),#330);
#326 = LINE('',#327,#328);
#327 = CARTESIAN_POINT('',(0.,26.4));
#328 = VECTOR('',#329,1.);
#329 = DIRECTION('',(1.,0.));
#330 = ( GEOMETRIC_REPRESENTATION_CONTEXT(2) 
PARAMETRIC_REPRESENTATION_CONTEXT() REPRESENTATION_CONTEXT('2D SPACE',''
  ) );
#331 = ORIENTED_EDGE('',*,*,#332,.T.);
#332 = EDGE_CURVE('',#309,#333,#335,.T.);
#333 = VERTEX_POINT('',#334);
#334 = CARTESIAN_POINT('',(102.5,69.9,24.));
#335 = SURFACE_CURVE('',#336,(#340,#347),.PCURVE_S1.);
#336 = LINE('',#337,#338);
#337 = CARTESIAN_POINT('',(102.5,-4.,24.));
#338 = VECTOR('',#339,1.);
#339 = DIRECTION('',(0.,1.,0.));
#340 = PCURVE('',#72,#341);
#341 = DEFINITIONAL_REPRESENTATION('',(#342),#346);
#342 = LINE('',#343,#344);
#343 = CARTESIAN_POINT('',(53.25,-40.45));
#344 = VECTOR('',#345,1.);
#345 = DIRECTION('',(0.,1.));
#346 = ( GEOMETRIC_REPRESENTATION_CONTEXT(2) 
PARAMETRIC_REPRESENTATION_CONTEXT() REPRESENTATION_CONTEXT('2D SPACE',''
  ) );
#347 = PCURVE('',#348,#353);
#348 = PLANE('',#349);
#349 = AXIS2_PLACEMENT_3D('',#350,#351,#352);
#350 = CARTESIAN_POINT('',(102.5,-4.,-2.4));
#351 = DIRECTION('',(-1.,0.,0.));
#352 = DIRECTION('',(0.,1.,0.));
#353 = DEFINITIONAL_REPRESENTATION('',(#354),#358);
#354 = LINE('',#355,#356);
#355 = CARTESIAN_POINT('',(0.,-26.4));
#356 = VECTOR('',#357,1.);
#357 = DIRECTION('',(1.,0.));
#358 = ( GEOMETRIC_REPRESENTATION_CONTEXT(2) 
PARAMETRIC_REPRESENTATION_CONTEXT() REPRESENTATION_CONTEXT('2D SPACE',''
  ) );
#359 = ORIENTED_EDGE('',*,*,#360,.T.);
#360 = EDGE_CURVE('',#333,#361,#363,.T.);
#361 = VERTEX_POINT('',#362);
#362 = CARTESIAN_POINT('',(95.5,76.9,24.));
#363 = SURFACE_CURVE('',#364,(#369,#376),.PCURVE_S1.);
#364 = CIRCLE('',#365,7.);
#365 = AXIS2_PLACEMENT_3D('',#366,#367,#368);
#366 = CARTESIAN_POINT('',(95.5,69.9,24.));
#367 = DIRECTION('',(0.,0.,1.));
#368 = DIRECTION('',(0.,-1.,0.));
#369 = PCURVE('',#72,#370);
#370 = DEFINITIONAL_REPRESENTATION('',(#371),#375);
#371 = CIRCLE('',#372,7.);
#372 = AXIS2_PLACEMENT_2D('',#373,#374);
#373 = CARTESIAN_POINT('',(46.25,33.45));
#374 = DIRECTION('',(0.,-1.));
#375 = ( GEOMETRIC_REPRESENTATION_CONTEXT(2) 
PARAMETRIC_REPRESENTATION_CONTEXT() REPRESENTATION_CONTEXT('2D SPACE',''
  ) );
#376 = PCURVE('',#377,#382);
#377 = CYLINDRICAL_SURFACE('',#378,7.);
#378 = AXIS2_PLACEMENT_3D('',#379,#380,#381);
#379 = CARTESIAN_POINT('',(95.5,69.9,-2.4));
#380 = DIRECTION('',(0.,0.,1.));
#381 = DIRECTION('',(1.,0.,-0.));
#382 = DEFINITIONAL_REPRESENTATION('',(#383),#387);
#383 = LINE('',#384,#385);
#384 = CARTESIAN_POINT('',(-1.570796326795,26.4));
#385 = VECTOR('',#386,1.);
#386 = DIRECTION('',(1.,0.));
#387 = ( GEOMETRIC_REPRESENTATION_CONTEXT(2) 
PARAMETRIC_REPRESENTATION_CONTEXT() REPRESENTATION_CONTEXT('2D SPACE',''
  ) );
#388 = ORIENTED_EDGE('',*,*,#389,.T.);
#389 = EDGE_CURVE('',#361,#390,#392,.T.);
#390 = VERTEX_POINT('',#391);
#391 = CARTESIAN_POINT('',(3.,76.9,24.));
#392 = SURFACE_CURVE('',#393,(#397,#404),.PCURVE_S1.);
#393 = LINE('',#394,#395);
#394 = CARTESIAN_POINT('',(102.5,76.9,24.));
#395 = VECTOR('',#396,1.);
#396 = DIRECTION('',(-1.,0.,0.));
#397 = PCURVE('',#72,#398);
#398 = DEFINITIONAL_REPRESENTATION('',(#399),#403);
#399 = LINE('',#400,#401);
#400 = CARTESIAN_POINT('',(53.25,40.45));
#401 = VECTOR('',#402,1.);
#402 = DIRECTION('',(-1.,0.));
#403 = ( GEOMETRIC_REPRESENTATION_CONTEXT(2) 
PARAMETRIC_REPRESENTATION_CONTEXT() REPRESENTATION_CONTEXT('2D SPACE',''
  ) );
#404 = PCURVE('',#405,#410);
#405 = PLANE('',#406);
#406 = AXIS2_PLACEMENT_3D('',#407,#408,#409);
#407 = CARTESIAN_POINT('',(102.5,76.9,-2.4));
#408 = DIRECTION('',(0.,-1.,0.));
#409 = DIRECTION('',(-1.,0.,0.));
#410 = DEFINITIONAL_REPRESENTATION('',(#411),#415);
#411 = LINE('',#412,#413);
#412 = CARTESIAN_POINT('',(0.,-26.4));
#413 = VECTOR('',#414,1.);
#414 = DIRECTION('',(1.,0.));
#415 = ( GEOMETRIC_REPRESENTATION_CONTEXT(2) 
PARAMETRIC_REPRESENTATION_CONTEXT() REPRESENTATION_CONTEXT('2D SPACE',''
  ) );
#416 = ORIENTED_EDGE('',*,*,#417,.T.);
#417 = EDGE_CURVE('',#390,#418,#420,.T.);
#418 = VERTEX_POINT('',#419);
#419 = CARTESIAN_POINT('',(-4.,69.9,24.));
#420 = SURFACE_CURVE('',#421,(#426,#433),.PCURVE_S1.);
#421 = CIRCLE('',#422,7.);
#422 = AXIS2_PLACEMENT_3D('',#423,#424,#425);
#423 = CARTESIAN_POINT('',(3.,69.9,24.));
#424 = DIRECTION('',(0.,0.,1.));
#425 = DIRECTION('',(0.,-1.,0.));
#426 = PCURVE('',#72,#427);
#427 = DEFINITIONAL_REPRESENTATION('',(#428),#432);
#428 = CIRCLE('',#429,7.);
#429 = AXIS2_PLACEMENT_2D('',#430,#431);
#430 = CARTESIAN_POINT('',(-46.25,33.45));
#431 = DIRECTION('',(0.,-1.));
#432 = ( GEOMETRIC_REPRESENTATION_CONTEXT(2) 
PARAMETRIC_REPRESENTATION_CONTEXT() REPRESENTATION_CONTEXT('2D SPACE',''
  ) );
#433 = PCURVE('',#434,#439);
#434 = CYLINDRICAL_SURFACE('',#435,7.);
#435 = AXIS2_PLACEMENT_3D('',#436,#437,#438);
#436 = CARTESIAN_POINT('',(3.,69.9,-2.4));
#437 = DIRECTION('',(0.,0.,1.));
#438 = DIRECTION('',(-0.,1.,0.));
#439 = DEFINITIONAL_REPRESENTATION('',(#440),#444);
#440 = LINE('',#441,#442);
#441 = CARTESIAN_POINT('',(-3.14159265359,26.4));
#442 = VECTOR('',#443,1.);
#443 = DIRECTION('',(1.,0.));
#444 = ( GEOMETRIC_REPRESENTATION_CONTEXT(2) 
PARAMETRIC_REPRESENTATION_CONTEXT() REPRESENTATION_CONTEXT('2D SPACE',''
  ) );
#445 = ORIENTED_EDGE('',*,*,#446,.T.);
#446 = EDGE_CURVE('',#418,#172,#447,.T.);
#447 = SURFACE_CURVE('',#448,(#452,#459),.PCURVE_S1.);
#448 = LINE('',#449,#450);
#449 = CARTESIAN_POINT('',(-4.,76.9,24.));
#450 = VECTOR('',#451,1.);
#451 = DIRECTION('',(0.,-1.,0.));
#452 = PCURVE('',#72,#453);
#453 = DEFINITIONAL_REPRESENTATION('',(#454),#458);
#454 = LINE('',#455,#456);
#455 = CARTESIAN_POINT('',(-53.25,40.45));
#456 = VECTOR('',#457,1.);
#457 = DIRECTION('',(0.,-1.));
#458 = ( GEOMETRIC_REPRESENTATION_CONTEXT(2) 
PARAMETRIC_REPRESENTATION_CONTEXT() REPRESENTATION_CONTEXT('2D SPACE',''
  ) );
#459 = PCURVE('',#187,#460);
#460 = DEFINITIONAL_REPRESENTATION('',(#461),#465);
#461 = LINE('',#462,#463);
#462 = CARTESIAN_POINT('',(0.,-26.4));
#463 = VECTOR('',#464,1.);
#464 = DIRECTION('',(1.,0.));
#465 = ( GEOMETRIC_REPRESENTATION_CONTEXT(2) 
PARAMETRIC_REPRESENTATION_CONTEXT() REPRESENTATION_CONTEXT('2D SPACE',''
  ) );
#466 = ORIENTED_EDGE('',*,*,#199,.F.);
#467 = FACE_BOUND('',#468,.T.);
#468 = EDGE_LOOP('',(#469));
#469 = ORIENTED_EDGE('',*,*,#470,.F.);
#470 = EDGE_CURVE('',#471,#471,#473,.T.);
#471 = VERTEX_POINT('',#472);
#472 = CARTESIAN_POINT('',(2.75,1.5,24.));
#473 = SURFACE_CURVE('',#474,(#479,#486),.PCURVE_S1.);
#474 = CIRCLE('',#475,1.25);
#475 = AXIS2_PLACEMENT_3D('',#476,#477,#478);
#476 = CARTESIAN_POINT('',(1.5,1.5,24.));
#477 = DIRECTION('',(0.,0.,1.));
#478 = DIRECTION('',(1.,0.,-0.));
#479 = PCURVE('',#72,#480);
#480 = DEFINITIONAL_REPRESENTATION('',(#481),#485);
#481 = CIRCLE('',#482,1.25);
#482 = AXIS2_PLACEMENT_2D('',#483,#484);
#483 = CARTESIAN_POINT('',(-47.75,-34.95));
#484 = DIRECTION('',(1.,0.));
#485 = ( GEOMETRIC_REPRESENTATION_CONTEXT(2) 
PARAMETRIC_REPRESENTATION_CONTEXT() REPRESENTATION_CONTEXT('2D SPACE',''
  ) );
#486 = PCURVE('',#487,#492);
#487 = CYLINDRICAL_SURFACE('',#488,1.25);
#488 = AXIS2_PLACEMENT_3D('',#489,#490,#491);
#489 = CARTESIAN_POINT('',(1.5,1.5,10.));
#490 = DIRECTION('',(0.,0.,1.));
#491 = DIRECTION('',(1.,0.,-0.));
#492 = DEFINITIONAL_REPRESENTATION('',(#493),#497);
#493 = LINE('',#494,#495);
#494 = CARTESIAN_POINT('',(0.,14.));
#495 = VECTOR('',#496,1.);
#496 = DIRECTION('',(1.,0.));
#497 = ( GEOMETRIC_REPRESENTATION_CONTEXT(2) 
PARAMETRIC_REPRESENTATION_CONTEXT() REPRESENTATION_CONTEXT('2D SPACE',''
  ) );
#498 = FACE_BOUND('',#499,.T.);
#499 = EDGE_LOOP('',(#500));
#500 = ORIENTED_EDGE('',*,*,#501,.F.);
#501 = EDGE_CURVE('',#502,#502,#504,.T.);
#502 = VERTEX_POINT('',#503);
#503 = CARTESIAN_POINT('',(50.5,1.5,24.));
#504 = SURFACE_CURVE('',#505,(#510,#517),.PCURVE_S1.);
#505 = CIRCLE('',#506,1.25);
#506 = AXIS2_PLACEMENT_3D('',#507,#508,#509);
#507 = CARTESIAN_POINT('',(49.25,1.5,24.));
#508 = DIRECTION('',(0.,0.,1.));
#509 = DIRECTION('',(1.,0.,-0.));
#510 = PCURVE('',#72,#511);
#511 = DEFINITIONAL_REPRESENTATION('',(#512),#516);
#512 = CIRCLE('',#513,1.25);
#513 = AXIS2_PLACEMENT_2D('',#514,#515);
#514 = CARTESIAN_POINT('',(-7.105427357601E-15,-34.95));
#515 = DIRECTION('',(1.,0.));
#516 = ( GEOMETRIC_REPRESENTATION_CONTEXT(2) 
PARAMETRIC_REPRESENTATION_CONTEXT() REPRESENTATION_CONTEXT('2D SPACE',''
  ) );
#517 = PCURVE('',#518,#523);
#518 = CYLINDRICAL_SURFACE('',#519,1.25);
#519 = AXIS2_PLACEMENT_3D('',#520,#521,#522);
#520 = CARTESIAN_POINT('',(49.25,1.5,10.));
#521 = DIRECTION('',(0.,0.,1.));
#522 = DIRECTION('',(1.,0.,-0.));
#523 = DEFINITIONAL_REPRESENTATION('',(#524),#528);
#524 = LINE('',#525,#526);
#525 = CARTESIAN_POINT('',(0.,14.));
#526 = VECTOR('',#527,1.);
#527 = DIRECTION('',(1.,0.));
#528 = ( GEOMETRIC_REPRESENTATION_CONTEXT(2) 
PARAMETRIC_REPRESENTATION_CONTEXT() REPRESENTATION_CONTEXT('2D SPACE',''
  ) );
#529 = FACE_BOUND('',#530,.T.);
#530 = EDGE_LOOP('',(#531));
#531 = ORIENTED_EDGE('',*,*,#532,.F.);
#532 = EDGE_CURVE('',#533,#533,#535,.T.);
#533 = VERTEX_POINT('',#534);
#534 = CARTESIAN_POINT('',(98.25,1.5,24.));
#535 = SURFACE_CURVE('',#536,(#541,#548),.PCURVE_S1.);
#536 = CIRCLE('',#537,1.25);
#537 = AXIS2_PLACEMENT_3D('',#538,#539,#540);
#538 = CARTESIAN_POINT('',(97.,1.5,24.));
#539 = DIRECTION('',(0.,0.,1.));
#540 = DIRECTION('',(1.,0.,-0.));
#541 = PCURVE('',#72,#542);
#542 = DEFINITIONAL_REPRESENTATION('',(#543),#547);
#543 = CIRCLE('',#544,1.25);
#544 = AXIS2_PLACEMENT_2D('',#545,#546);
#545 = CARTESIAN_POINT('',(47.75,-34.95));
#546 = DIRECTION('',(1.,0.));
#547 = ( GEOMETRIC_REPRESENTATION_CONTEXT(2) 
PARAMETRIC_REPRESENTATION_CONTEXT() REPRESENTATION_CONTEXT('2D SPACE',''
  ) );
#548 = PCURVE('',#549,#554);
#549 = CYLINDRICAL_SURFACE('',#550,1.25);
#550 = AXIS2_PLACEMENT_3D('',#551,#552,#553);
#551 = CARTESIAN_POINT('',(97.,1.5,10.));
#552 = DIRECTION('',(0.,0.,1.));
#553 = DIRECTION('',(1.,0.,-0.));
#554 = DEFINITIONAL_REPRESENTATION('',(#555),#559);
#555 = LINE('',#556,#557);
#556 = CARTESIAN_POINT('',(0.,14.));
#557 = VECTOR('',#558,1.);
#558 = DIRECTION('',(1.,0.));
#559 = ( GEOMETRIC_REPRESENTATION_CONTEXT(2) 
PARAMETRIC_REPRESENTATION_CONTEXT() REPRESENTATION_CONTEXT('2D SPACE',''
  ) );
#560 = FACE_BOUND('',#561,.T.);
#561 = EDGE_LOOP('',(#562));
#562 = ORIENTED_EDGE('',*,*,#563,.F.);
#563 = EDGE_CURVE('',#564,#564,#566,.T.);
#564 = VERTEX_POINT('',#565);
#565 = CARTESIAN_POINT('',(2.75,71.4,24.));
#566 = SURFACE_CURVE('',#567,(#572,#579),.PCURVE_S1.);
#567 = CIRCLE('',#568,1.25);
#568 = AXIS2_PLACEMENT_3D('',#569,#570,#571);
#569 = CARTESIAN_POINT('',(1.5,71.4,24.));
#570 = DIRECTION('',(0.,0.,1.));
#571 = DIRECTION('',(1.,0.,-0.));
#572 = PCURVE('',#72,#573);
#573 = DEFINITIONAL_REPRESENTATION('',(#574),#578);
#574 = CIRCLE('',#575,1.25);
#575 = AXIS2_PLACEMENT_2D('',#576,#577);
#576 = CARTESIAN_POINT('',(-47.75,34.95));
#577 = DIRECTION('',(1.,0.));
#578 = ( GEOMETRIC_REPRESENTATION_CONTEXT(2) 
PARAMETRIC_REPRESENTATION_CONTEXT() REPRESENTATION_CONTEXT('2D SPACE',''
  ) );
#579 = PCURVE('',#580,#585);
#580 = CYLINDRICAL_SURFACE('',#581,1.25);
#581 = AXIS2_PLACEMENT_3D('',#582,#583,#584);
#582 = CARTESIAN_POINT('',(1.5,71.4,10.));
#583 = DIRECTION('',(0.,0.,1.));
#584 = DIRECTION('',(1.,0.,-0.));
#585 = DEFINITIONAL_REPRESENTATION('',(#586),#590);
#586 = LINE('',#587,#588);
#587 = CARTESIAN_POINT('',(0.,14.));
#588 = VECTOR('',#589,1.);
#589 = DIRECTION('',(1.,0.));
#590 = ( GEOMETRIC_REPRESENTATION_CONTEXT(2) 
PARAMETRIC_REPRESENTATION_CONTEXT() REPRESENTATION_CONTEXT('2D SPACE',''
  ) );
#591 = FACE_BOUND('',#592,.T.);
#592 = EDGE_LOOP('',(#593,#621,#654,#687,#720,#746,#779,#812,#845,#871,
    #904,#937,#970,#996,#1029,#1062,#1095,#1121,#1154,#1187,#1220,#1246,
    #1279,#1312));
#593 = ORIENTED_EDGE('',*,*,#594,.T.);
#594 = EDGE_CURVE('',#595,#597,#599,.T.);
#595 = VERTEX_POINT('',#596);
#596 = CARTESIAN_POINT('',(40.375880325351,-3.1,24.));
#597 = VERTEX_POINT('',#598);
#598 = CARTESIAN_POINT('',(10.374119674649,-3.1,24.));
#599 = SURFACE_CURVE('',#600,(#604,#610),.PCURVE_S1.);
#600 = LINE('',#601,#602);
#601 = CARTESIAN_POINT('',(29.812059837325,-3.1,24.));
#602 = VECTOR('',#603,1.);
#603 = DIRECTION('',(-1.,-0.,0.));
#604 = PCURVE('',#72,#605);
#605 = DEFINITIONAL_REPRESENTATION('',(#606),#609);
#606 = B_SPLINE_CURVE_WITH_KNOTS('',1,(#607,#608),.UNSPECIFIED.,.F.,.F.,
  (2,2),(-10.56382048802,19.437940162675),.PIECEWISE_BEZIER_KNOTS.);
#607 = CARTESIAN_POINT('',(-8.874119674649,-39.55));
#608 = CARTESIAN_POINT('',(-38.87588032535,-39.55));
#609 = ( GEOMETRIC_REPRESENTATION_CONTEXT(2) 
PARAMETRIC_REPRESENTATION_CONTEXT() REPRESENTATION_CONTEXT('2D SPACE',''
  ) );
#610 = PCURVE('',#611,#616);
#611 = PLANE('',#612);
#612 = AXIS2_PLACEMENT_3D('',#613,#614,#615);
#613 = CARTESIAN_POINT('',(10.374119674649,-3.1,22.5));
#614 = DIRECTION('',(-0.,1.,0.));
#615 = DIRECTION('',(1.,0.,-0.));
#616 = DEFINITIONAL_REPRESENTATION('',(#617),#620);
#617 = B_SPLINE_CURVE_WITH_KNOTS('',1,(#618,#619),.UNSPECIFIED.,.F.,.F.,
  (2,2),(-10.56382048802,19.437940162675),.PIECEWISE_BEZIER_KNOTS.);
#618 = CARTESIAN_POINT('',(30.001760650701,-1.5));
#619 = CARTESIAN_POINT('',(0.,-1.5));
#620 = ( GEOMETRIC_REPRESENTATION_CONTEXT(2) 
PARAMETRIC_REPRESENTATION_CONTEXT() REPRESENTATION_CONTEXT('2D SPACE',''
  ) );
#621 = ORIENTED_EDGE('',*,*,#622,.T.);
#622 = EDGE_CURVE('',#597,#623,#625,.T.);
#623 = VERTEX_POINT('',#624);
#624 = CARTESIAN_POINT('',(4.359438561831,1.983333333333,24.));
#625 = SURFACE_CURVE('',#626,(#631,#642),.PCURVE_S1.);
#626 = CIRCLE('',#627,6.1);
#627 = AXIS2_PLACEMENT_3D('',#628,#629,#630);
#628 = CARTESIAN_POINT('',(10.374119674649,3.,24.));
#629 = DIRECTION('',(-0.,0.,-1.));
#630 = DIRECTION('',(-0.,-1.,0.));
#631 = PCURVE('',#72,#632);
#632 = DEFINITIONAL_REPRESENTATION('',(#633),#641);
#633 = ( BOUNDED_CURVE() B_SPLINE_CURVE(2,(#634,#635,#636,#637,#638,#639
,#640),.UNSPECIFIED.,.T.,.F.) B_SPLINE_CURVE_WITH_KNOTS((1,2,2,2,2,1),(
    -2.094395102393,0.,2.094395102393,4.188790204786,6.28318530718,
8.377580409573),.UNSPECIFIED.) CURVE() GEOMETRIC_REPRESENTATION_ITEM() 
RATIONAL_B_SPLINE_CURVE((1.,0.5,1.,0.5,1.,0.5,1.)) REPRESENTATION_ITEM(
  '') );
#634 = CARTESIAN_POINT('',(-38.87588032535,-39.55));
#635 = CARTESIAN_POINT('',(-49.44139025152,-39.55));
#636 = CARTESIAN_POINT('',(-44.15863528843,-30.4));
#637 = CARTESIAN_POINT('',(-38.87588032535,-21.25));
#638 = CARTESIAN_POINT('',(-33.59312536226,-30.4));
#639 = CARTESIAN_POINT('',(-28.31037039918,-39.55));
#640 = CARTESIAN_POINT('',(-38.87588032535,-39.55));
#641 = ( GEOMETRIC_REPRESENTATION_CONTEXT(2) 
PARAMETRIC_REPRESENTATION_CONTEXT() REPRESENTATION_CONTEXT('2D SPACE',''
  ) );
#642 = PCURVE('',#643,#648);
#643 = CYLINDRICAL_SURFACE('',#644,6.1);
#644 = AXIS2_PLACEMENT_3D('',#645,#646,#647);
#645 = CARTESIAN_POINT('',(10.374119674649,3.,22.5));
#646 = DIRECTION('',(-0.,0.,-1.));
#647 = DIRECTION('',(-0.,-1.,0.));
#648 = DEFINITIONAL_REPRESENTATION('',(#649),#653);
#649 = LINE('',#650,#651);
#650 = CARTESIAN_POINT('',(6.28318530718,-1.5));
#651 = VECTOR('',#652,1.);
#652 = DIRECTION('',(1.,0.));
#653 = ( GEOMETRIC_REPRESENTATION_CONTEXT(2) 
PARAMETRIC_REPRESENTATION_CONTEXT() REPRESENTATION_CONTEXT('2D SPACE',''
  ) );
#654 = ORIENTED_EDGE('',*,*,#655,.F.);
#655 = EDGE_CURVE('',#656,#623,#658,.T.);
#656 = VERTEX_POINT('',#657);
#657 = CARTESIAN_POINT('',(1.983333333333,4.359438561831,24.));
#658 = SURFACE_CURVE('',#659,(#664,#675),.PCURVE_S1.);
#659 = CIRCLE('',#660,2.9);
#660 = AXIS2_PLACEMENT_3D('',#661,#662,#663);
#661 = CARTESIAN_POINT('',(1.5,1.5,24.));
#662 = DIRECTION('',(0.,-0.,-1.));
#663 = DIRECTION('',(0.968245836552,-0.25,0.));
#664 = PCURVE('',#72,#665);
#665 = DEFINITIONAL_REPRESENTATION('',(#666),#674);
#666 = ( BOUNDED_CURVE() B_SPLINE_CURVE(2,(#667,#668,#669,#670,#671,#672
,#673),.UNSPECIFIED.,.T.,.F.) B_SPLINE_CURVE_WITH_KNOTS((1,2,2,2,2,1),(
    -2.094395102393,0.,2.094395102393,4.188790204786,6.28318530718,
8.377580409573),.UNSPECIFIED.) CURVE() GEOMETRIC_REPRESENTATION_ITEM() 
RATIONAL_B_SPLINE_CURVE((1.,0.5,1.,0.5,1.,0.5,1.)) REPRESENTATION_ITEM(
  '') );
#667 = CARTESIAN_POINT('',(-44.942087074,-35.675));
#668 = CARTESIAN_POINT('',(-46.19782390948,-40.53844785106));
#669 = CARTESIAN_POINT('',(-49.78182488074,-37.01922392553));
#670 = CARTESIAN_POINT('',(-53.365825852,-33.5));
#671 = CARTESIAN_POINT('',(-48.52608804525,-32.15577607446));
#672 = CARTESIAN_POINT('',(-43.68635023851,-30.81155214893));
#673 = CARTESIAN_POINT('',(-44.942087074,-35.675));
#674 = ( GEOMETRIC_REPRESENTATION_CONTEXT(2) 
PARAMETRIC_REPRESENTATION_CONTEXT() REPRESENTATION_CONTEXT('2D SPACE',''
  ) );
#675 = PCURVE('',#676,#681);
#676 = CYLINDRICAL_SURFACE('',#677,2.9);
#677 = AXIS2_PLACEMENT_3D('',#678,#679,#680);
#678 = CARTESIAN_POINT('',(1.5,1.5,22.5));
#679 = DIRECTION('',(-0.,-0.,-1.));
#680 = DIRECTION('',(0.968245836552,-0.25,0.));
#681 = DEFINITIONAL_REPRESENTATION('',(#682),#686);
#682 = LINE('',#683,#684);
#683 = CARTESIAN_POINT('',(-12.56637061435,-1.5));
#684 = VECTOR('',#685,1.);
#685 = DIRECTION('',(1.,-0.));
#686 = ( GEOMETRIC_REPRESENTATION_CONTEXT(2) 
PARAMETRIC_REPRESENTATION_CONTEXT() REPRESENTATION_CONTEXT('2D SPACE',''
  ) );
#687 = ORIENTED_EDGE('',*,*,#688,.T.);
#688 = EDGE_CURVE('',#656,#689,#691,.T.);
#689 = VERTEX_POINT('',#690);
#690 = CARTESIAN_POINT('',(-3.1,10.374119674649,24.));
#691 = SURFACE_CURVE('',#692,(#697,#708),.PCURVE_S1.);
#692 = CIRCLE('',#693,6.1);
#693 = AXIS2_PLACEMENT_3D('',#694,#695,#696);
#694 = CARTESIAN_POINT('',(3.,10.374119674649,24.));
#695 = DIRECTION('',(-0.,0.,-1.));
#696 = DIRECTION('',(-0.,-1.,0.));
#697 = PCURVE('',#72,#698);
#698 = DEFINITIONAL_REPRESENTATION('',(#699),#707);
#699 = ( BOUNDED_CURVE() B_SPLINE_CURVE(2,(#700,#701,#702,#703,#704,#705
,#706),.UNSPECIFIED.,.T.,.F.) B_SPLINE_CURVE_WITH_KNOTS((1,2,2,2,2,1),(
    -2.094395102393,0.,2.094395102393,4.188790204786,6.28318530718,
8.377580409573),.UNSPECIFIED.) CURVE() GEOMETRIC_REPRESENTATION_ITEM() 
RATIONAL_B_SPLINE_CURVE((1.,0.5,1.,0.5,1.,0.5,1.)) REPRESENTATION_ITEM(
  '') );
#700 = CARTESIAN_POINT('',(-46.25,-32.17588032535));
#701 = CARTESIAN_POINT('',(-56.81550992617,-32.17588032535));
#702 = CARTESIAN_POINT('',(-51.53275496308,-23.02588032535));
#703 = CARTESIAN_POINT('',(-46.25,-13.87588032535));
#704 = CARTESIAN_POINT('',(-40.96724503691,-23.02588032535));
#705 = CARTESIAN_POINT('',(-35.68449007383,-32.17588032535));
#706 = CARTESIAN_POINT('',(-46.25,-32.17588032535));
#707 = ( GEOMETRIC_REPRESENTATION_CONTEXT(2) 
PARAMETRIC_REPRESENTATION_CONTEXT() REPRESENTATION_CONTEXT('2D SPACE',''
  ) );
#708 = PCURVE('',#709,#714);
#709 = CYLINDRICAL_SURFACE('',#710,6.1);
#710 = AXIS2_PLACEMENT_3D('',#711,#712,#713);
#711 = CARTESIAN_POINT('',(3.,10.374119674649,22.5));
#712 = DIRECTION('',(-0.,0.,-1.));
#713 = DIRECTION('',(-0.,-1.,0.));
#714 = DEFINITIONAL_REPRESENTATION('',(#715),#719);
#715 = LINE('',#716,#717);
#716 = CARTESIAN_POINT('',(6.28318530718,-1.5));
#717 = VECTOR('',#718,1.);
#718 = DIRECTION('',(1.,0.));
#719 = ( GEOMETRIC_REPRESENTATION_CONTEXT(2) 
PARAMETRIC_REPRESENTATION_CONTEXT() REPRESENTATION_CONTEXT('2D SPACE',''
  ) );
#720 = ORIENTED_EDGE('',*,*,#721,.T.);
#721 = EDGE_CURVE('',#689,#722,#724,.T.);
#722 = VERTEX_POINT('',#723);
#723 = CARTESIAN_POINT('',(-3.1,62.525880325351,24.));
#724 = SURFACE_CURVE('',#725,(#729,#735),.PCURVE_S1.);
#725 = LINE('',#726,#727);
#726 = CARTESIAN_POINT('',(-3.1,49.487940162675,24.));
#727 = VECTOR('',#728,1.);
#728 = DIRECTION('',(0.,1.,-0.));
#729 = PCURVE('',#72,#730);
#730 = DEFINITIONAL_REPRESENTATION('',(#731),#734);
#731 = B_SPLINE_CURVE_WITH_KNOTS('',1,(#732,#733),.UNSPECIFIED.,.F.,.F.,
  (2,2),(-39.11382048802,13.037940162675),.PIECEWISE_BEZIER_KNOTS.);
#732 = CARTESIAN_POINT('',(-52.35,-26.07588032535));
#733 = CARTESIAN_POINT('',(-52.35,26.075880325351));
#734 = ( GEOMETRIC_REPRESENTATION_CONTEXT(2) 
PARAMETRIC_REPRESENTATION_CONTEXT() REPRESENTATION_CONTEXT('2D SPACE',''
  ) );
#735 = PCURVE('',#736,#741);
#736 = PLANE('',#737);
#737 = AXIS2_PLACEMENT_3D('',#738,#739,#740);
#738 = CARTESIAN_POINT('',(-3.1,62.525880325351,22.5));
#739 = DIRECTION('',(1.,-0.,0.));
#740 = DIRECTION('',(-0.,-1.,0.));
#741 = DEFINITIONAL_REPRESENTATION('',(#742),#745);
#742 = B_SPLINE_CURVE_WITH_KNOTS('',1,(#743,#744),.UNSPECIFIED.,.F.,.F.,
  (2,2),(-39.11382048802,13.037940162675),.PIECEWISE_BEZIER_KNOTS.);
#743 = CARTESIAN_POINT('',(52.151760650701,-1.5));
#744 = CARTESIAN_POINT('',(0.,-1.5));
#745 = ( GEOMETRIC_REPRESENTATION_CONTEXT(2) 
PARAMETRIC_REPRESENTATION_CONTEXT() REPRESENTATION_CONTEXT('2D SPACE',''
  ) );
#746 = ORIENTED_EDGE('',*,*,#747,.T.);
#747 = EDGE_CURVE('',#722,#748,#750,.T.);
#748 = VERTEX_POINT('',#749);
#749 = CARTESIAN_POINT('',(1.983333333333,68.540561438169,24.));
#750 = SURFACE_CURVE('',#751,(#756,#767),.PCURVE_S1.);
#751 = CIRCLE('',#752,6.1);
#752 = AXIS2_PLACEMENT_3D('',#753,#754,#755);
#753 = CARTESIAN_POINT('',(3.,62.525880325351,24.));
#754 = DIRECTION('',(-0.,0.,-1.));
#755 = DIRECTION('',(-0.,-1.,0.));
#756 = PCURVE('',#72,#757);
#757 = DEFINITIONAL_REPRESENTATION('',(#758),#766);
#758 = ( BOUNDED_CURVE() B_SPLINE_CURVE(2,(#759,#760,#761,#762,#763,#764
,#765),.UNSPECIFIED.,.T.,.F.) B_SPLINE_CURVE_WITH_KNOTS((1,2,2,2,2,1),(
    -2.094395102393,0.,2.094395102393,4.188790204786,6.28318530718,
8.377580409573),.UNSPECIFIED.) CURVE() GEOMETRIC_REPRESENTATION_ITEM() 
RATIONAL_B_SPLINE_CURVE((1.,0.5,1.,0.5,1.,0.5,1.)) REPRESENTATION_ITEM(
  '') );
#759 = CARTESIAN_POINT('',(-46.25,19.975880325351));
#760 = CARTESIAN_POINT('',(-56.81550992617,19.975880325351));
#761 = CARTESIAN_POINT('',(-51.53275496308,29.125880325351));
#762 = CARTESIAN_POINT('',(-46.25,38.275880325351));
#763 = CARTESIAN_POINT('',(-40.96724503691,29.125880325351));
#764 = CARTESIAN_POINT('',(-35.68449007383,19.975880325351));
#765 = CARTESIAN_POINT('',(-46.25,19.975880325351));
#766 = ( GEOMETRIC_REPRESENTATION_CONTEXT(2) 
PARAMETRIC_REPRESENTATION_CONTEXT() REPRESENTATION_CONTEXT('2D SPACE',''
  ) );
#767 = PCURVE('',#768,#773);
#768 = CYLINDRICAL_SURFACE('',#769,6.1);
#769 = AXIS2_PLACEMENT_3D('',#770,#771,#772);
#770 = CARTESIAN_POINT('',(3.,62.525880325351,22.5));
#771 = DIRECTION('',(-0.,0.,-1.));
#772 = DIRECTION('',(-0.,-1.,0.));
#773 = DEFINITIONAL_REPRESENTATION('',(#774),#778);
#774 = LINE('',#775,#776);
#775 = CARTESIAN_POINT('',(0.,-1.5));
#776 = VECTOR('',#777,1.);
#777 = DIRECTION('',(1.,0.));
#778 = ( GEOMETRIC_REPRESENTATION_CONTEXT(2) 
PARAMETRIC_REPRESENTATION_CONTEXT() REPRESENTATION_CONTEXT('2D SPACE',''
  ) );
#779 = ORIENTED_EDGE('',*,*,#780,.F.);
#780 = EDGE_CURVE('',#781,#748,#783,.T.);
#781 = VERTEX_POINT('',#782);
#782 = CARTESIAN_POINT('',(4.359438561831,70.916666666667,24.));
#783 = SURFACE_CURVE('',#784,(#789,#800),.PCURVE_S1.);
#784 = CIRCLE('',#785,2.9);
#785 = AXIS2_PLACEMENT_3D('',#786,#787,#788);
#786 = CARTESIAN_POINT('',(1.5,71.4,24.));
#787 = DIRECTION('',(-0.,0.,-1.));
#788 = DIRECTION('',(-0.25,-0.968245836552,0.));
#789 = PCURVE('',#72,#790);
#790 = DEFINITIONAL_REPRESENTATION('',(#791),#799);
#791 = ( BOUNDED_CURVE() B_SPLINE_CURVE(2,(#792,#793,#794,#795,#796,#797
,#798),.UNSPECIFIED.,.T.,.F.) B_SPLINE_CURVE_WITH_KNOTS((1,2,2,2,2,1),(
    -2.094395102393,0.,2.094395102393,4.188790204786,6.28318530718,
8.377580409573),.UNSPECIFIED.) CURVE() GEOMETRIC_REPRESENTATION_ITEM() 
RATIONAL_B_SPLINE_CURVE((1.,0.5,1.,0.5,1.,0.5,1.)) REPRESENTATION_ITEM(
  '') );
#792 = CARTESIAN_POINT('',(-48.475,32.142087074));
#793 = CARTESIAN_POINT('',(-53.33844785106,33.397823909487));
#794 = CARTESIAN_POINT('',(-49.81922392553,36.981824880744));
#795 = CARTESIAN_POINT('',(-46.3,40.565825852001));
#796 = CARTESIAN_POINT('',(-44.95577607446,35.726088045256));
#797 = CARTESIAN_POINT('',(-43.61155214893,30.886350238512));
#798 = CARTESIAN_POINT('',(-48.475,32.142087074));
#799 = ( GEOMETRIC_REPRESENTATION_CONTEXT(2) 
PARAMETRIC_REPRESENTATION_CONTEXT() REPRESENTATION_CONTEXT('2D SPACE',''
  ) );
#800 = PCURVE('',#801,#806);
#801 = CYLINDRICAL_SURFACE('',#802,2.9);
#802 = AXIS2_PLACEMENT_3D('',#803,#804,#805);
#803 = CARTESIAN_POINT('',(1.5,71.4,22.5));
#804 = DIRECTION('',(-0.,-0.,-1.));
#805 = DIRECTION('',(-0.25,-0.968245836552,0.));
#806 = DEFINITIONAL_REPRESENTATION('',(#807),#811);
#807 = LINE('',#808,#809);
#808 = CARTESIAN_POINT('',(-12.56637061435,-1.5));
#809 = VECTOR('',#810,1.);
#810 = DIRECTION('',(1.,-0.));
#811 = ( GEOMETRIC_REPRESENTATION_CONTEXT(2) 
PARAMETRIC_REPRESENTATION_CONTEXT() REPRESENTATION_CONTEXT('2D SPACE',''
  ) );
#812 = ORIENTED_EDGE('',*,*,#813,.T.);
#813 = EDGE_CURVE('',#781,#814,#816,.T.);
#814 = VERTEX_POINT('',#815);
#815 = CARTESIAN_POINT('',(10.374119674649,76.,24.));
#816 = SURFACE_CURVE('',#817,(#822,#833),.PCURVE_S1.);
#817 = CIRCLE('',#818,6.1);
#818 = AXIS2_PLACEMENT_3D('',#819,#820,#821);
#819 = CARTESIAN_POINT('',(10.374119674649,69.9,24.));
#820 = DIRECTION('',(-0.,0.,-1.));
#821 = DIRECTION('',(-0.,-1.,0.));
#822 = PCURVE('',#72,#823);
#823 = DEFINITIONAL_REPRESENTATION('',(#824),#832);
#824 = ( BOUNDED_CURVE() B_SPLINE_CURVE(2,(#825,#826,#827,#828,#829,#830
,#831),.UNSPECIFIED.,.T.,.F.) B_SPLINE_CURVE_WITH_KNOTS((1,2,2,2,2,1),(
    -2.094395102393,0.,2.094395102393,4.188790204786,6.28318530718,
8.377580409573),.UNSPECIFIED.) CURVE() GEOMETRIC_REPRESENTATION_ITEM() 
RATIONAL_B_SPLINE_CURVE((1.,0.5,1.,0.5,1.,0.5,1.)) REPRESENTATION_ITEM(
  '') );
#825 = CARTESIAN_POINT('',(-38.87588032535,27.35));
#826 = CARTESIAN_POINT('',(-49.44139025152,27.35));
#827 = CARTESIAN_POINT('',(-44.15863528843,36.5));
#828 = CARTESIAN_POINT('',(-38.87588032535,45.65));
#829 = CARTESIAN_POINT('',(-33.59312536226,36.5));
#830 = CARTESIAN_POINT('',(-28.31037039918,27.35));
#831 = CARTESIAN_POINT('',(-38.87588032535,27.35));
#832 = ( GEOMETRIC_REPRESENTATION_CONTEXT(2) 
PARAMETRIC_REPRESENTATION_CONTEXT() REPRESENTATION_CONTEXT('2D SPACE',''
  ) );
#833 = PCURVE('',#834,#839);
#834 = CYLINDRICAL_SURFACE('',#835,6.1);
#835 = AXIS2_PLACEMENT_3D('',#836,#837,#838);
#836 = CARTESIAN_POINT('',(10.374119674649,69.9,22.5));
#837 = DIRECTION('',(-0.,0.,-1.));
#838 = DIRECTION('',(-0.,-1.,0.));
#839 = DEFINITIONAL_REPRESENTATION('',(#840),#844);
#840 = LINE('',#841,#842);
#841 = CARTESIAN_POINT('',(1.7763568394E-15,-1.5));
#842 = VECTOR('',#843,1.);
#843 = DIRECTION('',(1.,0.));
#844 = ( GEOMETRIC_REPRESENTATION_CONTEXT(2) 
PARAMETRIC_REPRESENTATION_CONTEXT() REPRESENTATION_CONTEXT('2D SPACE',''
  ) );
#845 = ORIENTED_EDGE('',*,*,#846,.T.);
#846 = EDGE_CURVE('',#814,#847,#849,.T.);
#847 = VERTEX_POINT('',#848);
#848 = CARTESIAN_POINT('',(40.375880325351,76.,24.));
#849 = SURFACE_CURVE('',#850,(#854,#860),.PCURVE_S1.);
#850 = LINE('',#851,#852);
#851 = CARTESIAN_POINT('',(44.812940162675,76.,24.));
#852 = VECTOR('',#853,1.);
#853 = DIRECTION('',(1.,0.,-0.));
#854 = PCURVE('',#72,#855);
#855 = DEFINITIONAL_REPRESENTATION('',(#856),#859);
#856 = B_SPLINE_CURVE_WITH_KNOTS('',1,(#857,#858),.UNSPECIFIED.,.F.,.F.,
  (2,2),(-34.43882048802,-4.437059837325),.PIECEWISE_BEZIER_KNOTS.);
#857 = CARTESIAN_POINT('',(-38.87588032535,39.55));
#858 = CARTESIAN_POINT('',(-8.874119674649,39.55));
#859 = ( GEOMETRIC_REPRESENTATION_CONTEXT(2) 
PARAMETRIC_REPRESENTATION_CONTEXT() REPRESENTATION_CONTEXT('2D SPACE',''
  ) );
#860 = PCURVE('',#861,#866);
#861 = PLANE('',#862);
#862 = AXIS2_PLACEMENT_3D('',#863,#864,#865);
#863 = CARTESIAN_POINT('',(40.375880325351,76.,22.5));
#864 = DIRECTION('',(0.,-1.,0.));
#865 = DIRECTION('',(-1.,0.,0.));
#866 = DEFINITIONAL_REPRESENTATION('',(#867),#870);
#867 = B_SPLINE_CURVE_WITH_KNOTS('',1,(#868,#869),.UNSPECIFIED.,.F.,.F.,
  (2,2),(-34.43882048802,-4.437059837325),.PIECEWISE_BEZIER_KNOTS.);
#868 = CARTESIAN_POINT('',(30.001760650701,-1.5));
#869 = CARTESIAN_POINT('',(0.,-1.5));
#870 = ( GEOMETRIC_REPRESENTATION_CONTEXT(2) 
PARAMETRIC_REPRESENTATION_CONTEXT() REPRESENTATION_CONTEXT('2D SPACE',''
  ) );
#871 = ORIENTED_EDGE('',*,*,#872,.T.);
#872 = EDGE_CURVE('',#847,#873,#875,.T.);
#873 = VERTEX_POINT('',#874);
#874 = CARTESIAN_POINT('',(46.390561438169,70.916666666667,24.));
#875 = SURFACE_CURVE('',#876,(#881,#892),.PCURVE_S1.);
#876 = CIRCLE('',#877,6.1);
#877 = AXIS2_PLACEMENT_3D('',#878,#879,#880);
#878 = CARTESIAN_POINT('',(40.375880325351,69.9,24.));
#879 = DIRECTION('',(-0.,0.,-1.));
#880 = DIRECTION('',(-0.,-1.,0.));
#881 = PCURVE('',#72,#882);
#882 = DEFINITIONAL_REPRESENTATION('',(#883),#891);
#883 = ( BOUNDED_CURVE() B_SPLINE_CURVE(2,(#884,#885,#886,#887,#888,#889
,#890),.UNSPECIFIED.,.T.,.F.) B_SPLINE_CURVE_WITH_KNOTS((1,2,2,2,2,1),(
    -2.094395102393,0.,2.094395102393,4.188790204786,6.28318530718,
8.377580409573),.UNSPECIFIED.) CURVE() GEOMETRIC_REPRESENTATION_ITEM() 
RATIONAL_B_SPLINE_CURVE((1.,0.5,1.,0.5,1.,0.5,1.)) REPRESENTATION_ITEM(
  '') );
#884 = CARTESIAN_POINT('',(-8.874119674649,27.35));
#885 = CARTESIAN_POINT('',(-19.43962960082,27.35));
#886 = CARTESIAN_POINT('',(-14.15687463773,36.5));
#887 = CARTESIAN_POINT('',(-8.874119674649,45.65));
#888 = CARTESIAN_POINT('',(-3.591364711564,36.5));
#889 = CARTESIAN_POINT('',(1.691390251521,27.35));
#890 = CARTESIAN_POINT('',(-8.874119674649,27.35));
#891 = ( GEOMETRIC_REPRESENTATION_CONTEXT(2) 
PARAMETRIC_REPRESENTATION_CONTEXT() REPRESENTATION_CONTEXT('2D SPACE',''
  ) );
#892 = PCURVE('',#893,#898);
#893 = CYLINDRICAL_SURFACE('',#894,6.1);
#894 = AXIS2_PLACEMENT_3D('',#895,#896,#897);
#895 = CARTESIAN_POINT('',(40.375880325351,69.9,22.5));
#896 = DIRECTION('',(-0.,0.,-1.));
#897 = DIRECTION('',(-0.,-1.,0.));
#898 = DEFINITIONAL_REPRESENTATION('',(#899),#903);
#899 = LINE('',#900,#901);
#900 = CARTESIAN_POINT('',(0.,-1.5));
#901 = VECTOR('',#902,1.);
#902 = DIRECTION('',(1.,0.));
#903 = ( GEOMETRIC_REPRESENTATION_CONTEXT(2) 
PARAMETRIC_REPRESENTATION_CONTEXT() REPRESENTATION_CONTEXT('2D SPACE',''
  ) );
#904 = ORIENTED_EDGE('',*,*,#905,.F.);
#905 = EDGE_CURVE('',#906,#873,#908,.T.);
#906 = VERTEX_POINT('',#907);
#907 = CARTESIAN_POINT('',(52.109438561831,70.916666666667,24.));
#908 = SURFACE_CURVE('',#909,(#914,#925),.PCURVE_S1.);
#909 = CIRCLE('',#910,2.9);
#910 = AXIS2_PLACEMENT_3D('',#911,#912,#913);
#911 = CARTESIAN_POINT('',(49.25,71.4,24.));
#912 = DIRECTION('',(-0.,0.,-1.));
#913 = DIRECTION('',(-0.968245836552,0.25,0.));
#914 = PCURVE('',#72,#915);
#915 = DEFINITIONAL_REPRESENTATION('',(#916),#924);
#916 = ( BOUNDED_CURVE() B_SPLINE_CURVE(2,(#917,#918,#919,#920,#921,#922
,#923),.UNSPECIFIED.,.T.,.F.) B_SPLINE_CURVE_WITH_KNOTS((1,2,2,2,2,1),(
    -2.094395102393,0.,2.094395102393,4.188790204786,6.28318530718,
8.377580409573),.UNSPECIFIED.) CURVE() GEOMETRIC_REPRESENTATION_ITEM() 
RATIONAL_B_SPLINE_CURVE((1.,0.5,1.,0.5,1.,0.5,1.)) REPRESENTATION_ITEM(
  '') );
#917 = CARTESIAN_POINT('',(-2.807912926,35.675));
#918 = CARTESIAN_POINT('',(-1.552176090513,40.538447851062));
#919 = CARTESIAN_POINT('',(2.031824880744,37.019223925531));
#920 = CARTESIAN_POINT('',(5.615825852001,33.5));
#921 = CARTESIAN_POINT('',(0.776088045257,32.155776074469));
#922 = CARTESIAN_POINT('',(-4.063649761488,30.811552148938));
#923 = CARTESIAN_POINT('',(-2.807912926,35.675));
#924 = ( GEOMETRIC_REPRESENTATION_CONTEXT(2) 
PARAMETRIC_REPRESENTATION_CONTEXT() REPRESENTATION_CONTEXT('2D SPACE',''
  ) );
#925 = PCURVE('',#926,#931);
#926 = CYLINDRICAL_SURFACE('',#927,2.9);
#927 = AXIS2_PLACEMENT_3D('',#928,#929,#930);
#928 = CARTESIAN_POINT('',(49.25,71.4,22.5));
#929 = DIRECTION('',(-0.,-0.,-1.));
#930 = DIRECTION('',(-0.968245836552,0.25,0.));
#931 = DEFINITIONAL_REPRESENTATION('',(#932),#936);
#932 = LINE('',#933,#934);
#933 = CARTESIAN_POINT('',(-12.56637061435,-1.5));
#934 = VECTOR('',#935,1.);
#935 = DIRECTION('',(1.,-0.));
#936 = ( GEOMETRIC_REPRESENTATION_CONTEXT(2) 
PARAMETRIC_REPRESENTATION_CONTEXT() REPRESENTATION_CONTEXT('2D SPACE',''
  ) );
#937 = ORIENTED_EDGE('',*,*,#938,.T.);
#938 = EDGE_CURVE('',#906,#939,#941,.T.);
#939 = VERTEX_POINT('',#940);
#940 = CARTESIAN_POINT('',(58.124119674649,76.,24.));
#941 = SURFACE_CURVE('',#942,(#947,#958),.PCURVE_S1.);
#942 = CIRCLE('',#943,6.1);
#943 = AXIS2_PLACEMENT_3D('',#944,#945,#946);
#944 = CARTESIAN_POINT('',(58.124119674649,69.9,24.));
#945 = DIRECTION('',(-0.,0.,-1.));
#946 = DIRECTION('',(-0.,-1.,0.));
#947 = PCURVE('',#72,#948);
#948 = DEFINITIONAL_REPRESENTATION('',(#949),#957);
#949 = ( BOUNDED_CURVE() B_SPLINE_CURVE(2,(#950,#951,#952,#953,#954,#955
,#956),.UNSPECIFIED.,.T.,.F.) B_SPLINE_CURVE_WITH_KNOTS((1,2,2,2,2,1),(
    -2.094395102393,0.,2.094395102393,4.188790204786,6.28318530718,
8.377580409573),.UNSPECIFIED.) CURVE() GEOMETRIC_REPRESENTATION_ITEM() 
RATIONAL_B_SPLINE_CURVE((1.,0.5,1.,0.5,1.,0.5,1.)) REPRESENTATION_ITEM(
  '') );
#950 = CARTESIAN_POINT('',(8.874119674649,27.35));
#951 = CARTESIAN_POINT('',(-1.691390251521,27.35));
#952 = CARTESIAN_POINT('',(3.591364711564,36.5));
#953 = CARTESIAN_POINT('',(8.874119674649,45.65));
#954 = CARTESIAN_POINT('',(14.156874637734,36.5));
#955 = CARTESIAN_POINT('',(19.43962960082,27.35));
#956 = CARTESIAN_POINT('',(8.874119674649,27.35));
#957 = ( GEOMETRIC_REPRESENTATION_CONTEXT(2) 
PARAMETRIC_REPRESENTATION_CONTEXT() REPRESENTATION_CONTEXT('2D SPACE',''
  ) );
#958 = PCURVE('',#959,#964);
#959 = CYLINDRICAL_SURFACE('',#960,6.1);
#960 = AXIS2_PLACEMENT_3D('',#961,#962,#963);
#961 = CARTESIAN_POINT('',(58.124119674649,69.9,22.5));
#962 = DIRECTION('',(-0.,0.,-1.));
#963 = DIRECTION('',(-0.,-1.,0.));
#964 = DEFINITIONAL_REPRESENTATION('',(#965),#969);
#965 = LINE('',#966,#967);
#966 = CARTESIAN_POINT('',(0.,-1.5));
#967 = VECTOR('',#968,1.);
#968 = DIRECTION('',(1.,0.));
#969 = ( GEOMETRIC_REPRESENTATION_CONTEXT(2) 
PARAMETRIC_REPRESENTATION_CONTEXT() REPRESENTATION_CONTEXT('2D SPACE',''
  ) );
#970 = ORIENTED_EDGE('',*,*,#971,.T.);
#971 = EDGE_CURVE('',#939,#972,#974,.T.);
#972 = VERTEX_POINT('',#973);
#973 = CARTESIAN_POINT('',(88.125880325351,76.,24.));
#974 = SURFACE_CURVE('',#975,(#979,#985),.PCURVE_S1.);
#975 = LINE('',#976,#977);
#976 = CARTESIAN_POINT('',(68.687940162675,76.,24.));
#977 = VECTOR('',#978,1.);
#978 = DIRECTION('',(1.,0.,-0.));
#979 = PCURVE('',#72,#980);
#980 = DEFINITIONAL_REPRESENTATION('',(#981),#984);
#981 = B_SPLINE_CURVE_WITH_KNOTS('',1,(#982,#983),.UNSPECIFIED.,.F.,.F.,
  (2,2),(-10.56382048802,19.437940162675),.PIECEWISE_BEZIER_KNOTS.);
#982 = CARTESIAN_POINT('',(8.874119674649,39.55));
#983 = CARTESIAN_POINT('',(38.875880325351,39.55));
#984 = ( GEOMETRIC_REPRESENTATION_CONTEXT(2) 
PARAMETRIC_REPRESENTATION_CONTEXT() REPRESENTATION_CONTEXT('2D SPACE',''
  ) );
#985 = PCURVE('',#986,#991);
#986 = PLANE('',#987);
#987 = AXIS2_PLACEMENT_3D('',#988,#989,#990);
#988 = CARTESIAN_POINT('',(88.125880325351,76.,22.5));
#989 = DIRECTION('',(0.,-1.,0.));
#990 = DIRECTION('',(-1.,0.,0.));
#991 = DEFINITIONAL_REPRESENTATION('',(#992),#995);
#992 = B_SPLINE_CURVE_WITH_KNOTS('',1,(#993,#994),.UNSPECIFIED.,.F.,.F.,
  (2,2),(-10.56382048802,19.437940162675),.PIECEWISE_BEZIER_KNOTS.);
#993 = CARTESIAN_POINT('',(30.001760650701,-1.5));
#994 = CARTESIAN_POINT('',(0.,-1.5));
#995 = ( GEOMETRIC_REPRESENTATION_CONTEXT(2) 
PARAMETRIC_REPRESENTATION_CONTEXT() REPRESENTATION_CONTEXT('2D SPACE',''
  ) );
#996 = ORIENTED_EDGE('',*,*,#997,.T.);
#997 = EDGE_CURVE('',#972,#998,#1000,.T.);
#998 = VERTEX_POINT('',#999);
#999 = CARTESIAN_POINT('',(94.140561438169,70.916666666667,24.));
#1000 = SURFACE_CURVE('',#1001,(#1006,#1017),.PCURVE_S1.);
#1001 = CIRCLE('',#1002,6.1);
#1002 = AXIS2_PLACEMENT_3D('',#1003,#1004,#1005);
#1003 = CARTESIAN_POINT('',(88.125880325351,69.9,24.));
#1004 = DIRECTION('',(-0.,0.,-1.));
#1005 = DIRECTION('',(-0.,-1.,0.));
#1006 = PCURVE('',#72,#1007);
#1007 = DEFINITIONAL_REPRESENTATION('',(#1008),#1016);
#1008 = ( BOUNDED_CURVE() B_SPLINE_CURVE(2,(#1009,#1010,#1011,#1012,
#1013,#1014,#1015),.UNSPECIFIED.,.T.,.F.) B_SPLINE_CURVE_WITH_KNOTS((1,2
    ,2,2,2,1),(-2.094395102393,0.,2.094395102393,4.188790204786,
6.28318530718,8.377580409573),.UNSPECIFIED.) CURVE() 
GEOMETRIC_REPRESENTATION_ITEM() RATIONAL_B_SPLINE_CURVE((1.,0.5,1.,0.5,
1.,0.5,1.)) REPRESENTATION_ITEM('') );
#1009 = CARTESIAN_POINT('',(38.875880325351,27.35));
#1010 = CARTESIAN_POINT('',(28.31037039918,27.35));
#1011 = CARTESIAN_POINT('',(33.593125362265,36.5));
#1012 = CARTESIAN_POINT('',(38.875880325351,45.65));
#1013 = CARTESIAN_POINT('',(44.158635288436,36.5));
#1014 = CARTESIAN_POINT('',(49.441390251521,27.35));
#1015 = CARTESIAN_POINT('',(38.875880325351,27.35));
#1016 = ( GEOMETRIC_REPRESENTATION_CONTEXT(2) 
PARAMETRIC_REPRESENTATION_CONTEXT() REPRESENTATION_CONTEXT('2D SPACE',''
  ) );
#1017 = PCURVE('',#1018,#1023);
#1018 = CYLINDRICAL_SURFACE('',#1019,6.1);
#1019 = AXIS2_PLACEMENT_3D('',#1020,#1021,#1022);
#1020 = CARTESIAN_POINT('',(88.125880325351,69.9,22.5));
#1021 = DIRECTION('',(-0.,0.,-1.));
#1022 = DIRECTION('',(-0.,-1.,0.));
#1023 = DEFINITIONAL_REPRESENTATION('',(#1024),#1028);
#1024 = LINE('',#1025,#1026);
#1025 = CARTESIAN_POINT('',(0.,-1.5));
#1026 = VECTOR('',#1027,1.);
#1027 = DIRECTION('',(1.,0.));
#1028 = ( GEOMETRIC_REPRESENTATION_CONTEXT(2) 
PARAMETRIC_REPRESENTATION_CONTEXT() REPRESENTATION_CONTEXT('2D SPACE',''
  ) );
#1029 = ORIENTED_EDGE('',*,*,#1030,.F.);
#1030 = EDGE_CURVE('',#1031,#998,#1033,.T.);
#1031 = VERTEX_POINT('',#1032);
#1032 = CARTESIAN_POINT('',(96.516666666667,68.540561438169,24.));
#1033 = SURFACE_CURVE('',#1034,(#1039,#1050),.PCURVE_S1.);
#1034 = CIRCLE('',#1035,2.9);
#1035 = AXIS2_PLACEMENT_3D('',#1036,#1037,#1038);
#1036 = CARTESIAN_POINT('',(97.,71.4,24.));
#1037 = DIRECTION('',(0.,0.,-1.));
#1038 = DIRECTION('',(1.,0.,0.));
#1039 = PCURVE('',#72,#1040);
#1040 = DEFINITIONAL_REPRESENTATION('',(#1041),#1049);
#1041 = ( BOUNDED_CURVE() B_SPLINE_CURVE(2,(#1042,#1043,#1044,#1045,
#1046,#1047,#1048),.UNSPECIFIED.,.T.,.F.) B_SPLINE_CURVE_WITH_KNOTS((1,2
    ,2,2,2,1),(-2.094395102393,0.,2.094395102393,4.188790204786,
6.28318530718,8.377580409573),.UNSPECIFIED.) CURVE() 
GEOMETRIC_REPRESENTATION_ITEM() RATIONAL_B_SPLINE_CURVE((1.,0.5,1.,0.5,
1.,0.5,1.)) REPRESENTATION_ITEM('') );
#1042 = CARTESIAN_POINT('',(50.65,34.95));
#1043 = CARTESIAN_POINT('',(50.65,29.92705265805));
#1044 = CARTESIAN_POINT('',(46.3,32.438526329025));
#1045 = CARTESIAN_POINT('',(41.95,34.95));
#1046 = CARTESIAN_POINT('',(46.3,37.461473670975));
#1047 = CARTESIAN_POINT('',(50.65,39.97294734195));
#1048 = CARTESIAN_POINT('',(50.65,34.95));
#1049 = ( GEOMETRIC_REPRESENTATION_CONTEXT(2) 
PARAMETRIC_REPRESENTATION_CONTEXT() REPRESENTATION_CONTEXT('2D SPACE',''
  ) );
#1050 = PCURVE('',#1051,#1056);
#1051 = CYLINDRICAL_SURFACE('',#1052,2.9);
#1052 = AXIS2_PLACEMENT_3D('',#1053,#1054,#1055);
#1053 = CARTESIAN_POINT('',(97.,71.4,22.5));
#1054 = DIRECTION('',(-0.,0.,-1.));
#1055 = DIRECTION('',(1.,0.,0.));
#1056 = DEFINITIONAL_REPRESENTATION('',(#1057),#1061);
#1057 = LINE('',#1058,#1059);
#1058 = CARTESIAN_POINT('',(-6.28318530718,-1.5));
#1059 = VECTOR('',#1060,1.);
#1060 = DIRECTION('',(1.,-0.));
#1061 = ( GEOMETRIC_REPRESENTATION_CONTEXT(2) 
PARAMETRIC_REPRESENTATION_CONTEXT() REPRESENTATION_CONTEXT('2D SPACE',''
  ) );
#1062 = ORIENTED_EDGE('',*,*,#1063,.T.);
#1063 = EDGE_CURVE('',#1031,#1064,#1066,.T.);
#1064 = VERTEX_POINT('',#1065);
#1065 = CARTESIAN_POINT('',(101.6,62.525880325351,24.));
#1066 = SURFACE_CURVE('',#1067,(#1072,#1083),.PCURVE_S1.);
#1067 = CIRCLE('',#1068,6.1);
#1068 = AXIS2_PLACEMENT_3D('',#1069,#1070,#1071);
#1069 = CARTESIAN_POINT('',(95.5,62.525880325351,24.));
#1070 = DIRECTION('',(-0.,0.,-1.));
#1071 = DIRECTION('',(-0.,-1.,0.));
#1072 = PCURVE('',#72,#1073);
#1073 = DEFINITIONAL_REPRESENTATION('',(#1074),#1082);
#1074 = ( BOUNDED_CURVE() B_SPLINE_CURVE(2,(#1075,#1076,#1077,#1078,
#1079,#1080,#1081),.UNSPECIFIED.,.T.,.F.) B_SPLINE_CURVE_WITH_KNOTS((1,2
    ,2,2,2,1),(-2.094395102393,0.,2.094395102393,4.188790204786,
6.28318530718,8.377580409573),.UNSPECIFIED.) CURVE() 
GEOMETRIC_REPRESENTATION_ITEM() RATIONAL_B_SPLINE_CURVE((1.,0.5,1.,0.5,
1.,0.5,1.)) REPRESENTATION_ITEM('') );
#1075 = CARTESIAN_POINT('',(46.25,19.975880325351));
#1076 = CARTESIAN_POINT('',(35.68449007383,19.975880325351));
#1077 = CARTESIAN_POINT('',(40.967245036915,29.125880325351));
#1078 = CARTESIAN_POINT('',(46.25,38.275880325351));
#1079 = CARTESIAN_POINT('',(51.532754963085,29.125880325351));
#1080 = CARTESIAN_POINT('',(56.81550992617,19.975880325351));
#1081 = CARTESIAN_POINT('',(46.25,19.975880325351));
#1082 = ( GEOMETRIC_REPRESENTATION_CONTEXT(2) 
PARAMETRIC_REPRESENTATION_CONTEXT() REPRESENTATION_CONTEXT('2D SPACE',''
  ) );
#1083 = PCURVE('',#1084,#1089);
#1084 = CYLINDRICAL_SURFACE('',#1085,6.1);
#1085 = AXIS2_PLACEMENT_3D('',#1086,#1087,#1088);
#1086 = CARTESIAN_POINT('',(95.5,62.525880325351,22.5));
#1087 = DIRECTION('',(-0.,0.,-1.));
#1088 = DIRECTION('',(-0.,-1.,0.));
#1089 = DEFINITIONAL_REPRESENTATION('',(#1090),#1094);
#1090 = LINE('',#1091,#1092);
#1091 = CARTESIAN_POINT('',(0.,-1.5));
#1092 = VECTOR('',#1093,1.);
#1093 = DIRECTION('',(1.,0.));
#1094 = ( GEOMETRIC_REPRESENTATION_CONTEXT(2) 
PARAMETRIC_REPRESENTATION_CONTEXT() REPRESENTATION_CONTEXT('2D SPACE',''
  ) );
#1095 = ORIENTED_EDGE('',*,*,#1096,.T.);
#1096 = EDGE_CURVE('',#1064,#1097,#1099,.T.);
#1097 = VERTEX_POINT('',#1098);
#1098 = CARTESIAN_POINT('',(101.6,10.374119674649,24.));
#1099 = SURFACE_CURVE('',#1100,(#1104,#1110),.PCURVE_S1.);
#1100 = LINE('',#1101,#1102);
#1101 = CARTESIAN_POINT('',(101.6,23.412059837325,24.));
#1102 = VECTOR('',#1103,1.);
#1103 = DIRECTION('',(0.,-1.,0.));
#1104 = PCURVE('',#72,#1105);
#1105 = DEFINITIONAL_REPRESENTATION('',(#1106),#1109);
#1106 = B_SPLINE_CURVE_WITH_KNOTS('',1,(#1107,#1108),.UNSPECIFIED.,.F.,
  .F.,(2,2),(-39.11382048802,13.037940162675),.PIECEWISE_BEZIER_KNOTS.);
#1107 = CARTESIAN_POINT('',(52.35,26.075880325351));
#1108 = CARTESIAN_POINT('',(52.35,-26.07588032535));
#1109 = ( GEOMETRIC_REPRESENTATION_CONTEXT(2) 
PARAMETRIC_REPRESENTATION_CONTEXT() REPRESENTATION_CONTEXT('2D SPACE',''
  ) );
#1110 = PCURVE('',#1111,#1116);
#1111 = PLANE('',#1112);
#1112 = AXIS2_PLACEMENT_3D('',#1113,#1114,#1115);
#1113 = CARTESIAN_POINT('',(101.6,10.374119674649,22.5));
#1114 = DIRECTION('',(-1.,0.,0.));
#1115 = DIRECTION('',(0.,1.,0.));
#1116 = DEFINITIONAL_REPRESENTATION('',(#1117),#1120);
#1117 = B_SPLINE_CURVE_WITH_KNOTS('',1,(#1118,#1119),.UNSPECIFIED.,.F.,
  .F.,(2,2),(-39.11382048802,13.037940162675),.PIECEWISE_BEZIER_KNOTS.);
#1118 = CARTESIAN_POINT('',(52.151760650701,-1.5));
#1119 = CARTESIAN_POINT('',(0.,-1.5));
#1120 = ( GEOMETRIC_REPRESENTATION_CONTEXT(2) 
PARAMETRIC_REPRESENTATION_CONTEXT() REPRESENTATION_CONTEXT('2D SPACE',''
  ) );
#1121 = ORIENTED_EDGE('',*,*,#1122,.T.);
#1122 = EDGE_CURVE('',#1097,#1123,#1125,.T.);
#1123 = VERTEX_POINT('',#1124);
#1124 = CARTESIAN_POINT('',(96.516666666667,4.359438561831,24.));
#1125 = SURFACE_CURVE('',#1126,(#1131,#1142),.PCURVE_S1.);
#1126 = CIRCLE('',#1127,6.1);
#1127 = AXIS2_PLACEMENT_3D('',#1128,#1129,#1130);
#1128 = CARTESIAN_POINT('',(95.5,10.374119674649,24.));
#1129 = DIRECTION('',(-0.,0.,-1.));
#1130 = DIRECTION('',(-0.,-1.,0.));
#1131 = PCURVE('',#72,#1132);
#1132 = DEFINITIONAL_REPRESENTATION('',(#1133),#1141);
#1133 = ( BOUNDED_CURVE() B_SPLINE_CURVE(2,(#1134,#1135,#1136,#1137,
#1138,#1139,#1140),.UNSPECIFIED.,.T.,.F.) B_SPLINE_CURVE_WITH_KNOTS((1,2
    ,2,2,2,1),(-2.094395102393,0.,2.094395102393,4.188790204786,
6.28318530718,8.377580409573),.UNSPECIFIED.) CURVE() 
GEOMETRIC_REPRESENTATION_ITEM() RATIONAL_B_SPLINE_CURVE((1.,0.5,1.,0.5,
1.,0.5,1.)) REPRESENTATION_ITEM('') );
#1134 = CARTESIAN_POINT('',(46.25,-32.17588032535));
#1135 = CARTESIAN_POINT('',(35.68449007383,-32.17588032535));
#1136 = CARTESIAN_POINT('',(40.967245036915,-23.02588032535));
#1137 = CARTESIAN_POINT('',(46.25,-13.87588032535));
#1138 = CARTESIAN_POINT('',(51.532754963085,-23.02588032535));
#1139 = CARTESIAN_POINT('',(56.81550992617,-32.17588032535));
#1140 = CARTESIAN_POINT('',(46.25,-32.17588032535));
#1141 = ( GEOMETRIC_REPRESENTATION_CONTEXT(2) 
PARAMETRIC_REPRESENTATION_CONTEXT() REPRESENTATION_CONTEXT('2D SPACE',''
  ) );
#1142 = PCURVE('',#1143,#1148);
#1143 = CYLINDRICAL_SURFACE('',#1144,6.1);
#1144 = AXIS2_PLACEMENT_3D('',#1145,#1146,#1147);
#1145 = CARTESIAN_POINT('',(95.5,10.374119674649,22.5));
#1146 = DIRECTION('',(-0.,0.,-1.));
#1147 = DIRECTION('',(-0.,-1.,0.));
#1148 = DEFINITIONAL_REPRESENTATION('',(#1149),#1153);
#1149 = LINE('',#1150,#1151);
#1150 = CARTESIAN_POINT('',(0.,-1.5));
#1151 = VECTOR('',#1152,1.);
#1152 = DIRECTION('',(1.,0.));
#1153 = ( GEOMETRIC_REPRESENTATION_CONTEXT(2) 
PARAMETRIC_REPRESENTATION_CONTEXT() REPRESENTATION_CONTEXT('2D SPACE',''
  ) );
#1154 = ORIENTED_EDGE('',*,*,#1155,.F.);
#1155 = EDGE_CURVE('',#1156,#1123,#1158,.T.);
#1156 = VERTEX_POINT('',#1157);
#1157 = CARTESIAN_POINT('',(94.140561438169,1.983333333333,24.));
#1158 = SURFACE_CURVE('',#1159,(#1164,#1175),.PCURVE_S1.);
#1159 = CIRCLE('',#1160,2.9);
#1160 = AXIS2_PLACEMENT_3D('',#1161,#1162,#1163);
#1161 = CARTESIAN_POINT('',(97.,1.5,24.));
#1162 = DIRECTION('',(0.,0.,-1.));
#1163 = DIRECTION('',(1.,0.,0.));
#1164 = PCURVE('',#72,#1165);
#1165 = DEFINITIONAL_REPRESENTATION('',(#1166),#1174);
#1166 = ( BOUNDED_CURVE() B_SPLINE_CURVE(2,(#1167,#1168,#1169,#1170,
#1171,#1172,#1173),.UNSPECIFIED.,.T.,.F.) B_SPLINE_CURVE_WITH_KNOTS((1,2
    ,2,2,2,1),(-2.094395102393,0.,2.094395102393,4.188790204786,
6.28318530718,8.377580409573),.UNSPECIFIED.) CURVE() 
GEOMETRIC_REPRESENTATION_ITEM() RATIONAL_B_SPLINE_CURVE((1.,0.5,1.,0.5,
1.,0.5,1.)) REPRESENTATION_ITEM('') );
#1167 = CARTESIAN_POINT('',(50.65,-34.95));
#1168 = CARTESIAN_POINT('',(50.65,-39.97294734195));
#1169 = CARTESIAN_POINT('',(46.3,-37.46147367097));
#1170 = CARTESIAN_POINT('',(41.95,-34.95));
#1171 = CARTESIAN_POINT('',(46.3,-32.43852632902));
#1172 = CARTESIAN_POINT('',(50.65,-29.92705265805));
#1173 = CARTESIAN_POINT('',(50.65,-34.95));
#1174 = ( GEOMETRIC_REPRESENTATION_CONTEXT(2) 
PARAMETRIC_REPRESENTATION_CONTEXT() REPRESENTATION_CONTEXT('2D SPACE',''
  ) );
#1175 = PCURVE('',#1176,#1181);
#1176 = CYLINDRICAL_SURFACE('',#1177,2.9);
#1177 = AXIS2_PLACEMENT_3D('',#1178,#1179,#1180);
#1178 = CARTESIAN_POINT('',(97.,1.5,22.5));
#1179 = DIRECTION('',(-0.,0.,-1.));
#1180 = DIRECTION('',(1.,0.,0.));
#1181 = DEFINITIONAL_REPRESENTATION('',(#1182),#1186);
#1182 = LINE('',#1183,#1184);
#1183 = CARTESIAN_POINT('',(-6.28318530718,-1.5));
#1184 = VECTOR('',#1185,1.);
#1185 = DIRECTION('',(1.,-0.));
#1186 = ( GEOMETRIC_REPRESENTATION_CONTEXT(2) 
PARAMETRIC_REPRESENTATION_CONTEXT() REPRESENTATION_CONTEXT('2D SPACE',''
  ) );
#1187 = ORIENTED_EDGE('',*,*,#1188,.T.);
#1188 = EDGE_CURVE('',#1156,#1189,#1191,.T.);
#1189 = VERTEX_POINT('',#1190);
#1190 = CARTESIAN_POINT('',(88.125880325351,-3.1,24.));
#1191 = SURFACE_CURVE('',#1192,(#1197,#1208),.PCURVE_S1.);
#1192 = CIRCLE('',#1193,6.1);
#1193 = AXIS2_PLACEMENT_3D('',#1194,#1195,#1196);
#1194 = CARTESIAN_POINT('',(88.125880325351,3.,24.));
#1195 = DIRECTION('',(-0.,0.,-1.));
#1196 = DIRECTION('',(-0.,-1.,0.));
#1197 = PCURVE('',#72,#1198);
#1198 = DEFINITIONAL_REPRESENTATION('',(#1199),#1207);
#1199 = ( BOUNDED_CURVE() B_SPLINE_CURVE(2,(#1200,#1201,#1202,#1203,
#1204,#1205,#1206),.UNSPECIFIED.,.T.,.F.) B_SPLINE_CURVE_WITH_KNOTS((1,2
    ,2,2,2,1),(-2.094395102393,0.,2.094395102393,4.188790204786,
6.28318530718,8.377580409573),.UNSPECIFIED.) CURVE() 
GEOMETRIC_REPRESENTATION_ITEM() RATIONAL_B_SPLINE_CURVE((1.,0.5,1.,0.5,
1.,0.5,1.)) REPRESENTATION_ITEM('') );
#1200 = CARTESIAN_POINT('',(38.875880325351,-39.55));
#1201 = CARTESIAN_POINT('',(28.31037039918,-39.55));
#1202 = CARTESIAN_POINT('',(33.593125362265,-30.4));
#1203 = CARTESIAN_POINT('',(38.875880325351,-21.25));
#1204 = CARTESIAN_POINT('',(44.158635288436,-30.4));
#1205 = CARTESIAN_POINT('',(49.441390251521,-39.55));
#1206 = CARTESIAN_POINT('',(38.875880325351,-39.55));
#1207 = ( GEOMETRIC_REPRESENTATION_CONTEXT(2) 
PARAMETRIC_REPRESENTATION_CONTEXT() REPRESENTATION_CONTEXT('2D SPACE',''
  ) );
#1208 = PCURVE('',#1209,#1214);
#1209 = CYLINDRICAL_SURFACE('',#1210,6.1);
#1210 = AXIS2_PLACEMENT_3D('',#1211,#1212,#1213);
#1211 = CARTESIAN_POINT('',(88.125880325351,3.,22.5));
#1212 = DIRECTION('',(-0.,0.,-1.));
#1213 = DIRECTION('',(-0.,-1.,0.));
#1214 = DEFINITIONAL_REPRESENTATION('',(#1215),#1219);
#1215 = LINE('',#1216,#1217);
#1216 = CARTESIAN_POINT('',(0.,-1.5));
#1217 = VECTOR('',#1218,1.);
#1218 = DIRECTION('',(1.,0.));
#1219 = ( GEOMETRIC_REPRESENTATION_CONTEXT(2) 
PARAMETRIC_REPRESENTATION_CONTEXT() REPRESENTATION_CONTEXT('2D SPACE',''
  ) );
#1220 = ORIENTED_EDGE('',*,*,#1221,.T.);
#1221 = EDGE_CURVE('',#1189,#1222,#1224,.T.);
#1222 = VERTEX_POINT('',#1223);
#1223 = CARTESIAN_POINT('',(58.124119674649,-3.1,24.));
#1224 = SURFACE_CURVE('',#1225,(#1229,#1235),.PCURVE_S1.);
#1225 = LINE('',#1226,#1227);
#1226 = CARTESIAN_POINT('',(53.687059837325,-3.1,24.));
#1227 = VECTOR('',#1228,1.);
#1228 = DIRECTION('',(-1.,-0.,0.));
#1229 = PCURVE('',#72,#1230);
#1230 = DEFINITIONAL_REPRESENTATION('',(#1231),#1234);
#1231 = B_SPLINE_CURVE_WITH_KNOTS('',1,(#1232,#1233),.UNSPECIFIED.,.F.,
  .F.,(2,2),(-34.43882048802,-4.437059837325),.PIECEWISE_BEZIER_KNOTS.);
#1232 = CARTESIAN_POINT('',(38.875880325351,-39.55));
#1233 = CARTESIAN_POINT('',(8.874119674649,-39.55));
#1234 = ( GEOMETRIC_REPRESENTATION_CONTEXT(2) 
PARAMETRIC_REPRESENTATION_CONTEXT() REPRESENTATION_CONTEXT('2D SPACE',''
  ) );
#1235 = PCURVE('',#1236,#1241);
#1236 = PLANE('',#1237);
#1237 = AXIS2_PLACEMENT_3D('',#1238,#1239,#1240);
#1238 = CARTESIAN_POINT('',(58.124119674649,-3.1,22.5));
#1239 = DIRECTION('',(-0.,1.,0.));
#1240 = DIRECTION('',(1.,0.,-0.));
#1241 = DEFINITIONAL_REPRESENTATION('',(#1242),#1245);
#1242 = B_SPLINE_CURVE_WITH_KNOTS('',1,(#1243,#1244),.UNSPECIFIED.,.F.,
  .F.,(2,2),(-34.43882048802,-4.437059837325),.PIECEWISE_BEZIER_KNOTS.);
#1243 = CARTESIAN_POINT('',(30.001760650701,-1.5));
#1244 = CARTESIAN_POINT('',(0.,-1.5));
#1245 = ( GEOMETRIC_REPRESENTATION_CONTEXT(2) 
PARAMETRIC_REPRESENTATION_CONTEXT() REPRESENTATION_CONTEXT('2D SPACE',''
  ) );
#1246 = ORIENTED_EDGE('',*,*,#1247,.T.);
#1247 = EDGE_CURVE('',#1222,#1248,#1250,.T.);
#1248 = VERTEX_POINT('',#1249);
#1249 = CARTESIAN_POINT('',(52.109438561831,1.983333333333,24.));
#1250 = SURFACE_CURVE('',#1251,(#1256,#1267),.PCURVE_S1.);
#1251 = CIRCLE('',#1252,6.1);
#1252 = AXIS2_PLACEMENT_3D('',#1253,#1254,#1255);
#1253 = CARTESIAN_POINT('',(58.124119674649,3.,24.));
#1254 = DIRECTION('',(-0.,0.,-1.));
#1255 = DIRECTION('',(-0.,-1.,0.));
#1256 = PCURVE('',#72,#1257);
#1257 = DEFINITIONAL_REPRESENTATION('',(#1258),#1266);
#1258 = ( BOUNDED_CURVE() B_SPLINE_CURVE(2,(#1259,#1260,#1261,#1262,
#1263,#1264,#1265),.UNSPECIFIED.,.T.,.F.) B_SPLINE_CURVE_WITH_KNOTS((1,2
    ,2,2,2,1),(-2.094395102393,0.,2.094395102393,4.188790204786,
6.28318530718,8.377580409573),.UNSPECIFIED.) CURVE() 
GEOMETRIC_REPRESENTATION_ITEM() RATIONAL_B_SPLINE_CURVE((1.,0.5,1.,0.5,
1.,0.5,1.)) REPRESENTATION_ITEM('') );
#1259 = CARTESIAN_POINT('',(8.874119674649,-39.55));
#1260 = CARTESIAN_POINT('',(-1.691390251521,-39.55));
#1261 = CARTESIAN_POINT('',(3.591364711564,-30.4));
#1262 = CARTESIAN_POINT('',(8.874119674649,-21.25));
#1263 = CARTESIAN_POINT('',(14.156874637734,-30.4));
#1264 = CARTESIAN_POINT('',(19.43962960082,-39.55));
#1265 = CARTESIAN_POINT('',(8.874119674649,-39.55));
#1266 = ( GEOMETRIC_REPRESENTATION_CONTEXT(2) 
PARAMETRIC_REPRESENTATION_CONTEXT() REPRESENTATION_CONTEXT('2D SPACE',''
  ) );
#1267 = PCURVE('',#1268,#1273);
#1268 = CYLINDRICAL_SURFACE('',#1269,6.1);
#1269 = AXIS2_PLACEMENT_3D('',#1270,#1271,#1272);
#1270 = CARTESIAN_POINT('',(58.124119674649,3.,22.5));
#1271 = DIRECTION('',(-0.,0.,-1.));
#1272 = DIRECTION('',(-0.,-1.,0.));
#1273 = DEFINITIONAL_REPRESENTATION('',(#1274),#1278);
#1274 = LINE('',#1275,#1276);
#1275 = CARTESIAN_POINT('',(6.28318530718,-1.5));
#1276 = VECTOR('',#1277,1.);
#1277 = DIRECTION('',(1.,0.));
#1278 = ( GEOMETRIC_REPRESENTATION_CONTEXT(2) 
PARAMETRIC_REPRESENTATION_CONTEXT() REPRESENTATION_CONTEXT('2D SPACE',''
  ) );
#1279 = ORIENTED_EDGE('',*,*,#1280,.F.);
#1280 = EDGE_CURVE('',#1281,#1248,#1283,.T.);
#1281 = VERTEX_POINT('',#1282);
#1282 = CARTESIAN_POINT('',(46.390561438169,1.983333333333,24.));
#1283 = SURFACE_CURVE('',#1284,(#1289,#1300),.PCURVE_S1.);
#1284 = CIRCLE('',#1285,2.9);
#1285 = AXIS2_PLACEMENT_3D('',#1286,#1287,#1288);
#1286 = CARTESIAN_POINT('',(49.25,1.5,24.));
#1287 = DIRECTION('',(0.,-0.,-1.));
#1288 = DIRECTION('',(0.968245836552,-0.25,0.));
#1289 = PCURVE('',#72,#1290);
#1290 = DEFINITIONAL_REPRESENTATION('',(#1291),#1299);
#1291 = ( BOUNDED_CURVE() B_SPLINE_CURVE(2,(#1292,#1293,#1294,#1295,
#1296,#1297,#1298),.UNSPECIFIED.,.T.,.F.) B_SPLINE_CURVE_WITH_KNOTS((1,2
    ,2,2,2,1),(-2.094395102393,0.,2.094395102393,4.188790204786,
6.28318530718,8.377580409573),.UNSPECIFIED.) CURVE() 
GEOMETRIC_REPRESENTATION_ITEM() RATIONAL_B_SPLINE_CURVE((1.,0.5,1.,0.5,
1.,0.5,1.)) REPRESENTATION_ITEM('') );
#1292 = CARTESIAN_POINT('',(2.807912926,-35.675));
#1293 = CARTESIAN_POINT('',(1.552176090513,-40.53844785106));
#1294 = CARTESIAN_POINT('',(-2.031824880744,-37.01922392553));
#1295 = CARTESIAN_POINT('',(-5.615825852001,-33.5));
#1296 = CARTESIAN_POINT('',(-0.776088045256,-32.15577607446));
#1297 = CARTESIAN_POINT('',(4.063649761488,-30.81155214893));
#1298 = CARTESIAN_POINT('',(2.807912926,-35.675));
#1299 = ( GEOMETRIC_REPRESENTATION_CONTEXT(2) 
PARAMETRIC_REPRESENTATION_CONTEXT() REPRESENTATION_CONTEXT('2D SPACE',''
  ) );
#1300 = PCURVE('',#1301,#1306);
#1301 = CYLINDRICAL_SURFACE('',#1302,2.9);
#1302 = AXIS2_PLACEMENT_3D('',#1303,#1304,#1305);
#1303 = CARTESIAN_POINT('',(49.25,1.5,22.5));
#1304 = DIRECTION('',(-0.,-0.,-1.));
#1305 = DIRECTION('',(0.968245836552,-0.25,0.));
#1306 = DEFINITIONAL_REPRESENTATION('',(#1307),#1311);
#1307 = LINE('',#1308,#1309);
#1308 = CARTESIAN_POINT('',(-12.56637061435,-1.5));
#1309 = VECTOR('',#1310,1.);
#1310 = DIRECTION('',(1.,-0.));
#1311 = ( GEOMETRIC_REPRESENTATION_CONTEXT(2) 
PARAMETRIC_REPRESENTATION_CONTEXT() REPRESENTATION_CONTEXT('2D SPACE',''
  ) );
#1312 = ORIENTED_EDGE('',*,*,#1313,.T.);
#1313 = EDGE_CURVE('',#1281,#595,#1314,.T.);
#1314 = SURFACE_CURVE('',#1315,(#1320,#1331),.PCURVE_S1.);
#1315 = CIRCLE('',#1316,6.1);
#1316 = AXIS2_PLACEMENT_3D('',#1317,#1318,#1319);
#1317 = CARTESIAN_POINT('',(40.375880325351,3.,24.));
#1318 = DIRECTION('',(-0.,-0.,-1.));
#1319 = DIRECTION('',(0.,-1.,0.));
#1320 = PCURVE('',#72,#1321);
#1321 = DEFINITIONAL_REPRESENTATION('',(#1322),#1330);
#1322 = ( BOUNDED_CURVE() B_SPLINE_CURVE(2,(#1323,#1324,#1325,#1326,
#1327,#1328,#1329),.UNSPECIFIED.,.T.,.F.) B_SPLINE_CURVE_WITH_KNOTS((1,2
    ,2,2,2,1),(-2.094395102393,0.,2.094395102393,4.188790204786,
6.28318530718,8.377580409573),.UNSPECIFIED.) CURVE() 
GEOMETRIC_REPRESENTATION_ITEM() RATIONAL_B_SPLINE_CURVE((1.,0.5,1.,0.5,
1.,0.5,1.)) REPRESENTATION_ITEM('') );
#1323 = CARTESIAN_POINT('',(-8.874119674649,-39.55));
#1324 = CARTESIAN_POINT('',(-19.43962960082,-39.55));
#1325 = CARTESIAN_POINT('',(-14.15687463773,-30.4));
#1326 = CARTESIAN_POINT('',(-8.874119674649,-21.25));
#1327 = CARTESIAN_POINT('',(-3.591364711564,-30.4));
#1328 = CARTESIAN_POINT('',(1.691390251521,-39.55));
#1329 = CARTESIAN_POINT('',(-8.874119674649,-39.55));
#1330 = ( GEOMETRIC_REPRESENTATION_CONTEXT(2) 
PARAMETRIC_REPRESENTATION_CONTEXT() REPRESENTATION_CONTEXT('2D SPACE',''
  ) );
#1331 = PCURVE('',#1332,#1337);
#1332 = CYLINDRICAL_SURFACE('',#1333,6.1);
#1333 = AXIS2_PLACEMENT_3D('',#1334,#1335,#1336);
#1334 = CARTESIAN_POINT('',(40.375880325351,3.,22.5));
#1335 = DIRECTION('',(-0.,-0.,-1.));
#1336 = DIRECTION('',(0.,-1.,0.));
#1337 = DEFINITIONAL_REPRESENTATION('',(#1338),#1342);
#1338 = LINE('',#1339,#1340);
#1339 = CARTESIAN_POINT('',(-12.56637061435,-1.5));
#1340 = VECTOR('',#1341,1.);
#1341 = DIRECTION('',(1.,-0.));
#1342 = ( GEOMETRIC_REPRESENTATION_CONTEXT(2) 
PARAMETRIC_REPRESENTATION_CONTEXT() REPRESENTATION_CONTEXT('2D SPACE',''
  ) );
#1343 = FACE_BOUND('',#1344,.T.);
#1344 = EDGE_LOOP('',(#1345));
#1345 = ORIENTED_EDGE('',*,*,#1346,.F.);
#1346 = EDGE_CURVE('',#1347,#1347,#1349,.T.);
#1347 = VERTEX_POINT('',#1348);
#1348 = CARTESIAN_POINT('',(50.5,71.4,24.));
#1349 = SURFACE_CURVE('',#1350,(#1355,#1362),.PCURVE_S1.);
#1350 = CIRCLE('',#1351,1.25);
#1351 = AXIS2_PLACEMENT_3D('',#1352,#1353,#1354);
#1352 = CARTESIAN_POINT('',(49.25,71.4,24.));
#1353 = DIRECTION('',(0.,0.,1.));
#1354 = DIRECTION('',(1.,0.,-0.));
#1355 = PCURVE('',#72,#1356);
#1356 = DEFINITIONAL_REPRESENTATION('',(#1357),#1361);
#1357 = CIRCLE('',#1358,1.25);
#1358 = AXIS2_PLACEMENT_2D('',#1359,#1360);
#1359 = CARTESIAN_POINT('',(-7.105427357601E-15,34.95));
#1360 = DIRECTION('',(1.,0.));
#1361 = ( GEOMETRIC_REPRESENTATION_CONTEXT(2) 
PARAMETRIC_REPRESENTATION_CONTEXT() REPRESENTATION_CONTEXT('2D SPACE',''
  ) );
#1362 = PCURVE('',#1363,#1368);
#1363 = CYLINDRICAL_SURFACE('',#1364,1.25);
#1364 = AXIS2_PLACEMENT_3D('',#1365,#1366,#1367);
#1365 = CARTESIAN_POINT('',(49.25,71.4,10.));
#1366 = DIRECTION('',(0.,0.,1.));
#1367 = DIRECTION('',(1.,0.,-0.));
#1368 = DEFINITIONAL_REPRESENTATION('',(#1369),#1373);
#1369 = LINE('',#1370,#1371);
#1370 = CARTESIAN_POINT('',(0.,14.));
#1371 = VECTOR('',#1372,1.);
#1372 = DIRECTION('',(1.,0.));
#1373 = ( GEOMETRIC_REPRESENTATION_CONTEXT(2) 
PARAMETRIC_REPRESENTATION_CONTEXT() REPRESENTATION_CONTEXT('2D SPACE',''
  ) );
#1374 = FACE_BOUND('',#1375,.T.);
#1375 = EDGE_LOOP('',(#1376));
#1376 = ORIENTED_EDGE('',*,*,#1377,.F.);
#1377 = EDGE_CURVE('',#1378,#1378,#1380,.T.);
#1378 = VERTEX_POINT('',#1379);
#1379 = CARTESIAN_POINT('',(98.25,71.4,24.));
#1380 = SURFACE_CURVE('',#1381,(#1386,#1393),.PCURVE_S1.);
#1381 = CIRCLE('',#1382,1.25);
#1382 = AXIS2_PLACEMENT_3D('',#1383,#1384,#1385);
#1383 = CARTESIAN_POINT('',(97.,71.4,24.));
#1384 = DIRECTION('',(0.,0.,1.));
#1385 = DIRECTION('',(1.,0.,-0.));
#1386 = PCURVE('',#72,#1387);
#1387 = DEFINITIONAL_REPRESENTATION('',(#1388),#1392);
#1388 = CIRCLE('',#1389,1.25);
#1389 = AXIS2_PLACEMENT_2D('',#1390,#1391);
#1390 = CARTESIAN_POINT('',(47.75,34.95));
#1391 = DIRECTION('',(1.,0.));
#1392 = ( GEOMETRIC_REPRESENTATION_CONTEXT(2) 
PARAMETRIC_REPRESENTATION_CONTEXT() REPRESENTATION_CONTEXT('2D SPACE',''
  ) );
#1393 = PCURVE('',#1394,#1399);
#1394 = CYLINDRICAL_SURFACE('',#1395,1.25);
#1395 = AXIS2_PLACEMENT_3D('',#1396,#1397,#1398);
#1396 = CARTESIAN_POINT('',(97.,71.4,10.));
#1397 = DIRECTION('',(0.,0.,1.));
#1398 = DIRECTION('',(1.,0.,-0.));
#1399 = DEFINITIONAL_REPRESENTATION('',(#1400),#1404);
#1400 = LINE('',#1401,#1402);
#1401 = CARTESIAN_POINT('',(0.,14.));
#1402 = VECTOR('',#1403,1.);
#1403 = DIRECTION('',(1.,0.));
#1404 = ( GEOMETRIC_REPRESENTATION_CONTEXT(2) 
PARAMETRIC_REPRESENTATION_CONTEXT() REPRESENTATION_CONTEXT('2D SPACE',''
  ) );
#1405 = ADVANCED_FACE('',(#1406),#100,.T.);
#1406 = FACE_BOUND('',#1407,.T.);
#1407 = EDGE_LOOP('',(#1408,#1409,#1433,#1454));
#1408 = ORIENTED_EDGE('',*,*,#84,.F.);
#1409 = ORIENTED_EDGE('',*,*,#1410,.T.);
#1410 = EDGE_CURVE('',#85,#1411,#1413,.T.);
#1411 = VERTEX_POINT('',#1412);
#1412 = CARTESIAN_POINT('',(102.5,3.,-0.9));
#1413 = SURFACE_CURVE('',#1414,(#1419,#1426),.PCURVE_S1.);
#1414 = CIRCLE('',#1415,7.);
#1415 = AXIS2_PLACEMENT_3D('',#1416,#1417,#1418);
#1416 = CARTESIAN_POINT('',(95.5,3.,-0.9));
#1417 = DIRECTION('',(0.,0.,1.));
#1418 = DIRECTION('',(0.,-1.,0.));
#1419 = PCURVE('',#100,#1420);
#1420 = DEFINITIONAL_REPRESENTATION('',(#1421),#1425);
#1421 = LINE('',#1422,#1423);
#1422 = CARTESIAN_POINT('',(0.,1.5));
#1423 = VECTOR('',#1424,1.);
#1424 = DIRECTION('',(1.,0.));
#1425 = ( GEOMETRIC_REPRESENTATION_CONTEXT(2) 
PARAMETRIC_REPRESENTATION_CONTEXT() REPRESENTATION_CONTEXT('2D SPACE',''
  ) );
#1426 = PCURVE('',#292,#1427);
#1427 = DEFINITIONAL_REPRESENTATION('',(#1428),#1432);
#1428 = LINE('',#1429,#1430);
#1429 = CARTESIAN_POINT('',(-0.,0.));
#1430 = VECTOR('',#1431,1.);
#1431 = DIRECTION('',(-1.,0.));
#1432 = ( GEOMETRIC_REPRESENTATION_CONTEXT(2) 
PARAMETRIC_REPRESENTATION_CONTEXT() REPRESENTATION_CONTEXT('2D SPACE',''
  ) );
#1433 = ORIENTED_EDGE('',*,*,#1434,.T.);
#1434 = EDGE_CURVE('',#1411,#309,#1435,.T.);
#1435 = SURFACE_CURVE('',#1436,(#1440,#1447),.PCURVE_S1.);
#1436 = LINE('',#1437,#1438);
#1437 = CARTESIAN_POINT('',(102.5,3.,-2.4));
#1438 = VECTOR('',#1439,1.);
#1439 = DIRECTION('',(0.,0.,1.));
#1440 = PCURVE('',#100,#1441);
#1441 = DEFINITIONAL_REPRESENTATION('',(#1442),#1446);
#1442 = LINE('',#1443,#1444);
#1443 = CARTESIAN_POINT('',(1.570796326795,0.));
#1444 = VECTOR('',#1445,1.);
#1445 = DIRECTION('',(0.,1.));
#1446 = ( GEOMETRIC_REPRESENTATION_CONTEXT(2) 
PARAMETRIC_REPRESENTATION_CONTEXT() REPRESENTATION_CONTEXT('2D SPACE',''
  ) );
#1447 = PCURVE('',#348,#1448);
#1448 = DEFINITIONAL_REPRESENTATION('',(#1449),#1453);
#1449 = LINE('',#1450,#1451);
#1450 = CARTESIAN_POINT('',(7.,0.));
#1451 = VECTOR('',#1452,1.);
#1452 = DIRECTION('',(0.,-1.));
#1453 = ( GEOMETRIC_REPRESENTATION_CONTEXT(2) 
PARAMETRIC_REPRESENTATION_CONTEXT() REPRESENTATION_CONTEXT('2D SPACE',''
  ) );
#1454 = ORIENTED_EDGE('',*,*,#308,.F.);
#1455 = ADVANCED_FACE('',(#1456),#159,.T.);
#1456 = FACE_BOUND('',#1457,.F.);
#1457 = EDGE_LOOP('',(#1458,#1485,#1486,#1487));
#1458 = ORIENTED_EDGE('',*,*,#1459,.F.);
#1459 = EDGE_CURVE('',#143,#1460,#1462,.T.);
#1460 = VERTEX_POINT('',#1461);
#1461 = CARTESIAN_POINT('',(-2.5,3.,-2.4));
#1462 = SURFACE_CURVE('',#1463,(#1468,#1474),.PCURVE_S1.);
#1463 = CIRCLE('',#1464,1.5);
#1464 = AXIS2_PLACEMENT_3D('',#1465,#1466,#1467);
#1465 = CARTESIAN_POINT('',(-2.5,3.,-0.9));
#1466 = DIRECTION('',(0.,-1.,0.));
#1467 = DIRECTION('',(-1.,0.,0.));
#1468 = PCURVE('',#159,#1469);
#1469 = DEFINITIONAL_REPRESENTATION('',(#1470),#1473);
#1470 = B_SPLINE_CURVE_WITH_KNOTS('',1,(#1471,#1472),.UNSPECIFIED.,.F.,
  .F.,(2,2),(0.,1.570796326795),.PIECEWISE_BEZIER_KNOTS.);
#1471 = CARTESIAN_POINT('',(0.,0.));
#1472 = CARTESIAN_POINT('',(0.,1.570796326795));
#1473 = ( GEOMETRIC_REPRESENTATION_CONTEXT(2) 
PARAMETRIC_REPRESENTATION_CONTEXT() REPRESENTATION_CONTEXT('2D SPACE',''
  ) );
#1474 = PCURVE('',#1475,#1480);
#1475 = CYLINDRICAL_SURFACE('',#1476,1.5);
#1476 = AXIS2_PLACEMENT_3D('',#1477,#1478,#1479);
#1477 = CARTESIAN_POINT('',(-2.5,69.9,-0.9));
#1478 = DIRECTION('',(0.,-1.,0.));
#1479 = DIRECTION('',(-1.,-0.,0.));
#1480 = DEFINITIONAL_REPRESENTATION('',(#1481),#1484);
#1481 = B_SPLINE_CURVE_WITH_KNOTS('',1,(#1482,#1483),.UNSPECIFIED.,.F.,
  .F.,(2,2),(0.,1.570796326795),.PIECEWISE_BEZIER_KNOTS.);
#1482 = CARTESIAN_POINT('',(0.,66.9));
#1483 = CARTESIAN_POINT('',(1.570796326795,66.9));
#1484 = ( GEOMETRIC_REPRESENTATION_CONTEXT(2) 
PARAMETRIC_REPRESENTATION_CONTEXT() REPRESENTATION_CONTEXT('2D SPACE',''
  ) );
#1485 = ORIENTED_EDGE('',*,*,#142,.T.);
#1486 = ORIENTED_EDGE('',*,*,#228,.T.);
#1487 = ORIENTED_EDGE('',*,*,#1488,.F.);
#1488 = EDGE_CURVE('',#1460,#229,#1489,.T.);
#1489 = SURFACE_CURVE('',#1490,(#1495,#1502),.PCURVE_S1.);
#1490 = CIRCLE('',#1491,5.5);
#1491 = AXIS2_PLACEMENT_3D('',#1492,#1493,#1494);
#1492 = CARTESIAN_POINT('',(3.,3.,-2.4));
#1493 = DIRECTION('',(0.,0.,1.));
#1494 = DIRECTION('',(-1.,-1.903239470786E-16,0.));
#1495 = PCURVE('',#159,#1496);
#1496 = DEFINITIONAL_REPRESENTATION('',(#1497),#1501);
#1497 = LINE('',#1498,#1499);
#1498 = CARTESIAN_POINT('',(-0.,1.570796326795));
#1499 = VECTOR('',#1500,1.);
#1500 = DIRECTION('',(-1.,0.));
#1501 = ( GEOMETRIC_REPRESENTATION_CONTEXT(2) 
PARAMETRIC_REPRESENTATION_CONTEXT() REPRESENTATION_CONTEXT('2D SPACE',''
  ) );
#1502 = PCURVE('',#266,#1503);
#1503 = DEFINITIONAL_REPRESENTATION('',(#1504),#1508);
#1504 = CIRCLE('',#1505,5.5);
#1505 = AXIS2_PLACEMENT_2D('',#1506,#1507);
#1506 = CARTESIAN_POINT('',(-46.25,-33.45));
#1507 = DIRECTION('',(-1.,0.));
#1508 = ( GEOMETRIC_REPRESENTATION_CONTEXT(2) 
PARAMETRIC_REPRESENTATION_CONTEXT() REPRESENTATION_CONTEXT('2D SPACE',''
  ) );
#1509 = ADVANCED_FACE('',(#1510,#1558,#1589),#187,.F.);
#1510 = FACE_BOUND('',#1511,.F.);
#1511 = EDGE_LOOP('',(#1512,#1535,#1536,#1537));
#1512 = ORIENTED_EDGE('',*,*,#1513,.T.);
#1513 = EDGE_CURVE('',#1514,#418,#1516,.T.);
#1514 = VERTEX_POINT('',#1515);
#1515 = CARTESIAN_POINT('',(-4.,69.9,-0.9));
#1516 = SURFACE_CURVE('',#1517,(#1521,#1528),.PCURVE_S1.);
#1517 = LINE('',#1518,#1519);
#1518 = CARTESIAN_POINT('',(-4.,69.9,-2.4));
#1519 = VECTOR('',#1520,1.);
#1520 = DIRECTION('',(0.,0.,1.));
#1521 = PCURVE('',#187,#1522);
#1522 = DEFINITIONAL_REPRESENTATION('',(#1523),#1527);
#1523 = LINE('',#1524,#1525);
#1524 = CARTESIAN_POINT('',(7.,0.));
#1525 = VECTOR('',#1526,1.);
#1526 = DIRECTION('',(0.,-1.));
#1527 = ( GEOMETRIC_REPRESENTATION_CONTEXT(2) 
PARAMETRIC_REPRESENTATION_CONTEXT() REPRESENTATION_CONTEXT('2D SPACE',''
  ) );
#1528 = PCURVE('',#434,#1529);
#1529 = DEFINITIONAL_REPRESENTATION('',(#1530),#1534);
#1530 = LINE('',#1531,#1532);
#1531 = CARTESIAN_POINT('',(1.570796326795,0.));
#1532 = VECTOR('',#1533,1.);
#1533 = DIRECTION('',(0.,1.));
#1534 = ( GEOMETRIC_REPRESENTATION_CONTEXT(2) 
PARAMETRIC_REPRESENTATION_CONTEXT() REPRESENTATION_CONTEXT('2D SPACE',''
  ) );
#1535 = ORIENTED_EDGE('',*,*,#446,.T.);
#1536 = ORIENTED_EDGE('',*,*,#171,.F.);
#1537 = ORIENTED_EDGE('',*,*,#1538,.F.);
#1538 = EDGE_CURVE('',#1514,#143,#1539,.T.);
#1539 = SURFACE_CURVE('',#1540,(#1544,#1551),.PCURVE_S1.);
#1540 = LINE('',#1541,#1542);
#1541 = CARTESIAN_POINT('',(-4.,69.9,-0.9));
#1542 = VECTOR('',#1543,1.);
#1543 = DIRECTION('',(0.,-1.,0.));
#1544 = PCURVE('',#187,#1545);
#1545 = DEFINITIONAL_REPRESENTATION('',(#1546),#1550);
#1546 = LINE('',#1547,#1548);
#1547 = CARTESIAN_POINT('',(7.,-1.5));
#1548 = VECTOR('',#1549,1.);
#1549 = DIRECTION('',(1.,0.));
#1550 = ( GEOMETRIC_REPRESENTATION_CONTEXT(2) 
PARAMETRIC_REPRESENTATION_CONTEXT() REPRESENTATION_CONTEXT('2D SPACE',''
  ) );
#1551 = PCURVE('',#1475,#1552);
#1552 = DEFINITIONAL_REPRESENTATION('',(#1553),#1557);
#1553 = LINE('',#1554,#1555);
#1554 = CARTESIAN_POINT('',(0.,0.));
#1555 = VECTOR('',#1556,1.);
#1556 = DIRECTION('',(0.,1.));
#1557 = ( GEOMETRIC_REPRESENTATION_CONTEXT(2) 
PARAMETRIC_REPRESENTATION_CONTEXT() REPRESENTATION_CONTEXT('2D SPACE',''
  ) );
#1558 = FACE_BOUND('',#1559,.F.);
#1559 = EDGE_LOOP('',(#1560));
#1560 = ORIENTED_EDGE('',*,*,#1561,.F.);
#1561 = EDGE_CURVE('',#1562,#1562,#1564,.T.);
#1562 = VERTEX_POINT('',#1563);
#1563 = CARTESIAN_POINT('',(-4.,55.15,14.1));
#1564 = SURFACE_CURVE('',#1565,(#1570,#1577),.PCURVE_S1.);
#1565 = CIRCLE('',#1566,3.1);
#1566 = AXIS2_PLACEMENT_3D('',#1567,#1568,#1569);
#1567 = CARTESIAN_POINT('',(-4.,55.15,11.));
#1568 = DIRECTION('',(1.,0.,0.));
#1569 = DIRECTION('',(-0.,0.,1.));
#1570 = PCURVE('',#187,#1571);
#1571 = DEFINITIONAL_REPRESENTATION('',(#1572),#1576);
#1572 = CIRCLE('',#1573,3.1);
#1573 = AXIS2_PLACEMENT_2D('',#1574,#1575);
#1574 = CARTESIAN_POINT('',(21.75,-13.4));
#1575 = DIRECTION('',(0.,-1.));
#1576 = ( GEOMETRIC_REPRESENTATION_CONTEXT(2) 
PARAMETRIC_REPRESENTATION_CONTEXT() REPRESENTATION_CONTEXT('2D SPACE',''
  ) );
#1577 = PCURVE('',#1578,#1583);
#1578 = CYLINDRICAL_SURFACE('',#1579,3.1);
#1579 = AXIS2_PLACEMENT_3D('',#1580,#1581,#1582);
#1580 = CARTESIAN_POINT('',(-5.,55.15,11.));
#1581 = DIRECTION('',(1.,0.,0.));
#1582 = DIRECTION('',(-0.,0.,1.));
#1583 = DEFINITIONAL_REPRESENTATION('',(#1584),#1588);
#1584 = LINE('',#1585,#1586);
#1585 = CARTESIAN_POINT('',(0.,1.));
#1586 = VECTOR('',#1587,1.);
#1587 = DIRECTION('',(1.,0.));
#1588 = ( GEOMETRIC_REPRESENTATION_CONTEXT(2) 
PARAMETRIC_REPRESENTATION_CONTEXT() REPRESENTATION_CONTEXT('2D SPACE',''
  ) );
#1589 = FACE_BOUND('',#1590,.F.);
#1590 = EDGE_LOOP('',(#1591));
#1591 = ORIENTED_EDGE('',*,*,#1592,.F.);
#1592 = EDGE_CURVE('',#1593,#1593,#1595,.T.);
#1593 = VERTEX_POINT('',#1594);
#1594 = CARTESIAN_POINT('',(-4.,38.,17.1));
#1595 = SURFACE_CURVE('',#1596,(#1601,#1608),.PCURVE_S1.);
#1596 = CIRCLE('',#1597,6.1);
#1597 = AXIS2_PLACEMENT_3D('',#1598,#1599,#1600);
#1598 = CARTESIAN_POINT('',(-4.,38.,11.));
#1599 = DIRECTION('',(1.,0.,0.));
#1600 = DIRECTION('',(-0.,0.,1.));
#1601 = PCURVE('',#187,#1602);
#1602 = DEFINITIONAL_REPRESENTATION('',(#1603),#1607);
#1603 = CIRCLE('',#1604,6.1);
#1604 = AXIS2_PLACEMENT_2D('',#1605,#1606);
#1605 = CARTESIAN_POINT('',(38.9,-13.4));
#1606 = DIRECTION('',(0.,-1.));
#1607 = ( GEOMETRIC_REPRESENTATION_CONTEXT(2) 
PARAMETRIC_REPRESENTATION_CONTEXT() REPRESENTATION_CONTEXT('2D SPACE',''
  ) );
#1608 = PCURVE('',#1609,#1614);
#1609 = CYLINDRICAL_SURFACE('',#1610,6.1);
#1610 = AXIS2_PLACEMENT_3D('',#1611,#1612,#1613);
#1611 = CARTESIAN_POINT('',(-5.,38.,11.));
#1612 = DIRECTION('',(1.,0.,0.));
#1613 = DIRECTION('',(-0.,0.,1.));
#1614 = DEFINITIONAL_REPRESENTATION('',(#1615),#1619);
#1615 = LINE('',#1616,#1617);
#1616 = CARTESIAN_POINT('',(0.,1.));
#1617 = VECTOR('',#1618,1.);
#1618 = DIRECTION('',(1.,0.));
#1619 = ( GEOMETRIC_REPRESENTATION_CONTEXT(2) 
PARAMETRIC_REPRESENTATION_CONTEXT() REPRESENTATION_CONTEXT('2D SPACE',''
  ) );
#1620 = ADVANCED_FACE('',(#1621,#1784,#1815,#1846,#1877),#266,.F.);
#1621 = FACE_BOUND('',#1622,.F.);
#1622 = EDGE_LOOP('',(#1623,#1624,#1648,#1676,#1705,#1733,#1762,#1783));
#1623 = ORIENTED_EDGE('',*,*,#250,.T.);
#1624 = ORIENTED_EDGE('',*,*,#1625,.T.);
#1625 = EDGE_CURVE('',#251,#1626,#1628,.T.);
#1626 = VERTEX_POINT('',#1627);
#1627 = CARTESIAN_POINT('',(101.,3.,-2.4));
#1628 = SURFACE_CURVE('',#1629,(#1634,#1641),.PCURVE_S1.);
#1629 = CIRCLE('',#1630,5.5);
#1630 = AXIS2_PLACEMENT_3D('',#1631,#1632,#1633);
#1631 = CARTESIAN_POINT('',(95.5,3.,-2.4));
#1632 = DIRECTION('',(0.,0.,1.));
#1633 = DIRECTION('',(0.,-1.,0.));
#1634 = PCURVE('',#266,#1635);
#1635 = DEFINITIONAL_REPRESENTATION('',(#1636),#1640);
#1636 = CIRCLE('',#1637,5.5);
#1637 = AXIS2_PLACEMENT_2D('',#1638,#1639);
#1638 = CARTESIAN_POINT('',(46.25,-33.45));
#1639 = DIRECTION('',(0.,-1.));
#1640 = ( GEOMETRIC_REPRESENTATION_CONTEXT(2) 
PARAMETRIC_REPRESENTATION_CONTEXT() REPRESENTATION_CONTEXT('2D SPACE',''
  ) );
#1641 = PCURVE('',#292,#1642);
#1642 = DEFINITIONAL_REPRESENTATION('',(#1643),#1647);
#1643 = LINE('',#1644,#1645);
#1644 = CARTESIAN_POINT('',(-0.,1.570796326795));
#1645 = VECTOR('',#1646,1.);
#1646 = DIRECTION('',(-1.,0.));
#1647 = ( GEOMETRIC_REPRESENTATION_CONTEXT(2) 
PARAMETRIC_REPRESENTATION_CONTEXT() REPRESENTATION_CONTEXT('2D SPACE',''
  ) );
#1648 = ORIENTED_EDGE('',*,*,#1649,.T.);
#1649 = EDGE_CURVE('',#1626,#1650,#1652,.T.);
#1650 = VERTEX_POINT('',#1651);
#1651 = CARTESIAN_POINT('',(101.,69.9,-2.4));
#1652 = SURFACE_CURVE('',#1653,(#1657,#1664),.PCURVE_S1.);
#1653 = LINE('',#1654,#1655);
#1654 = CARTESIAN_POINT('',(101.,3.,-2.4));
#1655 = VECTOR('',#1656,1.);
#1656 = DIRECTION('',(0.,1.,0.));
#1657 = PCURVE('',#266,#1658);
#1658 = DEFINITIONAL_REPRESENTATION('',(#1659),#1663);
#1659 = LINE('',#1660,#1661);
#1660 = CARTESIAN_POINT('',(51.75,-33.45));
#1661 = VECTOR('',#1662,1.);
#1662 = DIRECTION('',(0.,1.));
#1663 = ( GEOMETRIC_REPRESENTATION_CONTEXT(2) 
PARAMETRIC_REPRESENTATION_CONTEXT() REPRESENTATION_CONTEXT('2D SPACE',''
  ) );
#1664 = PCURVE('',#1665,#1670);
#1665 = CYLINDRICAL_SURFACE('',#1666,1.5);
#1666 = AXIS2_PLACEMENT_3D('',#1667,#1668,#1669);
#1667 = CARTESIAN_POINT('',(101.,3.,-0.9));
#1668 = DIRECTION('',(0.,1.,0.));
#1669 = DIRECTION('',(1.,0.,-0.));
#1670 = DEFINITIONAL_REPRESENTATION('',(#1671),#1675);
#1671 = LINE('',#1672,#1673);
#1672 = CARTESIAN_POINT('',(1.570796326795,0.));
#1673 = VECTOR('',#1674,1.);
#1674 = DIRECTION('',(0.,1.));
#1675 = ( GEOMETRIC_REPRESENTATION_CONTEXT(2) 
PARAMETRIC_REPRESENTATION_CONTEXT() REPRESENTATION_CONTEXT('2D SPACE',''
  ) );
#1676 = ORIENTED_EDGE('',*,*,#1677,.T.);
#1677 = EDGE_CURVE('',#1650,#1678,#1680,.T.);
#1678 = VERTEX_POINT('',#1679);
#1679 = CARTESIAN_POINT('',(95.5,75.4,-2.4));
#1680 = SURFACE_CURVE('',#1681,(#1686,#1693),.PCURVE_S1.);
#1681 = CIRCLE('',#1682,5.5);
#1682 = AXIS2_PLACEMENT_3D('',#1683,#1684,#1685);
#1683 = CARTESIAN_POINT('',(95.5,69.9,-2.4));
#1684 = DIRECTION('',(0.,0.,1.));
#1685 = DIRECTION('',(1.,0.,-0.));
#1686 = PCURVE('',#266,#1687);
#1687 = DEFINITIONAL_REPRESENTATION('',(#1688),#1692);
#1688 = CIRCLE('',#1689,5.5);
#1689 = AXIS2_PLACEMENT_2D('',#1690,#1691);
#1690 = CARTESIAN_POINT('',(46.25,33.45));
#1691 = DIRECTION('',(1.,0.));
#1692 = ( GEOMETRIC_REPRESENTATION_CONTEXT(2) 
PARAMETRIC_REPRESENTATION_CONTEXT() REPRESENTATION_CONTEXT('2D SPACE',''
  ) );
#1693 = PCURVE('',#1694,#1699);
#1694 = TOROIDAL_SURFACE('',#1695,5.5,1.5);
#1695 = AXIS2_PLACEMENT_3D('',#1696,#1697,#1698);
#1696 = CARTESIAN_POINT('',(95.5,69.9,-0.9));
#1697 = DIRECTION('',(-0.,-0.,-1.));
#1698 = DIRECTION('',(1.,0.,-0.));
#1699 = DEFINITIONAL_REPRESENTATION('',(#1700),#1704);
#1700 = LINE('',#1701,#1702);
#1701 = CARTESIAN_POINT('',(-0.,1.570796326795));
#1702 = VECTOR('',#1703,1.);
#1703 = DIRECTION('',(-1.,0.));
#1704 = ( GEOMETRIC_REPRESENTATION_CONTEXT(2) 
PARAMETRIC_REPRESENTATION_CONTEXT() REPRESENTATION_CONTEXT('2D SPACE',''
  ) );
#1705 = ORIENTED_EDGE('',*,*,#1706,.T.);
#1706 = EDGE_CURVE('',#1678,#1707,#1709,.T.);
#1707 = VERTEX_POINT('',#1708);
#1708 = CARTESIAN_POINT('',(3.,75.4,-2.4));
#1709 = SURFACE_CURVE('',#1710,(#1714,#1721),.PCURVE_S1.);
#1710 = LINE('',#1711,#1712);
#1711 = CARTESIAN_POINT('',(95.5,75.4,-2.4));
#1712 = VECTOR('',#1713,1.);
#1713 = DIRECTION('',(-1.,0.,0.));
#1714 = PCURVE('',#266,#1715);
#1715 = DEFINITIONAL_REPRESENTATION('',(#1716),#1720);
#1716 = LINE('',#1717,#1718);
#1717 = CARTESIAN_POINT('',(46.25,38.95));
#1718 = VECTOR('',#1719,1.);
#1719 = DIRECTION('',(-1.,0.));
#1720 = ( GEOMETRIC_REPRESENTATION_CONTEXT(2) 
PARAMETRIC_REPRESENTATION_CONTEXT() REPRESENTATION_CONTEXT('2D SPACE',''
  ) );
#1721 = PCURVE('',#1722,#1727);
#1722 = CYLINDRICAL_SURFACE('',#1723,1.5);
#1723 = AXIS2_PLACEMENT_3D('',#1724,#1725,#1726);
#1724 = CARTESIAN_POINT('',(95.5,75.4,-0.9));
#1725 = DIRECTION('',(-1.,0.,0.));
#1726 = DIRECTION('',(0.,1.,-0.));
#1727 = DEFINITIONAL_REPRESENTATION('',(#1728),#1732);
#1728 = LINE('',#1729,#1730);
#1729 = CARTESIAN_POINT('',(1.570796326795,0.));
#1730 = VECTOR('',#1731,1.);
#1731 = DIRECTION('',(0.,1.));
#1732 = ( GEOMETRIC_REPRESENTATION_CONTEXT(2) 
PARAMETRIC_REPRESENTATION_CONTEXT() REPRESENTATION_CONTEXT('2D SPACE',''
  ) );
#1733 = ORIENTED_EDGE('',*,*,#1734,.T.);
#1734 = EDGE_CURVE('',#1707,#1735,#1737,.T.);
#1735 = VERTEX_POINT('',#1736);
#1736 = CARTESIAN_POINT('',(-2.5,69.9,-2.4));
#1737 = SURFACE_CURVE('',#1738,(#1743,#1750),.PCURVE_S1.);
#1738 = CIRCLE('',#1739,5.5);
#1739 = AXIS2_PLACEMENT_3D('',#1740,#1741,#1742);
#1740 = CARTESIAN_POINT('',(3.,69.9,-2.4));
#1741 = DIRECTION('',(0.,0.,1.));
#1742 = DIRECTION('',(-1.268826313857E-16,1.,0.));
#1743 = PCURVE('',#266,#1744);
#1744 = DEFINITIONAL_REPRESENTATION('',(#1745),#1749);
#1745 = CIRCLE('',#1746,5.5);
#1746 = AXIS2_PLACEMENT_2D('',#1747,#1748);
#1747 = CARTESIAN_POINT('',(-46.25,33.45));
#1748 = DIRECTION('',(0.,1.));
#1749 = ( GEOMETRIC_REPRESENTATION_CONTEXT(2) 
PARAMETRIC_REPRESENTATION_CONTEXT() REPRESENTATION_CONTEXT('2D SPACE',''
  ) );
#1750 = PCURVE('',#1751,#1756);
#1751 = TOROIDAL_SURFACE('',#1752,5.5,1.5);
#1752 = AXIS2_PLACEMENT_3D('',#1753,#1754,#1755);
#1753 = CARTESIAN_POINT('',(3.,69.9,-0.9));
#1754 = DIRECTION('',(-0.,-0.,-1.));
#1755 = DIRECTION('',(-1.268826313857E-16,1.,0.));
#1756 = DEFINITIONAL_REPRESENTATION('',(#1757),#1761);
#1757 = LINE('',#1758,#1759);
#1758 = CARTESIAN_POINT('',(-0.,1.570796326795));
#1759 = VECTOR('',#1760,1.);
#1760 = DIRECTION('',(-1.,0.));
#1761 = ( GEOMETRIC_REPRESENTATION_CONTEXT(2) 
PARAMETRIC_REPRESENTATION_CONTEXT() REPRESENTATION_CONTEXT('2D SPACE',''
  ) );
#1762 = ORIENTED_EDGE('',*,*,#1763,.T.);
#1763 = EDGE_CURVE('',#1735,#1460,#1764,.T.);
#1764 = SURFACE_CURVE('',#1765,(#1769,#1776),.PCURVE_S1.);
#1765 = LINE('',#1766,#1767);
#1766 = CARTESIAN_POINT('',(-2.5,69.9,-2.4));
#1767 = VECTOR('',#1768,1.);
#1768 = DIRECTION('',(0.,-1.,0.));
#1769 = PCURVE('',#266,#1770);
#1770 = DEFINITIONAL_REPRESENTATION('',(#1771),#1775);
#1771 = LINE('',#1772,#1773);
#1772 = CARTESIAN_POINT('',(-51.75,33.45));
#1773 = VECTOR('',#1774,1.);
#1774 = DIRECTION('',(0.,-1.));
#1775 = ( GEOMETRIC_REPRESENTATION_CONTEXT(2) 
PARAMETRIC_REPRESENTATION_CONTEXT() REPRESENTATION_CONTEXT('2D SPACE',''
  ) );
#1776 = PCURVE('',#1475,#1777);
#1777 = DEFINITIONAL_REPRESENTATION('',(#1778),#1782);
#1778 = LINE('',#1779,#1780);
#1779 = CARTESIAN_POINT('',(1.570796326795,0.));
#1780 = VECTOR('',#1781,1.);
#1781 = DIRECTION('',(0.,1.));
#1782 = ( GEOMETRIC_REPRESENTATION_CONTEXT(2) 
PARAMETRIC_REPRESENTATION_CONTEXT() REPRESENTATION_CONTEXT('2D SPACE',''
  ) );
#1783 = ORIENTED_EDGE('',*,*,#1488,.T.);
#1784 = FACE_BOUND('',#1785,.F.);
#1785 = EDGE_LOOP('',(#1786));
#1786 = ORIENTED_EDGE('',*,*,#1787,.F.);
#1787 = EDGE_CURVE('',#1788,#1788,#1790,.T.);
#1788 = VERTEX_POINT('',#1789);
#1789 = CARTESIAN_POINT('',(35.5,3.5,-2.4));
#1790 = SURFACE_CURVE('',#1791,(#1796,#1803),.PCURVE_S1.);
#1791 = CIRCLE('',#1792,1.25);
#1792 = AXIS2_PLACEMENT_3D('',#1793,#1794,#1795);
#1793 = CARTESIAN_POINT('',(34.25,3.5,-2.4));
#1794 = DIRECTION('',(0.,0.,1.));
#1795 = DIRECTION('',(1.,0.,-0.));
#1796 = PCURVE('',#266,#1797);
#1797 = DEFINITIONAL_REPRESENTATION('',(#1798),#1802);
#1798 = CIRCLE('',#1799,1.25);
#1799 = AXIS2_PLACEMENT_2D('',#1800,#1801);
#1800 = CARTESIAN_POINT('',(-15.,-32.95));
#1801 = DIRECTION('',(1.,0.));
#1802 = ( GEOMETRIC_REPRESENTATION_CONTEXT(2) 
PARAMETRIC_REPRESENTATION_CONTEXT() REPRESENTATION_CONTEXT('2D SPACE',''
  ) );
#1803 = PCURVE('',#1804,#1809);
#1804 = CYLINDRICAL_SURFACE('',#1805,1.25);
#1805 = AXIS2_PLACEMENT_3D('',#1806,#1807,#1808);
#1806 = CARTESIAN_POINT('',(34.25,3.5,-3.4));
#1807 = DIRECTION('',(0.,0.,1.));
#1808 = DIRECTION('',(1.,0.,-0.));
#1809 = DEFINITIONAL_REPRESENTATION('',(#1810),#1814);
#1810 = LINE('',#1811,#1812);
#1811 = CARTESIAN_POINT('',(0.,1.));
#1812 = VECTOR('',#1813,1.);
#1813 = DIRECTION('',(1.,0.));
#1814 = ( GEOMETRIC_REPRESENTATION_CONTEXT(2) 
PARAMETRIC_REPRESENTATION_CONTEXT() REPRESENTATION_CONTEXT('2D SPACE',''
  ) );
#1815 = FACE_BOUND('',#1816,.F.);
#1816 = EDGE_LOOP('',(#1817));
#1817 = ORIENTED_EDGE('',*,*,#1818,.F.);
#1818 = EDGE_CURVE('',#1819,#1819,#1821,.T.);
#1819 = VERTEX_POINT('',#1820);
#1820 = CARTESIAN_POINT('',(65.5,3.5,-2.4));
#1821 = SURFACE_CURVE('',#1822,(#1827,#1834),.PCURVE_S1.);
#1822 = CIRCLE('',#1823,1.25);
#1823 = AXIS2_PLACEMENT_3D('',#1824,#1825,#1826);
#1824 = CARTESIAN_POINT('',(64.25,3.5,-2.4));
#1825 = DIRECTION('',(0.,0.,1.));
#1826 = DIRECTION('',(1.,0.,-0.));
#1827 = PCURVE('',#266,#1828);
#1828 = DEFINITIONAL_REPRESENTATION('',(#1829),#1833);
#1829 = CIRCLE('',#1830,1.25);
#1830 = AXIS2_PLACEMENT_2D('',#1831,#1832);
#1831 = CARTESIAN_POINT('',(15.,-32.95));
#1832 = DIRECTION('',(1.,0.));
#1833 = ( GEOMETRIC_REPRESENTATION_CONTEXT(2) 
PARAMETRIC_REPRESENTATION_CONTEXT() REPRESENTATION_CONTEXT('2D SPACE',''
  ) );
#1834 = PCURVE('',#1835,#1840);
#1835 = CYLINDRICAL_SURFACE('',#1836,1.25);
#1836 = AXIS2_PLACEMENT_3D('',#1837,#1838,#1839);
#1837 = CARTESIAN_POINT('',(64.25,3.5,-3.4));
#1838 = DIRECTION('',(0.,0.,1.));
#1839 = DIRECTION('',(1.,0.,-0.));
#1840 = DEFINITIONAL_REPRESENTATION('',(#1841),#1845);
#1841 = LINE('',#1842,#1843);
#1842 = CARTESIAN_POINT('',(0.,1.));
#1843 = VECTOR('',#1844,1.);
#1844 = DIRECTION('',(1.,0.));
#1845 = ( GEOMETRIC_REPRESENTATION_CONTEXT(2) 
PARAMETRIC_REPRESENTATION_CONTEXT() REPRESENTATION_CONTEXT('2D SPACE',''
  ) );
#1846 = FACE_BOUND('',#1847,.F.);
#1847 = EDGE_LOOP('',(#1848));
#1848 = ORIENTED_EDGE('',*,*,#1849,.F.);
#1849 = EDGE_CURVE('',#1850,#1850,#1852,.T.);
#1850 = VERTEX_POINT('',#1851);
#1851 = CARTESIAN_POINT('',(35.5,69.4,-2.4));
#1852 = SURFACE_CURVE('',#1853,(#1858,#1865),.PCURVE_S1.);
#1853 = CIRCLE('',#1854,1.25);
#1854 = AXIS2_PLACEMENT_3D('',#1855,#1856,#1857);
#1855 = CARTESIAN_POINT('',(34.25,69.4,-2.4));
#1856 = DIRECTION('',(0.,0.,1.));
#1857 = DIRECTION('',(1.,0.,-0.));
#1858 = PCURVE('',#266,#1859);
#1859 = DEFINITIONAL_REPRESENTATION('',(#1860),#1864);
#1860 = CIRCLE('',#1861,1.25);
#1861 = AXIS2_PLACEMENT_2D('',#1862,#1863);
#1862 = CARTESIAN_POINT('',(-15.,32.95));
#1863 = DIRECTION('',(1.,0.));
#1864 = ( GEOMETRIC_REPRESENTATION_CONTEXT(2) 
PARAMETRIC_REPRESENTATION_CONTEXT() REPRESENTATION_CONTEXT('2D SPACE',''
  ) );
#1865 = PCURVE('',#1866,#1871);
#1866 = CYLINDRICAL_SURFACE('',#1867,1.25);
#1867 = AXIS2_PLACEMENT_3D('',#1868,#1869,#1870);
#1868 = CARTESIAN_POINT('',(34.25,69.4,-3.4));
#1869 = DIRECTION('',(0.,0.,1.));
#1870 = DIRECTION('',(1.,0.,-0.));
#1871 = DEFINITIONAL_REPRESENTATION('',(#1872),#1876);
#1872 = LINE('',#1873,#1874);
#1873 = CARTESIAN_POINT('',(0.,1.));
#1874 = VECTOR('',#1875,1.);
#1875 = DIRECTION('',(1.,0.));
#1876 = ( GEOMETRIC_REPRESENTATION_CONTEXT(2) 
PARAMETRIC_REPRESENTATION_CONTEXT() REPRESENTATION_CONTEXT('2D SPACE',''
  ) );
#1877 = FACE_BOUND('',#1878,.F.);
#1878 = EDGE_LOOP('',(#1879));
#1879 = ORIENTED_EDGE('',*,*,#1880,.F.);
#1880 = EDGE_CURVE('',#1881,#1881,#1883,.T.);
#1881 = VERTEX_POINT('',#1882);
#1882 = CARTESIAN_POINT('',(65.5,69.4,-2.4));
#1883 = SURFACE_CURVE('',#1884,(#1889,#1896),.PCURVE_S1.);
#1884 = CIRCLE('',#1885,1.25);
#1885 = AXIS2_PLACEMENT_3D('',#1886,#1887,#1888);
#1886 = CARTESIAN_POINT('',(64.25,69.4,-2.4));
#1887 = DIRECTION('',(0.,0.,1.));
#1888 = DIRECTION('',(1.,0.,-0.));
#1889 = PCURVE('',#266,#1890);
#1890 = DEFINITIONAL_REPRESENTATION('',(#1891),#1895);
#1891 = CIRCLE('',#1892,1.25);
#1892 = AXIS2_PLACEMENT_2D('',#1893,#1894);
#1893 = CARTESIAN_POINT('',(15.,32.95));
#1894 = DIRECTION('',(1.,0.));
#1895 = ( GEOMETRIC_REPRESENTATION_CONTEXT(2) 
PARAMETRIC_REPRESENTATION_CONTEXT() REPRESENTATION_CONTEXT('2D SPACE',''
  ) );
#1896 = PCURVE('',#1897,#1902);
#1897 = CYLINDRICAL_SURFACE('',#1898,1.25);
#1898 = AXIS2_PLACEMENT_3D('',#1899,#1900,#1901);
#1899 = CARTESIAN_POINT('',(64.25,69.4,-3.4));
#1900 = DIRECTION('',(0.,0.,1.));
#1901 = DIRECTION('',(1.,0.,-0.));
#1902 = DEFINITIONAL_REPRESENTATION('',(#1903),#1907);
#1903 = LINE('',#1904,#1905);
#1904 = CARTESIAN_POINT('',(0.,1.));
#1905 = VECTOR('',#1906,1.);
#1906 = DIRECTION('',(1.,0.));
#1907 = ( GEOMETRIC_REPRESENTATION_CONTEXT(2) 
PARAMETRIC_REPRESENTATION_CONTEXT() REPRESENTATION_CONTEXT('2D SPACE',''
  ) );
#1908 = ADVANCED_FACE('',(#1909),#292,.T.);
#1909 = FACE_BOUND('',#1910,.F.);
#1910 = EDGE_LOOP('',(#1911,#1912,#1913,#1933));
#1911 = ORIENTED_EDGE('',*,*,#278,.F.);
#1912 = ORIENTED_EDGE('',*,*,#1410,.T.);
#1913 = ORIENTED_EDGE('',*,*,#1914,.T.);
#1914 = EDGE_CURVE('',#1411,#1626,#1915,.T.);
#1915 = SURFACE_CURVE('',#1916,(#1921,#1927),.PCURVE_S1.);
#1916 = CIRCLE('',#1917,1.5);
#1917 = AXIS2_PLACEMENT_3D('',#1918,#1919,#1920);
#1918 = CARTESIAN_POINT('',(101.,3.,-0.9));
#1919 = DIRECTION('',(6.123233995737E-17,1.,0.));
#1920 = DIRECTION('',(1.,-6.123233995737E-17,0.));
#1921 = PCURVE('',#292,#1922);
#1922 = DEFINITIONAL_REPRESENTATION('',(#1923),#1926);
#1923 = B_SPLINE_CURVE_WITH_KNOTS('',1,(#1924,#1925),.UNSPECIFIED.,.F.,
  .F.,(2,2),(0.,1.570796326795),.PIECEWISE_BEZIER_KNOTS.);
#1924 = CARTESIAN_POINT('',(-1.570796326795,0.));
#1925 = CARTESIAN_POINT('',(-1.570796326795,1.570796326795));
#1926 = ( GEOMETRIC_REPRESENTATION_CONTEXT(2) 
PARAMETRIC_REPRESENTATION_CONTEXT() REPRESENTATION_CONTEXT('2D SPACE',''
  ) );
#1927 = PCURVE('',#1665,#1928);
#1928 = DEFINITIONAL_REPRESENTATION('',(#1929),#1932);
#1929 = B_SPLINE_CURVE_WITH_KNOTS('',1,(#1930,#1931),.UNSPECIFIED.,.F.,
  .F.,(2,2),(0.,1.570796326795),.PIECEWISE_BEZIER_KNOTS.);
#1930 = CARTESIAN_POINT('',(0.,0.));
#1931 = CARTESIAN_POINT('',(1.570796326795,0.));
#1932 = ( GEOMETRIC_REPRESENTATION_CONTEXT(2) 
PARAMETRIC_REPRESENTATION_CONTEXT() REPRESENTATION_CONTEXT('2D SPACE',''
  ) );
#1933 = ORIENTED_EDGE('',*,*,#1625,.F.);
#1934 = ADVANCED_FACE('',(#1935,#1983),#348,.F.);
#1935 = FACE_BOUND('',#1936,.F.);
#1936 = EDGE_LOOP('',(#1937,#1938,#1939,#1962));
#1937 = ORIENTED_EDGE('',*,*,#1434,.T.);
#1938 = ORIENTED_EDGE('',*,*,#332,.T.);
#1939 = ORIENTED_EDGE('',*,*,#1940,.F.);
#1940 = EDGE_CURVE('',#1941,#333,#1943,.T.);
#1941 = VERTEX_POINT('',#1942);
#1942 = CARTESIAN_POINT('',(102.5,69.9,-0.9));
#1943 = SURFACE_CURVE('',#1944,(#1948,#1955),.PCURVE_S1.);
#1944 = LINE('',#1945,#1946);
#1945 = CARTESIAN_POINT('',(102.5,69.9,-2.4));
#1946 = VECTOR('',#1947,1.);
#1947 = DIRECTION('',(0.,0.,1.));
#1948 = PCURVE('',#348,#1949);
#1949 = DEFINITIONAL_REPRESENTATION('',(#1950),#1954);
#1950 = LINE('',#1951,#1952);
#1951 = CARTESIAN_POINT('',(73.9,0.));
#1952 = VECTOR('',#1953,1.);
#1953 = DIRECTION('',(0.,-1.));
#1954 = ( GEOMETRIC_REPRESENTATION_CONTEXT(2) 
PARAMETRIC_REPRESENTATION_CONTEXT() REPRESENTATION_CONTEXT('2D SPACE',''
  ) );
#1955 = PCURVE('',#377,#1956);
#1956 = DEFINITIONAL_REPRESENTATION('',(#1957),#1961);
#1957 = LINE('',#1958,#1959);
#1958 = CARTESIAN_POINT('',(0.,0.));
#1959 = VECTOR('',#1960,1.);
#1960 = DIRECTION('',(0.,1.));
#1961 = ( GEOMETRIC_REPRESENTATION_CONTEXT(2) 
PARAMETRIC_REPRESENTATION_CONTEXT() REPRESENTATION_CONTEXT('2D SPACE',''
  ) );
#1962 = ORIENTED_EDGE('',*,*,#1963,.F.);
#1963 = EDGE_CURVE('',#1411,#1941,#1964,.T.);
#1964 = SURFACE_CURVE('',#1965,(#1969,#1976),.PCURVE_S1.);
#1965 = LINE('',#1966,#1967);
#1966 = CARTESIAN_POINT('',(102.5,3.,-0.9));
#1967 = VECTOR('',#1968,1.);
#1968 = DIRECTION('',(0.,1.,0.));
#1969 = PCURVE('',#348,#1970);
#1970 = DEFINITIONAL_REPRESENTATION('',(#1971),#1975);
#1971 = LINE('',#1972,#1973);
#1972 = CARTESIAN_POINT('',(7.,-1.5));
#1973 = VECTOR('',#1974,1.);
#1974 = DIRECTION('',(1.,0.));
#1975 = ( GEOMETRIC_REPRESENTATION_CONTEXT(2) 
PARAMETRIC_REPRESENTATION_CONTEXT() REPRESENTATION_CONTEXT('2D SPACE',''
  ) );
#1976 = PCURVE('',#1665,#1977);
#1977 = DEFINITIONAL_REPRESENTATION('',(#1978),#1982);
#1978 = LINE('',#1979,#1980);
#1979 = CARTESIAN_POINT('',(0.,0.));
#1980 = VECTOR('',#1981,1.);
#1981 = DIRECTION('',(0.,1.));
#1982 = ( GEOMETRIC_REPRESENTATION_CONTEXT(2) 
PARAMETRIC_REPRESENTATION_CONTEXT() REPRESENTATION_CONTEXT('2D SPACE',''
  ) );
#1983 = FACE_BOUND('',#1984,.F.);
#1984 = EDGE_LOOP('',(#1985));
#1985 = ORIENTED_EDGE('',*,*,#1986,.T.);
#1986 = EDGE_CURVE('',#1987,#1987,#1989,.T.);
#1987 = VERTEX_POINT('',#1988);
#1988 = CARTESIAN_POINT('',(102.5,30.5,20.25));
#1989 = SURFACE_CURVE('',#1990,(#1995,#2006),.PCURVE_S1.);
#1990 = CIRCLE('',#1991,3.25);
#1991 = AXIS2_PLACEMENT_3D('',#1992,#1993,#1994);
#1992 = CARTESIAN_POINT('',(102.5,30.5,17.));
#1993 = DIRECTION('',(1.,0.,0.));
#1994 = DIRECTION('',(-0.,0.,1.));
#1995 = PCURVE('',#348,#1996);
#1996 = DEFINITIONAL_REPRESENTATION('',(#1997),#2005);
#1997 = ( BOUNDED_CURVE() B_SPLINE_CURVE(2,(#1998,#1999,#2000,#2001,
#2002,#2003,#2004),.UNSPECIFIED.,.T.,.F.) B_SPLINE_CURVE_WITH_KNOTS((1,2
    ,2,2,2,1),(-2.094395102393,0.,2.094395102393,4.188790204786,
6.28318530718,8.377580409573),.UNSPECIFIED.) CURVE() 
GEOMETRIC_REPRESENTATION_ITEM() RATIONAL_B_SPLINE_CURVE((1.,0.5,1.,0.5,
1.,0.5,1.)) REPRESENTATION_ITEM('') );
#1998 = CARTESIAN_POINT('',(34.5,-22.65));
#1999 = CARTESIAN_POINT('',(28.870834875401,-22.65));
#2000 = CARTESIAN_POINT('',(31.685417437701,-17.775));
#2001 = CARTESIAN_POINT('',(34.5,-12.9));
#2002 = CARTESIAN_POINT('',(37.314582562299,-17.775));
#2003 = CARTESIAN_POINT('',(40.129165124599,-22.65));
#2004 = CARTESIAN_POINT('',(34.5,-22.65));
#2005 = ( GEOMETRIC_REPRESENTATION_CONTEXT(2) 
PARAMETRIC_REPRESENTATION_CONTEXT() REPRESENTATION_CONTEXT('2D SPACE',''
  ) );
#2006 = PCURVE('',#2007,#2012);
#2007 = CYLINDRICAL_SURFACE('',#2008,3.25);
#2008 = AXIS2_PLACEMENT_3D('',#2009,#2010,#2011);
#2009 = CARTESIAN_POINT('',(97.5,30.5,17.));
#2010 = DIRECTION('',(1.,0.,0.));
#2011 = DIRECTION('',(-0.,0.,1.));
#2012 = DEFINITIONAL_REPRESENTATION('',(#2013),#2017);
#2013 = LINE('',#2014,#2015);
#2014 = CARTESIAN_POINT('',(0.,5.));
#2015 = VECTOR('',#2016,1.);
#2016 = DIRECTION('',(1.,0.));
#2017 = ( GEOMETRIC_REPRESENTATION_CONTEXT(2) 
PARAMETRIC_REPRESENTATION_CONTEXT() REPRESENTATION_CONTEXT('2D SPACE',''
  ) );
#2018 = ADVANCED_FACE('',(#2019),#434,.T.);
#2019 = FACE_BOUND('',#2020,.T.);
#2020 = EDGE_LOOP('',(#2021,#2044,#2066,#2067));
#2021 = ORIENTED_EDGE('',*,*,#2022,.F.);
#2022 = EDGE_CURVE('',#2023,#390,#2025,.T.);
#2023 = VERTEX_POINT('',#2024);
#2024 = CARTESIAN_POINT('',(3.,76.9,-0.9));
#2025 = SURFACE_CURVE('',#2026,(#2030,#2037),.PCURVE_S1.);
#2026 = LINE('',#2027,#2028);
#2027 = CARTESIAN_POINT('',(3.,76.9,-2.4));
#2028 = VECTOR('',#2029,1.);
#2029 = DIRECTION('',(0.,0.,1.));
#2030 = PCURVE('',#434,#2031);
#2031 = DEFINITIONAL_REPRESENTATION('',(#2032),#2036);
#2032 = LINE('',#2033,#2034);
#2033 = CARTESIAN_POINT('',(0.,0.));
#2034 = VECTOR('',#2035,1.);
#2035 = DIRECTION('',(0.,1.));
#2036 = ( GEOMETRIC_REPRESENTATION_CONTEXT(2) 
PARAMETRIC_REPRESENTATION_CONTEXT() REPRESENTATION_CONTEXT('2D SPACE',''
  ) );
#2037 = PCURVE('',#405,#2038);
#2038 = DEFINITIONAL_REPRESENTATION('',(#2039),#2043);
#2039 = LINE('',#2040,#2041);
#2040 = CARTESIAN_POINT('',(99.5,0.));
#2041 = VECTOR('',#2042,1.);
#2042 = DIRECTION('',(0.,-1.));
#2043 = ( GEOMETRIC_REPRESENTATION_CONTEXT(2) 
PARAMETRIC_REPRESENTATION_CONTEXT() REPRESENTATION_CONTEXT('2D SPACE',''
  ) );
#2044 = ORIENTED_EDGE('',*,*,#2045,.T.);
#2045 = EDGE_CURVE('',#2023,#1514,#2046,.T.);
#2046 = SURFACE_CURVE('',#2047,(#2052,#2059),.PCURVE_S1.);
#2047 = CIRCLE('',#2048,7.);
#2048 = AXIS2_PLACEMENT_3D('',#2049,#2050,#2051);
#2049 = CARTESIAN_POINT('',(3.,69.9,-0.9));
#2050 = DIRECTION('',(0.,0.,1.));
#2051 = DIRECTION('',(-1.268826313857E-16,1.,0.));
#2052 = PCURVE('',#434,#2053);
#2053 = DEFINITIONAL_REPRESENTATION('',(#2054),#2058);
#2054 = LINE('',#2055,#2056);
#2055 = CARTESIAN_POINT('',(0.,1.5));
#2056 = VECTOR('',#2057,1.);
#2057 = DIRECTION('',(1.,0.));
#2058 = ( GEOMETRIC_REPRESENTATION_CONTEXT(2) 
PARAMETRIC_REPRESENTATION_CONTEXT() REPRESENTATION_CONTEXT('2D SPACE',''
  ) );
#2059 = PCURVE('',#1751,#2060);
#2060 = DEFINITIONAL_REPRESENTATION('',(#2061),#2065);
#2061 = LINE('',#2062,#2063);
#2062 = CARTESIAN_POINT('',(-0.,0.));
#2063 = VECTOR('',#2064,1.);
#2064 = DIRECTION('',(-1.,0.));
#2065 = ( GEOMETRIC_REPRESENTATION_CONTEXT(2) 
PARAMETRIC_REPRESENTATION_CONTEXT() REPRESENTATION_CONTEXT('2D SPACE',''
  ) );
#2066 = ORIENTED_EDGE('',*,*,#1513,.T.);
#2067 = ORIENTED_EDGE('',*,*,#417,.F.);
#2068 = ADVANCED_FACE('',(#2069),#377,.T.);
#2069 = FACE_BOUND('',#2070,.T.);
#2070 = EDGE_LOOP('',(#2071,#2072,#2096,#2117));
#2071 = ORIENTED_EDGE('',*,*,#1940,.F.);
#2072 = ORIENTED_EDGE('',*,*,#2073,.T.);
#2073 = EDGE_CURVE('',#1941,#2074,#2076,.T.);
#2074 = VERTEX_POINT('',#2075);
#2075 = CARTESIAN_POINT('',(95.5,76.9,-0.9));
#2076 = SURFACE_CURVE('',#2077,(#2082,#2089),.PCURVE_S1.);
#2077 = CIRCLE('',#2078,7.);
#2078 = AXIS2_PLACEMENT_3D('',#2079,#2080,#2081);
#2079 = CARTESIAN_POINT('',(95.5,69.9,-0.9));
#2080 = DIRECTION('',(0.,0.,1.));
#2081 = DIRECTION('',(1.,0.,-0.));
#2082 = PCURVE('',#377,#2083);
#2083 = DEFINITIONAL_REPRESENTATION('',(#2084),#2088);
#2084 = LINE('',#2085,#2086);
#2085 = CARTESIAN_POINT('',(0.,1.5));
#2086 = VECTOR('',#2087,1.);
#2087 = DIRECTION('',(1.,0.));
#2088 = ( GEOMETRIC_REPRESENTATION_CONTEXT(2) 
PARAMETRIC_REPRESENTATION_CONTEXT() REPRESENTATION_CONTEXT('2D SPACE',''
  ) );
#2089 = PCURVE('',#1694,#2090);
#2090 = DEFINITIONAL_REPRESENTATION('',(#2091),#2095);
#2091 = LINE('',#2092,#2093);
#2092 = CARTESIAN_POINT('',(-0.,0.));
#2093 = VECTOR('',#2094,1.);
#2094 = DIRECTION('',(-1.,0.));
#2095 = ( GEOMETRIC_REPRESENTATION_CONTEXT(2) 
PARAMETRIC_REPRESENTATION_CONTEXT() REPRESENTATION_CONTEXT('2D SPACE',''
  ) );
#2096 = ORIENTED_EDGE('',*,*,#2097,.T.);
#2097 = EDGE_CURVE('',#2074,#361,#2098,.T.);
#2098 = SURFACE_CURVE('',#2099,(#2103,#2110),.PCURVE_S1.);
#2099 = LINE('',#2100,#2101);
#2100 = CARTESIAN_POINT('',(95.5,76.9,-2.4));
#2101 = VECTOR('',#2102,1.);
#2102 = DIRECTION('',(0.,0.,1.));
#2103 = PCURVE('',#377,#2104);
#2104 = DEFINITIONAL_REPRESENTATION('',(#2105),#2109);
#2105 = LINE('',#2106,#2107);
#2106 = CARTESIAN_POINT('',(1.570796326795,0.));
#2107 = VECTOR('',#2108,1.);
#2108 = DIRECTION('',(0.,1.));
#2109 = ( GEOMETRIC_REPRESENTATION_CONTEXT(2) 
PARAMETRIC_REPRESENTATION_CONTEXT() REPRESENTATION_CONTEXT('2D SPACE',''
  ) );
#2110 = PCURVE('',#405,#2111);
#2111 = DEFINITIONAL_REPRESENTATION('',(#2112),#2116);
#2112 = LINE('',#2113,#2114);
#2113 = CARTESIAN_POINT('',(7.,0.));
#2114 = VECTOR('',#2115,1.);
#2115 = DIRECTION('',(0.,-1.));
#2116 = ( GEOMETRIC_REPRESENTATION_CONTEXT(2) 
PARAMETRIC_REPRESENTATION_CONTEXT() REPRESENTATION_CONTEXT('2D SPACE',''
  ) );
#2117 = ORIENTED_EDGE('',*,*,#360,.F.);
#2118 = ADVANCED_FACE('',(#2119),#405,.F.);
#2119 = FACE_BOUND('',#2120,.F.);
#2120 = EDGE_LOOP('',(#2121,#2122,#2123,#2124));
#2121 = ORIENTED_EDGE('',*,*,#2097,.T.);
#2122 = ORIENTED_EDGE('',*,*,#389,.T.);
#2123 = ORIENTED_EDGE('',*,*,#2022,.F.);
#2124 = ORIENTED_EDGE('',*,*,#2125,.F.);
#2125 = EDGE_CURVE('',#2074,#2023,#2126,.T.);
#2126 = SURFACE_CURVE('',#2127,(#2131,#2138),.PCURVE_S1.);
#2127 = LINE('',#2128,#2129);
#2128 = CARTESIAN_POINT('',(95.5,76.9,-0.9));
#2129 = VECTOR('',#2130,1.);
#2130 = DIRECTION('',(-1.,0.,0.));
#2131 = PCURVE('',#405,#2132);
#2132 = DEFINITIONAL_REPRESENTATION('',(#2133),#2137);
#2133 = LINE('',#2134,#2135);
#2134 = CARTESIAN_POINT('',(7.,-1.5));
#2135 = VECTOR('',#2136,1.);
#2136 = DIRECTION('',(1.,0.));
#2137 = ( GEOMETRIC_REPRESENTATION_CONTEXT(2) 
PARAMETRIC_REPRESENTATION_CONTEXT() REPRESENTATION_CONTEXT('2D SPACE',''
  ) );
#2138 = PCURVE('',#1722,#2139);
#2139 = DEFINITIONAL_REPRESENTATION('',(#2140),#2144);
#2140 = LINE('',#2141,#2142);
#2141 = CARTESIAN_POINT('',(0.,0.));
#2142 = VECTOR('',#2143,1.);
#2143 = DIRECTION('',(0.,1.));
#2144 = ( GEOMETRIC_REPRESENTATION_CONTEXT(2) 
PARAMETRIC_REPRESENTATION_CONTEXT() REPRESENTATION_CONTEXT('2D SPACE',''
  ) );
#2145 = ADVANCED_FACE('',(#2146),#487,.F.);
#2146 = FACE_BOUND('',#2147,.F.);
#2147 = EDGE_LOOP('',(#2148,#2149,#2172,#2199));
#2148 = ORIENTED_EDGE('',*,*,#470,.F.);
#2149 = ORIENTED_EDGE('',*,*,#2150,.F.);
#2150 = EDGE_CURVE('',#2151,#471,#2153,.T.);
#2151 = VERTEX_POINT('',#2152);
#2152 = CARTESIAN_POINT('',(2.75,1.5,10.));
#2153 = SEAM_CURVE('',#2154,(#2158,#2165),.PCURVE_S1.);
#2154 = LINE('',#2155,#2156);
#2155 = CARTESIAN_POINT('',(2.75,1.5,10.));
#2156 = VECTOR('',#2157,1.);
#2157 = DIRECTION('',(0.,0.,1.));
#2158 = PCURVE('',#487,#2159);
#2159 = DEFINITIONAL_REPRESENTATION('',(#2160),#2164);
#2160 = LINE('',#2161,#2162);
#2161 = CARTESIAN_POINT('',(6.28318530718,-0.));
#2162 = VECTOR('',#2163,1.);
#2163 = DIRECTION('',(0.,1.));
#2164 = ( GEOMETRIC_REPRESENTATION_CONTEXT(2) 
PARAMETRIC_REPRESENTATION_CONTEXT() REPRESENTATION_CONTEXT('2D SPACE',''
  ) );
#2165 = PCURVE('',#487,#2166);
#2166 = DEFINITIONAL_REPRESENTATION('',(#2167),#2171);
#2167 = LINE('',#2168,#2169);
#2168 = CARTESIAN_POINT('',(0.,-0.));
#2169 = VECTOR('',#2170,1.);
#2170 = DIRECTION('',(0.,1.));
#2171 = ( GEOMETRIC_REPRESENTATION_CONTEXT(2) 
PARAMETRIC_REPRESENTATION_CONTEXT() REPRESENTATION_CONTEXT('2D SPACE',''
  ) );
#2172 = ORIENTED_EDGE('',*,*,#2173,.T.);
#2173 = EDGE_CURVE('',#2151,#2151,#2174,.T.);
#2174 = SURFACE_CURVE('',#2175,(#2180,#2187),.PCURVE_S1.);
#2175 = CIRCLE('',#2176,1.25);
#2176 = AXIS2_PLACEMENT_3D('',#2177,#2178,#2179);
#2177 = CARTESIAN_POINT('',(1.5,1.5,10.));
#2178 = DIRECTION('',(0.,0.,1.));
#2179 = DIRECTION('',(1.,0.,-0.));
#2180 = PCURVE('',#487,#2181);
#2181 = DEFINITIONAL_REPRESENTATION('',(#2182),#2186);
#2182 = LINE('',#2183,#2184);
#2183 = CARTESIAN_POINT('',(0.,0.));
#2184 = VECTOR('',#2185,1.);
#2185 = DIRECTION('',(1.,0.));
#2186 = ( GEOMETRIC_REPRESENTATION_CONTEXT(2) 
PARAMETRIC_REPRESENTATION_CONTEXT() REPRESENTATION_CONTEXT('2D SPACE',''
  ) );
#2187 = PCURVE('',#2188,#2193);
#2188 = PLANE('',#2189);
#2189 = AXIS2_PLACEMENT_3D('',#2190,#2191,#2192);
#2190 = CARTESIAN_POINT('',(1.5,1.5,10.));
#2191 = DIRECTION('',(0.,0.,1.));
#2192 = DIRECTION('',(1.,0.,-0.));
#2193 = DEFINITIONAL_REPRESENTATION('',(#2194),#2198);
#2194 = CIRCLE('',#2195,1.25);
#2195 = AXIS2_PLACEMENT_2D('',#2196,#2197);
#2196 = CARTESIAN_POINT('',(0.,0.));
#2197 = DIRECTION('',(1.,0.));
#2198 = ( GEOMETRIC_REPRESENTATION_CONTEXT(2) 
PARAMETRIC_REPRESENTATION_CONTEXT() REPRESENTATION_CONTEXT('2D SPACE',''
  ) );
#2199 = ORIENTED_EDGE('',*,*,#2150,.T.);
#2200 = ADVANCED_FACE('',(#2201),#518,.F.);
#2201 = FACE_BOUND('',#2202,.F.);
#2202 = EDGE_LOOP('',(#2203,#2204,#2227,#2254));
#2203 = ORIENTED_EDGE('',*,*,#501,.F.);
#2204 = ORIENTED_EDGE('',*,*,#2205,.F.);
#2205 = EDGE_CURVE('',#2206,#502,#2208,.T.);
#2206 = VERTEX_POINT('',#2207);
#2207 = CARTESIAN_POINT('',(50.5,1.5,10.));
#2208 = SEAM_CURVE('',#2209,(#2213,#2220),.PCURVE_S1.);
#2209 = LINE('',#2210,#2211);
#2210 = CARTESIAN_POINT('',(50.5,1.5,10.));
#2211 = VECTOR('',#2212,1.);
#2212 = DIRECTION('',(0.,0.,1.));
#2213 = PCURVE('',#518,#2214);
#2214 = DEFINITIONAL_REPRESENTATION('',(#2215),#2219);
#2215 = LINE('',#2216,#2217);
#2216 = CARTESIAN_POINT('',(6.28318530718,-0.));
#2217 = VECTOR('',#2218,1.);
#2218 = DIRECTION('',(0.,1.));
#2219 = ( GEOMETRIC_REPRESENTATION_CONTEXT(2) 
PARAMETRIC_REPRESENTATION_CONTEXT() REPRESENTATION_CONTEXT('2D SPACE',''
  ) );
#2220 = PCURVE('',#518,#2221);
#2221 = DEFINITIONAL_REPRESENTATION('',(#2222),#2226);
#2222 = LINE('',#2223,#2224);
#2223 = CARTESIAN_POINT('',(0.,-0.));
#2224 = VECTOR('',#2225,1.);
#2225 = DIRECTION('',(0.,1.));
#2226 = ( GEOMETRIC_REPRESENTATION_CONTEXT(2) 
PARAMETRIC_REPRESENTATION_CONTEXT() REPRESENTATION_CONTEXT('2D SPACE',''
  ) );
#2227 = ORIENTED_EDGE('',*,*,#2228,.T.);
#2228 = EDGE_CURVE('',#2206,#2206,#2229,.T.);
#2229 = SURFACE_CURVE('',#2230,(#2235,#2242),.PCURVE_S1.);
#2230 = CIRCLE('',#2231,1.25);
#2231 = AXIS2_PLACEMENT_3D('',#2232,#2233,#2234);
#2232 = CARTESIAN_POINT('',(49.25,1.5,10.));
#2233 = DIRECTION('',(0.,0.,1.));
#2234 = DIRECTION('',(1.,0.,-0.));
#2235 = PCURVE('',#518,#2236);
#2236 = DEFINITIONAL_REPRESENTATION('',(#2237),#2241);
#2237 = LINE('',#2238,#2239);
#2238 = CARTESIAN_POINT('',(0.,0.));
#2239 = VECTOR('',#2240,1.);
#2240 = DIRECTION('',(1.,0.));
#2241 = ( GEOMETRIC_REPRESENTATION_CONTEXT(2) 
PARAMETRIC_REPRESENTATION_CONTEXT() REPRESENTATION_CONTEXT('2D SPACE',''
  ) );
#2242 = PCURVE('',#2243,#2248);
#2243 = PLANE('',#2244);
#2244 = AXIS2_PLACEMENT_3D('',#2245,#2246,#2247);
#2245 = CARTESIAN_POINT('',(49.25,1.5,10.));
#2246 = DIRECTION('',(0.,0.,1.));
#2247 = DIRECTION('',(1.,0.,-0.));
#2248 = DEFINITIONAL_REPRESENTATION('',(#2249),#2253);
#2249 = CIRCLE('',#2250,1.25);
#2250 = AXIS2_PLACEMENT_2D('',#2251,#2252);
#2251 = CARTESIAN_POINT('',(0.,0.));
#2252 = DIRECTION('',(1.,0.));
#2253 = ( GEOMETRIC_REPRESENTATION_CONTEXT(2) 
PARAMETRIC_REPRESENTATION_CONTEXT() REPRESENTATION_CONTEXT('2D SPACE',''
  ) );
#2254 = ORIENTED_EDGE('',*,*,#2205,.T.);
#2255 = ADVANCED_FACE('',(#2256),#549,.F.);
#2256 = FACE_BOUND('',#2257,.F.);
#2257 = EDGE_LOOP('',(#2258,#2259,#2282,#2309));
#2258 = ORIENTED_EDGE('',*,*,#532,.F.);
#2259 = ORIENTED_EDGE('',*,*,#2260,.F.);
#2260 = EDGE_CURVE('',#2261,#533,#2263,.T.);
#2261 = VERTEX_POINT('',#2262);
#2262 = CARTESIAN_POINT('',(98.25,1.5,10.));
#2263 = SEAM_CURVE('',#2264,(#2268,#2275),.PCURVE_S1.);
#2264 = LINE('',#2265,#2266);
#2265 = CARTESIAN_POINT('',(98.25,1.5,10.));
#2266 = VECTOR('',#2267,1.);
#2267 = DIRECTION('',(0.,0.,1.));
#2268 = PCURVE('',#549,#2269);
#2269 = DEFINITIONAL_REPRESENTATION('',(#2270),#2274);
#2270 = LINE('',#2271,#2272);
#2271 = CARTESIAN_POINT('',(6.28318530718,-0.));
#2272 = VECTOR('',#2273,1.);
#2273 = DIRECTION('',(0.,1.));
#2274 = ( GEOMETRIC_REPRESENTATION_CONTEXT(2) 
PARAMETRIC_REPRESENTATION_CONTEXT() REPRESENTATION_CONTEXT('2D SPACE',''
  ) );
#2275 = PCURVE('',#549,#2276);
#2276 = DEFINITIONAL_REPRESENTATION('',(#2277),#2281);
#2277 = LINE('',#2278,#2279);
#2278 = CARTESIAN_POINT('',(0.,-0.));
#2279 = VECTOR('',#2280,1.);
#2280 = DIRECTION('',(0.,1.));
#2281 = ( GEOMETRIC_REPRESENTATION_CONTEXT(2) 
PARAMETRIC_REPRESENTATION_CONTEXT() REPRESENTATION_CONTEXT('2D SPACE',''
  ) );
#2282 = ORIENTED_EDGE('',*,*,#2283,.T.);
#2283 = EDGE_CURVE('',#2261,#2261,#2284,.T.);
#2284 = SURFACE_CURVE('',#2285,(#2290,#2297),.PCURVE_S1.);
#2285 = CIRCLE('',#2286,1.25);
#2286 = AXIS2_PLACEMENT_3D('',#2287,#2288,#2289);
#2287 = CARTESIAN_POINT('',(97.,1.5,10.));
#2288 = DIRECTION('',(0.,0.,1.));
#2289 = DIRECTION('',(1.,0.,-0.));
#2290 = PCURVE('',#549,#2291);
#2291 = DEFINITIONAL_REPRESENTATION('',(#2292),#2296);
#2292 = LINE('',#2293,#2294);
#2293 = CARTESIAN_POINT('',(0.,0.));
#2294 = VECTOR('',#2295,1.);
#2295 = DIRECTION('',(1.,0.));
#2296 = ( GEOMETRIC_REPRESENTATION_CONTEXT(2) 
PARAMETRIC_REPRESENTATION_CONTEXT() REPRESENTATION_CONTEXT('2D SPACE',''
  ) );
#2297 = PCURVE('',#2298,#2303);
#2298 = PLANE('',#2299);
#2299 = AXIS2_PLACEMENT_3D('',#2300,#2301,#2302);
#2300 = CARTESIAN_POINT('',(97.,1.5,10.));
#2301 = DIRECTION('',(0.,0.,1.));
#2302 = DIRECTION('',(1.,0.,-0.));
#2303 = DEFINITIONAL_REPRESENTATION('',(#2304),#2308);
#2304 = CIRCLE('',#2305,1.25);
#2305 = AXIS2_PLACEMENT_2D('',#2306,#2307);
#2306 = CARTESIAN_POINT('',(0.,0.));
#2307 = DIRECTION('',(1.,0.));
#2308 = ( GEOMETRIC_REPRESENTATION_CONTEXT(2) 
PARAMETRIC_REPRESENTATION_CONTEXT() REPRESENTATION_CONTEXT('2D SPACE',''
  ) );
#2309 = ORIENTED_EDGE('',*,*,#2260,.T.);
#2310 = ADVANCED_FACE('',(#2311),#580,.F.);
#2311 = FACE_BOUND('',#2312,.F.);
#2312 = EDGE_LOOP('',(#2313,#2314,#2337,#2364));
#2313 = ORIENTED_EDGE('',*,*,#563,.F.);
#2314 = ORIENTED_EDGE('',*,*,#2315,.F.);
#2315 = EDGE_CURVE('',#2316,#564,#2318,.T.);
#2316 = VERTEX_POINT('',#2317);
#2317 = CARTESIAN_POINT('',(2.75,71.4,10.));
#2318 = SEAM_CURVE('',#2319,(#2323,#2330),.PCURVE_S1.);
#2319 = LINE('',#2320,#2321);
#2320 = CARTESIAN_POINT('',(2.75,71.4,10.));
#2321 = VECTOR('',#2322,1.);
#2322 = DIRECTION('',(0.,0.,1.));
#2323 = PCURVE('',#580,#2324);
#2324 = DEFINITIONAL_REPRESENTATION('',(#2325),#2329);
#2325 = LINE('',#2326,#2327);
#2326 = CARTESIAN_POINT('',(6.28318530718,-0.));
#2327 = VECTOR('',#2328,1.);
#2328 = DIRECTION('',(0.,1.));
#2329 = ( GEOMETRIC_REPRESENTATION_CONTEXT(2) 
PARAMETRIC_REPRESENTATION_CONTEXT() REPRESENTATION_CONTEXT('2D SPACE',''
  ) );
#2330 = PCURVE('',#580,#2331);
#2331 = DEFINITIONAL_REPRESENTATION('',(#2332),#2336);
#2332 = LINE('',#2333,#2334);
#2333 = CARTESIAN_POINT('',(0.,-0.));
#2334 = VECTOR('',#2335,1.);
#2335 = DIRECTION('',(0.,1.));
#2336 = ( GEOMETRIC_REPRESENTATION_CONTEXT(2) 
PARAMETRIC_REPRESENTATION_CONTEXT() REPRESENTATION_CONTEXT('2D SPACE',''
  ) );
#2337 = ORIENTED_EDGE('',*,*,#2338,.T.);
#2338 = EDGE_CURVE('',#2316,#2316,#2339,.T.);
#2339 = SURFACE_CURVE('',#2340,(#2345,#2352),.PCURVE_S1.);
#2340 = CIRCLE('',#2341,1.25);
#2341 = AXIS2_PLACEMENT_3D('',#2342,#2343,#2344);
#2342 = CARTESIAN_POINT('',(1.5,71.4,10.));
#2343 = DIRECTION('',(0.,0.,1.));
#2344 = DIRECTION('',(1.,0.,-0.));
#2345 = PCURVE('',#580,#2346);
#2346 = DEFINITIONAL_REPRESENTATION('',(#2347),#2351);
#2347 = LINE('',#2348,#2349);
#2348 = CARTESIAN_POINT('',(0.,0.));
#2349 = VECTOR('',#2350,1.);
#2350 = DIRECTION('',(1.,0.));
#2351 = ( GEOMETRIC_REPRESENTATION_CONTEXT(2) 
PARAMETRIC_REPRESENTATION_CONTEXT() REPRESENTATION_CONTEXT('2D SPACE',''
  ) );
#2352 = PCURVE('',#2353,#2358);
#2353 = PLANE('',#2354);
#2354 = AXIS2_PLACEMENT_3D('',#2355,#2356,#2357);
#2355 = CARTESIAN_POINT('',(1.5,71.4,10.));
#2356 = DIRECTION('',(0.,0.,1.));
#2357 = DIRECTION('',(1.,0.,-0.));
#2358 = DEFINITIONAL_REPRESENTATION('',(#2359),#2363);
#2359 = CIRCLE('',#2360,1.25);
#2360 = AXIS2_PLACEMENT_2D('',#2361,#2362);
#2361 = CARTESIAN_POINT('',(0.,0.));
#2362 = DIRECTION('',(1.,0.));
#2363 = ( GEOMETRIC_REPRESENTATION_CONTEXT(2) 
PARAMETRIC_REPRESENTATION_CONTEXT() REPRESENTATION_CONTEXT('2D SPACE',''
  ) );
#2364 = ORIENTED_EDGE('',*,*,#2315,.T.);
#2365 = ADVANCED_FACE('',(#2366),#611,.T.);
#2366 = FACE_BOUND('',#2367,.T.);
#2367 = EDGE_LOOP('',(#2368,#2398,#2419,#2420));
#2368 = ORIENTED_EDGE('',*,*,#2369,.F.);
#2369 = EDGE_CURVE('',#2370,#2372,#2374,.T.);
#2370 = VERTEX_POINT('',#2371);
#2371 = CARTESIAN_POINT('',(10.374119674649,-3.1,22.5));
#2372 = VERTEX_POINT('',#2373);
#2373 = CARTESIAN_POINT('',(40.375880325351,-3.1,22.5));
#2374 = SURFACE_CURVE('',#2375,(#2379,#2386),.PCURVE_S1.);
#2375 = LINE('',#2376,#2377);
#2376 = CARTESIAN_POINT('',(0.,-3.1,22.5));
#2377 = VECTOR('',#2378,1.);
#2378 = DIRECTION('',(1.,0.,-0.));
#2379 = PCURVE('',#611,#2380);
#2380 = DEFINITIONAL_REPRESENTATION('',(#2381),#2385);
#2381 = LINE('',#2382,#2383);
#2382 = CARTESIAN_POINT('',(-10.37411967464,0.));
#2383 = VECTOR('',#2384,1.);
#2384 = DIRECTION('',(1.,0.));
#2385 = ( GEOMETRIC_REPRESENTATION_CONTEXT(2) 
PARAMETRIC_REPRESENTATION_CONTEXT() REPRESENTATION_CONTEXT('2D SPACE',''
  ) );
#2386 = PCURVE('',#2387,#2392);
#2387 = PLANE('',#2388);
#2388 = AXIS2_PLACEMENT_3D('',#2389,#2390,#2391);
#2389 = CARTESIAN_POINT('',(49.25,36.45,22.5));
#2390 = DIRECTION('',(-0.,-0.,-1.));
#2391 = DIRECTION('',(-1.,0.,0.));
#2392 = DEFINITIONAL_REPRESENTATION('',(#2393),#2397);
#2393 = LINE('',#2394,#2395);
#2394 = CARTESIAN_POINT('',(49.25,-39.55));
#2395 = VECTOR('',#2396,1.);
#2396 = DIRECTION('',(-1.,0.));
#2397 = ( GEOMETRIC_REPRESENTATION_CONTEXT(2) 
PARAMETRIC_REPRESENTATION_CONTEXT() REPRESENTATION_CONTEXT('2D SPACE',''
  ) );
#2398 = ORIENTED_EDGE('',*,*,#2399,.T.);
#2399 = EDGE_CURVE('',#2370,#597,#2400,.T.);
#2400 = SURFACE_CURVE('',#2401,(#2405,#2412),.PCURVE_S1.);
#2401 = LINE('',#2402,#2403);
#2402 = CARTESIAN_POINT('',(10.374119674649,-3.1,22.5));
#2403 = VECTOR('',#2404,1.);
#2404 = DIRECTION('',(0.,0.,1.));
#2405 = PCURVE('',#611,#2406);
#2406 = DEFINITIONAL_REPRESENTATION('',(#2407),#2411);
#2407 = LINE('',#2408,#2409);
#2408 = CARTESIAN_POINT('',(0.,0.));
#2409 = VECTOR('',#2410,1.);
#2410 = DIRECTION('',(0.,-1.));
#2411 = ( GEOMETRIC_REPRESENTATION_CONTEXT(2) 
PARAMETRIC_REPRESENTATION_CONTEXT() REPRESENTATION_CONTEXT('2D SPACE',''
  ) );
#2412 = PCURVE('',#643,#2413);
#2413 = DEFINITIONAL_REPRESENTATION('',(#2414),#2418);
#2414 = LINE('',#2415,#2416);
#2415 = CARTESIAN_POINT('',(6.28318530718,0.));
#2416 = VECTOR('',#2417,1.);
#2417 = DIRECTION('',(0.,-1.));
#2418 = ( GEOMETRIC_REPRESENTATION_CONTEXT(2) 
PARAMETRIC_REPRESENTATION_CONTEXT() REPRESENTATION_CONTEXT('2D SPACE',''
  ) );
#2419 = ORIENTED_EDGE('',*,*,#594,.F.);
#2420 = ORIENTED_EDGE('',*,*,#2421,.F.);
#2421 = EDGE_CURVE('',#2372,#595,#2422,.T.);
#2422 = SURFACE_CURVE('',#2423,(#2427,#2434),.PCURVE_S1.);
#2423 = LINE('',#2424,#2425);
#2424 = CARTESIAN_POINT('',(40.375880325351,-3.1,22.5));
#2425 = VECTOR('',#2426,1.);
#2426 = DIRECTION('',(0.,0.,1.));
#2427 = PCURVE('',#611,#2428);
#2428 = DEFINITIONAL_REPRESENTATION('',(#2429),#2433);
#2429 = LINE('',#2430,#2431);
#2430 = CARTESIAN_POINT('',(30.001760650701,0.));
#2431 = VECTOR('',#2432,1.);
#2432 = DIRECTION('',(0.,-1.));
#2433 = ( GEOMETRIC_REPRESENTATION_CONTEXT(2) 
PARAMETRIC_REPRESENTATION_CONTEXT() REPRESENTATION_CONTEXT('2D SPACE',''
  ) );
#2434 = PCURVE('',#1332,#2435);
#2435 = DEFINITIONAL_REPRESENTATION('',(#2436),#2440);
#2436 = LINE('',#2437,#2438);
#2437 = CARTESIAN_POINT('',(-6.28318530718,0.));
#2438 = VECTOR('',#2439,1.);
#2439 = DIRECTION('',(-0.,-1.));
#2440 = ( GEOMETRIC_REPRESENTATION_CONTEXT(2) 
PARAMETRIC_REPRESENTATION_CONTEXT() REPRESENTATION_CONTEXT('2D SPACE',''
  ) );
#2441 = ADVANCED_FACE('',(#2442),#1332,.F.);
#2442 = FACE_BOUND('',#2443,.T.);
#2443 = EDGE_LOOP('',(#2444,#2472,#2473,#2474));
#2444 = ORIENTED_EDGE('',*,*,#2445,.F.);
#2445 = EDGE_CURVE('',#2372,#2446,#2448,.T.);
#2446 = VERTEX_POINT('',#2447);
#2447 = CARTESIAN_POINT('',(46.390561438169,1.983333333333,22.5));
#2448 = SURFACE_CURVE('',#2449,(#2454,#2461),.PCURVE_S1.);
#2449 = CIRCLE('',#2450,6.1);
#2450 = AXIS2_PLACEMENT_3D('',#2451,#2452,#2453);
#2451 = CARTESIAN_POINT('',(40.375880325351,3.,22.5));
#2452 = DIRECTION('',(0.,0.,1.));
#2453 = DIRECTION('',(0.,-1.,0.));
#2454 = PCURVE('',#1332,#2455);
#2455 = DEFINITIONAL_REPRESENTATION('',(#2456),#2460);
#2456 = LINE('',#2457,#2458);
#2457 = CARTESIAN_POINT('',(-0.,0.));
#2458 = VECTOR('',#2459,1.);
#2459 = DIRECTION('',(-1.,0.));
#2460 = ( GEOMETRIC_REPRESENTATION_CONTEXT(2) 
PARAMETRIC_REPRESENTATION_CONTEXT() REPRESENTATION_CONTEXT('2D SPACE',''
  ) );
#2461 = PCURVE('',#2387,#2462);
#2462 = DEFINITIONAL_REPRESENTATION('',(#2463),#2471);
#2463 = ( BOUNDED_CURVE() B_SPLINE_CURVE(2,(#2464,#2465,#2466,#2467,
#2468,#2469,#2470),.UNSPECIFIED.,.T.,.F.) B_SPLINE_CURVE_WITH_KNOTS((1,2
    ,2,2,2,1),(-2.094395102393,0.,2.094395102393,4.188790204786,
6.28318530718,8.377580409573),.UNSPECIFIED.) CURVE() 
GEOMETRIC_REPRESENTATION_ITEM() RATIONAL_B_SPLINE_CURVE((1.,0.5,1.,0.5,
1.,0.5,1.)) REPRESENTATION_ITEM('') );
#2464 = CARTESIAN_POINT('',(8.874119674649,-39.55));
#2465 = CARTESIAN_POINT('',(-1.691390251521,-39.55));
#2466 = CARTESIAN_POINT('',(3.591364711564,-30.4));
#2467 = CARTESIAN_POINT('',(8.874119674649,-21.25));
#2468 = CARTESIAN_POINT('',(14.156874637734,-30.4));
#2469 = CARTESIAN_POINT('',(19.43962960082,-39.55));
#2470 = CARTESIAN_POINT('',(8.874119674649,-39.55));
#2471 = ( GEOMETRIC_REPRESENTATION_CONTEXT(2) 
PARAMETRIC_REPRESENTATION_CONTEXT() REPRESENTATION_CONTEXT('2D SPACE',''
  ) );
#2472 = ORIENTED_EDGE('',*,*,#2421,.T.);
#2473 = ORIENTED_EDGE('',*,*,#1313,.F.);
#2474 = ORIENTED_EDGE('',*,*,#2475,.F.);
#2475 = EDGE_CURVE('',#2446,#1281,#2476,.T.);
#2476 = SURFACE_CURVE('',#2477,(#2481,#2488),.PCURVE_S1.);
#2477 = LINE('',#2478,#2479);
#2478 = CARTESIAN_POINT('',(46.390561438169,1.983333333333,22.5));
#2479 = VECTOR('',#2480,1.);
#2480 = DIRECTION('',(0.,0.,1.));
#2481 = PCURVE('',#1332,#2482);
#2482 = DEFINITIONAL_REPRESENTATION('',(#2483),#2487);
#2483 = LINE('',#2484,#2485);
#2484 = CARTESIAN_POINT('',(-7.686533554755,0.));
#2485 = VECTOR('',#2486,1.);
#2486 = DIRECTION('',(-0.,-1.));
#2487 = ( GEOMETRIC_REPRESENTATION_CONTEXT(2) 
PARAMETRIC_REPRESENTATION_CONTEXT() REPRESENTATION_CONTEXT('2D SPACE',''
  ) );
#2488 = PCURVE('',#1301,#2489);
#2489 = DEFINITIONAL_REPRESENTATION('',(#2490),#2494);
#2490 = LINE('',#2491,#2492);
#2491 = CARTESIAN_POINT('',(-9.510010136692,0.));
#2492 = VECTOR('',#2493,1.);
#2493 = DIRECTION('',(-0.,-1.));
#2494 = ( GEOMETRIC_REPRESENTATION_CONTEXT(2) 
PARAMETRIC_REPRESENTATION_CONTEXT() REPRESENTATION_CONTEXT('2D SPACE',''
  ) );
#2495 = ADVANCED_FACE('',(#2496),#643,.F.);
#2496 = FACE_BOUND('',#2497,.F.);
#2497 = EDGE_LOOP('',(#2498,#2522,#2523,#2524));
#2498 = ORIENTED_EDGE('',*,*,#2499,.F.);
#2499 = EDGE_CURVE('',#2370,#2500,#2502,.T.);
#2500 = VERTEX_POINT('',#2501);
#2501 = CARTESIAN_POINT('',(4.359438561831,1.983333333333,22.5));
#2502 = SURFACE_CURVE('',#2503,(#2508,#2515),.PCURVE_S1.);
#2503 = CIRCLE('',#2504,6.1);
#2504 = AXIS2_PLACEMENT_3D('',#2505,#2506,#2507);
#2505 = CARTESIAN_POINT('',(10.374119674649,3.,22.5));
#2506 = DIRECTION('',(-0.,0.,-1.));
#2507 = DIRECTION('',(-0.,-1.,0.));
#2508 = PCURVE('',#643,#2509);
#2509 = DEFINITIONAL_REPRESENTATION('',(#2510),#2514);
#2510 = LINE('',#2511,#2512);
#2511 = CARTESIAN_POINT('',(0.,0.));
#2512 = VECTOR('',#2513,1.);
#2513 = DIRECTION('',(1.,0.));
#2514 = ( GEOMETRIC_REPRESENTATION_CONTEXT(2) 
PARAMETRIC_REPRESENTATION_CONTEXT() REPRESENTATION_CONTEXT('2D SPACE',''
  ) );
#2515 = PCURVE('',#2387,#2516);
#2516 = DEFINITIONAL_REPRESENTATION('',(#2517),#2521);
#2517 = CIRCLE('',#2518,6.1);
#2518 = AXIS2_PLACEMENT_2D('',#2519,#2520);
#2519 = CARTESIAN_POINT('',(38.875880325351,-33.45));
#2520 = DIRECTION('',(0.,-1.));
#2521 = ( GEOMETRIC_REPRESENTATION_CONTEXT(2) 
PARAMETRIC_REPRESENTATION_CONTEXT() REPRESENTATION_CONTEXT('2D SPACE',''
  ) );
#2522 = ORIENTED_EDGE('',*,*,#2399,.T.);
#2523 = ORIENTED_EDGE('',*,*,#622,.T.);
#2524 = ORIENTED_EDGE('',*,*,#2525,.F.);
#2525 = EDGE_CURVE('',#2500,#623,#2526,.T.);
#2526 = SURFACE_CURVE('',#2527,(#2531,#2538),.PCURVE_S1.);
#2527 = LINE('',#2528,#2529);
#2528 = CARTESIAN_POINT('',(4.359438561831,1.983333333333,22.5));
#2529 = VECTOR('',#2530,1.);
#2530 = DIRECTION('',(0.,0.,1.));
#2531 = PCURVE('',#643,#2532);
#2532 = DEFINITIONAL_REPRESENTATION('',(#2533),#2537);
#2533 = LINE('',#2534,#2535);
#2534 = CARTESIAN_POINT('',(7.686533554755,0.));
#2535 = VECTOR('',#2536,1.);
#2536 = DIRECTION('',(0.,-1.));
#2537 = ( GEOMETRIC_REPRESENTATION_CONTEXT(2) 
PARAMETRIC_REPRESENTATION_CONTEXT() REPRESENTATION_CONTEXT('2D SPACE',''
  ) );
#2538 = PCURVE('',#676,#2539);
#2539 = DEFINITIONAL_REPRESENTATION('',(#2540),#2544);
#2540 = LINE('',#2541,#2542);
#2541 = CARTESIAN_POINT('',(-6.703313641541,0.));
#2542 = VECTOR('',#2543,1.);
#2543 = DIRECTION('',(-0.,-1.));
#2544 = ( GEOMETRIC_REPRESENTATION_CONTEXT(2) 
PARAMETRIC_REPRESENTATION_CONTEXT() REPRESENTATION_CONTEXT('2D SPACE',''
  ) );
#2545 = ADVANCED_FACE('',(#2546),#1301,.T.);
#2546 = FACE_BOUND('',#2547,.F.);
#2547 = EDGE_LOOP('',(#2548,#2576,#2597,#2598));
#2548 = ORIENTED_EDGE('',*,*,#2549,.F.);
#2549 = EDGE_CURVE('',#2550,#2446,#2552,.T.);
#2550 = VERTEX_POINT('',#2551);
#2551 = CARTESIAN_POINT('',(52.109438561831,1.983333333333,22.5));
#2552 = SURFACE_CURVE('',#2553,(#2558,#2565),.PCURVE_S1.);
#2553 = CIRCLE('',#2554,2.9);
#2554 = AXIS2_PLACEMENT_3D('',#2555,#2556,#2557);
#2555 = CARTESIAN_POINT('',(49.25,1.5,22.5));
#2556 = DIRECTION('',(0.,0.,1.));
#2557 = DIRECTION('',(0.968245836552,-0.25,0.));
#2558 = PCURVE('',#1301,#2559);
#2559 = DEFINITIONAL_REPRESENTATION('',(#2560),#2564);
#2560 = LINE('',#2561,#2562);
#2561 = CARTESIAN_POINT('',(-0.,0.));
#2562 = VECTOR('',#2563,1.);
#2563 = DIRECTION('',(-1.,0.));
#2564 = ( GEOMETRIC_REPRESENTATION_CONTEXT(2) 
PARAMETRIC_REPRESENTATION_CONTEXT() REPRESENTATION_CONTEXT('2D SPACE',''
  ) );
#2565 = PCURVE('',#2387,#2566);
#2566 = DEFINITIONAL_REPRESENTATION('',(#2567),#2575);
#2567 = ( BOUNDED_CURVE() B_SPLINE_CURVE(2,(#2568,#2569,#2570,#2571,
#2572,#2573,#2574),.UNSPECIFIED.,.T.,.F.) B_SPLINE_CURVE_WITH_KNOTS((1,2
    ,2,2,2,1),(-2.094395102393,0.,2.094395102393,4.188790204786,
6.28318530718,8.377580409573),.UNSPECIFIED.) CURVE() 
GEOMETRIC_REPRESENTATION_ITEM() RATIONAL_B_SPLINE_CURVE((1.,0.5,1.,0.5,
1.,0.5,1.)) REPRESENTATION_ITEM('') );
#2568 = CARTESIAN_POINT('',(-2.807912926,-35.675));
#2569 = CARTESIAN_POINT('',(-4.063649761488,-30.81155214893));
#2570 = CARTESIAN_POINT('',(0.776088045256,-32.15577607446));
#2571 = CARTESIAN_POINT('',(5.615825852001,-33.5));
#2572 = CARTESIAN_POINT('',(2.031824880744,-37.01922392553));
#2573 = CARTESIAN_POINT('',(-1.552176090513,-40.53844785106));
#2574 = CARTESIAN_POINT('',(-2.807912926,-35.675));
#2575 = ( GEOMETRIC_REPRESENTATION_CONTEXT(2) 
PARAMETRIC_REPRESENTATION_CONTEXT() REPRESENTATION_CONTEXT('2D SPACE',''
  ) );
#2576 = ORIENTED_EDGE('',*,*,#2577,.T.);
#2577 = EDGE_CURVE('',#2550,#1248,#2578,.T.);
#2578 = SURFACE_CURVE('',#2579,(#2583,#2590),.PCURVE_S1.);
#2579 = LINE('',#2580,#2581);
#2580 = CARTESIAN_POINT('',(52.109438561831,1.983333333333,22.5));
#2581 = VECTOR('',#2582,1.);
#2582 = DIRECTION('',(0.,0.,1.));
#2583 = PCURVE('',#1301,#2584);
#2584 = DEFINITIONAL_REPRESENTATION('',(#2585),#2589);
#2585 = LINE('',#2586,#2587);
#2586 = CARTESIAN_POINT('',(-6.703313641541,0.));
#2587 = VECTOR('',#2588,1.);
#2588 = DIRECTION('',(-0.,-1.));
#2589 = ( GEOMETRIC_REPRESENTATION_CONTEXT(2) 
PARAMETRIC_REPRESENTATION_CONTEXT() REPRESENTATION_CONTEXT('2D SPACE',''
  ) );
#2590 = PCURVE('',#1268,#2591);
#2591 = DEFINITIONAL_REPRESENTATION('',(#2592),#2596);
#2592 = LINE('',#2593,#2594);
#2593 = CARTESIAN_POINT('',(7.686533554755,0.));
#2594 = VECTOR('',#2595,1.);
#2595 = DIRECTION('',(0.,-1.));
#2596 = ( GEOMETRIC_REPRESENTATION_CONTEXT(2) 
PARAMETRIC_REPRESENTATION_CONTEXT() REPRESENTATION_CONTEXT('2D SPACE',''
  ) );
#2597 = ORIENTED_EDGE('',*,*,#1280,.F.);
#2598 = ORIENTED_EDGE('',*,*,#2475,.F.);
#2599 = ADVANCED_FACE('',(#2600),#676,.T.);
#2600 = FACE_BOUND('',#2601,.F.);
#2601 = EDGE_LOOP('',(#2602,#2630,#2631,#2632));
#2602 = ORIENTED_EDGE('',*,*,#2603,.F.);
#2603 = EDGE_CURVE('',#2500,#2604,#2606,.T.);
#2604 = VERTEX_POINT('',#2605);
#2605 = CARTESIAN_POINT('',(1.983333333333,4.359438561831,22.5));
#2606 = SURFACE_CURVE('',#2607,(#2612,#2619),.PCURVE_S1.);
#2607 = CIRCLE('',#2608,2.9);
#2608 = AXIS2_PLACEMENT_3D('',#2609,#2610,#2611);
#2609 = CARTESIAN_POINT('',(1.5,1.5,22.5));
#2610 = DIRECTION('',(0.,0.,1.));
#2611 = DIRECTION('',(0.968245836552,-0.25,0.));
#2612 = PCURVE('',#676,#2613);
#2613 = DEFINITIONAL_REPRESENTATION('',(#2614),#2618);
#2614 = LINE('',#2615,#2616);
#2615 = CARTESIAN_POINT('',(-0.,0.));
#2616 = VECTOR('',#2617,1.);
#2617 = DIRECTION('',(-1.,0.));
#2618 = ( GEOMETRIC_REPRESENTATION_CONTEXT(2) 
PARAMETRIC_REPRESENTATION_CONTEXT() REPRESENTATION_CONTEXT('2D SPACE',''
  ) );
#2619 = PCURVE('',#2387,#2620);
#2620 = DEFINITIONAL_REPRESENTATION('',(#2621),#2629);
#2621 = ( BOUNDED_CURVE() B_SPLINE_CURVE(2,(#2622,#2623,#2624,#2625,
#2626,#2627,#2628),.UNSPECIFIED.,.T.,.F.) B_SPLINE_CURVE_WITH_KNOTS((1,2
    ,2,2,2,1),(-2.094395102393,0.,2.094395102393,4.188790204786,
6.28318530718,8.377580409573),.UNSPECIFIED.) CURVE() 
GEOMETRIC_REPRESENTATION_ITEM() RATIONAL_B_SPLINE_CURVE((1.,0.5,1.,0.5,
1.,0.5,1.)) REPRESENTATION_ITEM('') );
#2622 = CARTESIAN_POINT('',(44.942087074,-35.675));
#2623 = CARTESIAN_POINT('',(43.686350238512,-30.81155214893));
#2624 = CARTESIAN_POINT('',(48.526088045256,-32.15577607446));
#2625 = CARTESIAN_POINT('',(53.365825852001,-33.5));
#2626 = CARTESIAN_POINT('',(49.781824880744,-37.01922392553));
#2627 = CARTESIAN_POINT('',(46.197823909487,-40.53844785106));
#2628 = CARTESIAN_POINT('',(44.942087074,-35.675));
#2629 = ( GEOMETRIC_REPRESENTATION_CONTEXT(2) 
PARAMETRIC_REPRESENTATION_CONTEXT() REPRESENTATION_CONTEXT('2D SPACE',''
  ) );
#2630 = ORIENTED_EDGE('',*,*,#2525,.T.);
#2631 = ORIENTED_EDGE('',*,*,#655,.F.);
#2632 = ORIENTED_EDGE('',*,*,#2633,.F.);
#2633 = EDGE_CURVE('',#2604,#656,#2634,.T.);
#2634 = SURFACE_CURVE('',#2635,(#2639,#2646),.PCURVE_S1.);
#2635 = LINE('',#2636,#2637);
#2636 = CARTESIAN_POINT('',(1.983333333333,4.359438561831,22.5));
#2637 = VECTOR('',#2638,1.);
#2638 = DIRECTION('',(0.,0.,1.));
#2639 = PCURVE('',#676,#2640);
#2640 = DEFINITIONAL_REPRESENTATION('',(#2641),#2645);
#2641 = LINE('',#2642,#2643);
#2642 = CARTESIAN_POINT('',(-7.939213809897,0.));
#2643 = VECTOR('',#2644,1.);
#2644 = DIRECTION('',(-0.,-1.));
#2645 = ( GEOMETRIC_REPRESENTATION_CONTEXT(2) 
PARAMETRIC_REPRESENTATION_CONTEXT() REPRESENTATION_CONTEXT('2D SPACE',''
  ) );
#2646 = PCURVE('',#709,#2647);
#2647 = DEFINITIONAL_REPRESENTATION('',(#2648),#2652);
#2648 = LINE('',#2649,#2650);
#2649 = CARTESIAN_POINT('',(6.450633386399,0.));
#2650 = VECTOR('',#2651,1.);
#2651 = DIRECTION('',(0.,-1.));
#2652 = ( GEOMETRIC_REPRESENTATION_CONTEXT(2) 
PARAMETRIC_REPRESENTATION_CONTEXT() REPRESENTATION_CONTEXT('2D SPACE',''
  ) );
#2653 = ADVANCED_FACE('',(#2654),#1268,.F.);
#2654 = FACE_BOUND('',#2655,.F.);
#2655 = EDGE_LOOP('',(#2656,#2680,#2701,#2702));
#2656 = ORIENTED_EDGE('',*,*,#2657,.F.);
#2657 = EDGE_CURVE('',#2658,#2550,#2660,.T.);
#2658 = VERTEX_POINT('',#2659);
#2659 = CARTESIAN_POINT('',(58.124119674649,-3.1,22.5));
#2660 = SURFACE_CURVE('',#2661,(#2666,#2673),.PCURVE_S1.);
#2661 = CIRCLE('',#2662,6.1);
#2662 = AXIS2_PLACEMENT_3D('',#2663,#2664,#2665);
#2663 = CARTESIAN_POINT('',(58.124119674649,3.,22.5));
#2664 = DIRECTION('',(-0.,0.,-1.));
#2665 = DIRECTION('',(-0.,-1.,0.));
#2666 = PCURVE('',#1268,#2667);
#2667 = DEFINITIONAL_REPRESENTATION('',(#2668),#2672);
#2668 = LINE('',#2669,#2670);
#2669 = CARTESIAN_POINT('',(0.,0.));
#2670 = VECTOR('',#2671,1.);
#2671 = DIRECTION('',(1.,0.));
#2672 = ( GEOMETRIC_REPRESENTATION_CONTEXT(2) 
PARAMETRIC_REPRESENTATION_CONTEXT() REPRESENTATION_CONTEXT('2D SPACE',''
  ) );
#2673 = PCURVE('',#2387,#2674);
#2674 = DEFINITIONAL_REPRESENTATION('',(#2675),#2679);
#2675 = CIRCLE('',#2676,6.1);
#2676 = AXIS2_PLACEMENT_2D('',#2677,#2678);
#2677 = CARTESIAN_POINT('',(-8.874119674649,-33.45));
#2678 = DIRECTION('',(0.,-1.));
#2679 = ( GEOMETRIC_REPRESENTATION_CONTEXT(2) 
PARAMETRIC_REPRESENTATION_CONTEXT() REPRESENTATION_CONTEXT('2D SPACE',''
  ) );
#2680 = ORIENTED_EDGE('',*,*,#2681,.T.);
#2681 = EDGE_CURVE('',#2658,#1222,#2682,.T.);
#2682 = SURFACE_CURVE('',#2683,(#2687,#2694),.PCURVE_S1.);
#2683 = LINE('',#2684,#2685);
#2684 = CARTESIAN_POINT('',(58.124119674649,-3.1,22.5));
#2685 = VECTOR('',#2686,1.);
#2686 = DIRECTION('',(0.,0.,1.));
#2687 = PCURVE('',#1268,#2688);
#2688 = DEFINITIONAL_REPRESENTATION('',(#2689),#2693);
#2689 = LINE('',#2690,#2691);
#2690 = CARTESIAN_POINT('',(6.28318530718,0.));
#2691 = VECTOR('',#2692,1.);
#2692 = DIRECTION('',(0.,-1.));
#2693 = ( GEOMETRIC_REPRESENTATION_CONTEXT(2) 
PARAMETRIC_REPRESENTATION_CONTEXT() REPRESENTATION_CONTEXT('2D SPACE',''
  ) );
#2694 = PCURVE('',#1236,#2695);
#2695 = DEFINITIONAL_REPRESENTATION('',(#2696),#2700);
#2696 = LINE('',#2697,#2698);
#2697 = CARTESIAN_POINT('',(0.,0.));
#2698 = VECTOR('',#2699,1.);
#2699 = DIRECTION('',(0.,-1.));
#2700 = ( GEOMETRIC_REPRESENTATION_CONTEXT(2) 
PARAMETRIC_REPRESENTATION_CONTEXT() REPRESENTATION_CONTEXT('2D SPACE',''
  ) );
#2701 = ORIENTED_EDGE('',*,*,#1247,.T.);
#2702 = ORIENTED_EDGE('',*,*,#2577,.F.);
#2703 = ADVANCED_FACE('',(#2704),#709,.F.);
#2704 = FACE_BOUND('',#2705,.F.);
#2705 = EDGE_LOOP('',(#2706,#2730,#2731,#2732));
#2706 = ORIENTED_EDGE('',*,*,#2707,.F.);
#2707 = EDGE_CURVE('',#2604,#2708,#2710,.T.);
#2708 = VERTEX_POINT('',#2709);
#2709 = CARTESIAN_POINT('',(-3.1,10.374119674649,22.5));
#2710 = SURFACE_CURVE('',#2711,(#2716,#2723),.PCURVE_S1.);
#2711 = CIRCLE('',#2712,6.1);
#2712 = AXIS2_PLACEMENT_3D('',#2713,#2714,#2715);
#2713 = CARTESIAN_POINT('',(3.,10.374119674649,22.5));
#2714 = DIRECTION('',(-0.,0.,-1.));
#2715 = DIRECTION('',(-0.,-1.,0.));
#2716 = PCURVE('',#709,#2717);
#2717 = DEFINITIONAL_REPRESENTATION('',(#2718),#2722);
#2718 = LINE('',#2719,#2720);
#2719 = CARTESIAN_POINT('',(0.,0.));
#2720 = VECTOR('',#2721,1.);
#2721 = DIRECTION('',(1.,0.));
#2722 = ( GEOMETRIC_REPRESENTATION_CONTEXT(2) 
PARAMETRIC_REPRESENTATION_CONTEXT() REPRESENTATION_CONTEXT('2D SPACE',''
  ) );
#2723 = PCURVE('',#2387,#2724);
#2724 = DEFINITIONAL_REPRESENTATION('',(#2725),#2729);
#2725 = CIRCLE('',#2726,6.1);
#2726 = AXIS2_PLACEMENT_2D('',#2727,#2728);
#2727 = CARTESIAN_POINT('',(46.25,-26.07588032535));
#2728 = DIRECTION('',(0.,-1.));
#2729 = ( GEOMETRIC_REPRESENTATION_CONTEXT(2) 
PARAMETRIC_REPRESENTATION_CONTEXT() REPRESENTATION_CONTEXT('2D SPACE',''
  ) );
#2730 = ORIENTED_EDGE('',*,*,#2633,.T.);
#2731 = ORIENTED_EDGE('',*,*,#688,.T.);
#2732 = ORIENTED_EDGE('',*,*,#2733,.F.);
#2733 = EDGE_CURVE('',#2708,#689,#2734,.T.);
#2734 = SURFACE_CURVE('',#2735,(#2739,#2746),.PCURVE_S1.);
#2735 = LINE('',#2736,#2737);
#2736 = CARTESIAN_POINT('',(-3.1,10.374119674649,22.5));
#2737 = VECTOR('',#2738,1.);
#2738 = DIRECTION('',(0.,0.,1.));
#2739 = PCURVE('',#709,#2740);
#2740 = DEFINITIONAL_REPRESENTATION('',(#2741),#2745);
#2741 = LINE('',#2742,#2743);
#2742 = CARTESIAN_POINT('',(7.853981633974,0.));
#2743 = VECTOR('',#2744,1.);
#2744 = DIRECTION('',(0.,-1.));
#2745 = ( GEOMETRIC_REPRESENTATION_CONTEXT(2) 
PARAMETRIC_REPRESENTATION_CONTEXT() REPRESENTATION_CONTEXT('2D SPACE',''
  ) );
#2746 = PCURVE('',#736,#2747);
#2747 = DEFINITIONAL_REPRESENTATION('',(#2748),#2752);
#2748 = LINE('',#2749,#2750);
#2749 = CARTESIAN_POINT('',(52.151760650701,0.));
#2750 = VECTOR('',#2751,1.);
#2751 = DIRECTION('',(0.,-1.));
#2752 = ( GEOMETRIC_REPRESENTATION_CONTEXT(2) 
PARAMETRIC_REPRESENTATION_CONTEXT() REPRESENTATION_CONTEXT('2D SPACE',''
  ) );
#2753 = ADVANCED_FACE('',(#2754),#1236,.T.);
#2754 = FACE_BOUND('',#2755,.T.);
#2755 = EDGE_LOOP('',(#2756,#2779,#2780,#2781));
#2756 = ORIENTED_EDGE('',*,*,#2757,.F.);
#2757 = EDGE_CURVE('',#2658,#2758,#2760,.T.);
#2758 = VERTEX_POINT('',#2759);
#2759 = CARTESIAN_POINT('',(88.125880325351,-3.1,22.5));
#2760 = SURFACE_CURVE('',#2761,(#2765,#2772),.PCURVE_S1.);
#2761 = LINE('',#2762,#2763);
#2762 = CARTESIAN_POINT('',(0.,-3.1,22.5));
#2763 = VECTOR('',#2764,1.);
#2764 = DIRECTION('',(1.,0.,-0.));
#2765 = PCURVE('',#1236,#2766);
#2766 = DEFINITIONAL_REPRESENTATION('',(#2767),#2771);
#2767 = LINE('',#2768,#2769);
#2768 = CARTESIAN_POINT('',(-58.12411967464,0.));
#2769 = VECTOR('',#2770,1.);
#2770 = DIRECTION('',(1.,0.));
#2771 = ( GEOMETRIC_REPRESENTATION_CONTEXT(2) 
PARAMETRIC_REPRESENTATION_CONTEXT() REPRESENTATION_CONTEXT('2D SPACE',''
  ) );
#2772 = PCURVE('',#2387,#2773);
#2773 = DEFINITIONAL_REPRESENTATION('',(#2774),#2778);
#2774 = LINE('',#2775,#2776);
#2775 = CARTESIAN_POINT('',(49.25,-39.55));
#2776 = VECTOR('',#2777,1.);
#2777 = DIRECTION('',(-1.,0.));
#2778 = ( GEOMETRIC_REPRESENTATION_CONTEXT(2) 
PARAMETRIC_REPRESENTATION_CONTEXT() REPRESENTATION_CONTEXT('2D SPACE',''
  ) );
#2779 = ORIENTED_EDGE('',*,*,#2681,.T.);
#2780 = ORIENTED_EDGE('',*,*,#1221,.F.);
#2781 = ORIENTED_EDGE('',*,*,#2782,.F.);
#2782 = EDGE_CURVE('',#2758,#1189,#2783,.T.);
#2783 = SURFACE_CURVE('',#2784,(#2788,#2795),.PCURVE_S1.);
#2784 = LINE('',#2785,#2786);
#2785 = CARTESIAN_POINT('',(88.125880325351,-3.1,22.5));
#2786 = VECTOR('',#2787,1.);
#2787 = DIRECTION('',(0.,0.,1.));
#2788 = PCURVE('',#1236,#2789);
#2789 = DEFINITIONAL_REPRESENTATION('',(#2790),#2794);
#2790 = LINE('',#2791,#2792);
#2791 = CARTESIAN_POINT('',(30.001760650701,0.));
#2792 = VECTOR('',#2793,1.);
#2793 = DIRECTION('',(0.,-1.));
#2794 = ( GEOMETRIC_REPRESENTATION_CONTEXT(2) 
PARAMETRIC_REPRESENTATION_CONTEXT() REPRESENTATION_CONTEXT('2D SPACE',''
  ) );
#2795 = PCURVE('',#1209,#2796);
#2796 = DEFINITIONAL_REPRESENTATION('',(#2797),#2801);
#2797 = LINE('',#2798,#2799);
#2798 = CARTESIAN_POINT('',(6.28318530718,0.));
#2799 = VECTOR('',#2800,1.);
#2800 = DIRECTION('',(0.,-1.));
#2801 = ( GEOMETRIC_REPRESENTATION_CONTEXT(2) 
PARAMETRIC_REPRESENTATION_CONTEXT() REPRESENTATION_CONTEXT('2D SPACE',''
  ) );
#2802 = ADVANCED_FACE('',(#2803),#736,.T.);
#2803 = FACE_BOUND('',#2804,.T.);
#2804 = EDGE_LOOP('',(#2805,#2828,#2849,#2850));
#2805 = ORIENTED_EDGE('',*,*,#2806,.F.);
#2806 = EDGE_CURVE('',#2807,#2708,#2809,.T.);
#2807 = VERTEX_POINT('',#2808);
#2808 = CARTESIAN_POINT('',(-3.1,62.525880325351,22.5));
#2809 = SURFACE_CURVE('',#2810,(#2814,#2821),.PCURVE_S1.);
#2810 = LINE('',#2811,#2812);
#2811 = CARTESIAN_POINT('',(-3.1,72.9,22.5));
#2812 = VECTOR('',#2813,1.);
#2813 = DIRECTION('',(-0.,-1.,0.));
#2814 = PCURVE('',#736,#2815);
#2815 = DEFINITIONAL_REPRESENTATION('',(#2816),#2820);
#2816 = LINE('',#2817,#2818);
#2817 = CARTESIAN_POINT('',(-10.37411967464,0.));
#2818 = VECTOR('',#2819,1.);
#2819 = DIRECTION('',(1.,0.));
#2820 = ( GEOMETRIC_REPRESENTATION_CONTEXT(2) 
PARAMETRIC_REPRESENTATION_CONTEXT() REPRESENTATION_CONTEXT('2D SPACE',''
  ) );
#2821 = PCURVE('',#2387,#2822);
#2822 = DEFINITIONAL_REPRESENTATION('',(#2823),#2827);
#2823 = LINE('',#2824,#2825);
#2824 = CARTESIAN_POINT('',(52.35,36.45));
#2825 = VECTOR('',#2826,1.);
#2826 = DIRECTION('',(0.,-1.));
#2827 = ( GEOMETRIC_REPRESENTATION_CONTEXT(2) 
PARAMETRIC_REPRESENTATION_CONTEXT() REPRESENTATION_CONTEXT('2D SPACE',''
  ) );
#2828 = ORIENTED_EDGE('',*,*,#2829,.T.);
#2829 = EDGE_CURVE('',#2807,#722,#2830,.T.);
#2830 = SURFACE_CURVE('',#2831,(#2835,#2842),.PCURVE_S1.);
#2831 = LINE('',#2832,#2833);
#2832 = CARTESIAN_POINT('',(-3.1,62.525880325351,22.5));
#2833 = VECTOR('',#2834,1.);
#2834 = DIRECTION('',(0.,0.,1.));
#2835 = PCURVE('',#736,#2836);
#2836 = DEFINITIONAL_REPRESENTATION('',(#2837),#2841);
#2837 = LINE('',#2838,#2839);
#2838 = CARTESIAN_POINT('',(0.,0.));
#2839 = VECTOR('',#2840,1.);
#2840 = DIRECTION('',(0.,-1.));
#2841 = ( GEOMETRIC_REPRESENTATION_CONTEXT(2) 
PARAMETRIC_REPRESENTATION_CONTEXT() REPRESENTATION_CONTEXT('2D SPACE',''
  ) );
#2842 = PCURVE('',#768,#2843);
#2843 = DEFINITIONAL_REPRESENTATION('',(#2844),#2848);
#2844 = LINE('',#2845,#2846);
#2845 = CARTESIAN_POINT('',(1.570796326795,0.));
#2846 = VECTOR('',#2847,1.);
#2847 = DIRECTION('',(0.,-1.));
#2848 = ( GEOMETRIC_REPRESENTATION_CONTEXT(2) 
PARAMETRIC_REPRESENTATION_CONTEXT() REPRESENTATION_CONTEXT('2D SPACE',''
  ) );
#2849 = ORIENTED_EDGE('',*,*,#721,.F.);
#2850 = ORIENTED_EDGE('',*,*,#2733,.F.);
#2851 = ADVANCED_FACE('',(#2852),#1209,.F.);
#2852 = FACE_BOUND('',#2853,.F.);
#2853 = EDGE_LOOP('',(#2854,#2878,#2899,#2900));
#2854 = ORIENTED_EDGE('',*,*,#2855,.F.);
#2855 = EDGE_CURVE('',#2856,#2758,#2858,.T.);
#2856 = VERTEX_POINT('',#2857);
#2857 = CARTESIAN_POINT('',(94.140561438169,1.983333333333,22.5));
#2858 = SURFACE_CURVE('',#2859,(#2864,#2871),.PCURVE_S1.);
#2859 = CIRCLE('',#2860,6.1);
#2860 = AXIS2_PLACEMENT_3D('',#2861,#2862,#2863);
#2861 = CARTESIAN_POINT('',(88.125880325351,3.,22.5));
#2862 = DIRECTION('',(-0.,0.,-1.));
#2863 = DIRECTION('',(-0.,-1.,0.));
#2864 = PCURVE('',#1209,#2865);
#2865 = DEFINITIONAL_REPRESENTATION('',(#2866),#2870);
#2866 = LINE('',#2867,#2868);
#2867 = CARTESIAN_POINT('',(0.,0.));
#2868 = VECTOR('',#2869,1.);
#2869 = DIRECTION('',(1.,0.));
#2870 = ( GEOMETRIC_REPRESENTATION_CONTEXT(2) 
PARAMETRIC_REPRESENTATION_CONTEXT() REPRESENTATION_CONTEXT('2D SPACE',''
  ) );
#2871 = PCURVE('',#2387,#2872);
#2872 = DEFINITIONAL_REPRESENTATION('',(#2873),#2877);
#2873 = CIRCLE('',#2874,6.1);
#2874 = AXIS2_PLACEMENT_2D('',#2875,#2876);
#2875 = CARTESIAN_POINT('',(-38.87588032535,-33.45));
#2876 = DIRECTION('',(0.,-1.));
#2877 = ( GEOMETRIC_REPRESENTATION_CONTEXT(2) 
PARAMETRIC_REPRESENTATION_CONTEXT() REPRESENTATION_CONTEXT('2D SPACE',''
  ) );
#2878 = ORIENTED_EDGE('',*,*,#2879,.T.);
#2879 = EDGE_CURVE('',#2856,#1156,#2880,.T.);
#2880 = SURFACE_CURVE('',#2881,(#2885,#2892),.PCURVE_S1.);
#2881 = LINE('',#2882,#2883);
#2882 = CARTESIAN_POINT('',(94.140561438169,1.983333333333,22.5));
#2883 = VECTOR('',#2884,1.);
#2884 = DIRECTION('',(0.,0.,1.));
#2885 = PCURVE('',#1209,#2886);
#2886 = DEFINITIONAL_REPRESENTATION('',(#2887),#2891);
#2887 = LINE('',#2888,#2889);
#2888 = CARTESIAN_POINT('',(4.879837059604,0.));
#2889 = VECTOR('',#2890,1.);
#2890 = DIRECTION('',(0.,-1.));
#2891 = ( GEOMETRIC_REPRESENTATION_CONTEXT(2) 
PARAMETRIC_REPRESENTATION_CONTEXT() REPRESENTATION_CONTEXT('2D SPACE',''
  ) );
#2892 = PCURVE('',#1176,#2893);
#2893 = DEFINITIONAL_REPRESENTATION('',(#2894),#2898);
#2894 = LINE('',#2895,#2896);
#2895 = CARTESIAN_POINT('',(-2.97414457437,0.));
#2896 = VECTOR('',#2897,1.);
#2897 = DIRECTION('',(-0.,-1.));
#2898 = ( GEOMETRIC_REPRESENTATION_CONTEXT(2) 
PARAMETRIC_REPRESENTATION_CONTEXT() REPRESENTATION_CONTEXT('2D SPACE',''
  ) );
#2899 = ORIENTED_EDGE('',*,*,#1188,.T.);
#2900 = ORIENTED_EDGE('',*,*,#2782,.F.);
#2901 = ADVANCED_FACE('',(#2902),#768,.F.);
#2902 = FACE_BOUND('',#2903,.F.);
#2903 = EDGE_LOOP('',(#2904,#2928,#2929,#2930));
#2904 = ORIENTED_EDGE('',*,*,#2905,.F.);
#2905 = EDGE_CURVE('',#2807,#2906,#2908,.T.);
#2906 = VERTEX_POINT('',#2907);
#2907 = CARTESIAN_POINT('',(1.983333333333,68.540561438169,22.5));
#2908 = SURFACE_CURVE('',#2909,(#2914,#2921),.PCURVE_S1.);
#2909 = CIRCLE('',#2910,6.1);
#2910 = AXIS2_PLACEMENT_3D('',#2911,#2912,#2913);
#2911 = CARTESIAN_POINT('',(3.,62.525880325351,22.5));
#2912 = DIRECTION('',(-0.,0.,-1.));
#2913 = DIRECTION('',(-0.,-1.,0.));
#2914 = PCURVE('',#768,#2915);
#2915 = DEFINITIONAL_REPRESENTATION('',(#2916),#2920);
#2916 = LINE('',#2917,#2918);
#2917 = CARTESIAN_POINT('',(0.,0.));
#2918 = VECTOR('',#2919,1.);
#2919 = DIRECTION('',(1.,0.));
#2920 = ( GEOMETRIC_REPRESENTATION_CONTEXT(2) 
PARAMETRIC_REPRESENTATION_CONTEXT() REPRESENTATION_CONTEXT('2D SPACE',''
  ) );
#2921 = PCURVE('',#2387,#2922);
#2922 = DEFINITIONAL_REPRESENTATION('',(#2923),#2927);
#2923 = CIRCLE('',#2924,6.1);
#2924 = AXIS2_PLACEMENT_2D('',#2925,#2926);
#2925 = CARTESIAN_POINT('',(46.25,26.075880325351));
#2926 = DIRECTION('',(0.,-1.));
#2927 = ( GEOMETRIC_REPRESENTATION_CONTEXT(2) 
PARAMETRIC_REPRESENTATION_CONTEXT() REPRESENTATION_CONTEXT('2D SPACE',''
  ) );
#2928 = ORIENTED_EDGE('',*,*,#2829,.T.);
#2929 = ORIENTED_EDGE('',*,*,#747,.T.);
#2930 = ORIENTED_EDGE('',*,*,#2931,.F.);
#2931 = EDGE_CURVE('',#2906,#748,#2932,.T.);
#2932 = SURFACE_CURVE('',#2933,(#2937,#2944),.PCURVE_S1.);
#2933 = LINE('',#2934,#2935);
#2934 = CARTESIAN_POINT('',(1.983333333333,68.540561438169,22.5));
#2935 = VECTOR('',#2936,1.);
#2936 = DIRECTION('',(0.,0.,1.));
#2937 = PCURVE('',#768,#2938);
#2938 = DEFINITIONAL_REPRESENTATION('',(#2939),#2943);
#2939 = LINE('',#2940,#2941);
#2940 = CARTESIAN_POINT('',(2.97414457437,0.));
#2941 = VECTOR('',#2942,1.);
#2942 = DIRECTION('',(0.,-1.));
#2943 = ( GEOMETRIC_REPRESENTATION_CONTEXT(2) 
PARAMETRIC_REPRESENTATION_CONTEXT() REPRESENTATION_CONTEXT('2D SPACE',''
  ) );
#2944 = PCURVE('',#801,#2945);
#2945 = DEFINITIONAL_REPRESENTATION('',(#2946),#2950);
#2946 = LINE('',#2947,#2948);
#2947 = CARTESIAN_POINT('',(-6.703313641541,0.));
#2948 = VECTOR('',#2949,1.);
#2949 = DIRECTION('',(-0.,-1.));
#2950 = ( GEOMETRIC_REPRESENTATION_CONTEXT(2) 
PARAMETRIC_REPRESENTATION_CONTEXT() REPRESENTATION_CONTEXT('2D SPACE',''
  ) );
#2951 = ADVANCED_FACE('',(#2952),#1176,.T.);
#2952 = FACE_BOUND('',#2953,.F.);
#2953 = EDGE_LOOP('',(#2954,#2982,#3003,#3004));
#2954 = ORIENTED_EDGE('',*,*,#2955,.F.);
#2955 = EDGE_CURVE('',#2956,#2856,#2958,.T.);
#2956 = VERTEX_POINT('',#2957);
#2957 = CARTESIAN_POINT('',(96.516666666667,4.359438561831,22.5));
#2958 = SURFACE_CURVE('',#2959,(#2964,#2971),.PCURVE_S1.);
#2959 = CIRCLE('',#2960,2.9);
#2960 = AXIS2_PLACEMENT_3D('',#2961,#2962,#2963);
#2961 = CARTESIAN_POINT('',(97.,1.5,22.5));
#2962 = DIRECTION('',(0.,-0.,1.));
#2963 = DIRECTION('',(1.,0.,0.));
#2964 = PCURVE('',#1176,#2965);
#2965 = DEFINITIONAL_REPRESENTATION('',(#2966),#2970);
#2966 = LINE('',#2967,#2968);
#2967 = CARTESIAN_POINT('',(-0.,0.));
#2968 = VECTOR('',#2969,1.);
#2969 = DIRECTION('',(-1.,0.));
#2970 = ( GEOMETRIC_REPRESENTATION_CONTEXT(2) 
PARAMETRIC_REPRESENTATION_CONTEXT() REPRESENTATION_CONTEXT('2D SPACE',''
  ) );
#2971 = PCURVE('',#2387,#2972);
#2972 = DEFINITIONAL_REPRESENTATION('',(#2973),#2981);
#2973 = ( BOUNDED_CURVE() B_SPLINE_CURVE(2,(#2974,#2975,#2976,#2977,
#2978,#2979,#2980),.UNSPECIFIED.,.T.,.F.) B_SPLINE_CURVE_WITH_KNOTS((1,2
    ,2,2,2,1),(-2.094395102393,0.,2.094395102393,4.188790204786,
6.28318530718,8.377580409573),.UNSPECIFIED.) CURVE() 
GEOMETRIC_REPRESENTATION_ITEM() RATIONAL_B_SPLINE_CURVE((1.,0.5,1.,0.5,
1.,0.5,1.)) REPRESENTATION_ITEM('') );
#2974 = CARTESIAN_POINT('',(-50.65,-34.95));
#2975 = CARTESIAN_POINT('',(-50.65,-29.92705265805));
#2976 = CARTESIAN_POINT('',(-46.3,-32.43852632902));
#2977 = CARTESIAN_POINT('',(-41.95,-34.95));
#2978 = CARTESIAN_POINT('',(-46.3,-37.46147367097));
#2979 = CARTESIAN_POINT('',(-50.65,-39.97294734195));
#2980 = CARTESIAN_POINT('',(-50.65,-34.95));
#2981 = ( GEOMETRIC_REPRESENTATION_CONTEXT(2) 
PARAMETRIC_REPRESENTATION_CONTEXT() REPRESENTATION_CONTEXT('2D SPACE',''
  ) );
#2982 = ORIENTED_EDGE('',*,*,#2983,.T.);
#2983 = EDGE_CURVE('',#2956,#1123,#2984,.T.);
#2984 = SURFACE_CURVE('',#2985,(#2989,#2996),.PCURVE_S1.);
#2985 = LINE('',#2986,#2987);
#2986 = CARTESIAN_POINT('',(96.516666666667,4.359438561831,22.5));
#2987 = VECTOR('',#2988,1.);
#2988 = DIRECTION('',(0.,0.,1.));
#2989 = PCURVE('',#1176,#2990);
#2990 = DEFINITIONAL_REPRESENTATION('',(#2991),#2995);
#2991 = LINE('',#2992,#2993);
#2992 = CARTESIAN_POINT('',(-1.738244406015,0.));
#2993 = VECTOR('',#2994,1.);
#2994 = DIRECTION('',(-0.,-1.));
#2995 = ( GEOMETRIC_REPRESENTATION_CONTEXT(2) 
PARAMETRIC_REPRESENTATION_CONTEXT() REPRESENTATION_CONTEXT('2D SPACE',''
  ) );
#2996 = PCURVE('',#1143,#2997);
#2997 = DEFINITIONAL_REPRESENTATION('',(#2998),#3002);
#2998 = LINE('',#2999,#3000);
#2999 = CARTESIAN_POINT('',(6.11573722796,0.));
#3000 = VECTOR('',#3001,1.);
#3001 = DIRECTION('',(0.,-1.));
#3002 = ( GEOMETRIC_REPRESENTATION_CONTEXT(2) 
PARAMETRIC_REPRESENTATION_CONTEXT() REPRESENTATION_CONTEXT('2D SPACE',''
  ) );
#3003 = ORIENTED_EDGE('',*,*,#1155,.F.);
#3004 = ORIENTED_EDGE('',*,*,#2879,.F.);
#3005 = ADVANCED_FACE('',(#3006),#801,.T.);
#3006 = FACE_BOUND('',#3007,.F.);
#3007 = EDGE_LOOP('',(#3008,#3036,#3037,#3038));
#3008 = ORIENTED_EDGE('',*,*,#3009,.F.);
#3009 = EDGE_CURVE('',#2906,#3010,#3012,.T.);
#3010 = VERTEX_POINT('',#3011);
#3011 = CARTESIAN_POINT('',(4.359438561831,70.916666666667,22.5));
#3012 = SURFACE_CURVE('',#3013,(#3018,#3025),.PCURVE_S1.);
#3013 = CIRCLE('',#3014,2.9);
#3014 = AXIS2_PLACEMENT_3D('',#3015,#3016,#3017);
#3015 = CARTESIAN_POINT('',(1.5,71.4,22.5));
#3016 = DIRECTION('',(0.,0.,1.));
#3017 = DIRECTION('',(-0.25,-0.968245836552,0.));
#3018 = PCURVE('',#801,#3019);
#3019 = DEFINITIONAL_REPRESENTATION('',(#3020),#3024);
#3020 = LINE('',#3021,#3022);
#3021 = CARTESIAN_POINT('',(-0.,0.));
#3022 = VECTOR('',#3023,1.);
#3023 = DIRECTION('',(-1.,0.));
#3024 = ( GEOMETRIC_REPRESENTATION_CONTEXT(2) 
PARAMETRIC_REPRESENTATION_CONTEXT() REPRESENTATION_CONTEXT('2D SPACE',''
  ) );
#3025 = PCURVE('',#2387,#3026);
#3026 = DEFINITIONAL_REPRESENTATION('',(#3027),#3035);
#3027 = ( BOUNDED_CURVE() B_SPLINE_CURVE(2,(#3028,#3029,#3030,#3031,
#3032,#3033,#3034),.UNSPECIFIED.,.T.,.F.) B_SPLINE_CURVE_WITH_KNOTS((1,2
    ,2,2,2,1),(-2.094395102393,0.,2.094395102393,4.188790204786,
6.28318530718,8.377580409573),.UNSPECIFIED.) CURVE() 
GEOMETRIC_REPRESENTATION_ITEM() RATIONAL_B_SPLINE_CURVE((1.,0.5,1.,0.5,
1.,0.5,1.)) REPRESENTATION_ITEM('') );
#3028 = CARTESIAN_POINT('',(48.475,32.142087074));
#3029 = CARTESIAN_POINT('',(43.611552148938,30.886350238512));
#3030 = CARTESIAN_POINT('',(44.955776074469,35.726088045256));
#3031 = CARTESIAN_POINT('',(46.3,40.565825852001));
#3032 = CARTESIAN_POINT('',(49.819223925531,36.981824880744));
#3033 = CARTESIAN_POINT('',(53.338447851062,33.397823909487));
#3034 = CARTESIAN_POINT('',(48.475,32.142087074));
#3035 = ( GEOMETRIC_REPRESENTATION_CONTEXT(2) 
PARAMETRIC_REPRESENTATION_CONTEXT() REPRESENTATION_CONTEXT('2D SPACE',''
  ) );
#3036 = ORIENTED_EDGE('',*,*,#2931,.T.);
#3037 = ORIENTED_EDGE('',*,*,#780,.F.);
#3038 = ORIENTED_EDGE('',*,*,#3039,.F.);
#3039 = EDGE_CURVE('',#3010,#781,#3040,.T.);
#3040 = SURFACE_CURVE('',#3041,(#3045,#3052),.PCURVE_S1.);
#3041 = LINE('',#3042,#3043);
#3042 = CARTESIAN_POINT('',(4.359438561831,70.916666666667,22.5));
#3043 = VECTOR('',#3044,1.);
#3044 = DIRECTION('',(0.,0.,1.));
#3045 = PCURVE('',#801,#3046);
#3046 = DEFINITIONAL_REPRESENTATION('',(#3047),#3051);
#3047 = LINE('',#3048,#3049);
#3048 = CARTESIAN_POINT('',(-7.939213809897,0.));
#3049 = VECTOR('',#3050,1.);
#3050 = DIRECTION('',(-0.,-1.));
#3051 = ( GEOMETRIC_REPRESENTATION_CONTEXT(2) 
PARAMETRIC_REPRESENTATION_CONTEXT() REPRESENTATION_CONTEXT('2D SPACE',''
  ) );
#3052 = PCURVE('',#834,#3053);
#3053 = DEFINITIONAL_REPRESENTATION('',(#3054),#3058);
#3054 = LINE('',#3055,#3056);
#3055 = CARTESIAN_POINT('',(1.738244406015,0.));
#3056 = VECTOR('',#3057,1.);
#3057 = DIRECTION('',(0.,-1.));
#3058 = ( GEOMETRIC_REPRESENTATION_CONTEXT(2) 
PARAMETRIC_REPRESENTATION_CONTEXT() REPRESENTATION_CONTEXT('2D SPACE',''
  ) );
#3059 = ADVANCED_FACE('',(#3060),#1143,.F.);
#3060 = FACE_BOUND('',#3061,.F.);
#3061 = EDGE_LOOP('',(#3062,#3086,#3107,#3108));
#3062 = ORIENTED_EDGE('',*,*,#3063,.F.);
#3063 = EDGE_CURVE('',#3064,#2956,#3066,.T.);
#3064 = VERTEX_POINT('',#3065);
#3065 = CARTESIAN_POINT('',(101.6,10.374119674649,22.5));
#3066 = SURFACE_CURVE('',#3067,(#3072,#3079),.PCURVE_S1.);
#3067 = CIRCLE('',#3068,6.1);
#3068 = AXIS2_PLACEMENT_3D('',#3069,#3070,#3071);
#3069 = CARTESIAN_POINT('',(95.5,10.374119674649,22.5));
#3070 = DIRECTION('',(-0.,0.,-1.));
#3071 = DIRECTION('',(-0.,-1.,0.));
#3072 = PCURVE('',#1143,#3073);
#3073 = DEFINITIONAL_REPRESENTATION('',(#3074),#3078);
#3074 = LINE('',#3075,#3076);
#3075 = CARTESIAN_POINT('',(0.,0.));
#3076 = VECTOR('',#3077,1.);
#3077 = DIRECTION('',(1.,0.));
#3078 = ( GEOMETRIC_REPRESENTATION_CONTEXT(2) 
PARAMETRIC_REPRESENTATION_CONTEXT() REPRESENTATION_CONTEXT('2D SPACE',''
  ) );
#3079 = PCURVE('',#2387,#3080);
#3080 = DEFINITIONAL_REPRESENTATION('',(#3081),#3085);
#3081 = CIRCLE('',#3082,6.1);
#3082 = AXIS2_PLACEMENT_2D('',#3083,#3084);
#3083 = CARTESIAN_POINT('',(-46.25,-26.07588032535));
#3084 = DIRECTION('',(0.,-1.));
#3085 = ( GEOMETRIC_REPRESENTATION_CONTEXT(2) 
PARAMETRIC_REPRESENTATION_CONTEXT() REPRESENTATION_CONTEXT('2D SPACE',''
  ) );
#3086 = ORIENTED_EDGE('',*,*,#3087,.T.);
#3087 = EDGE_CURVE('',#3064,#1097,#3088,.T.);
#3088 = SURFACE_CURVE('',#3089,(#3093,#3100),.PCURVE_S1.);
#3089 = LINE('',#3090,#3091);
#3090 = CARTESIAN_POINT('',(101.6,10.374119674649,22.5));
#3091 = VECTOR('',#3092,1.);
#3092 = DIRECTION('',(0.,0.,1.));
#3093 = PCURVE('',#1143,#3094);
#3094 = DEFINITIONAL_REPRESENTATION('',(#3095),#3099);
#3095 = LINE('',#3096,#3097);
#3096 = CARTESIAN_POINT('',(4.712388980385,0.));
#3097 = VECTOR('',#3098,1.);
#3098 = DIRECTION('',(0.,-1.));
#3099 = ( GEOMETRIC_REPRESENTATION_CONTEXT(2) 
PARAMETRIC_REPRESENTATION_CONTEXT() REPRESENTATION_CONTEXT('2D SPACE',''
  ) );
#3100 = PCURVE('',#1111,#3101);
#3101 = DEFINITIONAL_REPRESENTATION('',(#3102),#3106);
#3102 = LINE('',#3103,#3104);
#3103 = CARTESIAN_POINT('',(0.,0.));
#3104 = VECTOR('',#3105,1.);
#3105 = DIRECTION('',(0.,-1.));
#3106 = ( GEOMETRIC_REPRESENTATION_CONTEXT(2) 
PARAMETRIC_REPRESENTATION_CONTEXT() REPRESENTATION_CONTEXT('2D SPACE',''
  ) );
#3107 = ORIENTED_EDGE('',*,*,#1122,.T.);
#3108 = ORIENTED_EDGE('',*,*,#2983,.F.);
#3109 = ADVANCED_FACE('',(#3110),#834,.F.);
#3110 = FACE_BOUND('',#3111,.F.);
#3111 = EDGE_LOOP('',(#3112,#3136,#3137,#3138));
#3112 = ORIENTED_EDGE('',*,*,#3113,.F.);
#3113 = EDGE_CURVE('',#3010,#3114,#3116,.T.);
#3114 = VERTEX_POINT('',#3115);
#3115 = CARTESIAN_POINT('',(10.374119674649,76.,22.5));
#3116 = SURFACE_CURVE('',#3117,(#3122,#3129),.PCURVE_S1.);
#3117 = CIRCLE('',#3118,6.1);
#3118 = AXIS2_PLACEMENT_3D('',#3119,#3120,#3121);
#3119 = CARTESIAN_POINT('',(10.374119674649,69.9,22.5));
#3120 = DIRECTION('',(-0.,0.,-1.));
#3121 = DIRECTION('',(-0.,-1.,0.));
#3122 = PCURVE('',#834,#3123);
#3123 = DEFINITIONAL_REPRESENTATION('',(#3124),#3128);
#3124 = LINE('',#3125,#3126);
#3125 = CARTESIAN_POINT('',(0.,0.));
#3126 = VECTOR('',#3127,1.);
#3127 = DIRECTION('',(1.,0.));
#3128 = ( GEOMETRIC_REPRESENTATION_CONTEXT(2) 
PARAMETRIC_REPRESENTATION_CONTEXT() REPRESENTATION_CONTEXT('2D SPACE',''
  ) );
#3129 = PCURVE('',#2387,#3130);
#3130 = DEFINITIONAL_REPRESENTATION('',(#3131),#3135);
#3131 = CIRCLE('',#3132,6.1);
#3132 = AXIS2_PLACEMENT_2D('',#3133,#3134);
#3133 = CARTESIAN_POINT('',(38.875880325351,33.45));
#3134 = DIRECTION('',(0.,-1.));
#3135 = ( GEOMETRIC_REPRESENTATION_CONTEXT(2) 
PARAMETRIC_REPRESENTATION_CONTEXT() REPRESENTATION_CONTEXT('2D SPACE',''
  ) );
#3136 = ORIENTED_EDGE('',*,*,#3039,.T.);
#3137 = ORIENTED_EDGE('',*,*,#813,.T.);
#3138 = ORIENTED_EDGE('',*,*,#3139,.F.);
#3139 = EDGE_CURVE('',#3114,#814,#3140,.T.);
#3140 = SURFACE_CURVE('',#3141,(#3145,#3152),.PCURVE_S1.);
#3141 = LINE('',#3142,#3143);
#3142 = CARTESIAN_POINT('',(10.374119674649,76.,22.5));
#3143 = VECTOR('',#3144,1.);
#3144 = DIRECTION('',(0.,0.,1.));
#3145 = PCURVE('',#834,#3146);
#3146 = DEFINITIONAL_REPRESENTATION('',(#3147),#3151);
#3147 = LINE('',#3148,#3149);
#3148 = CARTESIAN_POINT('',(3.14159265359,0.));
#3149 = VECTOR('',#3150,1.);
#3150 = DIRECTION('',(0.,-1.));
#3151 = ( GEOMETRIC_REPRESENTATION_CONTEXT(2) 
PARAMETRIC_REPRESENTATION_CONTEXT() REPRESENTATION_CONTEXT('2D SPACE',''
  ) );
#3152 = PCURVE('',#861,#3153);
#3153 = DEFINITIONAL_REPRESENTATION('',(#3154),#3158);
#3154 = LINE('',#3155,#3156);
#3155 = CARTESIAN_POINT('',(30.001760650701,0.));
#3156 = VECTOR('',#3157,1.);
#3157 = DIRECTION('',(0.,-1.));
#3158 = ( GEOMETRIC_REPRESENTATION_CONTEXT(2) 
PARAMETRIC_REPRESENTATION_CONTEXT() REPRESENTATION_CONTEXT('2D SPACE',''
  ) );
#3159 = ADVANCED_FACE('',(#3160),#1111,.T.);
#3160 = FACE_BOUND('',#3161,.T.);
#3161 = EDGE_LOOP('',(#3162,#3185,#3186,#3187));
#3162 = ORIENTED_EDGE('',*,*,#3163,.F.);
#3163 = EDGE_CURVE('',#3064,#3164,#3166,.T.);
#3164 = VERTEX_POINT('',#3165);
#3165 = CARTESIAN_POINT('',(101.6,62.525880325351,22.5));
#3166 = SURFACE_CURVE('',#3167,(#3171,#3178),.PCURVE_S1.);
#3167 = LINE('',#3168,#3169);
#3168 = CARTESIAN_POINT('',(101.6,0.,22.5));
#3169 = VECTOR('',#3170,1.);
#3170 = DIRECTION('',(0.,1.,0.));
#3171 = PCURVE('',#1111,#3172);
#3172 = DEFINITIONAL_REPRESENTATION('',(#3173),#3177);
#3173 = LINE('',#3174,#3175);
#3174 = CARTESIAN_POINT('',(-10.37411967464,0.));
#3175 = VECTOR('',#3176,1.);
#3176 = DIRECTION('',(1.,0.));
#3177 = ( GEOMETRIC_REPRESENTATION_CONTEXT(2) 
PARAMETRIC_REPRESENTATION_CONTEXT() REPRESENTATION_CONTEXT('2D SPACE',''
  ) );
#3178 = PCURVE('',#2387,#3179);
#3179 = DEFINITIONAL_REPRESENTATION('',(#3180),#3184);
#3180 = LINE('',#3181,#3182);
#3181 = CARTESIAN_POINT('',(-52.35,-36.45));
#3182 = VECTOR('',#3183,1.);
#3183 = DIRECTION('',(0.,1.));
#3184 = ( GEOMETRIC_REPRESENTATION_CONTEXT(2) 
PARAMETRIC_REPRESENTATION_CONTEXT() REPRESENTATION_CONTEXT('2D SPACE',''
  ) );
#3185 = ORIENTED_EDGE('',*,*,#3087,.T.);
#3186 = ORIENTED_EDGE('',*,*,#1096,.F.);
#3187 = ORIENTED_EDGE('',*,*,#3188,.F.);
#3188 = EDGE_CURVE('',#3164,#1064,#3189,.T.);
#3189 = SURFACE_CURVE('',#3190,(#3194,#3201),.PCURVE_S1.);
#3190 = LINE('',#3191,#3192);
#3191 = CARTESIAN_POINT('',(101.6,62.525880325351,22.5));
#3192 = VECTOR('',#3193,1.);
#3193 = DIRECTION('',(0.,0.,1.));
#3194 = PCURVE('',#1111,#3195);
#3195 = DEFINITIONAL_REPRESENTATION('',(#3196),#3200);
#3196 = LINE('',#3197,#3198);
#3197 = CARTESIAN_POINT('',(52.151760650701,0.));
#3198 = VECTOR('',#3199,1.);
#3199 = DIRECTION('',(0.,-1.));
#3200 = ( GEOMETRIC_REPRESENTATION_CONTEXT(2) 
PARAMETRIC_REPRESENTATION_CONTEXT() REPRESENTATION_CONTEXT('2D SPACE',''
  ) );
#3201 = PCURVE('',#1084,#3202);
#3202 = DEFINITIONAL_REPRESENTATION('',(#3203),#3207);
#3203 = LINE('',#3204,#3205);
#3204 = CARTESIAN_POINT('',(4.712388980385,0.));
#3205 = VECTOR('',#3206,1.);
#3206 = DIRECTION('',(0.,-1.));
#3207 = ( GEOMETRIC_REPRESENTATION_CONTEXT(2) 
PARAMETRIC_REPRESENTATION_CONTEXT() REPRESENTATION_CONTEXT('2D SPACE',''
  ) );
#3208 = ADVANCED_FACE('',(#3209),#861,.T.);
#3209 = FACE_BOUND('',#3210,.T.);
#3210 = EDGE_LOOP('',(#3211,#3234,#3255,#3256));
#3211 = ORIENTED_EDGE('',*,*,#3212,.F.);
#3212 = EDGE_CURVE('',#3213,#3114,#3215,.T.);
#3213 = VERTEX_POINT('',#3214);
#3214 = CARTESIAN_POINT('',(40.375880325351,76.,22.5));
#3215 = SURFACE_CURVE('',#3216,(#3220,#3227),.PCURVE_S1.);
#3216 = LINE('',#3217,#3218);
#3217 = CARTESIAN_POINT('',(98.5,76.,22.5));
#3218 = VECTOR('',#3219,1.);
#3219 = DIRECTION('',(-1.,0.,0.));
#3220 = PCURVE('',#861,#3221);
#3221 = DEFINITIONAL_REPRESENTATION('',(#3222),#3226);
#3222 = LINE('',#3223,#3224);
#3223 = CARTESIAN_POINT('',(-58.12411967464,-0.));
#3224 = VECTOR('',#3225,1.);
#3225 = DIRECTION('',(1.,0.));
#3226 = ( GEOMETRIC_REPRESENTATION_CONTEXT(2) 
PARAMETRIC_REPRESENTATION_CONTEXT() REPRESENTATION_CONTEXT('2D SPACE',''
  ) );
#3227 = PCURVE('',#2387,#3228);
#3228 = DEFINITIONAL_REPRESENTATION('',(#3229),#3233);
#3229 = LINE('',#3230,#3231);
#3230 = CARTESIAN_POINT('',(-49.25,39.55));
#3231 = VECTOR('',#3232,1.);
#3232 = DIRECTION('',(1.,0.));
#3233 = ( GEOMETRIC_REPRESENTATION_CONTEXT(2) 
PARAMETRIC_REPRESENTATION_CONTEXT() REPRESENTATION_CONTEXT('2D SPACE',''
  ) );
#3234 = ORIENTED_EDGE('',*,*,#3235,.T.);
#3235 = EDGE_CURVE('',#3213,#847,#3236,.T.);
#3236 = SURFACE_CURVE('',#3237,(#3241,#3248),.PCURVE_S1.);
#3237 = LINE('',#3238,#3239);
#3238 = CARTESIAN_POINT('',(40.375880325351,76.,22.5));
#3239 = VECTOR('',#3240,1.);
#3240 = DIRECTION('',(0.,0.,1.));
#3241 = PCURVE('',#861,#3242);
#3242 = DEFINITIONAL_REPRESENTATION('',(#3243),#3247);
#3243 = LINE('',#3244,#3245);
#3244 = CARTESIAN_POINT('',(0.,-0.));
#3245 = VECTOR('',#3246,1.);
#3246 = DIRECTION('',(0.,-1.));
#3247 = ( GEOMETRIC_REPRESENTATION_CONTEXT(2) 
PARAMETRIC_REPRESENTATION_CONTEXT() REPRESENTATION_CONTEXT('2D SPACE',''
  ) );
#3248 = PCURVE('',#893,#3249);
#3249 = DEFINITIONAL_REPRESENTATION('',(#3250),#3254);
#3250 = LINE('',#3251,#3252);
#3251 = CARTESIAN_POINT('',(3.14159265359,0.));
#3252 = VECTOR('',#3253,1.);
#3253 = DIRECTION('',(0.,-1.));
#3254 = ( GEOMETRIC_REPRESENTATION_CONTEXT(2) 
PARAMETRIC_REPRESENTATION_CONTEXT() REPRESENTATION_CONTEXT('2D SPACE',''
  ) );
#3255 = ORIENTED_EDGE('',*,*,#846,.F.);
#3256 = ORIENTED_EDGE('',*,*,#3139,.F.);
#3257 = ADVANCED_FACE('',(#3258),#1084,.F.);
#3258 = FACE_BOUND('',#3259,.F.);
#3259 = EDGE_LOOP('',(#3260,#3284,#3305,#3306));
#3260 = ORIENTED_EDGE('',*,*,#3261,.F.);
#3261 = EDGE_CURVE('',#3262,#3164,#3264,.T.);
#3262 = VERTEX_POINT('',#3263);
#3263 = CARTESIAN_POINT('',(96.516666666667,68.540561438169,22.5));
#3264 = SURFACE_CURVE('',#3265,(#3270,#3277),.PCURVE_S1.);
#3265 = CIRCLE('',#3266,6.1);
#3266 = AXIS2_PLACEMENT_3D('',#3267,#3268,#3269);
#3267 = CARTESIAN_POINT('',(95.5,62.525880325351,22.5));
#3268 = DIRECTION('',(-0.,0.,-1.));
#3269 = DIRECTION('',(-0.,-1.,0.));
#3270 = PCURVE('',#1084,#3271);
#3271 = DEFINITIONAL_REPRESENTATION('',(#3272),#3276);
#3272 = LINE('',#3273,#3274);
#3273 = CARTESIAN_POINT('',(0.,0.));
#3274 = VECTOR('',#3275,1.);
#3275 = DIRECTION('',(1.,0.));
#3276 = ( GEOMETRIC_REPRESENTATION_CONTEXT(2) 
PARAMETRIC_REPRESENTATION_CONTEXT() REPRESENTATION_CONTEXT('2D SPACE',''
  ) );
#3277 = PCURVE('',#2387,#3278);
#3278 = DEFINITIONAL_REPRESENTATION('',(#3279),#3283);
#3279 = CIRCLE('',#3280,6.1);
#3280 = AXIS2_PLACEMENT_2D('',#3281,#3282);
#3281 = CARTESIAN_POINT('',(-46.25,26.075880325351));
#3282 = DIRECTION('',(0.,-1.));
#3283 = ( GEOMETRIC_REPRESENTATION_CONTEXT(2) 
PARAMETRIC_REPRESENTATION_CONTEXT() REPRESENTATION_CONTEXT('2D SPACE',''
  ) );
#3284 = ORIENTED_EDGE('',*,*,#3285,.T.);
#3285 = EDGE_CURVE('',#3262,#1031,#3286,.T.);
#3286 = SURFACE_CURVE('',#3287,(#3291,#3298),.PCURVE_S1.);
#3287 = LINE('',#3288,#3289);
#3288 = CARTESIAN_POINT('',(96.516666666667,68.540561438169,22.5));
#3289 = VECTOR('',#3290,1.);
#3290 = DIRECTION('',(0.,0.,1.));
#3291 = PCURVE('',#1084,#3292);
#3292 = DEFINITIONAL_REPRESENTATION('',(#3293),#3297);
#3293 = LINE('',#3294,#3295);
#3294 = CARTESIAN_POINT('',(3.309040732809,0.));
#3295 = VECTOR('',#3296,1.);
#3296 = DIRECTION('',(0.,-1.));
#3297 = ( GEOMETRIC_REPRESENTATION_CONTEXT(2) 
PARAMETRIC_REPRESENTATION_CONTEXT() REPRESENTATION_CONTEXT('2D SPACE',''
  ) );
#3298 = PCURVE('',#1051,#3299);
#3299 = DEFINITIONAL_REPRESENTATION('',(#3300),#3304);
#3300 = LINE('',#3301,#3302);
#3301 = CARTESIAN_POINT('',(-4.544940901165,0.));
#3302 = VECTOR('',#3303,1.);
#3303 = DIRECTION('',(-0.,-1.));
#3304 = ( GEOMETRIC_REPRESENTATION_CONTEXT(2) 
PARAMETRIC_REPRESENTATION_CONTEXT() REPRESENTATION_CONTEXT('2D SPACE',''
  ) );
#3305 = ORIENTED_EDGE('',*,*,#1063,.T.);
#3306 = ORIENTED_EDGE('',*,*,#3188,.F.);
#3307 = ADVANCED_FACE('',(#3308),#893,.F.);
#3308 = FACE_BOUND('',#3309,.F.);
#3309 = EDGE_LOOP('',(#3310,#3334,#3335,#3336));
#3310 = ORIENTED_EDGE('',*,*,#3311,.F.);
#3311 = EDGE_CURVE('',#3213,#3312,#3314,.T.);
#3312 = VERTEX_POINT('',#3313);
#3313 = CARTESIAN_POINT('',(46.390561438169,70.916666666667,22.5));
#3314 = SURFACE_CURVE('',#3315,(#3320,#3327),.PCURVE_S1.);
#3315 = CIRCLE('',#3316,6.1);
#3316 = AXIS2_PLACEMENT_3D('',#3317,#3318,#3319);
#3317 = CARTESIAN_POINT('',(40.375880325351,69.9,22.5));
#3318 = DIRECTION('',(-0.,0.,-1.));
#3319 = DIRECTION('',(-0.,-1.,0.));
#3320 = PCURVE('',#893,#3321);
#3321 = DEFINITIONAL_REPRESENTATION('',(#3322),#3326);
#3322 = LINE('',#3323,#3324);
#3323 = CARTESIAN_POINT('',(0.,0.));
#3324 = VECTOR('',#3325,1.);
#3325 = DIRECTION('',(1.,0.));
#3326 = ( GEOMETRIC_REPRESENTATION_CONTEXT(2) 
PARAMETRIC_REPRESENTATION_CONTEXT() REPRESENTATION_CONTEXT('2D SPACE',''
  ) );
#3327 = PCURVE('',#2387,#3328);
#3328 = DEFINITIONAL_REPRESENTATION('',(#3329),#3333);
#3329 = CIRCLE('',#3330,6.1);
#3330 = AXIS2_PLACEMENT_2D('',#3331,#3332);
#3331 = CARTESIAN_POINT('',(8.874119674649,33.45));
#3332 = DIRECTION('',(0.,-1.));
#3333 = ( GEOMETRIC_REPRESENTATION_CONTEXT(2) 
PARAMETRIC_REPRESENTATION_CONTEXT() REPRESENTATION_CONTEXT('2D SPACE',''
  ) );
#3334 = ORIENTED_EDGE('',*,*,#3235,.T.);
#3335 = ORIENTED_EDGE('',*,*,#872,.T.);
#3336 = ORIENTED_EDGE('',*,*,#3337,.F.);
#3337 = EDGE_CURVE('',#3312,#873,#3338,.T.);
#3338 = SURFACE_CURVE('',#3339,(#3343,#3350),.PCURVE_S1.);
#3339 = LINE('',#3340,#3341);
#3340 = CARTESIAN_POINT('',(46.390561438169,70.916666666667,22.5));
#3341 = VECTOR('',#3342,1.);
#3342 = DIRECTION('',(0.,0.,1.));
#3343 = PCURVE('',#893,#3344);
#3344 = DEFINITIONAL_REPRESENTATION('',(#3345),#3349);
#3345 = LINE('',#3346,#3347);
#3346 = CARTESIAN_POINT('',(4.544940901165,0.));
#3347 = VECTOR('',#3348,1.);
#3348 = DIRECTION('',(0.,-1.));
#3349 = ( GEOMETRIC_REPRESENTATION_CONTEXT(2) 
PARAMETRIC_REPRESENTATION_CONTEXT() REPRESENTATION_CONTEXT('2D SPACE',''
  ) );
#3350 = PCURVE('',#926,#3351);
#3351 = DEFINITIONAL_REPRESENTATION('',(#3352),#3356);
#3352 = LINE('',#3353,#3354);
#3353 = CARTESIAN_POINT('',(-6.703313641541,0.));
#3354 = VECTOR('',#3355,1.);
#3355 = DIRECTION('',(-0.,-1.));
#3356 = ( GEOMETRIC_REPRESENTATION_CONTEXT(2) 
PARAMETRIC_REPRESENTATION_CONTEXT() REPRESENTATION_CONTEXT('2D SPACE',''
  ) );
#3357 = ADVANCED_FACE('',(#3358),#1051,.T.);
#3358 = FACE_BOUND('',#3359,.F.);
#3359 = EDGE_LOOP('',(#3360,#3388,#3409,#3410));
#3360 = ORIENTED_EDGE('',*,*,#3361,.F.);
#3361 = EDGE_CURVE('',#3362,#3262,#3364,.T.);
#3362 = VERTEX_POINT('',#3363);
#3363 = CARTESIAN_POINT('',(94.140561438169,70.916666666667,22.5));
#3364 = SURFACE_CURVE('',#3365,(#3370,#3377),.PCURVE_S1.);
#3365 = CIRCLE('',#3366,2.9);
#3366 = AXIS2_PLACEMENT_3D('',#3367,#3368,#3369);
#3367 = CARTESIAN_POINT('',(97.,71.4,22.5));
#3368 = DIRECTION('',(0.,-0.,1.));
#3369 = DIRECTION('',(1.,0.,0.));
#3370 = PCURVE('',#1051,#3371);
#3371 = DEFINITIONAL_REPRESENTATION('',(#3372),#3376);
#3372 = LINE('',#3373,#3374);
#3373 = CARTESIAN_POINT('',(-0.,0.));
#3374 = VECTOR('',#3375,1.);
#3375 = DIRECTION('',(-1.,0.));
#3376 = ( GEOMETRIC_REPRESENTATION_CONTEXT(2) 
PARAMETRIC_REPRESENTATION_CONTEXT() REPRESENTATION_CONTEXT('2D SPACE',''
  ) );
#3377 = PCURVE('',#2387,#3378);
#3378 = DEFINITIONAL_REPRESENTATION('',(#3379),#3387);
#3379 = ( BOUNDED_CURVE() B_SPLINE_CURVE(2,(#3380,#3381,#3382,#3383,
#3384,#3385,#3386),.UNSPECIFIED.,.T.,.F.) B_SPLINE_CURVE_WITH_KNOTS((1,2
    ,2,2,2,1),(-2.094395102393,0.,2.094395102393,4.188790204786,
6.28318530718,8.377580409573),.UNSPECIFIED.) CURVE() 
GEOMETRIC_REPRESENTATION_ITEM() RATIONAL_B_SPLINE_CURVE((1.,0.5,1.,0.5,
1.,0.5,1.)) REPRESENTATION_ITEM('') );
#3380 = CARTESIAN_POINT('',(-50.65,34.95));
#3381 = CARTESIAN_POINT('',(-50.65,39.97294734195));
#3382 = CARTESIAN_POINT('',(-46.3,37.461473670975));
#3383 = CARTESIAN_POINT('',(-41.95,34.95));
#3384 = CARTESIAN_POINT('',(-46.3,32.438526329025));
#3385 = CARTESIAN_POINT('',(-50.65,29.92705265805));
#3386 = CARTESIAN_POINT('',(-50.65,34.95));
#3387 = ( GEOMETRIC_REPRESENTATION_CONTEXT(2) 
PARAMETRIC_REPRESENTATION_CONTEXT() REPRESENTATION_CONTEXT('2D SPACE',''
  ) );
#3388 = ORIENTED_EDGE('',*,*,#3389,.T.);
#3389 = EDGE_CURVE('',#3362,#998,#3390,.T.);
#3390 = SURFACE_CURVE('',#3391,(#3395,#3402),.PCURVE_S1.);
#3391 = LINE('',#3392,#3393);
#3392 = CARTESIAN_POINT('',(94.140561438169,70.916666666667,22.5));
#3393 = VECTOR('',#3394,1.);
#3394 = DIRECTION('',(0.,0.,1.));
#3395 = PCURVE('',#1051,#3396);
#3396 = DEFINITIONAL_REPRESENTATION('',(#3397),#3401);
#3397 = LINE('',#3398,#3399);
#3398 = CARTESIAN_POINT('',(-3.309040732809,0.));
#3399 = VECTOR('',#3400,1.);
#3400 = DIRECTION('',(-0.,-1.));
#3401 = ( GEOMETRIC_REPRESENTATION_CONTEXT(2) 
PARAMETRIC_REPRESENTATION_CONTEXT() REPRESENTATION_CONTEXT('2D SPACE',''
  ) );
#3402 = PCURVE('',#1018,#3403);
#3403 = DEFINITIONAL_REPRESENTATION('',(#3404),#3408);
#3404 = LINE('',#3405,#3406);
#3405 = CARTESIAN_POINT('',(4.544940901165,0.));
#3406 = VECTOR('',#3407,1.);
#3407 = DIRECTION('',(0.,-1.));
#3408 = ( GEOMETRIC_REPRESENTATION_CONTEXT(2) 
PARAMETRIC_REPRESENTATION_CONTEXT() REPRESENTATION_CONTEXT('2D SPACE',''
  ) );
#3409 = ORIENTED_EDGE('',*,*,#1030,.F.);
#3410 = ORIENTED_EDGE('',*,*,#3285,.F.);
#3411 = ADVANCED_FACE('',(#3412),#926,.T.);
#3412 = FACE_BOUND('',#3413,.F.);
#3413 = EDGE_LOOP('',(#3414,#3442,#3443,#3444));
#3414 = ORIENTED_EDGE('',*,*,#3415,.F.);
#3415 = EDGE_CURVE('',#3312,#3416,#3418,.T.);
#3416 = VERTEX_POINT('',#3417);
#3417 = CARTESIAN_POINT('',(52.109438561831,70.916666666667,22.5));
#3418 = SURFACE_CURVE('',#3419,(#3424,#3431),.PCURVE_S1.);
#3419 = CIRCLE('',#3420,2.9);
#3420 = AXIS2_PLACEMENT_3D('',#3421,#3422,#3423);
#3421 = CARTESIAN_POINT('',(49.25,71.4,22.5));
#3422 = DIRECTION('',(0.,0.,1.));
#3423 = DIRECTION('',(-0.968245836552,0.25,0.));
#3424 = PCURVE('',#926,#3425);
#3425 = DEFINITIONAL_REPRESENTATION('',(#3426),#3430);
#3426 = LINE('',#3427,#3428);
#3427 = CARTESIAN_POINT('',(-0.,0.));
#3428 = VECTOR('',#3429,1.);
#3429 = DIRECTION('',(-1.,0.));
#3430 = ( GEOMETRIC_REPRESENTATION_CONTEXT(2) 
PARAMETRIC_REPRESENTATION_CONTEXT() REPRESENTATION_CONTEXT('2D SPACE',''
  ) );
#3431 = PCURVE('',#2387,#3432);
#3432 = DEFINITIONAL_REPRESENTATION('',(#3433),#3441);
#3433 = ( BOUNDED_CURVE() B_SPLINE_CURVE(2,(#3434,#3435,#3436,#3437,
#3438,#3439,#3440),.UNSPECIFIED.,.T.,.F.) B_SPLINE_CURVE_WITH_KNOTS((1,2
    ,2,2,2,1),(-2.094395102393,0.,2.094395102393,4.188790204786,
6.28318530718,8.377580409573),.UNSPECIFIED.) CURVE() 
GEOMETRIC_REPRESENTATION_ITEM() RATIONAL_B_SPLINE_CURVE((1.,0.5,1.,0.5,
1.,0.5,1.)) REPRESENTATION_ITEM('') );
#3434 = CARTESIAN_POINT('',(2.807912926,35.675));
#3435 = CARTESIAN_POINT('',(4.063649761488,30.811552148938));
#3436 = CARTESIAN_POINT('',(-0.776088045257,32.155776074469));
#3437 = CARTESIAN_POINT('',(-5.615825852001,33.5));
#3438 = CARTESIAN_POINT('',(-2.031824880744,37.019223925531));
#3439 = CARTESIAN_POINT('',(1.552176090513,40.538447851062));
#3440 = CARTESIAN_POINT('',(2.807912926,35.675));
#3441 = ( GEOMETRIC_REPRESENTATION_CONTEXT(2) 
PARAMETRIC_REPRESENTATION_CONTEXT() REPRESENTATION_CONTEXT('2D SPACE',''
  ) );
#3442 = ORIENTED_EDGE('',*,*,#3337,.T.);
#3443 = ORIENTED_EDGE('',*,*,#905,.F.);
#3444 = ORIENTED_EDGE('',*,*,#3445,.F.);
#3445 = EDGE_CURVE('',#3416,#906,#3446,.T.);
#3446 = SURFACE_CURVE('',#3447,(#3451,#3458),.PCURVE_S1.);
#3447 = LINE('',#3448,#3449);
#3448 = CARTESIAN_POINT('',(52.109438561831,70.916666666667,22.5));
#3449 = VECTOR('',#3450,1.);
#3450 = DIRECTION('',(0.,0.,1.));
#3451 = PCURVE('',#926,#3452);
#3452 = DEFINITIONAL_REPRESENTATION('',(#3453),#3457);
#3453 = LINE('',#3454,#3455);
#3454 = CARTESIAN_POINT('',(-9.510010136692,0.));
#3455 = VECTOR('',#3456,1.);
#3456 = DIRECTION('',(-0.,-1.));
#3457 = ( GEOMETRIC_REPRESENTATION_CONTEXT(2) 
PARAMETRIC_REPRESENTATION_CONTEXT() REPRESENTATION_CONTEXT('2D SPACE',''
  ) );
#3458 = PCURVE('',#959,#3459);
#3459 = DEFINITIONAL_REPRESENTATION('',(#3460),#3464);
#3460 = LINE('',#3461,#3462);
#3461 = CARTESIAN_POINT('',(1.738244406015,0.));
#3462 = VECTOR('',#3463,1.);
#3463 = DIRECTION('',(0.,-1.));
#3464 = ( GEOMETRIC_REPRESENTATION_CONTEXT(2) 
PARAMETRIC_REPRESENTATION_CONTEXT() REPRESENTATION_CONTEXT('2D SPACE',''
  ) );
#3465 = ADVANCED_FACE('',(#3466),#1018,.F.);
#3466 = FACE_BOUND('',#3467,.F.);
#3467 = EDGE_LOOP('',(#3468,#3492,#3513,#3514));
#3468 = ORIENTED_EDGE('',*,*,#3469,.F.);
#3469 = EDGE_CURVE('',#3470,#3362,#3472,.T.);
#3470 = VERTEX_POINT('',#3471);
#3471 = CARTESIAN_POINT('',(88.125880325351,76.,22.5));
#3472 = SURFACE_CURVE('',#3473,(#3478,#3485),.PCURVE_S1.);
#3473 = CIRCLE('',#3474,6.1);
#3474 = AXIS2_PLACEMENT_3D('',#3475,#3476,#3477);
#3475 = CARTESIAN_POINT('',(88.125880325351,69.9,22.5));
#3476 = DIRECTION('',(-0.,0.,-1.));
#3477 = DIRECTION('',(-0.,-1.,0.));
#3478 = PCURVE('',#1018,#3479);
#3479 = DEFINITIONAL_REPRESENTATION('',(#3480),#3484);
#3480 = LINE('',#3481,#3482);
#3481 = CARTESIAN_POINT('',(0.,0.));
#3482 = VECTOR('',#3483,1.);
#3483 = DIRECTION('',(1.,0.));
#3484 = ( GEOMETRIC_REPRESENTATION_CONTEXT(2) 
PARAMETRIC_REPRESENTATION_CONTEXT() REPRESENTATION_CONTEXT('2D SPACE',''
  ) );
#3485 = PCURVE('',#2387,#3486);
#3486 = DEFINITIONAL_REPRESENTATION('',(#3487),#3491);
#3487 = CIRCLE('',#3488,6.1);
#3488 = AXIS2_PLACEMENT_2D('',#3489,#3490);
#3489 = CARTESIAN_POINT('',(-38.87588032535,33.45));
#3490 = DIRECTION('',(0.,-1.));
#3491 = ( GEOMETRIC_REPRESENTATION_CONTEXT(2) 
PARAMETRIC_REPRESENTATION_CONTEXT() REPRESENTATION_CONTEXT('2D SPACE',''
  ) );
#3492 = ORIENTED_EDGE('',*,*,#3493,.T.);
#3493 = EDGE_CURVE('',#3470,#972,#3494,.T.);
#3494 = SURFACE_CURVE('',#3495,(#3499,#3506),.PCURVE_S1.);
#3495 = LINE('',#3496,#3497);
#3496 = CARTESIAN_POINT('',(88.125880325351,76.,22.5));
#3497 = VECTOR('',#3498,1.);
#3498 = DIRECTION('',(0.,0.,1.));
#3499 = PCURVE('',#1018,#3500);
#3500 = DEFINITIONAL_REPRESENTATION('',(#3501),#3505);
#3501 = LINE('',#3502,#3503);
#3502 = CARTESIAN_POINT('',(3.14159265359,0.));
#3503 = VECTOR('',#3504,1.);
#3504 = DIRECTION('',(0.,-1.));
#3505 = ( GEOMETRIC_REPRESENTATION_CONTEXT(2) 
PARAMETRIC_REPRESENTATION_CONTEXT() REPRESENTATION_CONTEXT('2D SPACE',''
  ) );
#3506 = PCURVE('',#986,#3507);
#3507 = DEFINITIONAL_REPRESENTATION('',(#3508),#3512);
#3508 = LINE('',#3509,#3510);
#3509 = CARTESIAN_POINT('',(0.,-0.));
#3510 = VECTOR('',#3511,1.);
#3511 = DIRECTION('',(0.,-1.));
#3512 = ( GEOMETRIC_REPRESENTATION_CONTEXT(2) 
PARAMETRIC_REPRESENTATION_CONTEXT() REPRESENTATION_CONTEXT('2D SPACE',''
  ) );
#3513 = ORIENTED_EDGE('',*,*,#997,.T.);
#3514 = ORIENTED_EDGE('',*,*,#3389,.F.);
#3515 = ADVANCED_FACE('',(#3516),#959,.F.);
#3516 = FACE_BOUND('',#3517,.F.);
#3517 = EDGE_LOOP('',(#3518,#3542,#3543,#3544));
#3518 = ORIENTED_EDGE('',*,*,#3519,.F.);
#3519 = EDGE_CURVE('',#3416,#3520,#3522,.T.);
#3520 = VERTEX_POINT('',#3521);
#3521 = CARTESIAN_POINT('',(58.124119674649,76.,22.5));
#3522 = SURFACE_CURVE('',#3523,(#3528,#3535),.PCURVE_S1.);
#3523 = CIRCLE('',#3524,6.1);
#3524 = AXIS2_PLACEMENT_3D('',#3525,#3526,#3527);
#3525 = CARTESIAN_POINT('',(58.124119674649,69.9,22.5));
#3526 = DIRECTION('',(-0.,0.,-1.));
#3527 = DIRECTION('',(-0.,-1.,0.));
#3528 = PCURVE('',#959,#3529);
#3529 = DEFINITIONAL_REPRESENTATION('',(#3530),#3534);
#3530 = LINE('',#3531,#3532);
#3531 = CARTESIAN_POINT('',(0.,0.));
#3532 = VECTOR('',#3533,1.);
#3533 = DIRECTION('',(1.,0.));
#3534 = ( GEOMETRIC_REPRESENTATION_CONTEXT(2) 
PARAMETRIC_REPRESENTATION_CONTEXT() REPRESENTATION_CONTEXT('2D SPACE',''
  ) );
#3535 = PCURVE('',#2387,#3536);
#3536 = DEFINITIONAL_REPRESENTATION('',(#3537),#3541);
#3537 = CIRCLE('',#3538,6.1);
#3538 = AXIS2_PLACEMENT_2D('',#3539,#3540);
#3539 = CARTESIAN_POINT('',(-8.874119674649,33.45));
#3540 = DIRECTION('',(0.,-1.));
#3541 = ( GEOMETRIC_REPRESENTATION_CONTEXT(2) 
PARAMETRIC_REPRESENTATION_CONTEXT() REPRESENTATION_CONTEXT('2D SPACE',''
  ) );
#3542 = ORIENTED_EDGE('',*,*,#3445,.T.);
#3543 = ORIENTED_EDGE('',*,*,#938,.T.);
#3544 = ORIENTED_EDGE('',*,*,#3545,.F.);
#3545 = EDGE_CURVE('',#3520,#939,#3546,.T.);
#3546 = SURFACE_CURVE('',#3547,(#3551,#3558),.PCURVE_S1.);
#3547 = LINE('',#3548,#3549);
#3548 = CARTESIAN_POINT('',(58.124119674649,76.,22.5));
#3549 = VECTOR('',#3550,1.);
#3550 = DIRECTION('',(0.,0.,1.));
#3551 = PCURVE('',#959,#3552);
#3552 = DEFINITIONAL_REPRESENTATION('',(#3553),#3557);
#3553 = LINE('',#3554,#3555);
#3554 = CARTESIAN_POINT('',(3.14159265359,0.));
#3555 = VECTOR('',#3556,1.);
#3556 = DIRECTION('',(0.,-1.));
#3557 = ( GEOMETRIC_REPRESENTATION_CONTEXT(2) 
PARAMETRIC_REPRESENTATION_CONTEXT() REPRESENTATION_CONTEXT('2D SPACE',''
  ) );
#3558 = PCURVE('',#986,#3559);
#3559 = DEFINITIONAL_REPRESENTATION('',(#3560),#3564);
#3560 = LINE('',#3561,#3562);
#3561 = CARTESIAN_POINT('',(30.001760650701,0.));
#3562 = VECTOR('',#3563,1.);
#3563 = DIRECTION('',(0.,-1.));
#3564 = ( GEOMETRIC_REPRESENTATION_CONTEXT(2) 
PARAMETRIC_REPRESENTATION_CONTEXT() REPRESENTATION_CONTEXT('2D SPACE',''
  ) );
#3565 = ADVANCED_FACE('',(#3566),#986,.T.);
#3566 = FACE_BOUND('',#3567,.T.);
#3567 = EDGE_LOOP('',(#3568,#3589,#3590,#3591));
#3568 = ORIENTED_EDGE('',*,*,#3569,.F.);
#3569 = EDGE_CURVE('',#3470,#3520,#3570,.T.);
#3570 = SURFACE_CURVE('',#3571,(#3575,#3582),.PCURVE_S1.);
#3571 = LINE('',#3572,#3573);
#3572 = CARTESIAN_POINT('',(98.5,76.,22.5));
#3573 = VECTOR('',#3574,1.);
#3574 = DIRECTION('',(-1.,0.,0.));
#3575 = PCURVE('',#986,#3576);
#3576 = DEFINITIONAL_REPRESENTATION('',(#3577),#3581);
#3577 = LINE('',#3578,#3579);
#3578 = CARTESIAN_POINT('',(-10.37411967464,-0.));
#3579 = VECTOR('',#3580,1.);
#3580 = DIRECTION('',(1.,0.));
#3581 = ( GEOMETRIC_REPRESENTATION_CONTEXT(2) 
PARAMETRIC_REPRESENTATION_CONTEXT() REPRESENTATION_CONTEXT('2D SPACE',''
  ) );
#3582 = PCURVE('',#2387,#3583);
#3583 = DEFINITIONAL_REPRESENTATION('',(#3584),#3588);
#3584 = LINE('',#3585,#3586);
#3585 = CARTESIAN_POINT('',(-49.25,39.55));
#3586 = VECTOR('',#3587,1.);
#3587 = DIRECTION('',(1.,0.));
#3588 = ( GEOMETRIC_REPRESENTATION_CONTEXT(2) 
PARAMETRIC_REPRESENTATION_CONTEXT() REPRESENTATION_CONTEXT('2D SPACE',''
  ) );
#3589 = ORIENTED_EDGE('',*,*,#3493,.T.);
#3590 = ORIENTED_EDGE('',*,*,#971,.F.);
#3591 = ORIENTED_EDGE('',*,*,#3545,.F.);
#3592 = ADVANCED_FACE('',(#3593),#1363,.F.);
#3593 = FACE_BOUND('',#3594,.F.);
#3594 = EDGE_LOOP('',(#3595,#3596,#3619,#3646));
#3595 = ORIENTED_EDGE('',*,*,#1346,.F.);
#3596 = ORIENTED_EDGE('',*,*,#3597,.F.);
#3597 = EDGE_CURVE('',#3598,#1347,#3600,.T.);
#3598 = VERTEX_POINT('',#3599);
#3599 = CARTESIAN_POINT('',(50.5,71.4,10.));
#3600 = SEAM_CURVE('',#3601,(#3605,#3612),.PCURVE_S1.);
#3601 = LINE('',#3602,#3603);
#3602 = CARTESIAN_POINT('',(50.5,71.4,10.));
#3603 = VECTOR('',#3604,1.);
#3604 = DIRECTION('',(0.,0.,1.));
#3605 = PCURVE('',#1363,#3606);
#3606 = DEFINITIONAL_REPRESENTATION('',(#3607),#3611);
#3607 = LINE('',#3608,#3609);
#3608 = CARTESIAN_POINT('',(6.28318530718,-0.));
#3609 = VECTOR('',#3610,1.);
#3610 = DIRECTION('',(0.,1.));
#3611 = ( GEOMETRIC_REPRESENTATION_CONTEXT(2) 
PARAMETRIC_REPRESENTATION_CONTEXT() REPRESENTATION_CONTEXT('2D SPACE',''
  ) );
#3612 = PCURVE('',#1363,#3613);
#3613 = DEFINITIONAL_REPRESENTATION('',(#3614),#3618);
#3614 = LINE('',#3615,#3616);
#3615 = CARTESIAN_POINT('',(0.,-0.));
#3616 = VECTOR('',#3617,1.);
#3617 = DIRECTION('',(0.,1.));
#3618 = ( GEOMETRIC_REPRESENTATION_CONTEXT(2) 
PARAMETRIC_REPRESENTATION_CONTEXT() REPRESENTATION_CONTEXT('2D SPACE',''
  ) );
#3619 = ORIENTED_EDGE('',*,*,#3620,.T.);
#3620 = EDGE_CURVE('',#3598,#3598,#3621,.T.);
#3621 = SURFACE_CURVE('',#3622,(#3627,#3634),.PCURVE_S1.);
#3622 = CIRCLE('',#3623,1.25);
#3623 = AXIS2_PLACEMENT_3D('',#3624,#3625,#3626);
#3624 = CARTESIAN_POINT('',(49.25,71.4,10.));
#3625 = DIRECTION('',(0.,0.,1.));
#3626 = DIRECTION('',(1.,0.,-0.));
#3627 = PCURVE('',#1363,#3628);
#3628 = DEFINITIONAL_REPRESENTATION('',(#3629),#3633);
#3629 = LINE('',#3630,#3631);
#3630 = CARTESIAN_POINT('',(0.,0.));
#3631 = VECTOR('',#3632,1.);
#3632 = DIRECTION('',(1.,0.));
#3633 = ( GEOMETRIC_REPRESENTATION_CONTEXT(2) 
PARAMETRIC_REPRESENTATION_CONTEXT() REPRESENTATION_CONTEXT('2D SPACE',''
  ) );
#3634 = PCURVE('',#3635,#3640);
#3635 = PLANE('',#3636);
#3636 = AXIS2_PLACEMENT_3D('',#3637,#3638,#3639);
#3637 = CARTESIAN_POINT('',(49.25,71.4,10.));
#3638 = DIRECTION('',(0.,0.,1.));
#3639 = DIRECTION('',(1.,0.,-0.));
#3640 = DEFINITIONAL_REPRESENTATION('',(#3641),#3645);
#3641 = CIRCLE('',#3642,1.25);
#3642 = AXIS2_PLACEMENT_2D('',#3643,#3644);
#3643 = CARTESIAN_POINT('',(0.,0.));
#3644 = DIRECTION('',(1.,0.));
#3645 = ( GEOMETRIC_REPRESENTATION_CONTEXT(2) 
PARAMETRIC_REPRESENTATION_CONTEXT() REPRESENTATION_CONTEXT('2D SPACE',''
  ) );
#3646 = ORIENTED_EDGE('',*,*,#3597,.T.);
#3647 = ADVANCED_FACE('',(#3648),#1394,.F.);
#3648 = FACE_BOUND('',#3649,.F.);
#3649 = EDGE_LOOP('',(#3650,#3651,#3674,#3701));
#3650 = ORIENTED_EDGE('',*,*,#1377,.F.);
#3651 = ORIENTED_EDGE('',*,*,#3652,.F.);
#3652 = EDGE_CURVE('',#3653,#1378,#3655,.T.);
#3653 = VERTEX_POINT('',#3654);
#3654 = CARTESIAN_POINT('',(98.25,71.4,10.));
#3655 = SEAM_CURVE('',#3656,(#3660,#3667),.PCURVE_S1.);
#3656 = LINE('',#3657,#3658);
#3657 = CARTESIAN_POINT('',(98.25,71.4,10.));
#3658 = VECTOR('',#3659,1.);
#3659 = DIRECTION('',(0.,0.,1.));
#3660 = PCURVE('',#1394,#3661);
#3661 = DEFINITIONAL_REPRESENTATION('',(#3662),#3666);
#3662 = LINE('',#3663,#3664);
#3663 = CARTESIAN_POINT('',(6.28318530718,-0.));
#3664 = VECTOR('',#3665,1.);
#3665 = DIRECTION('',(0.,1.));
#3666 = ( GEOMETRIC_REPRESENTATION_CONTEXT(2) 
PARAMETRIC_REPRESENTATION_CONTEXT() REPRESENTATION_CONTEXT('2D SPACE',''
  ) );
#3667 = PCURVE('',#1394,#3668);
#3668 = DEFINITIONAL_REPRESENTATION('',(#3669),#3673);
#3669 = LINE('',#3670,#3671);
#3670 = CARTESIAN_POINT('',(0.,-0.));
#3671 = VECTOR('',#3672,1.);
#3672 = DIRECTION('',(0.,1.));
#3673 = ( GEOMETRIC_REPRESENTATION_CONTEXT(2) 
PARAMETRIC_REPRESENTATION_CONTEXT() REPRESENTATION_CONTEXT('2D SPACE',''
  ) );
#3674 = ORIENTED_EDGE('',*,*,#3675,.T.);
#3675 = EDGE_CURVE('',#3653,#3653,#3676,.T.);
#3676 = SURFACE_CURVE('',#3677,(#3682,#3689),.PCURVE_S1.);
#3677 = CIRCLE('',#3678,1.25);
#3678 = AXIS2_PLACEMENT_3D('',#3679,#3680,#3681);
#3679 = CARTESIAN_POINT('',(97.,71.4,10.));
#3680 = DIRECTION('',(0.,0.,1.));
#3681 = DIRECTION('',(1.,0.,-0.));
#3682 = PCURVE('',#1394,#3683);
#3683 = DEFINITIONAL_REPRESENTATION('',(#3684),#3688);
#3684 = LINE('',#3685,#3686);
#3685 = CARTESIAN_POINT('',(0.,0.));
#3686 = VECTOR('',#3687,1.);
#3687 = DIRECTION('',(1.,0.));
#3688 = ( GEOMETRIC_REPRESENTATION_CONTEXT(2) 
PARAMETRIC_REPRESENTATION_CONTEXT() REPRESENTATION_CONTEXT('2D SPACE',''
  ) );
#3689 = PCURVE('',#3690,#3695);
#3690 = PLANE('',#3691);
#3691 = AXIS2_PLACEMENT_3D('',#3692,#3693,#3694);
#3692 = CARTESIAN_POINT('',(97.,71.4,10.));
#3693 = DIRECTION('',(0.,0.,1.));
#3694 = DIRECTION('',(1.,0.,-0.));
#3695 = DEFINITIONAL_REPRESENTATION('',(#3696),#3700);
#3696 = CIRCLE('',#3697,1.25);
#3697 = AXIS2_PLACEMENT_2D('',#3698,#3699);
#3698 = CARTESIAN_POINT('',(0.,0.));
#3699 = DIRECTION('',(1.,0.));
#3700 = ( GEOMETRIC_REPRESENTATION_CONTEXT(2) 
PARAMETRIC_REPRESENTATION_CONTEXT() REPRESENTATION_CONTEXT('2D SPACE',''
  ) );
#3701 = ORIENTED_EDGE('',*,*,#3652,.T.);
#3702 = ADVANCED_FACE('',(#3703),#1475,.T.);
#3703 = FACE_BOUND('',#3704,.T.);
#3704 = EDGE_LOOP('',(#3705,#3725,#3726,#3727));
#3705 = ORIENTED_EDGE('',*,*,#3706,.T.);
#3706 = EDGE_CURVE('',#1514,#1735,#3707,.T.);
#3707 = SURFACE_CURVE('',#3708,(#3713,#3719),.PCURVE_S1.);
#3708 = CIRCLE('',#3709,1.5);
#3709 = AXIS2_PLACEMENT_3D('',#3710,#3711,#3712);
#3710 = CARTESIAN_POINT('',(-2.5,69.9,-0.9));
#3711 = DIRECTION('',(6.565029142836E-17,-1.,0.));
#3712 = DIRECTION('',(-1.,-6.565029142836E-17,0.));
#3713 = PCURVE('',#1475,#3714);
#3714 = DEFINITIONAL_REPRESENTATION('',(#3715),#3718);
#3715 = B_SPLINE_CURVE_WITH_KNOTS('',1,(#3716,#3717),.UNSPECIFIED.,.F.,
  .F.,(2,2),(0.,1.570796326795),.PIECEWISE_BEZIER_KNOTS.);
#3716 = CARTESIAN_POINT('',(0.,0.));
#3717 = CARTESIAN_POINT('',(1.570796326795,0.));
#3718 = ( GEOMETRIC_REPRESENTATION_CONTEXT(2) 
PARAMETRIC_REPRESENTATION_CONTEXT() REPRESENTATION_CONTEXT('2D SPACE',''
  ) );
#3719 = PCURVE('',#1751,#3720);
#3720 = DEFINITIONAL_REPRESENTATION('',(#3721),#3724);
#3721 = B_SPLINE_CURVE_WITH_KNOTS('',1,(#3722,#3723),.UNSPECIFIED.,.F.,
  .F.,(2,2),(0.,1.570796326795),.PIECEWISE_BEZIER_KNOTS.);
#3722 = CARTESIAN_POINT('',(-1.570796326795,0.));
#3723 = CARTESIAN_POINT('',(-1.570796326795,1.570796326795));
#3724 = ( GEOMETRIC_REPRESENTATION_CONTEXT(2) 
PARAMETRIC_REPRESENTATION_CONTEXT() REPRESENTATION_CONTEXT('2D SPACE',''
  ) );
#3725 = ORIENTED_EDGE('',*,*,#1763,.T.);
#3726 = ORIENTED_EDGE('',*,*,#1459,.F.);
#3727 = ORIENTED_EDGE('',*,*,#1538,.F.);
#3728 = ADVANCED_FACE('',(#3729),#1578,.F.);
#3729 = FACE_BOUND('',#3730,.F.);
#3730 = EDGE_LOOP('',(#3731,#3760,#3781,#3782));
#3731 = ORIENTED_EDGE('',*,*,#3732,.F.);
#3732 = EDGE_CURVE('',#3733,#3733,#3735,.T.);
#3733 = VERTEX_POINT('',#3734);
#3734 = CARTESIAN_POINT('',(0.,55.15,14.1));
#3735 = SURFACE_CURVE('',#3736,(#3741,#3748),.PCURVE_S1.);
#3736 = CIRCLE('',#3737,3.1);
#3737 = AXIS2_PLACEMENT_3D('',#3738,#3739,#3740);
#3738 = CARTESIAN_POINT('',(0.,55.15,11.));
#3739 = DIRECTION('',(1.,0.,0.));
#3740 = DIRECTION('',(-0.,0.,1.));
#3741 = PCURVE('',#1578,#3742);
#3742 = DEFINITIONAL_REPRESENTATION('',(#3743),#3747);
#3743 = LINE('',#3744,#3745);
#3744 = CARTESIAN_POINT('',(0.,5.));
#3745 = VECTOR('',#3746,1.);
#3746 = DIRECTION('',(1.,0.));
#3747 = ( GEOMETRIC_REPRESENTATION_CONTEXT(2) 
PARAMETRIC_REPRESENTATION_CONTEXT() REPRESENTATION_CONTEXT('2D SPACE',''
  ) );
#3748 = PCURVE('',#3749,#3754);
#3749 = PLANE('',#3750);
#3750 = AXIS2_PLACEMENT_3D('',#3751,#3752,#3753);
#3751 = CARTESIAN_POINT('',(0.,62.525880325351,0.));
#3752 = DIRECTION('',(1.,0.,-0.));
#3753 = DIRECTION('',(0.,-1.,0.));
#3754 = DEFINITIONAL_REPRESENTATION('',(#3755),#3759);
#3755 = CIRCLE('',#3756,3.1);
#3756 = AXIS2_PLACEMENT_2D('',#3757,#3758);
#3757 = CARTESIAN_POINT('',(7.375880325351,-11.));
#3758 = DIRECTION('',(0.,-1.));
#3759 = ( GEOMETRIC_REPRESENTATION_CONTEXT(2) 
PARAMETRIC_REPRESENTATION_CONTEXT() REPRESENTATION_CONTEXT('2D SPACE',''
  ) );
#3760 = ORIENTED_EDGE('',*,*,#3761,.F.);
#3761 = EDGE_CURVE('',#1562,#3733,#3762,.T.);
#3762 = SEAM_CURVE('',#3763,(#3767,#3774),.PCURVE_S1.);
#3763 = LINE('',#3764,#3765);
#3764 = CARTESIAN_POINT('',(-5.,55.15,14.1));
#3765 = VECTOR('',#3766,1.);
#3766 = DIRECTION('',(1.,0.,0.));
#3767 = PCURVE('',#1578,#3768);
#3768 = DEFINITIONAL_REPRESENTATION('',(#3769),#3773);
#3769 = LINE('',#3770,#3771);
#3770 = CARTESIAN_POINT('',(6.28318530718,-0.));
#3771 = VECTOR('',#3772,1.);
#3772 = DIRECTION('',(0.,1.));
#3773 = ( GEOMETRIC_REPRESENTATION_CONTEXT(2) 
PARAMETRIC_REPRESENTATION_CONTEXT() REPRESENTATION_CONTEXT('2D SPACE',''
  ) );
#3774 = PCURVE('',#1578,#3775);
#3775 = DEFINITIONAL_REPRESENTATION('',(#3776),#3780);
#3776 = LINE('',#3777,#3778);
#3777 = CARTESIAN_POINT('',(0.,-0.));
#3778 = VECTOR('',#3779,1.);
#3779 = DIRECTION('',(0.,1.));
#3780 = ( GEOMETRIC_REPRESENTATION_CONTEXT(2) 
PARAMETRIC_REPRESENTATION_CONTEXT() REPRESENTATION_CONTEXT('2D SPACE',''
  ) );
#3781 = ORIENTED_EDGE('',*,*,#1561,.T.);
#3782 = ORIENTED_EDGE('',*,*,#3761,.T.);
#3783 = ADVANCED_FACE('',(#3784),#1609,.F.);
#3784 = FACE_BOUND('',#3785,.F.);
#3785 = EDGE_LOOP('',(#3786,#3810,#3831,#3832));
#3786 = ORIENTED_EDGE('',*,*,#3787,.F.);
#3787 = EDGE_CURVE('',#3788,#3788,#3790,.T.);
#3788 = VERTEX_POINT('',#3789);
#3789 = CARTESIAN_POINT('',(0.,38.,17.1));
#3790 = SURFACE_CURVE('',#3791,(#3796,#3803),.PCURVE_S1.);
#3791 = CIRCLE('',#3792,6.1);
#3792 = AXIS2_PLACEMENT_3D('',#3793,#3794,#3795);
#3793 = CARTESIAN_POINT('',(0.,38.,11.));
#3794 = DIRECTION('',(1.,0.,0.));
#3795 = DIRECTION('',(-0.,0.,1.));
#3796 = PCURVE('',#1609,#3797);
#3797 = DEFINITIONAL_REPRESENTATION('',(#3798),#3802);
#3798 = LINE('',#3799,#3800);
#3799 = CARTESIAN_POINT('',(0.,5.));
#3800 = VECTOR('',#3801,1.);
#3801 = DIRECTION('',(1.,0.));
#3802 = ( GEOMETRIC_REPRESENTATION_CONTEXT(2) 
PARAMETRIC_REPRESENTATION_CONTEXT() REPRESENTATION_CONTEXT('2D SPACE',''
  ) );
#3803 = PCURVE('',#3749,#3804);
#3804 = DEFINITIONAL_REPRESENTATION('',(#3805),#3809);
#3805 = CIRCLE('',#3806,6.1);
#3806 = AXIS2_PLACEMENT_2D('',#3807,#3808);
#3807 = CARTESIAN_POINT('',(24.525880325351,-11.));
#3808 = DIRECTION('',(0.,-1.));
#3809 = ( GEOMETRIC_REPRESENTATION_CONTEXT(2) 
PARAMETRIC_REPRESENTATION_CONTEXT() REPRESENTATION_CONTEXT('2D SPACE',''
  ) );
#3810 = ORIENTED_EDGE('',*,*,#3811,.F.);
#3811 = EDGE_CURVE('',#1593,#3788,#3812,.T.);
#3812 = SEAM_CURVE('',#3813,(#3817,#3824),.PCURVE_S1.);
#3813 = LINE('',#3814,#3815);
#3814 = CARTESIAN_POINT('',(-5.,38.,17.1));
#3815 = VECTOR('',#3816,1.);
#3816 = DIRECTION('',(1.,0.,0.));
#3817 = PCURVE('',#1609,#3818);
#3818 = DEFINITIONAL_REPRESENTATION('',(#3819),#3823);
#3819 = LINE('',#3820,#3821);
#3820 = CARTESIAN_POINT('',(6.28318530718,-0.));
#3821 = VECTOR('',#3822,1.);
#3822 = DIRECTION('',(0.,1.));
#3823 = ( GEOMETRIC_REPRESENTATION_CONTEXT(2) 
PARAMETRIC_REPRESENTATION_CONTEXT() REPRESENTATION_CONTEXT('2D SPACE',''
  ) );
#3824 = PCURVE('',#1609,#3825);
#3825 = DEFINITIONAL_REPRESENTATION('',(#3826),#3830);
#3826 = LINE('',#3827,#3828);
#3827 = CARTESIAN_POINT('',(0.,-0.));
#3828 = VECTOR('',#3829,1.);
#3829 = DIRECTION('',(0.,1.));
#3830 = ( GEOMETRIC_REPRESENTATION_CONTEXT(2) 
PARAMETRIC_REPRESENTATION_CONTEXT() REPRESENTATION_CONTEXT('2D SPACE',''
  ) );
#3831 = ORIENTED_EDGE('',*,*,#1592,.T.);
#3832 = ORIENTED_EDGE('',*,*,#3811,.T.);
#3833 = ADVANCED_FACE('',(#3834),#1665,.T.);
#3834 = FACE_BOUND('',#3835,.T.);
#3835 = EDGE_LOOP('',(#3836,#3837,#3838,#3858));
#3836 = ORIENTED_EDGE('',*,*,#1914,.T.);
#3837 = ORIENTED_EDGE('',*,*,#1649,.T.);
#3838 = ORIENTED_EDGE('',*,*,#3839,.F.);
#3839 = EDGE_CURVE('',#1941,#1650,#3840,.T.);
#3840 = SURFACE_CURVE('',#3841,(#3846,#3852),.PCURVE_S1.);
#3841 = CIRCLE('',#3842,1.5);
#3842 = AXIS2_PLACEMENT_3D('',#3843,#3844,#3845);
#3843 = CARTESIAN_POINT('',(101.,69.9,-0.9));
#3844 = DIRECTION('',(0.,1.,0.));
#3845 = DIRECTION('',(1.,0.,-0.));
#3846 = PCURVE('',#1665,#3847);
#3847 = DEFINITIONAL_REPRESENTATION('',(#3848),#3851);
#3848 = B_SPLINE_CURVE_WITH_KNOTS('',1,(#3849,#3850),.UNSPECIFIED.,.F.,
  .F.,(2,2),(0.,1.570796326795),.PIECEWISE_BEZIER_KNOTS.);
#3849 = CARTESIAN_POINT('',(0.,66.9));
#3850 = CARTESIAN_POINT('',(1.570796326795,66.9));
#3851 = ( GEOMETRIC_REPRESENTATION_CONTEXT(2) 
PARAMETRIC_REPRESENTATION_CONTEXT() REPRESENTATION_CONTEXT('2D SPACE',''
  ) );
#3852 = PCURVE('',#1694,#3853);
#3853 = DEFINITIONAL_REPRESENTATION('',(#3854),#3857);
#3854 = B_SPLINE_CURVE_WITH_KNOTS('',1,(#3855,#3856),.UNSPECIFIED.,.F.,
  .F.,(2,2),(0.,1.570796326795),.PIECEWISE_BEZIER_KNOTS.);
#3855 = CARTESIAN_POINT('',(0.,0.));
#3856 = CARTESIAN_POINT('',(0.,1.570796326795));
#3857 = ( GEOMETRIC_REPRESENTATION_CONTEXT(2) 
PARAMETRIC_REPRESENTATION_CONTEXT() REPRESENTATION_CONTEXT('2D SPACE',''
  ) );
#3858 = ORIENTED_EDGE('',*,*,#1963,.F.);
#3859 = ADVANCED_FACE('',(#3860),#1751,.T.);
#3860 = FACE_BOUND('',#3861,.F.);
#3861 = EDGE_LOOP('',(#3862,#3882,#3883,#3884));
#3862 = ORIENTED_EDGE('',*,*,#3863,.F.);
#3863 = EDGE_CURVE('',#2023,#1707,#3864,.T.);
#3864 = SURFACE_CURVE('',#3865,(#3870,#3876),.PCURVE_S1.);
#3865 = CIRCLE('',#3866,1.5);
#3866 = AXIS2_PLACEMENT_3D('',#3867,#3868,#3869);
#3867 = CARTESIAN_POINT('',(3.,75.4,-0.9));
#3868 = DIRECTION('',(-1.,0.,0.));
#3869 = DIRECTION('',(0.,1.,-0.));
#3870 = PCURVE('',#1751,#3871);
#3871 = DEFINITIONAL_REPRESENTATION('',(#3872),#3875);
#3872 = B_SPLINE_CURVE_WITH_KNOTS('',1,(#3873,#3874),.UNSPECIFIED.,.F.,
  .F.,(2,2),(0.,1.570796326795),.PIECEWISE_BEZIER_KNOTS.);
#3873 = CARTESIAN_POINT('',(0.,0.));
#3874 = CARTESIAN_POINT('',(0.,1.570796326795));
#3875 = ( GEOMETRIC_REPRESENTATION_CONTEXT(2) 
PARAMETRIC_REPRESENTATION_CONTEXT() REPRESENTATION_CONTEXT('2D SPACE',''
  ) );
#3876 = PCURVE('',#1722,#3877);
#3877 = DEFINITIONAL_REPRESENTATION('',(#3878),#3881);
#3878 = B_SPLINE_CURVE_WITH_KNOTS('',1,(#3879,#3880),.UNSPECIFIED.,.F.,
  .F.,(2,2),(0.,1.570796326795),.PIECEWISE_BEZIER_KNOTS.);
#3879 = CARTESIAN_POINT('',(0.,92.5));
#3880 = CARTESIAN_POINT('',(1.570796326795,92.5));
#3881 = ( GEOMETRIC_REPRESENTATION_CONTEXT(2) 
PARAMETRIC_REPRESENTATION_CONTEXT() REPRESENTATION_CONTEXT('2D SPACE',''
  ) );
#3882 = ORIENTED_EDGE('',*,*,#2045,.T.);
#3883 = ORIENTED_EDGE('',*,*,#3706,.T.);
#3884 = ORIENTED_EDGE('',*,*,#1734,.F.);
#3885 = ADVANCED_FACE('',(#3886),#1694,.T.);
#3886 = FACE_BOUND('',#3887,.F.);
#3887 = EDGE_LOOP('',(#3888,#3889,#3890,#3910));
#3888 = ORIENTED_EDGE('',*,*,#3839,.F.);
#3889 = ORIENTED_EDGE('',*,*,#2073,.T.);
#3890 = ORIENTED_EDGE('',*,*,#3891,.T.);
#3891 = EDGE_CURVE('',#2074,#1678,#3892,.T.);
#3892 = SURFACE_CURVE('',#3893,(#3898,#3904),.PCURVE_S1.);
#3893 = CIRCLE('',#3894,1.5);
#3894 = AXIS2_PLACEMENT_3D('',#3895,#3896,#3897);
#3895 = CARTESIAN_POINT('',(95.5,75.4,-0.9));
#3896 = DIRECTION('',(-1.,6.123233995737E-17,0.));
#3897 = DIRECTION('',(6.123233995737E-17,1.,-0.));
#3898 = PCURVE('',#1694,#3899);
#3899 = DEFINITIONAL_REPRESENTATION('',(#3900),#3903);
#3900 = B_SPLINE_CURVE_WITH_KNOTS('',1,(#3901,#3902),.UNSPECIFIED.,.F.,
  .F.,(2,2),(0.,1.570796326795),.PIECEWISE_BEZIER_KNOTS.);
#3901 = CARTESIAN_POINT('',(-1.570796326795,0.));
#3902 = CARTESIAN_POINT('',(-1.570796326795,1.570796326795));
#3903 = ( GEOMETRIC_REPRESENTATION_CONTEXT(2) 
PARAMETRIC_REPRESENTATION_CONTEXT() REPRESENTATION_CONTEXT('2D SPACE',''
  ) );
#3904 = PCURVE('',#1722,#3905);
#3905 = DEFINITIONAL_REPRESENTATION('',(#3906),#3909);
#3906 = B_SPLINE_CURVE_WITH_KNOTS('',1,(#3907,#3908),.UNSPECIFIED.,.F.,
  .F.,(2,2),(0.,1.570796326795),.PIECEWISE_BEZIER_KNOTS.);
#3907 = CARTESIAN_POINT('',(0.,0.));
#3908 = CARTESIAN_POINT('',(1.570796326795,0.));
#3909 = ( GEOMETRIC_REPRESENTATION_CONTEXT(2) 
PARAMETRIC_REPRESENTATION_CONTEXT() REPRESENTATION_CONTEXT('2D SPACE',''
  ) );
#3910 = ORIENTED_EDGE('',*,*,#1677,.F.);
#3911 = ADVANCED_FACE('',(#3912),#1722,.T.);
#3912 = FACE_BOUND('',#3913,.T.);
#3913 = EDGE_LOOP('',(#3914,#3915,#3916,#3917));
#3914 = ORIENTED_EDGE('',*,*,#3891,.T.);
#3915 = ORIENTED_EDGE('',*,*,#1706,.T.);
#3916 = ORIENTED_EDGE('',*,*,#3863,.F.);
#3917 = ORIENTED_EDGE('',*,*,#2125,.F.);
#3918 = ADVANCED_FACE('',(#3919),#1804,.F.);
#3919 = FACE_BOUND('',#3920,.F.);
#3920 = EDGE_LOOP('',(#3921,#3944,#3971,#3972));
#3921 = ORIENTED_EDGE('',*,*,#3922,.T.);
#3922 = EDGE_CURVE('',#1788,#3923,#3925,.T.);
#3923 = VERTEX_POINT('',#3924);
#3924 = CARTESIAN_POINT('',(35.5,3.5,4.8));
#3925 = SEAM_CURVE('',#3926,(#3930,#3937),.PCURVE_S1.);
#3926 = LINE('',#3927,#3928);
#3927 = CARTESIAN_POINT('',(35.5,3.5,-3.4));
#3928 = VECTOR('',#3929,1.);
#3929 = DIRECTION('',(0.,0.,1.));
#3930 = PCURVE('',#1804,#3931);
#3931 = DEFINITIONAL_REPRESENTATION('',(#3932),#3936);
#3932 = LINE('',#3933,#3934);
#3933 = CARTESIAN_POINT('',(6.28318530718,-0.));
#3934 = VECTOR('',#3935,1.);
#3935 = DIRECTION('',(0.,1.));
#3936 = ( GEOMETRIC_REPRESENTATION_CONTEXT(2) 
PARAMETRIC_REPRESENTATION_CONTEXT() REPRESENTATION_CONTEXT('2D SPACE',''
  ) );
#3937 = PCURVE('',#1804,#3938);
#3938 = DEFINITIONAL_REPRESENTATION('',(#3939),#3943);
#3939 = LINE('',#3940,#3941);
#3940 = CARTESIAN_POINT('',(0.,-0.));
#3941 = VECTOR('',#3942,1.);
#3942 = DIRECTION('',(0.,1.));
#3943 = ( GEOMETRIC_REPRESENTATION_CONTEXT(2) 
PARAMETRIC_REPRESENTATION_CONTEXT() REPRESENTATION_CONTEXT('2D SPACE',''
  ) );
#3944 = ORIENTED_EDGE('',*,*,#3945,.F.);
#3945 = EDGE_CURVE('',#3923,#3923,#3946,.T.);
#3946 = SURFACE_CURVE('',#3947,(#3952,#3959),.PCURVE_S1.);
#3947 = CIRCLE('',#3948,1.25);
#3948 = AXIS2_PLACEMENT_3D('',#3949,#3950,#3951);
#3949 = CARTESIAN_POINT('',(34.25,3.5,4.8));
#3950 = DIRECTION('',(0.,0.,1.));
#3951 = DIRECTION('',(1.,0.,-0.));
#3952 = PCURVE('',#1804,#3953);
#3953 = DEFINITIONAL_REPRESENTATION('',(#3954),#3958);
#3954 = LINE('',#3955,#3956);
#3955 = CARTESIAN_POINT('',(0.,8.2));
#3956 = VECTOR('',#3957,1.);
#3957 = DIRECTION('',(1.,0.));
#3958 = ( GEOMETRIC_REPRESENTATION_CONTEXT(2) 
PARAMETRIC_REPRESENTATION_CONTEXT() REPRESENTATION_CONTEXT('2D SPACE',''
  ) );
#3959 = PCURVE('',#3960,#3965);
#3960 = PLANE('',#3961);
#3961 = AXIS2_PLACEMENT_3D('',#3962,#3963,#3964);
#3962 = CARTESIAN_POINT('',(34.25,3.5,4.8));
#3963 = DIRECTION('',(0.,0.,1.));
#3964 = DIRECTION('',(1.,0.,-0.));
#3965 = DEFINITIONAL_REPRESENTATION('',(#3966),#3970);
#3966 = CIRCLE('',#3967,1.25);
#3967 = AXIS2_PLACEMENT_2D('',#3968,#3969);
#3968 = CARTESIAN_POINT('',(0.,0.));
#3969 = DIRECTION('',(1.,0.));
#3970 = ( GEOMETRIC_REPRESENTATION_CONTEXT(2) 
PARAMETRIC_REPRESENTATION_CONTEXT() REPRESENTATION_CONTEXT('2D SPACE',''
  ) );
#3971 = ORIENTED_EDGE('',*,*,#3922,.F.);
#3972 = ORIENTED_EDGE('',*,*,#1787,.T.);
#3973 = ADVANCED_FACE('',(#3974),#1835,.F.);
#3974 = FACE_BOUND('',#3975,.F.);
#3975 = EDGE_LOOP('',(#3976,#3999,#4026,#4027));
#3976 = ORIENTED_EDGE('',*,*,#3977,.T.);
#3977 = EDGE_CURVE('',#1819,#3978,#3980,.T.);
#3978 = VERTEX_POINT('',#3979);
#3979 = CARTESIAN_POINT('',(65.5,3.5,4.8));
#3980 = SEAM_CURVE('',#3981,(#3985,#3992),.PCURVE_S1.);
#3981 = LINE('',#3982,#3983);
#3982 = CARTESIAN_POINT('',(65.5,3.5,-3.4));
#3983 = VECTOR('',#3984,1.);
#3984 = DIRECTION('',(0.,0.,1.));
#3985 = PCURVE('',#1835,#3986);
#3986 = DEFINITIONAL_REPRESENTATION('',(#3987),#3991);
#3987 = LINE('',#3988,#3989);
#3988 = CARTESIAN_POINT('',(6.28318530718,-0.));
#3989 = VECTOR('',#3990,1.);
#3990 = DIRECTION('',(0.,1.));
#3991 = ( GEOMETRIC_REPRESENTATION_CONTEXT(2) 
PARAMETRIC_REPRESENTATION_CONTEXT() REPRESENTATION_CONTEXT('2D SPACE',''
  ) );
#3992 = PCURVE('',#1835,#3993);
#3993 = DEFINITIONAL_REPRESENTATION('',(#3994),#3998);
#3994 = LINE('',#3995,#3996);
#3995 = CARTESIAN_POINT('',(0.,-0.));
#3996 = VECTOR('',#3997,1.);
#3997 = DIRECTION('',(0.,1.));
#3998 = ( GEOMETRIC_REPRESENTATION_CONTEXT(2) 
PARAMETRIC_REPRESENTATION_CONTEXT() REPRESENTATION_CONTEXT('2D SPACE',''
  ) );
#3999 = ORIENTED_EDGE('',*,*,#4000,.F.);
#4000 = EDGE_CURVE('',#3978,#3978,#4001,.T.);
#4001 = SURFACE_CURVE('',#4002,(#4007,#4014),.PCURVE_S1.);
#4002 = CIRCLE('',#4003,1.25);
#4003 = AXIS2_PLACEMENT_3D('',#4004,#4005,#4006);
#4004 = CARTESIAN_POINT('',(64.25,3.5,4.8));
#4005 = DIRECTION('',(0.,0.,1.));
#4006 = DIRECTION('',(1.,0.,-0.));
#4007 = PCURVE('',#1835,#4008);
#4008 = DEFINITIONAL_REPRESENTATION('',(#4009),#4013);
#4009 = LINE('',#4010,#4011);
#4010 = CARTESIAN_POINT('',(0.,8.2));
#4011 = VECTOR('',#4012,1.);
#4012 = DIRECTION('',(1.,0.));
#4013 = ( GEOMETRIC_REPRESENTATION_CONTEXT(2) 
PARAMETRIC_REPRESENTATION_CONTEXT() REPRESENTATION_CONTEXT('2D SPACE',''
  ) );
#4014 = PCURVE('',#4015,#4020);
#4015 = PLANE('',#4016);
#4016 = AXIS2_PLACEMENT_3D('',#4017,#4018,#4019);
#4017 = CARTESIAN_POINT('',(64.25,3.5,4.8));
#4018 = DIRECTION('',(0.,0.,1.));
#4019 = DIRECTION('',(1.,0.,-0.));
#4020 = DEFINITIONAL_REPRESENTATION('',(#4021),#4025);
#4021 = CIRCLE('',#4022,1.25);
#4022 = AXIS2_PLACEMENT_2D('',#4023,#4024);
#4023 = CARTESIAN_POINT('',(0.,0.));
#4024 = DIRECTION('',(1.,0.));
#4025 = ( GEOMETRIC_REPRESENTATION_CONTEXT(2) 
PARAMETRIC_REPRESENTATION_CONTEXT() REPRESENTATION_CONTEXT('2D SPACE',''
  ) );
#4026 = ORIENTED_EDGE('',*,*,#3977,.F.);
#4027 = ORIENTED_EDGE('',*,*,#1818,.T.);
#4028 = ADVANCED_FACE('',(#4029),#1866,.F.);
#4029 = FACE_BOUND('',#4030,.F.);
#4030 = EDGE_LOOP('',(#4031,#4054,#4081,#4082));
#4031 = ORIENTED_EDGE('',*,*,#4032,.T.);
#4032 = EDGE_CURVE('',#1850,#4033,#4035,.T.);
#4033 = VERTEX_POINT('',#4034);
#4034 = CARTESIAN_POINT('',(35.5,69.4,4.8));
#4035 = SEAM_CURVE('',#4036,(#4040,#4047),.PCURVE_S1.);
#4036 = LINE('',#4037,#4038);
#4037 = CARTESIAN_POINT('',(35.5,69.4,-3.4));
#4038 = VECTOR('',#4039,1.);
#4039 = DIRECTION('',(0.,0.,1.));
#4040 = PCURVE('',#1866,#4041);
#4041 = DEFINITIONAL_REPRESENTATION('',(#4042),#4046);
#4042 = LINE('',#4043,#4044);
#4043 = CARTESIAN_POINT('',(6.28318530718,-0.));
#4044 = VECTOR('',#4045,1.);
#4045 = DIRECTION('',(0.,1.));
#4046 = ( GEOMETRIC_REPRESENTATION_CONTEXT(2) 
PARAMETRIC_REPRESENTATION_CONTEXT() REPRESENTATION_CONTEXT('2D SPACE',''
  ) );
#4047 = PCURVE('',#1866,#4048);
#4048 = DEFINITIONAL_REPRESENTATION('',(#4049),#4053);
#4049 = LINE('',#4050,#4051);
#4050 = CARTESIAN_POINT('',(0.,-0.));
#4051 = VECTOR('',#4052,1.);
#4052 = DIRECTION('',(0.,1.));
#4053 = ( GEOMETRIC_REPRESENTATION_CONTEXT(2) 
PARAMETRIC_REPRESENTATION_CONTEXT() REPRESENTATION_CONTEXT('2D SPACE',''
  ) );
#4054 = ORIENTED_EDGE('',*,*,#4055,.F.);
#4055 = EDGE_CURVE('',#4033,#4033,#4056,.T.);
#4056 = SURFACE_CURVE('',#4057,(#4062,#4069),.PCURVE_S1.);
#4057 = CIRCLE('',#4058,1.25);
#4058 = AXIS2_PLACEMENT_3D('',#4059,#4060,#4061);
#4059 = CARTESIAN_POINT('',(34.25,69.4,4.8));
#4060 = DIRECTION('',(0.,0.,1.));
#4061 = DIRECTION('',(1.,0.,-0.));
#4062 = PCURVE('',#1866,#4063);
#4063 = DEFINITIONAL_REPRESENTATION('',(#4064),#4068);
#4064 = LINE('',#4065,#4066);
#4065 = CARTESIAN_POINT('',(0.,8.2));
#4066 = VECTOR('',#4067,1.);
#4067 = DIRECTION('',(1.,0.));
#4068 = ( GEOMETRIC_REPRESENTATION_CONTEXT(2) 
PARAMETRIC_REPRESENTATION_CONTEXT() REPRESENTATION_CONTEXT('2D SPACE',''
  ) );
#4069 = PCURVE('',#4070,#4075);
#4070 = PLANE('',#4071);
#4071 = AXIS2_PLACEMENT_3D('',#4072,#4073,#4074);
#4072 = CARTESIAN_POINT('',(34.25,69.4,4.8));
#4073 = DIRECTION('',(0.,0.,1.));
#4074 = DIRECTION('',(1.,0.,-0.));
#4075 = DEFINITIONAL_REPRESENTATION('',(#4076),#4080);
#4076 = CIRCLE('',#4077,1.25);
#4077 = AXIS2_PLACEMENT_2D('',#4078,#4079);
#4078 = CARTESIAN_POINT('',(0.,0.));
#4079 = DIRECTION('',(1.,0.));
#4080 = ( GEOMETRIC_REPRESENTATION_CONTEXT(2) 
PARAMETRIC_REPRESENTATION_CONTEXT() REPRESENTATION_CONTEXT('2D SPACE',''
  ) );
#4081 = ORIENTED_EDGE('',*,*,#4032,.F.);
#4082 = ORIENTED_EDGE('',*,*,#1849,.T.);
#4083 = ADVANCED_FACE('',(#4084),#1897,.F.);
#4084 = FACE_BOUND('',#4085,.F.);
#4085 = EDGE_LOOP('',(#4086,#4109,#4136,#4137));
#4086 = ORIENTED_EDGE('',*,*,#4087,.T.);
#4087 = EDGE_CURVE('',#1881,#4088,#4090,.T.);
#4088 = VERTEX_POINT('',#4089);
#4089 = CARTESIAN_POINT('',(65.5,69.4,4.8));
#4090 = SEAM_CURVE('',#4091,(#4095,#4102),.PCURVE_S1.);
#4091 = LINE('',#4092,#4093);
#4092 = CARTESIAN_POINT('',(65.5,69.4,-3.4));
#4093 = VECTOR('',#4094,1.);
#4094 = DIRECTION('',(0.,0.,1.));
#4095 = PCURVE('',#1897,#4096);
#4096 = DEFINITIONAL_REPRESENTATION('',(#4097),#4101);
#4097 = LINE('',#4098,#4099);
#4098 = CARTESIAN_POINT('',(6.28318530718,-0.));
#4099 = VECTOR('',#4100,1.);
#4100 = DIRECTION('',(0.,1.));
#4101 = ( GEOMETRIC_REPRESENTATION_CONTEXT(2) 
PARAMETRIC_REPRESENTATION_CONTEXT() REPRESENTATION_CONTEXT('2D SPACE',''
  ) );
#4102 = PCURVE('',#1897,#4103);
#4103 = DEFINITIONAL_REPRESENTATION('',(#4104),#4108);
#4104 = LINE('',#4105,#4106);
#4105 = CARTESIAN_POINT('',(0.,-0.));
#4106 = VECTOR('',#4107,1.);
#4107 = DIRECTION('',(0.,1.));
#4108 = ( GEOMETRIC_REPRESENTATION_CONTEXT(2) 
PARAMETRIC_REPRESENTATION_CONTEXT() REPRESENTATION_CONTEXT('2D SPACE',''
  ) );
#4109 = ORIENTED_EDGE('',*,*,#4110,.F.);
#4110 = EDGE_CURVE('',#4088,#4088,#4111,.T.);
#4111 = SURFACE_CURVE('',#4112,(#4117,#4124),.PCURVE_S1.);
#4112 = CIRCLE('',#4113,1.25);
#4113 = AXIS2_PLACEMENT_3D('',#4114,#4115,#4116);
#4114 = CARTESIAN_POINT('',(64.25,69.4,4.8));
#4115 = DIRECTION('',(0.,0.,1.));
#4116 = DIRECTION('',(1.,0.,-0.));
#4117 = PCURVE('',#1897,#4118);
#4118 = DEFINITIONAL_REPRESENTATION('',(#4119),#4123);
#4119 = LINE('',#4120,#4121);
#4120 = CARTESIAN_POINT('',(0.,8.2));
#4121 = VECTOR('',#4122,1.);
#4122 = DIRECTION('',(1.,0.));
#4123 = ( GEOMETRIC_REPRESENTATION_CONTEXT(2) 
PARAMETRIC_REPRESENTATION_CONTEXT() REPRESENTATION_CONTEXT('2D SPACE',''
  ) );
#4124 = PCURVE('',#4125,#4130);
#4125 = PLANE('',#4126);
#4126 = AXIS2_PLACEMENT_3D('',#4127,#4128,#4129);
#4127 = CARTESIAN_POINT('',(64.25,69.4,4.8));
#4128 = DIRECTION('',(0.,0.,1.));
#4129 = DIRECTION('',(1.,0.,-0.));
#4130 = DEFINITIONAL_REPRESENTATION('',(#4131),#4135);
#4131 = CIRCLE('',#4132,1.25);
#4132 = AXIS2_PLACEMENT_2D('',#4133,#4134);
#4133 = CARTESIAN_POINT('',(0.,0.));
#4134 = DIRECTION('',(1.,0.));
#4135 = ( GEOMETRIC_REPRESENTATION_CONTEXT(2) 
PARAMETRIC_REPRESENTATION_CONTEXT() REPRESENTATION_CONTEXT('2D SPACE',''
  ) );
#4136 = ORIENTED_EDGE('',*,*,#4087,.F.);
#4137 = ORIENTED_EDGE('',*,*,#1880,.T.);
#4138 = ADVANCED_FACE('',(#4139),#2007,.F.);
#4139 = FACE_BOUND('',#4140,.F.);
#4140 = EDGE_LOOP('',(#4141,#4142,#4165,#4196));
#4141 = ORIENTED_EDGE('',*,*,#1986,.F.);
#4142 = ORIENTED_EDGE('',*,*,#4143,.F.);
#4143 = EDGE_CURVE('',#4144,#1987,#4146,.T.);
#4144 = VERTEX_POINT('',#4145);
#4145 = CARTESIAN_POINT('',(98.5,30.5,20.25));
#4146 = SEAM_CURVE('',#4147,(#4151,#4158),.PCURVE_S1.);
#4147 = LINE('',#4148,#4149);
#4148 = CARTESIAN_POINT('',(97.5,30.5,20.25));
#4149 = VECTOR('',#4150,1.);
#4150 = DIRECTION('',(1.,0.,0.));
#4151 = PCURVE('',#2007,#4152);
#4152 = DEFINITIONAL_REPRESENTATION('',(#4153),#4157);
#4153 = LINE('',#4154,#4155);
#4154 = CARTESIAN_POINT('',(6.28318530718,-0.));
#4155 = VECTOR('',#4156,1.);
#4156 = DIRECTION('',(0.,1.));
#4157 = ( GEOMETRIC_REPRESENTATION_CONTEXT(2) 
PARAMETRIC_REPRESENTATION_CONTEXT() REPRESENTATION_CONTEXT('2D SPACE',''
  ) );
#4158 = PCURVE('',#2007,#4159);
#4159 = DEFINITIONAL_REPRESENTATION('',(#4160),#4164);
#4160 = LINE('',#4161,#4162);
#4161 = CARTESIAN_POINT('',(0.,-0.));
#4162 = VECTOR('',#4163,1.);
#4163 = DIRECTION('',(0.,1.));
#4164 = ( GEOMETRIC_REPRESENTATION_CONTEXT(2) 
PARAMETRIC_REPRESENTATION_CONTEXT() REPRESENTATION_CONTEXT('2D SPACE',''
  ) );
#4165 = ORIENTED_EDGE('',*,*,#4166,.T.);
#4166 = EDGE_CURVE('',#4144,#4144,#4167,.T.);
#4167 = SURFACE_CURVE('',#4168,(#4173,#4180),.PCURVE_S1.);
#4168 = CIRCLE('',#4169,3.25);
#4169 = AXIS2_PLACEMENT_3D('',#4170,#4171,#4172);
#4170 = CARTESIAN_POINT('',(98.5,30.5,17.));
#4171 = DIRECTION('',(1.,0.,0.));
#4172 = DIRECTION('',(-0.,0.,1.));
#4173 = PCURVE('',#2007,#4174);
#4174 = DEFINITIONAL_REPRESENTATION('',(#4175),#4179);
#4175 = LINE('',#4176,#4177);
#4176 = CARTESIAN_POINT('',(0.,1.));
#4177 = VECTOR('',#4178,1.);
#4178 = DIRECTION('',(1.,0.));
#4179 = ( GEOMETRIC_REPRESENTATION_CONTEXT(2) 
PARAMETRIC_REPRESENTATION_CONTEXT() REPRESENTATION_CONTEXT('2D SPACE',''
  ) );
#4180 = PCURVE('',#4181,#4186);
#4181 = PLANE('',#4182);
#4182 = AXIS2_PLACEMENT_3D('',#4183,#4184,#4185);
#4183 = CARTESIAN_POINT('',(98.5,10.374119674649,0.));
#4184 = DIRECTION('',(-1.,0.,0.));
#4185 = DIRECTION('',(0.,1.,0.));
#4186 = DEFINITIONAL_REPRESENTATION('',(#4187),#4195);
#4187 = ( BOUNDED_CURVE() B_SPLINE_CURVE(2,(#4188,#4189,#4190,#4191,
#4192,#4193,#4194),.UNSPECIFIED.,.T.,.F.) B_SPLINE_CURVE_WITH_KNOTS((1,2
    ,2,2,2,1),(-2.094395102393,0.,2.094395102393,4.188790204786,
6.28318530718,8.377580409573),.UNSPECIFIED.) CURVE() 
GEOMETRIC_REPRESENTATION_ITEM() RATIONAL_B_SPLINE_CURVE((1.,0.5,1.,0.5,
1.,0.5,1.)) REPRESENTATION_ITEM('') );
#4188 = CARTESIAN_POINT('',(20.125880325351,-20.25));
#4189 = CARTESIAN_POINT('',(14.496715200752,-20.25));
#4190 = CARTESIAN_POINT('',(17.311297763051,-15.375));
#4191 = CARTESIAN_POINT('',(20.125880325351,-10.5));
#4192 = CARTESIAN_POINT('',(22.94046288765,-15.375));
#4193 = CARTESIAN_POINT('',(25.755045449949,-20.25));
#4194 = CARTESIAN_POINT('',(20.125880325351,-20.25));
#4195 = ( GEOMETRIC_REPRESENTATION_CONTEXT(2) 
PARAMETRIC_REPRESENTATION_CONTEXT() REPRESENTATION_CONTEXT('2D SPACE',''
  ) );
#4196 = ORIENTED_EDGE('',*,*,#4143,.T.);
#4197 = ADVANCED_FACE('',(#4198),#2188,.T.);
#4198 = FACE_BOUND('',#4199,.F.);
#4199 = EDGE_LOOP('',(#4200));
#4200 = ORIENTED_EDGE('',*,*,#2173,.F.);
#4201 = ADVANCED_FACE('',(#4202),#2243,.T.);
#4202 = FACE_BOUND('',#4203,.F.);
#4203 = EDGE_LOOP('',(#4204));
#4204 = ORIENTED_EDGE('',*,*,#2228,.F.);
#4205 = ADVANCED_FACE('',(#4206),#2298,.T.);
#4206 = FACE_BOUND('',#4207,.F.);
#4207 = EDGE_LOOP('',(#4208));
#4208 = ORIENTED_EDGE('',*,*,#2283,.F.);
#4209 = ADVANCED_FACE('',(#4210),#2353,.T.);
#4210 = FACE_BOUND('',#4211,.F.);
#4211 = EDGE_LOOP('',(#4212));
#4212 = ORIENTED_EDGE('',*,*,#2338,.F.);
#4213 = ADVANCED_FACE('',(#4214,#4240),#2387,.F.);
#4214 = FACE_BOUND('',#4215,.F.);
#4215 = EDGE_LOOP('',(#4216,#4217,#4218,#4219,#4220,#4221,#4222,#4223,
    #4224,#4225,#4226,#4227,#4228,#4229,#4230,#4231,#4232,#4233,#4234,
    #4235,#4236,#4237,#4238,#4239));
#4216 = ORIENTED_EDGE('',*,*,#2499,.T.);
#4217 = ORIENTED_EDGE('',*,*,#2603,.T.);
#4218 = ORIENTED_EDGE('',*,*,#2707,.T.);
#4219 = ORIENTED_EDGE('',*,*,#2806,.F.);
#4220 = ORIENTED_EDGE('',*,*,#2905,.T.);
#4221 = ORIENTED_EDGE('',*,*,#3009,.T.);
#4222 = ORIENTED_EDGE('',*,*,#3113,.T.);
#4223 = ORIENTED_EDGE('',*,*,#3212,.F.);
#4224 = ORIENTED_EDGE('',*,*,#3311,.T.);
#4225 = ORIENTED_EDGE('',*,*,#3415,.T.);
#4226 = ORIENTED_EDGE('',*,*,#3519,.T.);
#4227 = ORIENTED_EDGE('',*,*,#3569,.F.);
#4228 = ORIENTED_EDGE('',*,*,#3469,.T.);
#4229 = ORIENTED_EDGE('',*,*,#3361,.T.);
#4230 = ORIENTED_EDGE('',*,*,#3261,.T.);
#4231 = ORIENTED_EDGE('',*,*,#3163,.F.);
#4232 = ORIENTED_EDGE('',*,*,#3063,.T.);
#4233 = ORIENTED_EDGE('',*,*,#2955,.T.);
#4234 = ORIENTED_EDGE('',*,*,#2855,.T.);
#4235 = ORIENTED_EDGE('',*,*,#2757,.F.);
#4236 = ORIENTED_EDGE('',*,*,#2657,.T.);
#4237 = ORIENTED_EDGE('',*,*,#2549,.T.);
#4238 = ORIENTED_EDGE('',*,*,#2445,.F.);
#4239 = ORIENTED_EDGE('',*,*,#2369,.F.);
#4240 = FACE_BOUND('',#4241,.F.);
#4241 = EDGE_LOOP('',(#4242,#4273,#4299,#4328,#4357,#4386,#4412,#4441,
    #4470,#4499,#4525,#4554,#4583,#4612,#4638,#4667,#4696,#4725,#4751,
    #4780,#4809,#4838,#4864,#4893));
#4242 = ORIENTED_EDGE('',*,*,#4243,.F.);
#4243 = EDGE_CURVE('',#4244,#4246,#4248,.T.);
#4244 = VERTEX_POINT('',#4245);
#4245 = CARTESIAN_POINT('',(10.374119674649,-0.9,22.5));
#4246 = VERTEX_POINT('',#4247);
#4247 = CARTESIAN_POINT('',(6.528667815635,2.35,22.5));
#4248 = SURFACE_CURVE('',#4249,(#4254,#4261),.PCURVE_S1.);
#4249 = CIRCLE('',#4250,3.9);
#4250 = AXIS2_PLACEMENT_3D('',#4251,#4252,#4253);
#4251 = CARTESIAN_POINT('',(10.374119674649,3.,22.5));
#4252 = DIRECTION('',(-0.,0.,-1.));
#4253 = DIRECTION('',(-0.,-1.,0.));
#4254 = PCURVE('',#2387,#4255);
#4255 = DEFINITIONAL_REPRESENTATION('',(#4256),#4260);
#4256 = CIRCLE('',#4257,3.9);
#4257 = AXIS2_PLACEMENT_2D('',#4258,#4259);
#4258 = CARTESIAN_POINT('',(38.875880325351,-33.45));
#4259 = DIRECTION('',(0.,-1.));
#4260 = ( GEOMETRIC_REPRESENTATION_CONTEXT(2) 
PARAMETRIC_REPRESENTATION_CONTEXT() REPRESENTATION_CONTEXT('2D SPACE',''
  ) );
#4261 = PCURVE('',#4262,#4267);
#4262 = CYLINDRICAL_SURFACE('',#4263,3.9);
#4263 = AXIS2_PLACEMENT_3D('',#4264,#4265,#4266);
#4264 = CARTESIAN_POINT('',(10.374119674649,3.,21.5));
#4265 = DIRECTION('',(-0.,0.,-1.));
#4266 = DIRECTION('',(-0.,-1.,0.));
#4267 = DEFINITIONAL_REPRESENTATION('',(#4268),#4272);
#4268 = LINE('',#4269,#4270);
#4269 = CARTESIAN_POINT('',(6.28318530718,-1.));
#4270 = VECTOR('',#4271,1.);
#4271 = DIRECTION('',(1.,0.));
#4272 = ( GEOMETRIC_REPRESENTATION_CONTEXT(2) 
PARAMETRIC_REPRESENTATION_CONTEXT() REPRESENTATION_CONTEXT('2D SPACE',''
  ) );
#4273 = ORIENTED_EDGE('',*,*,#4274,.T.);
#4274 = EDGE_CURVE('',#4244,#4275,#4277,.T.);
#4275 = VERTEX_POINT('',#4276);
#4276 = CARTESIAN_POINT('',(40.375880325351,-0.9,22.5));
#4277 = SURFACE_CURVE('',#4278,(#4282,#4288),.PCURVE_S1.);
#4278 = LINE('',#4279,#4280);
#4279 = CARTESIAN_POINT('',(29.812059837325,-0.9,22.5));
#4280 = VECTOR('',#4281,1.);
#4281 = DIRECTION('',(1.,0.,-0.));
#4282 = PCURVE('',#2387,#4283);
#4283 = DEFINITIONAL_REPRESENTATION('',(#4284),#4287);
#4284 = B_SPLINE_CURVE_WITH_KNOTS('',1,(#4285,#4286),.UNSPECIFIED.,.F.,
  .F.,(2,2),(-19.43794016267,10.563820488026),.PIECEWISE_BEZIER_KNOTS.);
#4285 = CARTESIAN_POINT('',(38.875880325351,-37.35));
#4286 = CARTESIAN_POINT('',(8.874119674649,-37.35));
#4287 = ( GEOMETRIC_REPRESENTATION_CONTEXT(2) 
PARAMETRIC_REPRESENTATION_CONTEXT() REPRESENTATION_CONTEXT('2D SPACE',''
  ) );
#4288 = PCURVE('',#4289,#4294);
#4289 = PLANE('',#4290);
#4290 = AXIS2_PLACEMENT_3D('',#4291,#4292,#4293);
#4291 = CARTESIAN_POINT('',(10.374119674649,-0.9,21.5));
#4292 = DIRECTION('',(-0.,1.,0.));
#4293 = DIRECTION('',(1.,0.,-0.));
#4294 = DEFINITIONAL_REPRESENTATION('',(#4295),#4298);
#4295 = B_SPLINE_CURVE_WITH_KNOTS('',1,(#4296,#4297),.UNSPECIFIED.,.F.,
  .F.,(2,2),(-19.43794016267,10.563820488026),.PIECEWISE_BEZIER_KNOTS.);
#4296 = CARTESIAN_POINT('',(0.,-1.));
#4297 = CARTESIAN_POINT('',(30.001760650701,-1.));
#4298 = ( GEOMETRIC_REPRESENTATION_CONTEXT(2) 
PARAMETRIC_REPRESENTATION_CONTEXT() REPRESENTATION_CONTEXT('2D SPACE',''
  ) );
#4299 = ORIENTED_EDGE('',*,*,#4300,.F.);
#4300 = EDGE_CURVE('',#4301,#4275,#4303,.T.);
#4301 = VERTEX_POINT('',#4302);
#4302 = CARTESIAN_POINT('',(44.221332184365,2.35,22.5));
#4303 = SURFACE_CURVE('',#4304,(#4309,#4316),.PCURVE_S1.);
#4304 = CIRCLE('',#4305,3.9);
#4305 = AXIS2_PLACEMENT_3D('',#4306,#4307,#4308);
#4306 = CARTESIAN_POINT('',(40.375880325351,3.,22.5));
#4307 = DIRECTION('',(-0.,-0.,-1.));
#4308 = DIRECTION('',(0.,-1.,0.));
#4309 = PCURVE('',#2387,#4310);
#4310 = DEFINITIONAL_REPRESENTATION('',(#4311),#4315);
#4311 = CIRCLE('',#4312,3.9);
#4312 = AXIS2_PLACEMENT_2D('',#4313,#4314);
#4313 = CARTESIAN_POINT('',(8.874119674649,-33.45));
#4314 = DIRECTION('',(0.,-1.));
#4315 = ( GEOMETRIC_REPRESENTATION_CONTEXT(2) 
PARAMETRIC_REPRESENTATION_CONTEXT() REPRESENTATION_CONTEXT('2D SPACE',''
  ) );
#4316 = PCURVE('',#4317,#4322);
#4317 = CYLINDRICAL_SURFACE('',#4318,3.9);
#4318 = AXIS2_PLACEMENT_3D('',#4319,#4320,#4321);
#4319 = CARTESIAN_POINT('',(40.375880325351,3.,21.5));
#4320 = DIRECTION('',(-0.,-0.,-1.));
#4321 = DIRECTION('',(0.,-1.,0.));
#4322 = DEFINITIONAL_REPRESENTATION('',(#4323),#4327);
#4323 = LINE('',#4324,#4325);
#4324 = CARTESIAN_POINT('',(-12.56637061435,-1.));
#4325 = VECTOR('',#4326,1.);
#4326 = DIRECTION('',(1.,-0.));
#4327 = ( GEOMETRIC_REPRESENTATION_CONTEXT(2) 
PARAMETRIC_REPRESENTATION_CONTEXT() REPRESENTATION_CONTEXT('2D SPACE',''
  ) );
#4328 = ORIENTED_EDGE('',*,*,#4329,.T.);
#4329 = EDGE_CURVE('',#4301,#4330,#4332,.T.);
#4330 = VERTEX_POINT('',#4331);
#4331 = CARTESIAN_POINT('',(54.278667815635,2.35,22.5));
#4332 = SURFACE_CURVE('',#4333,(#4338,#4345),.PCURVE_S1.);
#4333 = CIRCLE('',#4334,5.1);
#4334 = AXIS2_PLACEMENT_3D('',#4335,#4336,#4337);
#4335 = CARTESIAN_POINT('',(49.25,1.5,22.5));
#4336 = DIRECTION('',(0.,-0.,-1.));
#4337 = DIRECTION('',(0.968245836552,-0.25,0.));
#4338 = PCURVE('',#2387,#4339);
#4339 = DEFINITIONAL_REPRESENTATION('',(#4340),#4344);
#4340 = CIRCLE('',#4341,5.1);
#4341 = AXIS2_PLACEMENT_2D('',#4342,#4343);
#4342 = CARTESIAN_POINT('',(-1.42108547152E-14,-34.95));
#4343 = DIRECTION('',(-0.968245836552,-0.25));
#4344 = ( GEOMETRIC_REPRESENTATION_CONTEXT(2) 
PARAMETRIC_REPRESENTATION_CONTEXT() REPRESENTATION_CONTEXT('2D SPACE',''
  ) );
#4345 = PCURVE('',#4346,#4351);
#4346 = CYLINDRICAL_SURFACE('',#4347,5.1);
#4347 = AXIS2_PLACEMENT_3D('',#4348,#4349,#4350);
#4348 = CARTESIAN_POINT('',(49.25,1.5,21.5));
#4349 = DIRECTION('',(-0.,-0.,-1.));
#4350 = DIRECTION('',(0.968245836552,-0.25,0.));
#4351 = DEFINITIONAL_REPRESENTATION('',(#4352),#4356);
#4352 = LINE('',#4353,#4354);
#4353 = CARTESIAN_POINT('',(-12.56637061435,-1.));
#4354 = VECTOR('',#4355,1.);
#4355 = DIRECTION('',(1.,-0.));
#4356 = ( GEOMETRIC_REPRESENTATION_CONTEXT(2) 
PARAMETRIC_REPRESENTATION_CONTEXT() REPRESENTATION_CONTEXT('2D SPACE',''
  ) );
#4357 = ORIENTED_EDGE('',*,*,#4358,.F.);
#4358 = EDGE_CURVE('',#4359,#4330,#4361,.T.);
#4359 = VERTEX_POINT('',#4360);
#4360 = CARTESIAN_POINT('',(58.124119674649,-0.9,22.5));
#4361 = SURFACE_CURVE('',#4362,(#4367,#4374),.PCURVE_S1.);
#4362 = CIRCLE('',#4363,3.9);
#4363 = AXIS2_PLACEMENT_3D('',#4364,#4365,#4366);
#4364 = CARTESIAN_POINT('',(58.124119674649,3.,22.5));
#4365 = DIRECTION('',(-0.,0.,-1.));
#4366 = DIRECTION('',(-0.,-1.,0.));
#4367 = PCURVE('',#2387,#4368);
#4368 = DEFINITIONAL_REPRESENTATION('',(#4369),#4373);
#4369 = CIRCLE('',#4370,3.9);
#4370 = AXIS2_PLACEMENT_2D('',#4371,#4372);
#4371 = CARTESIAN_POINT('',(-8.874119674649,-33.45));
#4372 = DIRECTION('',(0.,-1.));
#4373 = ( GEOMETRIC_REPRESENTATION_CONTEXT(2) 
PARAMETRIC_REPRESENTATION_CONTEXT() REPRESENTATION_CONTEXT('2D SPACE',''
  ) );
#4374 = PCURVE('',#4375,#4380);
#4375 = CYLINDRICAL_SURFACE('',#4376,3.9);
#4376 = AXIS2_PLACEMENT_3D('',#4377,#4378,#4379);
#4377 = CARTESIAN_POINT('',(58.124119674649,3.,21.5));
#4378 = DIRECTION('',(-0.,0.,-1.));
#4379 = DIRECTION('',(-0.,-1.,0.));
#4380 = DEFINITIONAL_REPRESENTATION('',(#4381),#4385);
#4381 = LINE('',#4382,#4383);
#4382 = CARTESIAN_POINT('',(6.28318530718,-1.));
#4383 = VECTOR('',#4384,1.);
#4384 = DIRECTION('',(1.,0.));
#4385 = ( GEOMETRIC_REPRESENTATION_CONTEXT(2) 
PARAMETRIC_REPRESENTATION_CONTEXT() REPRESENTATION_CONTEXT('2D SPACE',''
  ) );
#4386 = ORIENTED_EDGE('',*,*,#4387,.T.);
#4387 = EDGE_CURVE('',#4359,#4388,#4390,.T.);
#4388 = VERTEX_POINT('',#4389);
#4389 = CARTESIAN_POINT('',(88.125880325351,-0.9,22.5));
#4390 = SURFACE_CURVE('',#4391,(#4395,#4401),.PCURVE_S1.);
#4391 = LINE('',#4392,#4393);
#4392 = CARTESIAN_POINT('',(53.687059837325,-0.9,22.5));
#4393 = VECTOR('',#4394,1.);
#4394 = DIRECTION('',(1.,0.,-0.));
#4395 = PCURVE('',#2387,#4396);
#4396 = DEFINITIONAL_REPRESENTATION('',(#4397),#4400);
#4397 = B_SPLINE_CURVE_WITH_KNOTS('',1,(#4398,#4399),.UNSPECIFIED.,.F.,
  .F.,(2,2),(4.437059837325,34.438820488026),.PIECEWISE_BEZIER_KNOTS.);
#4398 = CARTESIAN_POINT('',(-8.874119674649,-37.35));
#4399 = CARTESIAN_POINT('',(-38.87588032535,-37.35));
#4400 = ( GEOMETRIC_REPRESENTATION_CONTEXT(2) 
PARAMETRIC_REPRESENTATION_CONTEXT() REPRESENTATION_CONTEXT('2D SPACE',''
  ) );
#4401 = PCURVE('',#4402,#4407);
#4402 = PLANE('',#4403);
#4403 = AXIS2_PLACEMENT_3D('',#4404,#4405,#4406);
#4404 = CARTESIAN_POINT('',(58.124119674649,-0.9,21.5));
#4405 = DIRECTION('',(-0.,1.,0.));
#4406 = DIRECTION('',(1.,0.,-0.));
#4407 = DEFINITIONAL_REPRESENTATION('',(#4408),#4411);
#4408 = B_SPLINE_CURVE_WITH_KNOTS('',1,(#4409,#4410),.UNSPECIFIED.,.F.,
  .F.,(2,2),(4.437059837325,34.438820488026),.PIECEWISE_BEZIER_KNOTS.);
#4409 = CARTESIAN_POINT('',(0.,-1.));
#4410 = CARTESIAN_POINT('',(30.001760650701,-1.));
#4411 = ( GEOMETRIC_REPRESENTATION_CONTEXT(2) 
PARAMETRIC_REPRESENTATION_CONTEXT() REPRESENTATION_CONTEXT('2D SPACE',''
  ) );
#4412 = ORIENTED_EDGE('',*,*,#4413,.F.);
#4413 = EDGE_CURVE('',#4414,#4388,#4416,.T.);
#4414 = VERTEX_POINT('',#4415);
#4415 = CARTESIAN_POINT('',(91.971332184365,2.35,22.5));
#4416 = SURFACE_CURVE('',#4417,(#4422,#4429),.PCURVE_S1.);
#4417 = CIRCLE('',#4418,3.9);
#4418 = AXIS2_PLACEMENT_3D('',#4419,#4420,#4421);
#4419 = CARTESIAN_POINT('',(88.125880325351,3.,22.5));
#4420 = DIRECTION('',(-0.,0.,-1.));
#4421 = DIRECTION('',(-0.,-1.,0.));
#4422 = PCURVE('',#2387,#4423);
#4423 = DEFINITIONAL_REPRESENTATION('',(#4424),#4428);
#4424 = CIRCLE('',#4425,3.9);
#4425 = AXIS2_PLACEMENT_2D('',#4426,#4427);
#4426 = CARTESIAN_POINT('',(-38.87588032535,-33.45));
#4427 = DIRECTION('',(0.,-1.));
#4428 = ( GEOMETRIC_REPRESENTATION_CONTEXT(2) 
PARAMETRIC_REPRESENTATION_CONTEXT() REPRESENTATION_CONTEXT('2D SPACE',''
  ) );
#4429 = PCURVE('',#4430,#4435);
#4430 = CYLINDRICAL_SURFACE('',#4431,3.9);
#4431 = AXIS2_PLACEMENT_3D('',#4432,#4433,#4434);
#4432 = CARTESIAN_POINT('',(88.125880325351,3.,21.5));
#4433 = DIRECTION('',(-0.,0.,-1.));
#4434 = DIRECTION('',(-0.,-1.,0.));
#4435 = DEFINITIONAL_REPRESENTATION('',(#4436),#4440);
#4436 = LINE('',#4437,#4438);
#4437 = CARTESIAN_POINT('',(0.,-1.));
#4438 = VECTOR('',#4439,1.);
#4439 = DIRECTION('',(1.,0.));
#4440 = ( GEOMETRIC_REPRESENTATION_CONTEXT(2) 
PARAMETRIC_REPRESENTATION_CONTEXT() REPRESENTATION_CONTEXT('2D SPACE',''
  ) );
#4441 = ORIENTED_EDGE('',*,*,#4442,.T.);
#4442 = EDGE_CURVE('',#4414,#4443,#4445,.T.);
#4443 = VERTEX_POINT('',#4444);
#4444 = CARTESIAN_POINT('',(96.15,6.528667815635,22.5));
#4445 = SURFACE_CURVE('',#4446,(#4451,#4458),.PCURVE_S1.);
#4446 = CIRCLE('',#4447,5.1);
#4447 = AXIS2_PLACEMENT_3D('',#4448,#4449,#4450);
#4448 = CARTESIAN_POINT('',(97.,1.5,22.5));
#4449 = DIRECTION('',(0.,0.,-1.));
#4450 = DIRECTION('',(1.,0.,0.));
#4451 = PCURVE('',#2387,#4452);
#4452 = DEFINITIONAL_REPRESENTATION('',(#4453),#4457);
#4453 = CIRCLE('',#4454,5.1);
#4454 = AXIS2_PLACEMENT_2D('',#4455,#4456);
#4455 = CARTESIAN_POINT('',(-47.75,-34.95));
#4456 = DIRECTION('',(-1.,0.));
#4457 = ( GEOMETRIC_REPRESENTATION_CONTEXT(2) 
PARAMETRIC_REPRESENTATION_CONTEXT() REPRESENTATION_CONTEXT('2D SPACE',''
  ) );
#4458 = PCURVE('',#4459,#4464);
#4459 = CYLINDRICAL_SURFACE('',#4460,5.1);
#4460 = AXIS2_PLACEMENT_3D('',#4461,#4462,#4463);
#4461 = CARTESIAN_POINT('',(97.,1.5,21.5));
#4462 = DIRECTION('',(-0.,0.,-1.));
#4463 = DIRECTION('',(1.,0.,0.));
#4464 = DEFINITIONAL_REPRESENTATION('',(#4465),#4469);
#4465 = LINE('',#4466,#4467);
#4466 = CARTESIAN_POINT('',(-6.28318530718,-1.));
#4467 = VECTOR('',#4468,1.);
#4468 = DIRECTION('',(1.,-0.));
#4469 = ( GEOMETRIC_REPRESENTATION_CONTEXT(2) 
PARAMETRIC_REPRESENTATION_CONTEXT() REPRESENTATION_CONTEXT('2D SPACE',''
  ) );
#4470 = ORIENTED_EDGE('',*,*,#4471,.F.);
#4471 = EDGE_CURVE('',#4472,#4443,#4474,.T.);
#4472 = VERTEX_POINT('',#4473);
#4473 = CARTESIAN_POINT('',(99.4,10.374119674649,22.5));
#4474 = SURFACE_CURVE('',#4475,(#4480,#4487),.PCURVE_S1.);
#4475 = CIRCLE('',#4476,3.9);
#4476 = AXIS2_PLACEMENT_3D('',#4477,#4478,#4479);
#4477 = CARTESIAN_POINT('',(95.5,10.374119674649,22.5));
#4478 = DIRECTION('',(-0.,0.,-1.));
#4479 = DIRECTION('',(-0.,-1.,0.));
#4480 = PCURVE('',#2387,#4481);
#4481 = DEFINITIONAL_REPRESENTATION('',(#4482),#4486);
#4482 = CIRCLE('',#4483,3.9);
#4483 = AXIS2_PLACEMENT_2D('',#4484,#4485);
#4484 = CARTESIAN_POINT('',(-46.25,-26.07588032535));
#4485 = DIRECTION('',(0.,-1.));
#4486 = ( GEOMETRIC_REPRESENTATION_CONTEXT(2) 
PARAMETRIC_REPRESENTATION_CONTEXT() REPRESENTATION_CONTEXT('2D SPACE',''
  ) );
#4487 = PCURVE('',#4488,#4493);
#4488 = CYLINDRICAL_SURFACE('',#4489,3.9);
#4489 = AXIS2_PLACEMENT_3D('',#4490,#4491,#4492);
#4490 = CARTESIAN_POINT('',(95.5,10.374119674649,21.5));
#4491 = DIRECTION('',(-0.,0.,-1.));
#4492 = DIRECTION('',(-0.,-1.,0.));
#4493 = DEFINITIONAL_REPRESENTATION('',(#4494),#4498);
#4494 = LINE('',#4495,#4496);
#4495 = CARTESIAN_POINT('',(0.,-1.));
#4496 = VECTOR('',#4497,1.);
#4497 = DIRECTION('',(1.,0.));
#4498 = ( GEOMETRIC_REPRESENTATION_CONTEXT(2) 
PARAMETRIC_REPRESENTATION_CONTEXT() REPRESENTATION_CONTEXT('2D SPACE',''
  ) );
#4499 = ORIENTED_EDGE('',*,*,#4500,.T.);
#4500 = EDGE_CURVE('',#4472,#4501,#4503,.T.);
#4501 = VERTEX_POINT('',#4502);
#4502 = CARTESIAN_POINT('',(99.4,62.525880325351,22.5));
#4503 = SURFACE_CURVE('',#4504,(#4508,#4514),.PCURVE_S1.);
#4504 = LINE('',#4505,#4506);
#4505 = CARTESIAN_POINT('',(99.4,23.412059837325,22.5));
#4506 = VECTOR('',#4507,1.);
#4507 = DIRECTION('',(0.,1.,-0.));
#4508 = PCURVE('',#2387,#4509);
#4509 = DEFINITIONAL_REPRESENTATION('',(#4510),#4513);
#4510 = B_SPLINE_CURVE_WITH_KNOTS('',1,(#4511,#4512),.UNSPECIFIED.,.F.,
  .F.,(2,2),(-13.03794016267,39.113820488026),.PIECEWISE_BEZIER_KNOTS.);
#4511 = CARTESIAN_POINT('',(-50.15,-26.07588032535));
#4512 = CARTESIAN_POINT('',(-50.15,26.075880325351));
#4513 = ( GEOMETRIC_REPRESENTATION_CONTEXT(2) 
PARAMETRIC_REPRESENTATION_CONTEXT() REPRESENTATION_CONTEXT('2D SPACE',''
  ) );
#4514 = PCURVE('',#4515,#4520);
#4515 = PLANE('',#4516);
#4516 = AXIS2_PLACEMENT_3D('',#4517,#4518,#4519);
#4517 = CARTESIAN_POINT('',(99.4,10.374119674649,21.5));
#4518 = DIRECTION('',(-1.,0.,0.));
#4519 = DIRECTION('',(0.,1.,0.));
#4520 = DEFINITIONAL_REPRESENTATION('',(#4521),#4524);
#4521 = B_SPLINE_CURVE_WITH_KNOTS('',1,(#4522,#4523),.UNSPECIFIED.,.F.,
  .F.,(2,2),(-13.03794016267,39.113820488026),.PIECEWISE_BEZIER_KNOTS.);
#4522 = CARTESIAN_POINT('',(0.,-1.));
#4523 = CARTESIAN_POINT('',(52.151760650701,-1.));
#4524 = ( GEOMETRIC_REPRESENTATION_CONTEXT(2) 
PARAMETRIC_REPRESENTATION_CONTEXT() REPRESENTATION_CONTEXT('2D SPACE',''
  ) );
#4525 = ORIENTED_EDGE('',*,*,#4526,.F.);
#4526 = EDGE_CURVE('',#4527,#4501,#4529,.T.);
#4527 = VERTEX_POINT('',#4528);
#4528 = CARTESIAN_POINT('',(96.15,66.371332184365,22.5));
#4529 = SURFACE_CURVE('',#4530,(#4535,#4542),.PCURVE_S1.);
#4530 = CIRCLE('',#4531,3.9);
#4531 = AXIS2_PLACEMENT_3D('',#4532,#4533,#4534);
#4532 = CARTESIAN_POINT('',(95.5,62.525880325351,22.5));
#4533 = DIRECTION('',(-0.,0.,-1.));
#4534 = DIRECTION('',(-0.,-1.,0.));
#4535 = PCURVE('',#2387,#4536);
#4536 = DEFINITIONAL_REPRESENTATION('',(#4537),#4541);
#4537 = CIRCLE('',#4538,3.9);
#4538 = AXIS2_PLACEMENT_2D('',#4539,#4540);
#4539 = CARTESIAN_POINT('',(-46.25,26.075880325351));
#4540 = DIRECTION('',(0.,-1.));
#4541 = ( GEOMETRIC_REPRESENTATION_CONTEXT(2) 
PARAMETRIC_REPRESENTATION_CONTEXT() REPRESENTATION_CONTEXT('2D SPACE',''
  ) );
#4542 = PCURVE('',#4543,#4548);
#4543 = CYLINDRICAL_SURFACE('',#4544,3.9);
#4544 = AXIS2_PLACEMENT_3D('',#4545,#4546,#4547);
#4545 = CARTESIAN_POINT('',(95.5,62.525880325351,21.5));
#4546 = DIRECTION('',(-0.,0.,-1.));
#4547 = DIRECTION('',(-0.,-1.,0.));
#4548 = DEFINITIONAL_REPRESENTATION('',(#4549),#4553);
#4549 = LINE('',#4550,#4551);
#4550 = CARTESIAN_POINT('',(0.,-1.));
#4551 = VECTOR('',#4552,1.);
#4552 = DIRECTION('',(1.,0.));
#4553 = ( GEOMETRIC_REPRESENTATION_CONTEXT(2) 
PARAMETRIC_REPRESENTATION_CONTEXT() REPRESENTATION_CONTEXT('2D SPACE',''
  ) );
#4554 = ORIENTED_EDGE('',*,*,#4555,.T.);
#4555 = EDGE_CURVE('',#4527,#4556,#4558,.T.);
#4556 = VERTEX_POINT('',#4557);
#4557 = CARTESIAN_POINT('',(91.971332184365,70.55,22.5));
#4558 = SURFACE_CURVE('',#4559,(#4564,#4571),.PCURVE_S1.);
#4559 = CIRCLE('',#4560,5.1);
#4560 = AXIS2_PLACEMENT_3D('',#4561,#4562,#4563);
#4561 = CARTESIAN_POINT('',(97.,71.4,22.5));
#4562 = DIRECTION('',(0.,0.,-1.));
#4563 = DIRECTION('',(1.,0.,0.));
#4564 = PCURVE('',#2387,#4565);
#4565 = DEFINITIONAL_REPRESENTATION('',(#4566),#4570);
#4566 = CIRCLE('',#4567,5.1);
#4567 = AXIS2_PLACEMENT_2D('',#4568,#4569);
#4568 = CARTESIAN_POINT('',(-47.75,34.95));
#4569 = DIRECTION('',(-1.,0.));
#4570 = ( GEOMETRIC_REPRESENTATION_CONTEXT(2) 
PARAMETRIC_REPRESENTATION_CONTEXT() REPRESENTATION_CONTEXT('2D SPACE',''
  ) );
#4571 = PCURVE('',#4572,#4577);
#4572 = CYLINDRICAL_SURFACE('',#4573,5.1);
#4573 = AXIS2_PLACEMENT_3D('',#4574,#4575,#4576);
#4574 = CARTESIAN_POINT('',(97.,71.4,21.5));
#4575 = DIRECTION('',(-0.,0.,-1.));
#4576 = DIRECTION('',(1.,0.,0.));
#4577 = DEFINITIONAL_REPRESENTATION('',(#4578),#4582);
#4578 = LINE('',#4579,#4580);
#4579 = CARTESIAN_POINT('',(-6.28318530718,-1.));
#4580 = VECTOR('',#4581,1.);
#4581 = DIRECTION('',(1.,-0.));
#4582 = ( GEOMETRIC_REPRESENTATION_CONTEXT(2) 
PARAMETRIC_REPRESENTATION_CONTEXT() REPRESENTATION_CONTEXT('2D SPACE',''
  ) );
#4583 = ORIENTED_EDGE('',*,*,#4584,.F.);
#4584 = EDGE_CURVE('',#4585,#4556,#4587,.T.);
#4585 = VERTEX_POINT('',#4586);
#4586 = CARTESIAN_POINT('',(88.125880325351,73.8,22.5));
#4587 = SURFACE_CURVE('',#4588,(#4593,#4600),.PCURVE_S1.);
#4588 = CIRCLE('',#4589,3.9);
#4589 = AXIS2_PLACEMENT_3D('',#4590,#4591,#4592);
#4590 = CARTESIAN_POINT('',(88.125880325351,69.9,22.5));
#4591 = DIRECTION('',(-0.,0.,-1.));
#4592 = DIRECTION('',(-0.,-1.,0.));
#4593 = PCURVE('',#2387,#4594);
#4594 = DEFINITIONAL_REPRESENTATION('',(#4595),#4599);
#4595 = CIRCLE('',#4596,3.9);
#4596 = AXIS2_PLACEMENT_2D('',#4597,#4598);
#4597 = CARTESIAN_POINT('',(-38.87588032535,33.45));
#4598 = DIRECTION('',(0.,-1.));
#4599 = ( GEOMETRIC_REPRESENTATION_CONTEXT(2) 
PARAMETRIC_REPRESENTATION_CONTEXT() REPRESENTATION_CONTEXT('2D SPACE',''
  ) );
#4600 = PCURVE('',#4601,#4606);
#4601 = CYLINDRICAL_SURFACE('',#4602,3.9);
#4602 = AXIS2_PLACEMENT_3D('',#4603,#4604,#4605);
#4603 = CARTESIAN_POINT('',(88.125880325351,69.9,21.5));
#4604 = DIRECTION('',(-0.,0.,-1.));
#4605 = DIRECTION('',(-0.,-1.,0.));
#4606 = DEFINITIONAL_REPRESENTATION('',(#4607),#4611);
#4607 = LINE('',#4608,#4609);
#4608 = CARTESIAN_POINT('',(0.,-1.));
#4609 = VECTOR('',#4610,1.);
#4610 = DIRECTION('',(1.,0.));
#4611 = ( GEOMETRIC_REPRESENTATION_CONTEXT(2) 
PARAMETRIC_REPRESENTATION_CONTEXT() REPRESENTATION_CONTEXT('2D SPACE',''
  ) );
#4612 = ORIENTED_EDGE('',*,*,#4613,.T.);
#4613 = EDGE_CURVE('',#4585,#4614,#4616,.T.);
#4614 = VERTEX_POINT('',#4615);
#4615 = CARTESIAN_POINT('',(58.124119674649,73.8,22.5));
#4616 = SURFACE_CURVE('',#4617,(#4621,#4627),.PCURVE_S1.);
#4617 = LINE('',#4618,#4619);
#4618 = CARTESIAN_POINT('',(68.687940162675,73.8,22.5));
#4619 = VECTOR('',#4620,1.);
#4620 = DIRECTION('',(-1.,0.,0.));
#4621 = PCURVE('',#2387,#4622);
#4622 = DEFINITIONAL_REPRESENTATION('',(#4623),#4626);
#4623 = B_SPLINE_CURVE_WITH_KNOTS('',1,(#4624,#4625),.UNSPECIFIED.,.F.,
  .F.,(2,2),(-19.43794016267,10.563820488026),.PIECEWISE_BEZIER_KNOTS.);
#4624 = CARTESIAN_POINT('',(-38.87588032535,37.35));
#4625 = CARTESIAN_POINT('',(-8.874119674649,37.35));
#4626 = ( GEOMETRIC_REPRESENTATION_CONTEXT(2) 
PARAMETRIC_REPRESENTATION_CONTEXT() REPRESENTATION_CONTEXT('2D SPACE',''
  ) );
#4627 = PCURVE('',#4628,#4633);
#4628 = PLANE('',#4629);
#4629 = AXIS2_PLACEMENT_3D('',#4630,#4631,#4632);
#4630 = CARTESIAN_POINT('',(88.125880325351,73.8,21.5));
#4631 = DIRECTION('',(0.,-1.,0.));
#4632 = DIRECTION('',(-1.,0.,0.));
#4633 = DEFINITIONAL_REPRESENTATION('',(#4634),#4637);
#4634 = B_SPLINE_CURVE_WITH_KNOTS('',1,(#4635,#4636),.UNSPECIFIED.,.F.,
  .F.,(2,2),(-19.43794016267,10.563820488026),.PIECEWISE_BEZIER_KNOTS.);
#4635 = CARTESIAN_POINT('',(0.,-1.));
#4636 = CARTESIAN_POINT('',(30.001760650701,-1.));
#4637 = ( GEOMETRIC_REPRESENTATION_CONTEXT(2) 
PARAMETRIC_REPRESENTATION_CONTEXT() REPRESENTATION_CONTEXT('2D SPACE',''
  ) );
#4638 = ORIENTED_EDGE('',*,*,#4639,.F.);
#4639 = EDGE_CURVE('',#4640,#4614,#4642,.T.);
#4640 = VERTEX_POINT('',#4641);
#4641 = CARTESIAN_POINT('',(54.278667815635,70.55,22.5));
#4642 = SURFACE_CURVE('',#4643,(#4648,#4655),.PCURVE_S1.);
#4643 = CIRCLE('',#4644,3.9);
#4644 = AXIS2_PLACEMENT_3D('',#4645,#4646,#4647);
#4645 = CARTESIAN_POINT('',(58.124119674649,69.9,22.5));
#4646 = DIRECTION('',(-0.,0.,-1.));
#4647 = DIRECTION('',(-0.,-1.,0.));
#4648 = PCURVE('',#2387,#4649);
#4649 = DEFINITIONAL_REPRESENTATION('',(#4650),#4654);
#4650 = CIRCLE('',#4651,3.9);
#4651 = AXIS2_PLACEMENT_2D('',#4652,#4653);
#4652 = CARTESIAN_POINT('',(-8.874119674649,33.45));
#4653 = DIRECTION('',(0.,-1.));
#4654 = ( GEOMETRIC_REPRESENTATION_CONTEXT(2) 
PARAMETRIC_REPRESENTATION_CONTEXT() REPRESENTATION_CONTEXT('2D SPACE',''
  ) );
#4655 = PCURVE('',#4656,#4661);
#4656 = CYLINDRICAL_SURFACE('',#4657,3.9);
#4657 = AXIS2_PLACEMENT_3D('',#4658,#4659,#4660);
#4658 = CARTESIAN_POINT('',(58.124119674649,69.9,21.5));
#4659 = DIRECTION('',(-0.,0.,-1.));
#4660 = DIRECTION('',(-0.,-1.,0.));
#4661 = DEFINITIONAL_REPRESENTATION('',(#4662),#4666);
#4662 = LINE('',#4663,#4664);
#4663 = CARTESIAN_POINT('',(0.,-1.));
#4664 = VECTOR('',#4665,1.);
#4665 = DIRECTION('',(1.,0.));
#4666 = ( GEOMETRIC_REPRESENTATION_CONTEXT(2) 
PARAMETRIC_REPRESENTATION_CONTEXT() REPRESENTATION_CONTEXT('2D SPACE',''
  ) );
#4667 = ORIENTED_EDGE('',*,*,#4668,.T.);
#4668 = EDGE_CURVE('',#4640,#4669,#4671,.T.);
#4669 = VERTEX_POINT('',#4670);
#4670 = CARTESIAN_POINT('',(44.221332184365,70.55,22.5));
#4671 = SURFACE_CURVE('',#4672,(#4677,#4684),.PCURVE_S1.);
#4672 = CIRCLE('',#4673,5.1);
#4673 = AXIS2_PLACEMENT_3D('',#4674,#4675,#4676);
#4674 = CARTESIAN_POINT('',(49.25,71.4,22.5));
#4675 = DIRECTION('',(-0.,0.,-1.));
#4676 = DIRECTION('',(-0.968245836552,0.25,0.));
#4677 = PCURVE('',#2387,#4678);
#4678 = DEFINITIONAL_REPRESENTATION('',(#4679),#4683);
#4679 = CIRCLE('',#4680,5.1);
#4680 = AXIS2_PLACEMENT_2D('',#4681,#4682);
#4681 = CARTESIAN_POINT('',(-1.42108547152E-14,34.95));
#4682 = DIRECTION('',(0.968245836552,0.25));
#4683 = ( GEOMETRIC_REPRESENTATION_CONTEXT(2) 
PARAMETRIC_REPRESENTATION_CONTEXT() REPRESENTATION_CONTEXT('2D SPACE',''
  ) );
#4684 = PCURVE('',#4685,#4690);
#4685 = CYLINDRICAL_SURFACE('',#4686,5.1);
#4686 = AXIS2_PLACEMENT_3D('',#4687,#4688,#4689);
#4687 = CARTESIAN_POINT('',(49.25,71.4,21.5));
#4688 = DIRECTION('',(-0.,-0.,-1.));
#4689 = DIRECTION('',(-0.968245836552,0.25,0.));
#4690 = DEFINITIONAL_REPRESENTATION('',(#4691),#4695);
#4691 = LINE('',#4692,#4693);
#4692 = CARTESIAN_POINT('',(-12.56637061435,-1.));
#4693 = VECTOR('',#4694,1.);
#4694 = DIRECTION('',(1.,-0.));
#4695 = ( GEOMETRIC_REPRESENTATION_CONTEXT(2) 
PARAMETRIC_REPRESENTATION_CONTEXT() REPRESENTATION_CONTEXT('2D SPACE',''
  ) );
#4696 = ORIENTED_EDGE('',*,*,#4697,.F.);
#4697 = EDGE_CURVE('',#4698,#4669,#4700,.T.);
#4698 = VERTEX_POINT('',#4699);
#4699 = CARTESIAN_POINT('',(40.375880325351,73.8,22.5));
#4700 = SURFACE_CURVE('',#4701,(#4706,#4713),.PCURVE_S1.);
#4701 = CIRCLE('',#4702,3.9);
#4702 = AXIS2_PLACEMENT_3D('',#4703,#4704,#4705);
#4703 = CARTESIAN_POINT('',(40.375880325351,69.9,22.5));
#4704 = DIRECTION('',(-0.,0.,-1.));
#4705 = DIRECTION('',(-0.,-1.,0.));
#4706 = PCURVE('',#2387,#4707);
#4707 = DEFINITIONAL_REPRESENTATION('',(#4708),#4712);
#4708 = CIRCLE('',#4709,3.9);
#4709 = AXIS2_PLACEMENT_2D('',#4710,#4711);
#4710 = CARTESIAN_POINT('',(8.874119674649,33.45));
#4711 = DIRECTION('',(0.,-1.));
#4712 = ( GEOMETRIC_REPRESENTATION_CONTEXT(2) 
PARAMETRIC_REPRESENTATION_CONTEXT() REPRESENTATION_CONTEXT('2D SPACE',''
  ) );
#4713 = PCURVE('',#4714,#4719);
#4714 = CYLINDRICAL_SURFACE('',#4715,3.9);
#4715 = AXIS2_PLACEMENT_3D('',#4716,#4717,#4718);
#4716 = CARTESIAN_POINT('',(40.375880325351,69.9,21.5));
#4717 = DIRECTION('',(-0.,0.,-1.));
#4718 = DIRECTION('',(-0.,-1.,0.));
#4719 = DEFINITIONAL_REPRESENTATION('',(#4720),#4724);
#4720 = LINE('',#4721,#4722);
#4721 = CARTESIAN_POINT('',(0.,-1.));
#4722 = VECTOR('',#4723,1.);
#4723 = DIRECTION('',(1.,0.));
#4724 = ( GEOMETRIC_REPRESENTATION_CONTEXT(2) 
PARAMETRIC_REPRESENTATION_CONTEXT() REPRESENTATION_CONTEXT('2D SPACE',''
  ) );
#4725 = ORIENTED_EDGE('',*,*,#4726,.T.);
#4726 = EDGE_CURVE('',#4698,#4727,#4729,.T.);
#4727 = VERTEX_POINT('',#4728);
#4728 = CARTESIAN_POINT('',(10.374119674649,73.8,22.5));
#4729 = SURFACE_CURVE('',#4730,(#4734,#4740),.PCURVE_S1.);
#4730 = LINE('',#4731,#4732);
#4731 = CARTESIAN_POINT('',(44.812940162675,73.8,22.5));
#4732 = VECTOR('',#4733,1.);
#4733 = DIRECTION('',(-1.,0.,0.));
#4734 = PCURVE('',#2387,#4735);
#4735 = DEFINITIONAL_REPRESENTATION('',(#4736),#4739);
#4736 = B_SPLINE_CURVE_WITH_KNOTS('',1,(#4737,#4738),.UNSPECIFIED.,.F.,
  .F.,(2,2),(4.437059837325,34.438820488026),.PIECEWISE_BEZIER_KNOTS.);
#4737 = CARTESIAN_POINT('',(8.874119674649,37.35));
#4738 = CARTESIAN_POINT('',(38.875880325351,37.35));
#4739 = ( GEOMETRIC_REPRESENTATION_CONTEXT(2) 
PARAMETRIC_REPRESENTATION_CONTEXT() REPRESENTATION_CONTEXT('2D SPACE',''
  ) );
#4740 = PCURVE('',#4741,#4746);
#4741 = PLANE('',#4742);
#4742 = AXIS2_PLACEMENT_3D('',#4743,#4744,#4745);
#4743 = CARTESIAN_POINT('',(40.375880325351,73.8,21.5));
#4744 = DIRECTION('',(0.,-1.,0.));
#4745 = DIRECTION('',(-1.,0.,0.));
#4746 = DEFINITIONAL_REPRESENTATION('',(#4747),#4750);
#4747 = B_SPLINE_CURVE_WITH_KNOTS('',1,(#4748,#4749),.UNSPECIFIED.,.F.,
  .F.,(2,2),(4.437059837325,34.438820488026),.PIECEWISE_BEZIER_KNOTS.);
#4748 = CARTESIAN_POINT('',(0.,-1.));
#4749 = CARTESIAN_POINT('',(30.001760650701,-1.));
#4750 = ( GEOMETRIC_REPRESENTATION_CONTEXT(2) 
PARAMETRIC_REPRESENTATION_CONTEXT() REPRESENTATION_CONTEXT('2D SPACE',''
  ) );
#4751 = ORIENTED_EDGE('',*,*,#4752,.F.);
#4752 = EDGE_CURVE('',#4753,#4727,#4755,.T.);
#4753 = VERTEX_POINT('',#4754);
#4754 = CARTESIAN_POINT('',(6.528667815635,70.55,22.5));
#4755 = SURFACE_CURVE('',#4756,(#4761,#4768),.PCURVE_S1.);
#4756 = CIRCLE('',#4757,3.9);
#4757 = AXIS2_PLACEMENT_3D('',#4758,#4759,#4760);
#4758 = CARTESIAN_POINT('',(10.374119674649,69.9,22.5));
#4759 = DIRECTION('',(-0.,0.,-1.));
#4760 = DIRECTION('',(-0.,-1.,0.));
#4761 = PCURVE('',#2387,#4762);
#4762 = DEFINITIONAL_REPRESENTATION('',(#4763),#4767);
#4763 = CIRCLE('',#4764,3.9);
#4764 = AXIS2_PLACEMENT_2D('',#4765,#4766);
#4765 = CARTESIAN_POINT('',(38.875880325351,33.45));
#4766 = DIRECTION('',(0.,-1.));
#4767 = ( GEOMETRIC_REPRESENTATION_CONTEXT(2) 
PARAMETRIC_REPRESENTATION_CONTEXT() REPRESENTATION_CONTEXT('2D SPACE',''
  ) );
#4768 = PCURVE('',#4769,#4774);
#4769 = CYLINDRICAL_SURFACE('',#4770,3.9);
#4770 = AXIS2_PLACEMENT_3D('',#4771,#4772,#4773);
#4771 = CARTESIAN_POINT('',(10.374119674649,69.9,21.5));
#4772 = DIRECTION('',(-0.,0.,-1.));
#4773 = DIRECTION('',(-0.,-1.,0.));
#4774 = DEFINITIONAL_REPRESENTATION('',(#4775),#4779);
#4775 = LINE('',#4776,#4777);
#4776 = CARTESIAN_POINT('',(0.,-1.));
#4777 = VECTOR('',#4778,1.);
#4778 = DIRECTION('',(1.,0.));
#4779 = ( GEOMETRIC_REPRESENTATION_CONTEXT(2) 
PARAMETRIC_REPRESENTATION_CONTEXT() REPRESENTATION_CONTEXT('2D SPACE',''
  ) );
#4780 = ORIENTED_EDGE('',*,*,#4781,.T.);
#4781 = EDGE_CURVE('',#4753,#4782,#4784,.T.);
#4782 = VERTEX_POINT('',#4783);
#4783 = CARTESIAN_POINT('',(2.35,66.371332184365,22.5));
#4784 = SURFACE_CURVE('',#4785,(#4790,#4797),.PCURVE_S1.);
#4785 = CIRCLE('',#4786,5.1);
#4786 = AXIS2_PLACEMENT_3D('',#4787,#4788,#4789);
#4787 = CARTESIAN_POINT('',(1.5,71.4,22.5));
#4788 = DIRECTION('',(-0.,0.,-1.));
#4789 = DIRECTION('',(-0.25,-0.968245836552,0.));
#4790 = PCURVE('',#2387,#4791);
#4791 = DEFINITIONAL_REPRESENTATION('',(#4792),#4796);
#4792 = CIRCLE('',#4793,5.1);
#4793 = AXIS2_PLACEMENT_2D('',#4794,#4795);
#4794 = CARTESIAN_POINT('',(47.75,34.95));
#4795 = DIRECTION('',(0.25,-0.968245836552));
#4796 = ( GEOMETRIC_REPRESENTATION_CONTEXT(2) 
PARAMETRIC_REPRESENTATION_CONTEXT() REPRESENTATION_CONTEXT('2D SPACE',''
  ) );
#4797 = PCURVE('',#4798,#4803);
#4798 = CYLINDRICAL_SURFACE('',#4799,5.1);
#4799 = AXIS2_PLACEMENT_3D('',#4800,#4801,#4802);
#4800 = CARTESIAN_POINT('',(1.5,71.4,21.5));
#4801 = DIRECTION('',(-0.,-0.,-1.));
#4802 = DIRECTION('',(-0.25,-0.968245836552,0.));
#4803 = DEFINITIONAL_REPRESENTATION('',(#4804),#4808);
#4804 = LINE('',#4805,#4806);
#4805 = CARTESIAN_POINT('',(-12.56637061435,-1.));
#4806 = VECTOR('',#4807,1.);
#4807 = DIRECTION('',(1.,-0.));
#4808 = ( GEOMETRIC_REPRESENTATION_CONTEXT(2) 
PARAMETRIC_REPRESENTATION_CONTEXT() REPRESENTATION_CONTEXT('2D SPACE',''
  ) );
#4809 = ORIENTED_EDGE('',*,*,#4810,.F.);
#4810 = EDGE_CURVE('',#4811,#4782,#4813,.T.);
#4811 = VERTEX_POINT('',#4812);
#4812 = CARTESIAN_POINT('',(-0.9,62.525880325351,22.5));
#4813 = SURFACE_CURVE('',#4814,(#4819,#4826),.PCURVE_S1.);
#4814 = CIRCLE('',#4815,3.9);
#4815 = AXIS2_PLACEMENT_3D('',#4816,#4817,#4818);
#4816 = CARTESIAN_POINT('',(3.,62.525880325351,22.5));
#4817 = DIRECTION('',(-0.,0.,-1.));
#4818 = DIRECTION('',(-0.,-1.,0.));
#4819 = PCURVE('',#2387,#4820);
#4820 = DEFINITIONAL_REPRESENTATION('',(#4821),#4825);
#4821 = CIRCLE('',#4822,3.9);
#4822 = AXIS2_PLACEMENT_2D('',#4823,#4824);
#4823 = CARTESIAN_POINT('',(46.25,26.075880325351));
#4824 = DIRECTION('',(0.,-1.));
#4825 = ( GEOMETRIC_REPRESENTATION_CONTEXT(2) 
PARAMETRIC_REPRESENTATION_CONTEXT() REPRESENTATION_CONTEXT('2D SPACE',''
  ) );
#4826 = PCURVE('',#4827,#4832);
#4827 = CYLINDRICAL_SURFACE('',#4828,3.9);
#4828 = AXIS2_PLACEMENT_3D('',#4829,#4830,#4831);
#4829 = CARTESIAN_POINT('',(3.,62.525880325351,21.5));
#4830 = DIRECTION('',(-0.,0.,-1.));
#4831 = DIRECTION('',(-0.,-1.,0.));
#4832 = DEFINITIONAL_REPRESENTATION('',(#4833),#4837);
#4833 = LINE('',#4834,#4835);
#4834 = CARTESIAN_POINT('',(0.,-1.));
#4835 = VECTOR('',#4836,1.);
#4836 = DIRECTION('',(1.,0.));
#4837 = ( GEOMETRIC_REPRESENTATION_CONTEXT(2) 
PARAMETRIC_REPRESENTATION_CONTEXT() REPRESENTATION_CONTEXT('2D SPACE',''
  ) );
#4838 = ORIENTED_EDGE('',*,*,#4839,.T.);
#4839 = EDGE_CURVE('',#4811,#4840,#4842,.T.);
#4840 = VERTEX_POINT('',#4841);
#4841 = CARTESIAN_POINT('',(-0.9,10.374119674649,22.5));
#4842 = SURFACE_CURVE('',#4843,(#4847,#4853),.PCURVE_S1.);
#4843 = LINE('',#4844,#4845);
#4844 = CARTESIAN_POINT('',(-0.9,49.487940162675,22.5));
#4845 = VECTOR('',#4846,1.);
#4846 = DIRECTION('',(-0.,-1.,0.));
#4847 = PCURVE('',#2387,#4848);
#4848 = DEFINITIONAL_REPRESENTATION('',(#4849),#4852);
#4849 = B_SPLINE_CURVE_WITH_KNOTS('',1,(#4850,#4851),.UNSPECIFIED.,.F.,
  .F.,(2,2),(-13.03794016267,39.113820488026),.PIECEWISE_BEZIER_KNOTS.);
#4850 = CARTESIAN_POINT('',(50.15,26.075880325351));
#4851 = CARTESIAN_POINT('',(50.15,-26.07588032535));
#4852 = ( GEOMETRIC_REPRESENTATION_CONTEXT(2) 
PARAMETRIC_REPRESENTATION_CONTEXT() REPRESENTATION_CONTEXT('2D SPACE',''
  ) );
#4853 = PCURVE('',#4854,#4859);
#4854 = PLANE('',#4855);
#4855 = AXIS2_PLACEMENT_3D('',#4856,#4857,#4858);
#4856 = CARTESIAN_POINT('',(-0.9,62.525880325351,21.5));
#4857 = DIRECTION('',(1.,-0.,0.));
#4858 = DIRECTION('',(-0.,-1.,0.));
#4859 = DEFINITIONAL_REPRESENTATION('',(#4860),#4863);
#4860 = B_SPLINE_CURVE_WITH_KNOTS('',1,(#4861,#4862),.UNSPECIFIED.,.F.,
  .F.,(2,2),(-13.03794016267,39.113820488026),.PIECEWISE_BEZIER_KNOTS.);
#4861 = CARTESIAN_POINT('',(0.,-1.));
#4862 = CARTESIAN_POINT('',(52.151760650701,-1.));
#4863 = ( GEOMETRIC_REPRESENTATION_CONTEXT(2) 
PARAMETRIC_REPRESENTATION_CONTEXT() REPRESENTATION_CONTEXT('2D SPACE',''
  ) );
#4864 = ORIENTED_EDGE('',*,*,#4865,.F.);
#4865 = EDGE_CURVE('',#4866,#4840,#4868,.T.);
#4866 = VERTEX_POINT('',#4867);
#4867 = CARTESIAN_POINT('',(2.35,6.528667815635,22.5));
#4868 = SURFACE_CURVE('',#4869,(#4874,#4881),.PCURVE_S1.);
#4869 = CIRCLE('',#4870,3.9);
#4870 = AXIS2_PLACEMENT_3D('',#4871,#4872,#4873);
#4871 = CARTESIAN_POINT('',(3.,10.374119674649,22.5));
#4872 = DIRECTION('',(-0.,0.,-1.));
#4873 = DIRECTION('',(-0.,-1.,0.));
#4874 = PCURVE('',#2387,#4875);
#4875 = DEFINITIONAL_REPRESENTATION('',(#4876),#4880);
#4876 = CIRCLE('',#4877,3.9);
#4877 = AXIS2_PLACEMENT_2D('',#4878,#4879);
#4878 = CARTESIAN_POINT('',(46.25,-26.07588032535));
#4879 = DIRECTION('',(0.,-1.));
#4880 = ( GEOMETRIC_REPRESENTATION_CONTEXT(2) 
PARAMETRIC_REPRESENTATION_CONTEXT() REPRESENTATION_CONTEXT('2D SPACE',''
  ) );
#4881 = PCURVE('',#4882,#4887);
#4882 = CYLINDRICAL_SURFACE('',#4883,3.9);
#4883 = AXIS2_PLACEMENT_3D('',#4884,#4885,#4886);
#4884 = CARTESIAN_POINT('',(3.,10.374119674649,21.5));
#4885 = DIRECTION('',(-0.,0.,-1.));
#4886 = DIRECTION('',(-0.,-1.,0.));
#4887 = DEFINITIONAL_REPRESENTATION('',(#4888),#4892);
#4888 = LINE('',#4889,#4890);
#4889 = CARTESIAN_POINT('',(6.28318530718,-1.));
#4890 = VECTOR('',#4891,1.);
#4891 = DIRECTION('',(1.,0.));
#4892 = ( GEOMETRIC_REPRESENTATION_CONTEXT(2) 
PARAMETRIC_REPRESENTATION_CONTEXT() REPRESENTATION_CONTEXT('2D SPACE',''
  ) );
#4893 = ORIENTED_EDGE('',*,*,#4894,.T.);
#4894 = EDGE_CURVE('',#4866,#4246,#4895,.T.);
#4895 = SURFACE_CURVE('',#4896,(#4901,#4908),.PCURVE_S1.);
#4896 = CIRCLE('',#4897,5.1);
#4897 = AXIS2_PLACEMENT_3D('',#4898,#4899,#4900);
#4898 = CARTESIAN_POINT('',(1.5,1.5,22.5));
#4899 = DIRECTION('',(0.,-0.,-1.));
#4900 = DIRECTION('',(0.968245836552,-0.25,0.));
#4901 = PCURVE('',#2387,#4902);
#4902 = DEFINITIONAL_REPRESENTATION('',(#4903),#4907);
#4903 = CIRCLE('',#4904,5.1);
#4904 = AXIS2_PLACEMENT_2D('',#4905,#4906);
#4905 = CARTESIAN_POINT('',(47.75,-34.95));
#4906 = DIRECTION('',(-0.968245836552,-0.25));
#4907 = ( GEOMETRIC_REPRESENTATION_CONTEXT(2) 
PARAMETRIC_REPRESENTATION_CONTEXT() REPRESENTATION_CONTEXT('2D SPACE',''
  ) );
#4908 = PCURVE('',#4909,#4914);
#4909 = CYLINDRICAL_SURFACE('',#4910,5.1);
#4910 = AXIS2_PLACEMENT_3D('',#4911,#4912,#4913);
#4911 = CARTESIAN_POINT('',(1.5,1.5,21.5));
#4912 = DIRECTION('',(-0.,-0.,-1.));
#4913 = DIRECTION('',(0.968245836552,-0.25,0.));
#4914 = DEFINITIONAL_REPRESENTATION('',(#4915),#4919);
#4915 = LINE('',#4916,#4917);
#4916 = CARTESIAN_POINT('',(-12.56637061435,-1.));
#4917 = VECTOR('',#4918,1.);
#4918 = DIRECTION('',(1.,-0.));
#4919 = ( GEOMETRIC_REPRESENTATION_CONTEXT(2) 
PARAMETRIC_REPRESENTATION_CONTEXT() REPRESENTATION_CONTEXT('2D SPACE',''
  ) );
#4920 = ADVANCED_FACE('',(#4921),#3635,.T.);
#4921 = FACE_BOUND('',#4922,.F.);
#4922 = EDGE_LOOP('',(#4923));
#4923 = ORIENTED_EDGE('',*,*,#3620,.F.);
#4924 = ADVANCED_FACE('',(#4925),#3690,.T.);
#4925 = FACE_BOUND('',#4926,.F.);
#4926 = EDGE_LOOP('',(#4927));
#4927 = ORIENTED_EDGE('',*,*,#3675,.F.);
#4928 = ADVANCED_FACE('',(#4929,#5041,#5044),#3749,.T.);
#4929 = FACE_BOUND('',#4930,.T.);
#4930 = EDGE_LOOP('',(#4931,#4961,#4989,#5015));
#4931 = ORIENTED_EDGE('',*,*,#4932,.F.);
#4932 = EDGE_CURVE('',#4933,#4935,#4937,.T.);
#4933 = VERTEX_POINT('',#4934);
#4934 = CARTESIAN_POINT('',(0.,62.525880325351,0.));
#4935 = VERTEX_POINT('',#4936);
#4936 = CARTESIAN_POINT('',(-4.440892098501E-16,10.374119674649,0.));
#4937 = SURFACE_CURVE('',#4938,(#4942,#4949),.PCURVE_S1.);
#4938 = LINE('',#4939,#4940);
#4939 = CARTESIAN_POINT('',(0.,72.9,0.));
#4940 = VECTOR('',#4941,1.);
#4941 = DIRECTION('',(0.,-1.,0.));
#4942 = PCURVE('',#3749,#4943);
#4943 = DEFINITIONAL_REPRESENTATION('',(#4944),#4948);
#4944 = LINE('',#4945,#4946);
#4945 = CARTESIAN_POINT('',(-10.37411967464,0.));
#4946 = VECTOR('',#4947,1.);
#4947 = DIRECTION('',(1.,0.));
#4948 = ( GEOMETRIC_REPRESENTATION_CONTEXT(2) 
PARAMETRIC_REPRESENTATION_CONTEXT() REPRESENTATION_CONTEXT('2D SPACE',''
  ) );
#4949 = PCURVE('',#4950,#4955);
#4950 = PLANE('',#4951);
#4951 = AXIS2_PLACEMENT_3D('',#4952,#4953,#4954);
#4952 = CARTESIAN_POINT('',(49.25,36.45,0.));
#4953 = DIRECTION('',(-0.,-0.,-1.));
#4954 = DIRECTION('',(-1.,0.,0.));
#4955 = DEFINITIONAL_REPRESENTATION('',(#4956),#4960);
#4956 = LINE('',#4957,#4958);
#4957 = CARTESIAN_POINT('',(49.25,36.45));
#4958 = VECTOR('',#4959,1.);
#4959 = DIRECTION('',(0.,-1.));
#4960 = ( GEOMETRIC_REPRESENTATION_CONTEXT(2) 
PARAMETRIC_REPRESENTATION_CONTEXT() REPRESENTATION_CONTEXT('2D SPACE',''
  ) );
#4961 = ORIENTED_EDGE('',*,*,#4962,.T.);
#4962 = EDGE_CURVE('',#4933,#4963,#4965,.T.);
#4963 = VERTEX_POINT('',#4964);
#4964 = CARTESIAN_POINT('',(0.,62.525880325351,24.));
#4965 = SURFACE_CURVE('',#4966,(#4970,#4977),.PCURVE_S1.);
#4966 = LINE('',#4967,#4968);
#4967 = CARTESIAN_POINT('',(0.,62.525880325351,0.));
#4968 = VECTOR('',#4969,1.);
#4969 = DIRECTION('',(0.,0.,1.));
#4970 = PCURVE('',#3749,#4971);
#4971 = DEFINITIONAL_REPRESENTATION('',(#4972),#4976);
#4972 = LINE('',#4973,#4974);
#4973 = CARTESIAN_POINT('',(0.,0.));
#4974 = VECTOR('',#4975,1.);
#4975 = DIRECTION('',(0.,-1.));
#4976 = ( GEOMETRIC_REPRESENTATION_CONTEXT(2) 
PARAMETRIC_REPRESENTATION_CONTEXT() REPRESENTATION_CONTEXT('2D SPACE',''
  ) );
#4977 = PCURVE('',#4978,#4983);
#4978 = CYLINDRICAL_SURFACE('',#4979,3.);
#4979 = AXIS2_PLACEMENT_3D('',#4980,#4981,#4982);
#4980 = CARTESIAN_POINT('',(3.,62.525880325351,0.));
#4981 = DIRECTION('',(-0.,-0.,-1.));
#4982 = DIRECTION('',(0.,-1.,0.));
#4983 = DEFINITIONAL_REPRESENTATION('',(#4984),#4988);
#4984 = LINE('',#4985,#4986);
#4985 = CARTESIAN_POINT('',(1.570796326795,0.));
#4986 = VECTOR('',#4987,1.);
#4987 = DIRECTION('',(0.,-1.));
#4988 = ( GEOMETRIC_REPRESENTATION_CONTEXT(2) 
PARAMETRIC_REPRESENTATION_CONTEXT() REPRESENTATION_CONTEXT('2D SPACE',''
  ) );
#4989 = ORIENTED_EDGE('',*,*,#4990,.F.);
#4990 = EDGE_CURVE('',#4991,#4963,#4993,.T.);
#4991 = VERTEX_POINT('',#4992);
#4992 = CARTESIAN_POINT('',(-4.440892098501E-16,10.374119674649,24.));
#4993 = SURFACE_CURVE('',#4994,(#4998,#5004),.PCURVE_S1.);
#4994 = LINE('',#4995,#4996);
#4995 = CARTESIAN_POINT('',(0.,49.487940162675,24.));
#4996 = VECTOR('',#4997,1.);
#4997 = DIRECTION('',(-0.,1.,0.));
#4998 = PCURVE('',#3749,#4999);
#4999 = DEFINITIONAL_REPRESENTATION('',(#5000),#5003);
#5000 = B_SPLINE_CURVE_WITH_KNOTS('',1,(#5001,#5002),.UNSPECIFIED.,.F.,
  .F.,(2,2),(-39.11382048802,13.037940162675),.PIECEWISE_BEZIER_KNOTS.);
#5001 = CARTESIAN_POINT('',(52.151760650701,-24.));
#5002 = CARTESIAN_POINT('',(0.,-24.));
#5003 = ( GEOMETRIC_REPRESENTATION_CONTEXT(2) 
PARAMETRIC_REPRESENTATION_CONTEXT() REPRESENTATION_CONTEXT('2D SPACE',''
  ) );
#5004 = PCURVE('',#5005,#5010);
#5005 = PLANE('',#5006);
#5006 = AXIS2_PLACEMENT_3D('',#5007,#5008,#5009);
#5007 = CARTESIAN_POINT('',(49.25,36.45,24.));
#5008 = DIRECTION('',(0.,0.,1.));
#5009 = DIRECTION('',(1.,0.,-0.));
#5010 = DEFINITIONAL_REPRESENTATION('',(#5011),#5014);
#5011 = B_SPLINE_CURVE_WITH_KNOTS('',1,(#5012,#5013),.UNSPECIFIED.,.F.,
  .F.,(2,2),(-39.11382048802,13.037940162675),.PIECEWISE_BEZIER_KNOTS.);
#5012 = CARTESIAN_POINT('',(-49.25,-26.07588032535));
#5013 = CARTESIAN_POINT('',(-49.25,26.075880325351));
#5014 = ( GEOMETRIC_REPRESENTATION_CONTEXT(2) 
PARAMETRIC_REPRESENTATION_CONTEXT() REPRESENTATION_CONTEXT('2D SPACE',''
  ) );
#5015 = ORIENTED_EDGE('',*,*,#5016,.F.);
#5016 = EDGE_CURVE('',#4935,#4991,#5017,.T.);
#5017 = SURFACE_CURVE('',#5018,(#5022,#5029),.PCURVE_S1.);
#5018 = LINE('',#5019,#5020);
#5019 = CARTESIAN_POINT('',(-4.440892098501E-16,10.374119674649,0.));
#5020 = VECTOR('',#5021,1.);
#5021 = DIRECTION('',(0.,0.,1.));
#5022 = PCURVE('',#3749,#5023);
#5023 = DEFINITIONAL_REPRESENTATION('',(#5024),#5028);
#5024 = LINE('',#5025,#5026);
#5025 = CARTESIAN_POINT('',(52.151760650701,0.));
#5026 = VECTOR('',#5027,1.);
#5027 = DIRECTION('',(0.,-1.));
#5028 = ( GEOMETRIC_REPRESENTATION_CONTEXT(2) 
PARAMETRIC_REPRESENTATION_CONTEXT() REPRESENTATION_CONTEXT('2D SPACE',''
  ) );
#5029 = PCURVE('',#5030,#5035);
#5030 = CYLINDRICAL_SURFACE('',#5031,3.);
#5031 = AXIS2_PLACEMENT_3D('',#5032,#5033,#5034);
#5032 = CARTESIAN_POINT('',(3.,10.374119674649,0.));
#5033 = DIRECTION('',(-0.,-0.,-1.));
#5034 = DIRECTION('',(0.,-1.,0.));
#5035 = DEFINITIONAL_REPRESENTATION('',(#5036),#5040);
#5036 = LINE('',#5037,#5038);
#5037 = CARTESIAN_POINT('',(1.570796326795,0.));
#5038 = VECTOR('',#5039,1.);
#5039 = DIRECTION('',(0.,-1.));
#5040 = ( GEOMETRIC_REPRESENTATION_CONTEXT(2) 
PARAMETRIC_REPRESENTATION_CONTEXT() REPRESENTATION_CONTEXT('2D SPACE',''
  ) );
#5041 = FACE_BOUND('',#5042,.T.);
#5042 = EDGE_LOOP('',(#5043));
#5043 = ORIENTED_EDGE('',*,*,#3732,.F.);
#5044 = FACE_BOUND('',#5045,.T.);
#5045 = EDGE_LOOP('',(#5046));
#5046 = ORIENTED_EDGE('',*,*,#3787,.F.);
#5047 = ADVANCED_FACE('',(#5048),#3960,.F.);
#5048 = FACE_BOUND('',#5049,.F.);
#5049 = EDGE_LOOP('',(#5050));
#5050 = ORIENTED_EDGE('',*,*,#3945,.T.);
#5051 = ADVANCED_FACE('',(#5052),#4015,.F.);
#5052 = FACE_BOUND('',#5053,.F.);
#5053 = EDGE_LOOP('',(#5054));
#5054 = ORIENTED_EDGE('',*,*,#4000,.T.);
#5055 = ADVANCED_FACE('',(#5056),#4070,.F.);
#5056 = FACE_BOUND('',#5057,.F.);
#5057 = EDGE_LOOP('',(#5058));
#5058 = ORIENTED_EDGE('',*,*,#4055,.T.);
#5059 = ADVANCED_FACE('',(#5060),#4125,.F.);
#5060 = FACE_BOUND('',#5061,.F.);
#5061 = EDGE_LOOP('',(#5062));
#5062 = ORIENTED_EDGE('',*,*,#4110,.T.);
#5063 = ADVANCED_FACE('',(#5064,#5166),#4181,.T.);
#5064 = FACE_BOUND('',#5065,.T.);
#5065 = EDGE_LOOP('',(#5066,#5091,#5119,#5140));
#5066 = ORIENTED_EDGE('',*,*,#5067,.F.);
#5067 = EDGE_CURVE('',#5068,#5070,#5072,.T.);
#5068 = VERTEX_POINT('',#5069);
#5069 = CARTESIAN_POINT('',(98.5,10.374119674649,0.));
#5070 = VERTEX_POINT('',#5071);
#5071 = CARTESIAN_POINT('',(98.5,62.525880325351,0.));
#5072 = SURFACE_CURVE('',#5073,(#5077,#5084),.PCURVE_S1.);
#5073 = LINE('',#5074,#5075);
#5074 = CARTESIAN_POINT('',(98.5,0.,0.));
#5075 = VECTOR('',#5076,1.);
#5076 = DIRECTION('',(0.,1.,0.));
#5077 = PCURVE('',#4181,#5078);
#5078 = DEFINITIONAL_REPRESENTATION('',(#5079),#5083);
#5079 = LINE('',#5080,#5081);
#5080 = CARTESIAN_POINT('',(-10.37411967464,0.));
#5081 = VECTOR('',#5082,1.);
#5082 = DIRECTION('',(1.,0.));
#5083 = ( GEOMETRIC_REPRESENTATION_CONTEXT(2) 
PARAMETRIC_REPRESENTATION_CONTEXT() REPRESENTATION_CONTEXT('2D SPACE',''
  ) );
#5084 = PCURVE('',#4950,#5085);
#5085 = DEFINITIONAL_REPRESENTATION('',(#5086),#5090);
#5086 = LINE('',#5087,#5088);
#5087 = CARTESIAN_POINT('',(-49.25,-36.45));
#5088 = VECTOR('',#5089,1.);
#5089 = DIRECTION('',(0.,1.));
#5090 = ( GEOMETRIC_REPRESENTATION_CONTEXT(2) 
PARAMETRIC_REPRESENTATION_CONTEXT() REPRESENTATION_CONTEXT('2D SPACE',''
  ) );
#5091 = ORIENTED_EDGE('',*,*,#5092,.T.);
#5092 = EDGE_CURVE('',#5068,#5093,#5095,.T.);
#5093 = VERTEX_POINT('',#5094);
#5094 = CARTESIAN_POINT('',(98.5,10.374119674649,24.));
#5095 = SURFACE_CURVE('',#5096,(#5100,#5107),.PCURVE_S1.);
#5096 = LINE('',#5097,#5098);
#5097 = CARTESIAN_POINT('',(98.5,10.374119674649,0.));
#5098 = VECTOR('',#5099,1.);
#5099 = DIRECTION('',(0.,0.,1.));
#5100 = PCURVE('',#4181,#5101);
#5101 = DEFINITIONAL_REPRESENTATION('',(#5102),#5106);
#5102 = LINE('',#5103,#5104);
#5103 = CARTESIAN_POINT('',(0.,0.));
#5104 = VECTOR('',#5105,1.);
#5105 = DIRECTION('',(0.,-1.));
#5106 = ( GEOMETRIC_REPRESENTATION_CONTEXT(2) 
PARAMETRIC_REPRESENTATION_CONTEXT() REPRESENTATION_CONTEXT('2D SPACE',''
  ) );
#5107 = PCURVE('',#5108,#5113);
#5108 = CYLINDRICAL_SURFACE('',#5109,3.);
#5109 = AXIS2_PLACEMENT_3D('',#5110,#5111,#5112);
#5110 = CARTESIAN_POINT('',(95.5,10.374119674649,0.));
#5111 = DIRECTION('',(-0.,-0.,-1.));
#5112 = DIRECTION('',(0.,-1.,0.));
#5113 = DEFINITIONAL_REPRESENTATION('',(#5114),#5118);
#5114 = LINE('',#5115,#5116);
#5115 = CARTESIAN_POINT('',(4.712388980385,0.));
#5116 = VECTOR('',#5117,1.);
#5117 = DIRECTION('',(0.,-1.));
#5118 = ( GEOMETRIC_REPRESENTATION_CONTEXT(2) 
PARAMETRIC_REPRESENTATION_CONTEXT() REPRESENTATION_CONTEXT('2D SPACE',''
  ) );
#5119 = ORIENTED_EDGE('',*,*,#5120,.F.);
#5120 = EDGE_CURVE('',#5121,#5093,#5123,.T.);
#5121 = VERTEX_POINT('',#5122);
#5122 = CARTESIAN_POINT('',(98.5,62.525880325351,24.));
#5123 = SURFACE_CURVE('',#5124,(#5128,#5134),.PCURVE_S1.);
#5124 = LINE('',#5125,#5126);
#5125 = CARTESIAN_POINT('',(98.5,23.412059837325,24.));
#5126 = VECTOR('',#5127,1.);
#5127 = DIRECTION('',(0.,-1.,0.));
#5128 = PCURVE('',#4181,#5129);
#5129 = DEFINITIONAL_REPRESENTATION('',(#5130),#5133);
#5130 = B_SPLINE_CURVE_WITH_KNOTS('',1,(#5131,#5132),.UNSPECIFIED.,.F.,
  .F.,(2,2),(-39.11382048802,13.037940162675),.PIECEWISE_BEZIER_KNOTS.);
#5131 = CARTESIAN_POINT('',(52.151760650701,-24.));
#5132 = CARTESIAN_POINT('',(0.,-24.));
#5133 = ( GEOMETRIC_REPRESENTATION_CONTEXT(2) 
PARAMETRIC_REPRESENTATION_CONTEXT() REPRESENTATION_CONTEXT('2D SPACE',''
  ) );
#5134 = PCURVE('',#5005,#5135);
#5135 = DEFINITIONAL_REPRESENTATION('',(#5136),#5139);
#5136 = B_SPLINE_CURVE_WITH_KNOTS('',1,(#5137,#5138),.UNSPECIFIED.,.F.,
  .F.,(2,2),(-39.11382048802,13.037940162675),.PIECEWISE_BEZIER_KNOTS.);
#5137 = CARTESIAN_POINT('',(49.25,26.075880325351));
#5138 = CARTESIAN_POINT('',(49.25,-26.07588032535));
#5139 = ( GEOMETRIC_REPRESENTATION_CONTEXT(2) 
PARAMETRIC_REPRESENTATION_CONTEXT() REPRESENTATION_CONTEXT('2D SPACE',''
  ) );
#5140 = ORIENTED_EDGE('',*,*,#5141,.F.);
#5141 = EDGE_CURVE('',#5070,#5121,#5142,.T.);
#5142 = SURFACE_CURVE('',#5143,(#5147,#5154),.PCURVE_S1.);
#5143 = LINE('',#5144,#5145);
#5144 = CARTESIAN_POINT('',(98.5,62.525880325351,0.));
#5145 = VECTOR('',#5146,1.);
#5146 = DIRECTION('',(0.,0.,1.));
#5147 = PCURVE('',#4181,#5148);
#5148 = DEFINITIONAL_REPRESENTATION('',(#5149),#5153);
#5149 = LINE('',#5150,#5151);
#5150 = CARTESIAN_POINT('',(52.151760650701,0.));
#5151 = VECTOR('',#5152,1.);
#5152 = DIRECTION('',(0.,-1.));
#5153 = ( GEOMETRIC_REPRESENTATION_CONTEXT(2) 
PARAMETRIC_REPRESENTATION_CONTEXT() REPRESENTATION_CONTEXT('2D SPACE',''
  ) );
#5154 = PCURVE('',#5155,#5160);
#5155 = CYLINDRICAL_SURFACE('',#5156,3.);
#5156 = AXIS2_PLACEMENT_3D('',#5157,#5158,#5159);
#5157 = CARTESIAN_POINT('',(95.5,62.525880325351,0.));
#5158 = DIRECTION('',(-0.,-0.,-1.));
#5159 = DIRECTION('',(0.,-1.,0.));
#5160 = DEFINITIONAL_REPRESENTATION('',(#5161),#5165);
#5161 = LINE('',#5162,#5163);
#5162 = CARTESIAN_POINT('',(4.712388980385,0.));
#5163 = VECTOR('',#5164,1.);
#5164 = DIRECTION('',(0.,-1.));
#5165 = ( GEOMETRIC_REPRESENTATION_CONTEXT(2) 
PARAMETRIC_REPRESENTATION_CONTEXT() REPRESENTATION_CONTEXT('2D SPACE',''
  ) );
#5166 = FACE_BOUND('',#5167,.T.);
#5167 = EDGE_LOOP('',(#5168));
#5168 = ORIENTED_EDGE('',*,*,#4166,.T.);
#5169 = ADVANCED_FACE('',(#5170),#4262,.T.);
#5170 = FACE_BOUND('',#5171,.T.);
#5171 = EDGE_LOOP('',(#5172,#5173,#5196,#5224));
#5172 = ORIENTED_EDGE('',*,*,#4243,.F.);
#5173 = ORIENTED_EDGE('',*,*,#5174,.T.);
#5174 = EDGE_CURVE('',#4244,#5175,#5177,.T.);
#5175 = VERTEX_POINT('',#5176);
#5176 = CARTESIAN_POINT('',(10.374119674649,-0.9,24.));
#5177 = SURFACE_CURVE('',#5178,(#5182,#5189),.PCURVE_S1.);
#5178 = LINE('',#5179,#5180);
#5179 = CARTESIAN_POINT('',(10.374119674649,-0.9,21.5));
#5180 = VECTOR('',#5181,1.);
#5181 = DIRECTION('',(0.,0.,1.));
#5182 = PCURVE('',#4262,#5183);
#5183 = DEFINITIONAL_REPRESENTATION('',(#5184),#5188);
#5184 = LINE('',#5185,#5186);
#5185 = CARTESIAN_POINT('',(6.28318530718,0.));
#5186 = VECTOR('',#5187,1.);
#5187 = DIRECTION('',(0.,-1.));
#5188 = ( GEOMETRIC_REPRESENTATION_CONTEXT(2) 
PARAMETRIC_REPRESENTATION_CONTEXT() REPRESENTATION_CONTEXT('2D SPACE',''
  ) );
#5189 = PCURVE('',#4289,#5190);
#5190 = DEFINITIONAL_REPRESENTATION('',(#5191),#5195);
#5191 = LINE('',#5192,#5193);
#5192 = CARTESIAN_POINT('',(0.,0.));
#5193 = VECTOR('',#5194,1.);
#5194 = DIRECTION('',(0.,-1.));
#5195 = ( GEOMETRIC_REPRESENTATION_CONTEXT(2) 
PARAMETRIC_REPRESENTATION_CONTEXT() REPRESENTATION_CONTEXT('2D SPACE',''
  ) );
#5196 = ORIENTED_EDGE('',*,*,#5197,.T.);
#5197 = EDGE_CURVE('',#5175,#5198,#5200,.T.);
#5198 = VERTEX_POINT('',#5199);
#5199 = CARTESIAN_POINT('',(6.528667815635,2.35,24.));
#5200 = SURFACE_CURVE('',#5201,(#5206,#5213),.PCURVE_S1.);
#5201 = CIRCLE('',#5202,3.9);
#5202 = AXIS2_PLACEMENT_3D('',#5203,#5204,#5205);
#5203 = CARTESIAN_POINT('',(10.374119674649,3.,24.));
#5204 = DIRECTION('',(-0.,0.,-1.));
#5205 = DIRECTION('',(-0.,-1.,0.));
#5206 = PCURVE('',#4262,#5207);
#5207 = DEFINITIONAL_REPRESENTATION('',(#5208),#5212);
#5208 = LINE('',#5209,#5210);
#5209 = CARTESIAN_POINT('',(6.28318530718,-2.5));
#5210 = VECTOR('',#5211,1.);
#5211 = DIRECTION('',(1.,0.));
#5212 = ( GEOMETRIC_REPRESENTATION_CONTEXT(2) 
PARAMETRIC_REPRESENTATION_CONTEXT() REPRESENTATION_CONTEXT('2D SPACE',''
  ) );
#5213 = PCURVE('',#5005,#5214);
#5214 = DEFINITIONAL_REPRESENTATION('',(#5215),#5223);
#5215 = ( BOUNDED_CURVE() B_SPLINE_CURVE(2,(#5216,#5217,#5218,#5219,
#5220,#5221,#5222),.UNSPECIFIED.,.T.,.F.) B_SPLINE_CURVE_WITH_KNOTS((1,2
    ,2,2,2,1),(-2.094395102393,0.,2.094395102393,4.188790204786,
6.28318530718,8.377580409573),.UNSPECIFIED.) CURVE() 
GEOMETRIC_REPRESENTATION_ITEM() RATIONAL_B_SPLINE_CURVE((1.,0.5,1.,0.5,
1.,0.5,1.)) REPRESENTATION_ITEM('') );
#5216 = CARTESIAN_POINT('',(-38.87588032535,-37.35));
#5217 = CARTESIAN_POINT('',(-45.63087847486,-37.35));
#5218 = CARTESIAN_POINT('',(-42.25337940011,-31.5));
#5219 = CARTESIAN_POINT('',(-38.87588032535,-25.65));
#5220 = CARTESIAN_POINT('',(-35.49838125059,-31.5));
#5221 = CARTESIAN_POINT('',(-32.12088217583,-37.35));
#5222 = CARTESIAN_POINT('',(-38.87588032535,-37.35));
#5223 = ( GEOMETRIC_REPRESENTATION_CONTEXT(2) 
PARAMETRIC_REPRESENTATION_CONTEXT() REPRESENTATION_CONTEXT('2D SPACE',''
  ) );
#5224 = ORIENTED_EDGE('',*,*,#5225,.F.);
#5225 = EDGE_CURVE('',#4246,#5198,#5226,.T.);
#5226 = SURFACE_CURVE('',#5227,(#5231,#5238),.PCURVE_S1.);
#5227 = LINE('',#5228,#5229);
#5228 = CARTESIAN_POINT('',(6.528667815635,2.35,21.5));
#5229 = VECTOR('',#5230,1.);
#5230 = DIRECTION('',(0.,0.,1.));
#5231 = PCURVE('',#4262,#5232);
#5232 = DEFINITIONAL_REPRESENTATION('',(#5233),#5237);
#5233 = LINE('',#5234,#5235);
#5234 = CARTESIAN_POINT('',(7.686533554755,0.));
#5235 = VECTOR('',#5236,1.);
#5236 = DIRECTION('',(0.,-1.));
#5237 = ( GEOMETRIC_REPRESENTATION_CONTEXT(2) 
PARAMETRIC_REPRESENTATION_CONTEXT() REPRESENTATION_CONTEXT('2D SPACE',''
  ) );
#5238 = PCURVE('',#4909,#5239);
#5239 = DEFINITIONAL_REPRESENTATION('',(#5240),#5244);
#5240 = LINE('',#5241,#5242);
#5241 = CARTESIAN_POINT('',(-6.703313641541,0.));
#5242 = VECTOR('',#5243,1.);
#5243 = DIRECTION('',(-0.,-1.));
#5244 = ( GEOMETRIC_REPRESENTATION_CONTEXT(2) 
PARAMETRIC_REPRESENTATION_CONTEXT() REPRESENTATION_CONTEXT('2D SPACE',''
  ) );
#5245 = ADVANCED_FACE('',(#5246),#4909,.F.);
#5246 = FACE_BOUND('',#5247,.T.);
#5247 = EDGE_LOOP('',(#5248,#5271,#5272,#5273));
#5248 = ORIENTED_EDGE('',*,*,#5249,.F.);
#5249 = EDGE_CURVE('',#4866,#5250,#5252,.T.);
#5250 = VERTEX_POINT('',#5251);
#5251 = CARTESIAN_POINT('',(2.35,6.528667815635,24.));
#5252 = SURFACE_CURVE('',#5253,(#5257,#5264),.PCURVE_S1.);
#5253 = LINE('',#5254,#5255);
#5254 = CARTESIAN_POINT('',(2.35,6.528667815635,21.5));
#5255 = VECTOR('',#5256,1.);
#5256 = DIRECTION('',(0.,0.,1.));
#5257 = PCURVE('',#4909,#5258);
#5258 = DEFINITIONAL_REPRESENTATION('',(#5259),#5263);
#5259 = LINE('',#5260,#5261);
#5260 = CARTESIAN_POINT('',(-7.939213809897,0.));
#5261 = VECTOR('',#5262,1.);
#5262 = DIRECTION('',(-0.,-1.));
#5263 = ( GEOMETRIC_REPRESENTATION_CONTEXT(2) 
PARAMETRIC_REPRESENTATION_CONTEXT() REPRESENTATION_CONTEXT('2D SPACE',''
  ) );
#5264 = PCURVE('',#4882,#5265);
#5265 = DEFINITIONAL_REPRESENTATION('',(#5266),#5270);
#5266 = LINE('',#5267,#5268);
#5267 = CARTESIAN_POINT('',(6.450633386399,0.));
#5268 = VECTOR('',#5269,1.);
#5269 = DIRECTION('',(0.,-1.));
#5270 = ( GEOMETRIC_REPRESENTATION_CONTEXT(2) 
PARAMETRIC_REPRESENTATION_CONTEXT() REPRESENTATION_CONTEXT('2D SPACE',''
  ) );
#5271 = ORIENTED_EDGE('',*,*,#4894,.T.);
#5272 = ORIENTED_EDGE('',*,*,#5225,.T.);
#5273 = ORIENTED_EDGE('',*,*,#5274,.F.);
#5274 = EDGE_CURVE('',#5250,#5198,#5275,.T.);
#5275 = SURFACE_CURVE('',#5276,(#5281,#5288),.PCURVE_S1.);
#5276 = CIRCLE('',#5277,5.1);
#5277 = AXIS2_PLACEMENT_3D('',#5278,#5279,#5280);
#5278 = CARTESIAN_POINT('',(1.5,1.5,24.));
#5279 = DIRECTION('',(0.,-0.,-1.));
#5280 = DIRECTION('',(0.968245836552,-0.25,0.));
#5281 = PCURVE('',#4909,#5282);
#5282 = DEFINITIONAL_REPRESENTATION('',(#5283),#5287);
#5283 = LINE('',#5284,#5285);
#5284 = CARTESIAN_POINT('',(-12.56637061435,-2.5));
#5285 = VECTOR('',#5286,1.);
#5286 = DIRECTION('',(1.,-0.));
#5287 = ( GEOMETRIC_REPRESENTATION_CONTEXT(2) 
PARAMETRIC_REPRESENTATION_CONTEXT() REPRESENTATION_CONTEXT('2D SPACE',''
  ) );
#5288 = PCURVE('',#5005,#5289);
#5289 = DEFINITIONAL_REPRESENTATION('',(#5290),#5298);
#5290 = ( BOUNDED_CURVE() B_SPLINE_CURVE(2,(#5291,#5292,#5293,#5294,
#5295,#5296,#5297),.UNSPECIFIED.,.T.,.F.) B_SPLINE_CURVE_WITH_KNOTS((1,2
    ,2,2,2,1),(-2.094395102393,0.,2.094395102393,4.188790204786,
6.28318530718,8.377580409573),.UNSPECIFIED.) CURVE() 
GEOMETRIC_REPRESENTATION_ITEM() RATIONAL_B_SPLINE_CURVE((1.,0.5,1.,0.5,
1.,0.5,1.)) REPRESENTATION_ITEM('') );
#5291 = CARTESIAN_POINT('',(-42.81194623358,-36.225));
#5292 = CARTESIAN_POINT('',(-45.02031101323,-44.77796001393));
#5293 = CARTESIAN_POINT('',(-51.32320927303,-38.58898000696));
#5294 = CARTESIAN_POINT('',(-57.62610753282,-32.4));
#5295 = CARTESIAN_POINT('',(-49.11484449338,-30.03601999303));
#5296 = CARTESIAN_POINT('',(-40.60358145393,-27.67203998606));
#5297 = CARTESIAN_POINT('',(-42.81194623358,-36.225));
#5298 = ( GEOMETRIC_REPRESENTATION_CONTEXT(2) 
PARAMETRIC_REPRESENTATION_CONTEXT() REPRESENTATION_CONTEXT('2D SPACE',''
  ) );
#5299 = ADVANCED_FACE('',(#5300),#4882,.T.);
#5300 = FACE_BOUND('',#5301,.T.);
#5301 = EDGE_LOOP('',(#5302,#5303,#5304,#5332));
#5302 = ORIENTED_EDGE('',*,*,#4865,.F.);
#5303 = ORIENTED_EDGE('',*,*,#5249,.T.);
#5304 = ORIENTED_EDGE('',*,*,#5305,.T.);
#5305 = EDGE_CURVE('',#5250,#5306,#5308,.T.);
#5306 = VERTEX_POINT('',#5307);
#5307 = CARTESIAN_POINT('',(-0.9,10.374119674649,24.));
#5308 = SURFACE_CURVE('',#5309,(#5314,#5321),.PCURVE_S1.);
#5309 = CIRCLE('',#5310,3.9);
#5310 = AXIS2_PLACEMENT_3D('',#5311,#5312,#5313);
#5311 = CARTESIAN_POINT('',(3.,10.374119674649,24.));
#5312 = DIRECTION('',(-0.,0.,-1.));
#5313 = DIRECTION('',(-0.,-1.,0.));
#5314 = PCURVE('',#4882,#5315);
#5315 = DEFINITIONAL_REPRESENTATION('',(#5316),#5320);
#5316 = LINE('',#5317,#5318);
#5317 = CARTESIAN_POINT('',(6.28318530718,-2.5));
#5318 = VECTOR('',#5319,1.);
#5319 = DIRECTION('',(1.,0.));
#5320 = ( GEOMETRIC_REPRESENTATION_CONTEXT(2) 
PARAMETRIC_REPRESENTATION_CONTEXT() REPRESENTATION_CONTEXT('2D SPACE',''
  ) );
#5321 = PCURVE('',#5005,#5322);
#5322 = DEFINITIONAL_REPRESENTATION('',(#5323),#5331);
#5323 = ( BOUNDED_CURVE() B_SPLINE_CURVE(2,(#5324,#5325,#5326,#5327,
#5328,#5329,#5330),.UNSPECIFIED.,.T.,.F.) B_SPLINE_CURVE_WITH_KNOTS((1,2
    ,2,2,2,1),(-2.094395102393,0.,2.094395102393,4.188790204786,
6.28318530718,8.377580409573),.UNSPECIFIED.) CURVE() 
GEOMETRIC_REPRESENTATION_ITEM() RATIONAL_B_SPLINE_CURVE((1.,0.5,1.,0.5,
1.,0.5,1.)) REPRESENTATION_ITEM('') );
#5324 = CARTESIAN_POINT('',(-46.25,-29.97588032535));
#5325 = CARTESIAN_POINT('',(-53.00499814951,-29.97588032535));
#5326 = CARTESIAN_POINT('',(-49.62749907475,-24.12588032535));
#5327 = CARTESIAN_POINT('',(-46.25,-18.27588032535));
#5328 = CARTESIAN_POINT('',(-42.87250092524,-24.12588032535));
#5329 = CARTESIAN_POINT('',(-39.49500185048,-29.97588032535));
#5330 = CARTESIAN_POINT('',(-46.25,-29.97588032535));
#5331 = ( GEOMETRIC_REPRESENTATION_CONTEXT(2) 
PARAMETRIC_REPRESENTATION_CONTEXT() REPRESENTATION_CONTEXT('2D SPACE',''
  ) );
#5332 = ORIENTED_EDGE('',*,*,#5333,.F.);
#5333 = EDGE_CURVE('',#4840,#5306,#5334,.T.);
#5334 = SURFACE_CURVE('',#5335,(#5339,#5346),.PCURVE_S1.);
#5335 = LINE('',#5336,#5337);
#5336 = CARTESIAN_POINT('',(-0.9,10.374119674649,21.5));
#5337 = VECTOR('',#5338,1.);
#5338 = DIRECTION('',(0.,0.,1.));
#5339 = PCURVE('',#4882,#5340);
#5340 = DEFINITIONAL_REPRESENTATION('',(#5341),#5345);
#5341 = LINE('',#5342,#5343);
#5342 = CARTESIAN_POINT('',(7.853981633974,0.));
#5343 = VECTOR('',#5344,1.);
#5344 = DIRECTION('',(0.,-1.));
#5345 = ( GEOMETRIC_REPRESENTATION_CONTEXT(2) 
PARAMETRIC_REPRESENTATION_CONTEXT() REPRESENTATION_CONTEXT('2D SPACE',''
  ) );
#5346 = PCURVE('',#4854,#5347);
#5347 = DEFINITIONAL_REPRESENTATION('',(#5348),#5352);
#5348 = LINE('',#5349,#5350);
#5349 = CARTESIAN_POINT('',(52.151760650701,0.));
#5350 = VECTOR('',#5351,1.);
#5351 = DIRECTION('',(0.,-1.));
#5352 = ( GEOMETRIC_REPRESENTATION_CONTEXT(2) 
PARAMETRIC_REPRESENTATION_CONTEXT() REPRESENTATION_CONTEXT('2D SPACE',''
  ) );
#5353 = ADVANCED_FACE('',(#5354),#4854,.F.);
#5354 = FACE_BOUND('',#5355,.F.);
#5355 = EDGE_LOOP('',(#5356,#5357,#5380,#5399));
#5356 = ORIENTED_EDGE('',*,*,#4839,.F.);
#5357 = ORIENTED_EDGE('',*,*,#5358,.T.);
#5358 = EDGE_CURVE('',#4811,#5359,#5361,.T.);
#5359 = VERTEX_POINT('',#5360);
#5360 = CARTESIAN_POINT('',(-0.9,62.525880325351,24.));
#5361 = SURFACE_CURVE('',#5362,(#5366,#5373),.PCURVE_S1.);
#5362 = LINE('',#5363,#5364);
#5363 = CARTESIAN_POINT('',(-0.9,62.525880325351,21.5));
#5364 = VECTOR('',#5365,1.);
#5365 = DIRECTION('',(0.,0.,1.));
#5366 = PCURVE('',#4854,#5367);
#5367 = DEFINITIONAL_REPRESENTATION('',(#5368),#5372);
#5368 = LINE('',#5369,#5370);
#5369 = CARTESIAN_POINT('',(0.,0.));
#5370 = VECTOR('',#5371,1.);
#5371 = DIRECTION('',(0.,-1.));
#5372 = ( GEOMETRIC_REPRESENTATION_CONTEXT(2) 
PARAMETRIC_REPRESENTATION_CONTEXT() REPRESENTATION_CONTEXT('2D SPACE',''
  ) );
#5373 = PCURVE('',#4827,#5374);
#5374 = DEFINITIONAL_REPRESENTATION('',(#5375),#5379);
#5375 = LINE('',#5376,#5377);
#5376 = CARTESIAN_POINT('',(1.570796326795,0.));
#5377 = VECTOR('',#5378,1.);
#5378 = DIRECTION('',(0.,-1.));
#5379 = ( GEOMETRIC_REPRESENTATION_CONTEXT(2) 
PARAMETRIC_REPRESENTATION_CONTEXT() REPRESENTATION_CONTEXT('2D SPACE',''
  ) );
#5380 = ORIENTED_EDGE('',*,*,#5381,.F.);
#5381 = EDGE_CURVE('',#5306,#5359,#5382,.T.);
#5382 = SURFACE_CURVE('',#5383,(#5387,#5393),.PCURVE_S1.);
#5383 = LINE('',#5384,#5385);
#5384 = CARTESIAN_POINT('',(-0.9,49.487940162675,24.));
#5385 = VECTOR('',#5386,1.);
#5386 = DIRECTION('',(0.,1.,-0.));
#5387 = PCURVE('',#4854,#5388);
#5388 = DEFINITIONAL_REPRESENTATION('',(#5389),#5392);
#5389 = B_SPLINE_CURVE_WITH_KNOTS('',1,(#5390,#5391),.UNSPECIFIED.,.F.,
  .F.,(2,2),(-39.11382048802,13.037940162675),.PIECEWISE_BEZIER_KNOTS.);
#5390 = CARTESIAN_POINT('',(52.151760650701,-2.5));
#5391 = CARTESIAN_POINT('',(0.,-2.5));
#5392 = ( GEOMETRIC_REPRESENTATION_CONTEXT(2) 
PARAMETRIC_REPRESENTATION_CONTEXT() REPRESENTATION_CONTEXT('2D SPACE',''
  ) );
#5393 = PCURVE('',#5005,#5394);
#5394 = DEFINITIONAL_REPRESENTATION('',(#5395),#5398);
#5395 = B_SPLINE_CURVE_WITH_KNOTS('',1,(#5396,#5397),.UNSPECIFIED.,.F.,
  .F.,(2,2),(-39.11382048802,13.037940162675),.PIECEWISE_BEZIER_KNOTS.);
#5396 = CARTESIAN_POINT('',(-50.15,-26.07588032535));
#5397 = CARTESIAN_POINT('',(-50.15,26.075880325351));
#5398 = ( GEOMETRIC_REPRESENTATION_CONTEXT(2) 
PARAMETRIC_REPRESENTATION_CONTEXT() REPRESENTATION_CONTEXT('2D SPACE',''
  ) );
#5399 = ORIENTED_EDGE('',*,*,#5333,.F.);
#5400 = ADVANCED_FACE('',(#5401),#4827,.T.);
#5401 = FACE_BOUND('',#5402,.T.);
#5402 = EDGE_LOOP('',(#5403,#5404,#5405,#5433));
#5403 = ORIENTED_EDGE('',*,*,#4810,.F.);
#5404 = ORIENTED_EDGE('',*,*,#5358,.T.);
#5405 = ORIENTED_EDGE('',*,*,#5406,.T.);
#5406 = EDGE_CURVE('',#5359,#5407,#5409,.T.);
#5407 = VERTEX_POINT('',#5408);
#5408 = CARTESIAN_POINT('',(2.35,66.371332184365,24.));
#5409 = SURFACE_CURVE('',#5410,(#5415,#5422),.PCURVE_S1.);
#5410 = CIRCLE('',#5411,3.9);
#5411 = AXIS2_PLACEMENT_3D('',#5412,#5413,#5414);
#5412 = CARTESIAN_POINT('',(3.,62.525880325351,24.));
#5413 = DIRECTION('',(-0.,0.,-1.));
#5414 = DIRECTION('',(-0.,-1.,0.));
#5415 = PCURVE('',#4827,#5416);
#5416 = DEFINITIONAL_REPRESENTATION('',(#5417),#5421);
#5417 = LINE('',#5418,#5419);
#5418 = CARTESIAN_POINT('',(0.,-2.5));
#5419 = VECTOR('',#5420,1.);
#5420 = DIRECTION('',(1.,0.));
#5421 = ( GEOMETRIC_REPRESENTATION_CONTEXT(2) 
PARAMETRIC_REPRESENTATION_CONTEXT() REPRESENTATION_CONTEXT('2D SPACE',''
  ) );
#5422 = PCURVE('',#5005,#5423);
#5423 = DEFINITIONAL_REPRESENTATION('',(#5424),#5432);
#5424 = ( BOUNDED_CURVE() B_SPLINE_CURVE(2,(#5425,#5426,#5427,#5428,
#5429,#5430,#5431),.UNSPECIFIED.,.T.,.F.) B_SPLINE_CURVE_WITH_KNOTS((1,2
    ,2,2,2,1),(-2.094395102393,0.,2.094395102393,4.188790204786,
6.28318530718,8.377580409573),.UNSPECIFIED.) CURVE() 
GEOMETRIC_REPRESENTATION_ITEM() RATIONAL_B_SPLINE_CURVE((1.,0.5,1.,0.5,
1.,0.5,1.)) REPRESENTATION_ITEM('') );
#5425 = CARTESIAN_POINT('',(-46.25,22.175880325351));
#5426 = CARTESIAN_POINT('',(-53.00499814951,22.175880325351));
#5427 = CARTESIAN_POINT('',(-49.62749907475,28.025880325351));
#5428 = CARTESIAN_POINT('',(-46.25,33.875880325351));
#5429 = CARTESIAN_POINT('',(-42.87250092524,28.025880325351));
#5430 = CARTESIAN_POINT('',(-39.49500185048,22.175880325351));
#5431 = CARTESIAN_POINT('',(-46.25,22.175880325351));
#5432 = ( GEOMETRIC_REPRESENTATION_CONTEXT(2) 
PARAMETRIC_REPRESENTATION_CONTEXT() REPRESENTATION_CONTEXT('2D SPACE',''
  ) );
#5433 = ORIENTED_EDGE('',*,*,#5434,.F.);
#5434 = EDGE_CURVE('',#4782,#5407,#5435,.T.);
#5435 = SURFACE_CURVE('',#5436,(#5440,#5447),.PCURVE_S1.);
#5436 = LINE('',#5437,#5438);
#5437 = CARTESIAN_POINT('',(2.35,66.371332184365,21.5));
#5438 = VECTOR('',#5439,1.);
#5439 = DIRECTION('',(0.,0.,1.));
#5440 = PCURVE('',#4827,#5441);
#5441 = DEFINITIONAL_REPRESENTATION('',(#5442),#5446);
#5442 = LINE('',#5443,#5444);
#5443 = CARTESIAN_POINT('',(2.97414457437,0.));
#5444 = VECTOR('',#5445,1.);
#5445 = DIRECTION('',(0.,-1.));
#5446 = ( GEOMETRIC_REPRESENTATION_CONTEXT(2) 
PARAMETRIC_REPRESENTATION_CONTEXT() REPRESENTATION_CONTEXT('2D SPACE',''
  ) );
#5447 = PCURVE('',#4798,#5448);
#5448 = DEFINITIONAL_REPRESENTATION('',(#5449),#5453);
#5449 = LINE('',#5450,#5451);
#5450 = CARTESIAN_POINT('',(-6.703313641541,0.));
#5451 = VECTOR('',#5452,1.);
#5452 = DIRECTION('',(-0.,-1.));
#5453 = ( GEOMETRIC_REPRESENTATION_CONTEXT(2) 
PARAMETRIC_REPRESENTATION_CONTEXT() REPRESENTATION_CONTEXT('2D SPACE',''
  ) );
#5454 = ADVANCED_FACE('',(#5455),#4798,.F.);
#5455 = FACE_BOUND('',#5456,.T.);
#5456 = EDGE_LOOP('',(#5457,#5480,#5481,#5482));
#5457 = ORIENTED_EDGE('',*,*,#5458,.F.);
#5458 = EDGE_CURVE('',#4753,#5459,#5461,.T.);
#5459 = VERTEX_POINT('',#5460);
#5460 = CARTESIAN_POINT('',(6.528667815635,70.55,24.));
#5461 = SURFACE_CURVE('',#5462,(#5466,#5473),.PCURVE_S1.);
#5462 = LINE('',#5463,#5464);
#5463 = CARTESIAN_POINT('',(6.528667815635,70.55,21.5));
#5464 = VECTOR('',#5465,1.);
#5465 = DIRECTION('',(0.,0.,1.));
#5466 = PCURVE('',#4798,#5467);
#5467 = DEFINITIONAL_REPRESENTATION('',(#5468),#5472);
#5468 = LINE('',#5469,#5470);
#5469 = CARTESIAN_POINT('',(-7.939213809897,0.));
#5470 = VECTOR('',#5471,1.);
#5471 = DIRECTION('',(-0.,-1.));
#5472 = ( GEOMETRIC_REPRESENTATION_CONTEXT(2) 
PARAMETRIC_REPRESENTATION_CONTEXT() REPRESENTATION_CONTEXT('2D SPACE',''
  ) );
#5473 = PCURVE('',#4769,#5474);
#5474 = DEFINITIONAL_REPRESENTATION('',(#5475),#5479);
#5475 = LINE('',#5476,#5477);
#5476 = CARTESIAN_POINT('',(1.738244406015,0.));
#5477 = VECTOR('',#5478,1.);
#5478 = DIRECTION('',(0.,-1.));
#5479 = ( GEOMETRIC_REPRESENTATION_CONTEXT(2) 
PARAMETRIC_REPRESENTATION_CONTEXT() REPRESENTATION_CONTEXT('2D SPACE',''
  ) );
#5480 = ORIENTED_EDGE('',*,*,#4781,.T.);
#5481 = ORIENTED_EDGE('',*,*,#5434,.T.);
#5482 = ORIENTED_EDGE('',*,*,#5483,.F.);
#5483 = EDGE_CURVE('',#5459,#5407,#5484,.T.);
#5484 = SURFACE_CURVE('',#5485,(#5490,#5497),.PCURVE_S1.);
#5485 = CIRCLE('',#5486,5.1);
#5486 = AXIS2_PLACEMENT_3D('',#5487,#5488,#5489);
#5487 = CARTESIAN_POINT('',(1.5,71.4,24.));
#5488 = DIRECTION('',(-0.,0.,-1.));
#5489 = DIRECTION('',(-0.25,-0.968245836552,0.));
#5490 = PCURVE('',#4798,#5491);
#5491 = DEFINITIONAL_REPRESENTATION('',(#5492),#5496);
#5492 = LINE('',#5493,#5494);
#5493 = CARTESIAN_POINT('',(-12.56637061435,-2.5));
#5494 = VECTOR('',#5495,1.);
#5495 = DIRECTION('',(1.,-0.));
#5496 = ( GEOMETRIC_REPRESENTATION_CONTEXT(2) 
PARAMETRIC_REPRESENTATION_CONTEXT() REPRESENTATION_CONTEXT('2D SPACE',''
  ) );
#5497 = PCURVE('',#5005,#5498);
#5498 = DEFINITIONAL_REPRESENTATION('',(#5499),#5507);
#5499 = ( BOUNDED_CURVE() B_SPLINE_CURVE(2,(#5500,#5501,#5502,#5503,
#5504,#5505,#5506),.UNSPECIFIED.,.T.,.F.) B_SPLINE_CURVE_WITH_KNOTS((1,2
    ,2,2,2,1),(-2.094395102393,0.,2.094395102393,4.188790204786,
6.28318530718,8.377580409573),.UNSPECIFIED.) CURVE() 
GEOMETRIC_REPRESENTATION_ITEM() RATIONAL_B_SPLINE_CURVE((1.,0.5,1.,0.5,
1.,0.5,1.)) REPRESENTATION_ITEM('') );
#5500 = CARTESIAN_POINT('',(-49.025,30.011946233586));
#5501 = CARTESIAN_POINT('',(-57.57796001393,32.220311013236));
#5502 = CARTESIAN_POINT('',(-51.38898000696,38.523209273032));
#5503 = CARTESIAN_POINT('',(-45.2,44.826107532829));
#5504 = CARTESIAN_POINT('',(-42.83601999303,36.314844493382));
#5505 = CARTESIAN_POINT('',(-40.47203998606,27.803581453935));
#5506 = CARTESIAN_POINT('',(-49.025,30.011946233586));
#5507 = ( GEOMETRIC_REPRESENTATION_CONTEXT(2) 
PARAMETRIC_REPRESENTATION_CONTEXT() REPRESENTATION_CONTEXT('2D SPACE',''
  ) );
#5508 = ADVANCED_FACE('',(#5509),#4769,.T.);
#5509 = FACE_BOUND('',#5510,.T.);
#5510 = EDGE_LOOP('',(#5511,#5512,#5513,#5541));
#5511 = ORIENTED_EDGE('',*,*,#4752,.F.);
#5512 = ORIENTED_EDGE('',*,*,#5458,.T.);
#5513 = ORIENTED_EDGE('',*,*,#5514,.T.);
#5514 = EDGE_CURVE('',#5459,#5515,#5517,.T.);
#5515 = VERTEX_POINT('',#5516);
#5516 = CARTESIAN_POINT('',(10.374119674649,73.8,24.));
#5517 = SURFACE_CURVE('',#5518,(#5523,#5530),.PCURVE_S1.);
#5518 = CIRCLE('',#5519,3.9);
#5519 = AXIS2_PLACEMENT_3D('',#5520,#5521,#5522);
#5520 = CARTESIAN_POINT('',(10.374119674649,69.9,24.));
#5521 = DIRECTION('',(-0.,0.,-1.));
#5522 = DIRECTION('',(-0.,-1.,0.));
#5523 = PCURVE('',#4769,#5524);
#5524 = DEFINITIONAL_REPRESENTATION('',(#5525),#5529);
#5525 = LINE('',#5526,#5527);
#5526 = CARTESIAN_POINT('',(0.,-2.5));
#5527 = VECTOR('',#5528,1.);
#5528 = DIRECTION('',(1.,0.));
#5529 = ( GEOMETRIC_REPRESENTATION_CONTEXT(2) 
PARAMETRIC_REPRESENTATION_CONTEXT() REPRESENTATION_CONTEXT('2D SPACE',''
  ) );
#5530 = PCURVE('',#5005,#5531);
#5531 = DEFINITIONAL_REPRESENTATION('',(#5532),#5540);
#5532 = ( BOUNDED_CURVE() B_SPLINE_CURVE(2,(#5533,#5534,#5535,#5536,
#5537,#5538,#5539),.UNSPECIFIED.,.T.,.F.) B_SPLINE_CURVE_WITH_KNOTS((1,2
    ,2,2,2,1),(-2.094395102393,0.,2.094395102393,4.188790204786,
6.28318530718,8.377580409573),.UNSPECIFIED.) CURVE() 
GEOMETRIC_REPRESENTATION_ITEM() RATIONAL_B_SPLINE_CURVE((1.,0.5,1.,0.5,
1.,0.5,1.)) REPRESENTATION_ITEM('') );
#5533 = CARTESIAN_POINT('',(-38.87588032535,29.55));
#5534 = CARTESIAN_POINT('',(-45.63087847486,29.55));
#5535 = CARTESIAN_POINT('',(-42.25337940011,35.4));
#5536 = CARTESIAN_POINT('',(-38.87588032535,41.25));
#5537 = CARTESIAN_POINT('',(-35.49838125059,35.4));
#5538 = CARTESIAN_POINT('',(-32.12088217583,29.55));
#5539 = CARTESIAN_POINT('',(-38.87588032535,29.55));
#5540 = ( GEOMETRIC_REPRESENTATION_CONTEXT(2) 
PARAMETRIC_REPRESENTATION_CONTEXT() REPRESENTATION_CONTEXT('2D SPACE',''
  ) );
#5541 = ORIENTED_EDGE('',*,*,#5542,.F.);
#5542 = EDGE_CURVE('',#4727,#5515,#5543,.T.);
#5543 = SURFACE_CURVE('',#5544,(#5548,#5555),.PCURVE_S1.);
#5544 = LINE('',#5545,#5546);
#5545 = CARTESIAN_POINT('',(10.374119674649,73.8,21.5));
#5546 = VECTOR('',#5547,1.);
#5547 = DIRECTION('',(0.,0.,1.));
#5548 = PCURVE('',#4769,#5549);
#5549 = DEFINITIONAL_REPRESENTATION('',(#5550),#5554);
#5550 = LINE('',#5551,#5552);
#5551 = CARTESIAN_POINT('',(3.14159265359,0.));
#5552 = VECTOR('',#5553,1.);
#5553 = DIRECTION('',(0.,-1.));
#5554 = ( GEOMETRIC_REPRESENTATION_CONTEXT(2) 
PARAMETRIC_REPRESENTATION_CONTEXT() REPRESENTATION_CONTEXT('2D SPACE',''
  ) );
#5555 = PCURVE('',#4741,#5556);
#5556 = DEFINITIONAL_REPRESENTATION('',(#5557),#5561);
#5557 = LINE('',#5558,#5559);
#5558 = CARTESIAN_POINT('',(30.001760650701,0.));
#5559 = VECTOR('',#5560,1.);
#5560 = DIRECTION('',(0.,-1.));
#5561 = ( GEOMETRIC_REPRESENTATION_CONTEXT(2) 
PARAMETRIC_REPRESENTATION_CONTEXT() REPRESENTATION_CONTEXT('2D SPACE',''
  ) );
#5562 = ADVANCED_FACE('',(#5563),#4741,.F.);
#5563 = FACE_BOUND('',#5564,.F.);
#5564 = EDGE_LOOP('',(#5565,#5566,#5589,#5608));
#5565 = ORIENTED_EDGE('',*,*,#4726,.F.);
#5566 = ORIENTED_EDGE('',*,*,#5567,.T.);
#5567 = EDGE_CURVE('',#4698,#5568,#5570,.T.);
#5568 = VERTEX_POINT('',#5569);
#5569 = CARTESIAN_POINT('',(40.375880325351,73.8,24.));
#5570 = SURFACE_CURVE('',#5571,(#5575,#5582),.PCURVE_S1.);
#5571 = LINE('',#5572,#5573);
#5572 = CARTESIAN_POINT('',(40.375880325351,73.8,21.5));
#5573 = VECTOR('',#5574,1.);
#5574 = DIRECTION('',(0.,0.,1.));
#5575 = PCURVE('',#4741,#5576);
#5576 = DEFINITIONAL_REPRESENTATION('',(#5577),#5581);
#5577 = LINE('',#5578,#5579);
#5578 = CARTESIAN_POINT('',(0.,-0.));
#5579 = VECTOR('',#5580,1.);
#5580 = DIRECTION('',(0.,-1.));
#5581 = ( GEOMETRIC_REPRESENTATION_CONTEXT(2) 
PARAMETRIC_REPRESENTATION_CONTEXT() REPRESENTATION_CONTEXT('2D SPACE',''
  ) );
#5582 = PCURVE('',#4714,#5583);
#5583 = DEFINITIONAL_REPRESENTATION('',(#5584),#5588);
#5584 = LINE('',#5585,#5586);
#5585 = CARTESIAN_POINT('',(3.14159265359,0.));
#5586 = VECTOR('',#5587,1.);
#5587 = DIRECTION('',(0.,-1.));
#5588 = ( GEOMETRIC_REPRESENTATION_CONTEXT(2) 
PARAMETRIC_REPRESENTATION_CONTEXT() REPRESENTATION_CONTEXT('2D SPACE',''
  ) );
#5589 = ORIENTED_EDGE('',*,*,#5590,.F.);
#5590 = EDGE_CURVE('',#5515,#5568,#5591,.T.);
#5591 = SURFACE_CURVE('',#5592,(#5596,#5602),.PCURVE_S1.);
#5592 = LINE('',#5593,#5594);
#5593 = CARTESIAN_POINT('',(44.812940162675,73.8,24.));
#5594 = VECTOR('',#5595,1.);
#5595 = DIRECTION('',(1.,0.,-0.));
#5596 = PCURVE('',#4741,#5597);
#5597 = DEFINITIONAL_REPRESENTATION('',(#5598),#5601);
#5598 = B_SPLINE_CURVE_WITH_KNOTS('',1,(#5599,#5600),.UNSPECIFIED.,.F.,
  .F.,(2,2),(-34.43882048802,-4.437059837325),.PIECEWISE_BEZIER_KNOTS.);
#5599 = CARTESIAN_POINT('',(30.001760650701,-2.5));
#5600 = CARTESIAN_POINT('',(0.,-2.5));
#5601 = ( GEOMETRIC_REPRESENTATION_CONTEXT(2) 
PARAMETRIC_REPRESENTATION_CONTEXT() REPRESENTATION_CONTEXT('2D SPACE',''
  ) );
#5602 = PCURVE('',#5005,#5603);
#5603 = DEFINITIONAL_REPRESENTATION('',(#5604),#5607);
#5604 = B_SPLINE_CURVE_WITH_KNOTS('',1,(#5605,#5606),.UNSPECIFIED.,.F.,
  .F.,(2,2),(-34.43882048802,-4.437059837325),.PIECEWISE_BEZIER_KNOTS.);
#5605 = CARTESIAN_POINT('',(-38.87588032535,37.35));
#5606 = CARTESIAN_POINT('',(-8.874119674649,37.35));
#5607 = ( GEOMETRIC_REPRESENTATION_CONTEXT(2) 
PARAMETRIC_REPRESENTATION_CONTEXT() REPRESENTATION_CONTEXT('2D SPACE',''
  ) );
#5608 = ORIENTED_EDGE('',*,*,#5542,.F.);
#5609 = ADVANCED_FACE('',(#5610),#4714,.T.);
#5610 = FACE_BOUND('',#5611,.T.);
#5611 = EDGE_LOOP('',(#5612,#5613,#5614,#5642));
#5612 = ORIENTED_EDGE('',*,*,#4697,.F.);
#5613 = ORIENTED_EDGE('',*,*,#5567,.T.);
#5614 = ORIENTED_EDGE('',*,*,#5615,.T.);
#5615 = EDGE_CURVE('',#5568,#5616,#5618,.T.);
#5616 = VERTEX_POINT('',#5617);
#5617 = CARTESIAN_POINT('',(44.221332184365,70.55,24.));
#5618 = SURFACE_CURVE('',#5619,(#5624,#5631),.PCURVE_S1.);
#5619 = CIRCLE('',#5620,3.9);
#5620 = AXIS2_PLACEMENT_3D('',#5621,#5622,#5623);
#5621 = CARTESIAN_POINT('',(40.375880325351,69.9,24.));
#5622 = DIRECTION('',(-0.,0.,-1.));
#5623 = DIRECTION('',(-0.,-1.,0.));
#5624 = PCURVE('',#4714,#5625);
#5625 = DEFINITIONAL_REPRESENTATION('',(#5626),#5630);
#5626 = LINE('',#5627,#5628);
#5627 = CARTESIAN_POINT('',(0.,-2.5));
#5628 = VECTOR('',#5629,1.);
#5629 = DIRECTION('',(1.,0.));
#5630 = ( GEOMETRIC_REPRESENTATION_CONTEXT(2) 
PARAMETRIC_REPRESENTATION_CONTEXT() REPRESENTATION_CONTEXT('2D SPACE',''
  ) );
#5631 = PCURVE('',#5005,#5632);
#5632 = DEFINITIONAL_REPRESENTATION('',(#5633),#5641);
#5633 = ( BOUNDED_CURVE() B_SPLINE_CURVE(2,(#5634,#5635,#5636,#5637,
#5638,#5639,#5640),.UNSPECIFIED.,.T.,.F.) B_SPLINE_CURVE_WITH_KNOTS((1,2
    ,2,2,2,1),(-2.094395102393,0.,2.094395102393,4.188790204786,
6.28318530718,8.377580409573),.UNSPECIFIED.) CURVE() 
GEOMETRIC_REPRESENTATION_ITEM() RATIONAL_B_SPLINE_CURVE((1.,0.5,1.,0.5,
1.,0.5,1.)) REPRESENTATION_ITEM('') );
#5634 = CARTESIAN_POINT('',(-8.874119674649,29.55));
#5635 = CARTESIAN_POINT('',(-15.62911782416,29.55));
#5636 = CARTESIAN_POINT('',(-12.2516187494,35.4));
#5637 = CARTESIAN_POINT('',(-8.874119674649,41.25));
#5638 = CARTESIAN_POINT('',(-5.49662059989,35.4));
#5639 = CARTESIAN_POINT('',(-2.119121525131,29.55));
#5640 = CARTESIAN_POINT('',(-8.874119674649,29.55));
#5641 = ( GEOMETRIC_REPRESENTATION_CONTEXT(2) 
PARAMETRIC_REPRESENTATION_CONTEXT() REPRESENTATION_CONTEXT('2D SPACE',''
  ) );
#5642 = ORIENTED_EDGE('',*,*,#5643,.F.);
#5643 = EDGE_CURVE('',#4669,#5616,#5644,.T.);
#5644 = SURFACE_CURVE('',#5645,(#5649,#5656),.PCURVE_S1.);
#5645 = LINE('',#5646,#5647);
#5646 = CARTESIAN_POINT('',(44.221332184365,70.55,21.5));
#5647 = VECTOR('',#5648,1.);
#5648 = DIRECTION('',(0.,0.,1.));
#5649 = PCURVE('',#4714,#5650);
#5650 = DEFINITIONAL_REPRESENTATION('',(#5651),#5655);
#5651 = LINE('',#5652,#5653);
#5652 = CARTESIAN_POINT('',(4.544940901165,0.));
#5653 = VECTOR('',#5654,1.);
#5654 = DIRECTION('',(0.,-1.));
#5655 = ( GEOMETRIC_REPRESENTATION_CONTEXT(2) 
PARAMETRIC_REPRESENTATION_CONTEXT() REPRESENTATION_CONTEXT('2D SPACE',''
  ) );
#5656 = PCURVE('',#4685,#5657);
#5657 = DEFINITIONAL_REPRESENTATION('',(#5658),#5662);
#5658 = LINE('',#5659,#5660);
#5659 = CARTESIAN_POINT('',(-6.703313641541,0.));
#5660 = VECTOR('',#5661,1.);
#5661 = DIRECTION('',(-0.,-1.));
#5662 = ( GEOMETRIC_REPRESENTATION_CONTEXT(2) 
PARAMETRIC_REPRESENTATION_CONTEXT() REPRESENTATION_CONTEXT('2D SPACE',''
  ) );
#5663 = ADVANCED_FACE('',(#5664),#4685,.F.);
#5664 = FACE_BOUND('',#5665,.T.);
#5665 = EDGE_LOOP('',(#5666,#5689,#5690,#5691));
#5666 = ORIENTED_EDGE('',*,*,#5667,.F.);
#5667 = EDGE_CURVE('',#4640,#5668,#5670,.T.);
#5668 = VERTEX_POINT('',#5669);
#5669 = CARTESIAN_POINT('',(54.278667815635,70.55,24.));
#5670 = SURFACE_CURVE('',#5671,(#5675,#5682),.PCURVE_S1.);
#5671 = LINE('',#5672,#5673);
#5672 = CARTESIAN_POINT('',(54.278667815635,70.55,21.5));
#5673 = VECTOR('',#5674,1.);
#5674 = DIRECTION('',(0.,0.,1.));
#5675 = PCURVE('',#4685,#5676);
#5676 = DEFINITIONAL_REPRESENTATION('',(#5677),#5681);
#5677 = LINE('',#5678,#5679);
#5678 = CARTESIAN_POINT('',(-9.510010136692,0.));
#5679 = VECTOR('',#5680,1.);
#5680 = DIRECTION('',(-0.,-1.));
#5681 = ( GEOMETRIC_REPRESENTATION_CONTEXT(2) 
PARAMETRIC_REPRESENTATION_CONTEXT() REPRESENTATION_CONTEXT('2D SPACE',''
  ) );
#5682 = PCURVE('',#4656,#5683);
#5683 = DEFINITIONAL_REPRESENTATION('',(#5684),#5688);
#5684 = LINE('',#5685,#5686);
#5685 = CARTESIAN_POINT('',(1.738244406015,0.));
#5686 = VECTOR('',#5687,1.);
#5687 = DIRECTION('',(0.,-1.));
#5688 = ( GEOMETRIC_REPRESENTATION_CONTEXT(2) 
PARAMETRIC_REPRESENTATION_CONTEXT() REPRESENTATION_CONTEXT('2D SPACE',''
  ) );
#5689 = ORIENTED_EDGE('',*,*,#4668,.T.);
#5690 = ORIENTED_EDGE('',*,*,#5643,.T.);
#5691 = ORIENTED_EDGE('',*,*,#5692,.F.);
#5692 = EDGE_CURVE('',#5668,#5616,#5693,.T.);
#5693 = SURFACE_CURVE('',#5694,(#5699,#5706),.PCURVE_S1.);
#5694 = CIRCLE('',#5695,5.1);
#5695 = AXIS2_PLACEMENT_3D('',#5696,#5697,#5698);
#5696 = CARTESIAN_POINT('',(49.25,71.4,24.));
#5697 = DIRECTION('',(-0.,0.,-1.));
#5698 = DIRECTION('',(-0.968245836552,0.25,0.));
#5699 = PCURVE('',#4685,#5700);
#5700 = DEFINITIONAL_REPRESENTATION('',(#5701),#5705);
#5701 = LINE('',#5702,#5703);
#5702 = CARTESIAN_POINT('',(-12.56637061435,-2.5));
#5703 = VECTOR('',#5704,1.);
#5704 = DIRECTION('',(1.,-0.));
#5705 = ( GEOMETRIC_REPRESENTATION_CONTEXT(2) 
PARAMETRIC_REPRESENTATION_CONTEXT() REPRESENTATION_CONTEXT('2D SPACE',''
  ) );
#5706 = PCURVE('',#5005,#5707);
#5707 = DEFINITIONAL_REPRESENTATION('',(#5708),#5716);
#5708 = ( BOUNDED_CURVE() B_SPLINE_CURVE(2,(#5709,#5710,#5711,#5712,
#5713,#5714,#5715),.UNSPECIFIED.,.T.,.F.) B_SPLINE_CURVE_WITH_KNOTS((1,2
    ,2,2,2,1),(-2.094395102393,0.,2.094395102393,4.188790204786,
6.28318530718,8.377580409573),.UNSPECIFIED.) CURVE() 
GEOMETRIC_REPRESENTATION_ITEM() RATIONAL_B_SPLINE_CURVE((1.,0.5,1.,0.5,
1.,0.5,1.)) REPRESENTATION_ITEM('') );
#5709 = CARTESIAN_POINT('',(-4.938053766414,36.225));
#5710 = CARTESIAN_POINT('',(-2.729688986764,44.777960013937));
#5711 = CARTESIAN_POINT('',(3.573209273032,38.588980006968));
#5712 = CARTESIAN_POINT('',(9.876107532829,32.4));
#5713 = CARTESIAN_POINT('',(1.364844493382,30.036019993032));
#5714 = CARTESIAN_POINT('',(-7.146418546065,27.672039986063));
#5715 = CARTESIAN_POINT('',(-4.938053766414,36.225));
#5716 = ( GEOMETRIC_REPRESENTATION_CONTEXT(2) 
PARAMETRIC_REPRESENTATION_CONTEXT() REPRESENTATION_CONTEXT('2D SPACE',''
  ) );
#5717 = ADVANCED_FACE('',(#5718),#4656,.T.);
#5718 = FACE_BOUND('',#5719,.T.);
#5719 = EDGE_LOOP('',(#5720,#5721,#5722,#5750));
#5720 = ORIENTED_EDGE('',*,*,#4639,.F.);
#5721 = ORIENTED_EDGE('',*,*,#5667,.T.);
#5722 = ORIENTED_EDGE('',*,*,#5723,.T.);
#5723 = EDGE_CURVE('',#5668,#5724,#5726,.T.);
#5724 = VERTEX_POINT('',#5725);
#5725 = CARTESIAN_POINT('',(58.124119674649,73.8,24.));
#5726 = SURFACE_CURVE('',#5727,(#5732,#5739),.PCURVE_S1.);
#5727 = CIRCLE('',#5728,3.9);
#5728 = AXIS2_PLACEMENT_3D('',#5729,#5730,#5731);
#5729 = CARTESIAN_POINT('',(58.124119674649,69.9,24.));
#5730 = DIRECTION('',(-0.,0.,-1.));
#5731 = DIRECTION('',(-0.,-1.,0.));
#5732 = PCURVE('',#4656,#5733);
#5733 = DEFINITIONAL_REPRESENTATION('',(#5734),#5738);
#5734 = LINE('',#5735,#5736);
#5735 = CARTESIAN_POINT('',(0.,-2.5));
#5736 = VECTOR('',#5737,1.);
#5737 = DIRECTION('',(1.,0.));
#5738 = ( GEOMETRIC_REPRESENTATION_CONTEXT(2) 
PARAMETRIC_REPRESENTATION_CONTEXT() REPRESENTATION_CONTEXT('2D SPACE',''
  ) );
#5739 = PCURVE('',#5005,#5740);
#5740 = DEFINITIONAL_REPRESENTATION('',(#5741),#5749);
#5741 = ( BOUNDED_CURVE() B_SPLINE_CURVE(2,(#5742,#5743,#5744,#5745,
#5746,#5747,#5748),.UNSPECIFIED.,.T.,.F.) B_SPLINE_CURVE_WITH_KNOTS((1,2
    ,2,2,2,1),(-2.094395102393,0.,2.094395102393,4.188790204786,
6.28318530718,8.377580409573),.UNSPECIFIED.) CURVE() 
GEOMETRIC_REPRESENTATION_ITEM() RATIONAL_B_SPLINE_CURVE((1.,0.5,1.,0.5,
1.,0.5,1.)) REPRESENTATION_ITEM('') );
#5742 = CARTESIAN_POINT('',(8.874119674649,29.55));
#5743 = CARTESIAN_POINT('',(2.119121525131,29.55));
#5744 = CARTESIAN_POINT('',(5.49662059989,35.4));
#5745 = CARTESIAN_POINT('',(8.874119674649,41.25));
#5746 = CARTESIAN_POINT('',(12.251618749409,35.4));
#5747 = CARTESIAN_POINT('',(15.629117824168,29.55));
#5748 = CARTESIAN_POINT('',(8.874119674649,29.55));
#5749 = ( GEOMETRIC_REPRESENTATION_CONTEXT(2) 
PARAMETRIC_REPRESENTATION_CONTEXT() REPRESENTATION_CONTEXT('2D SPACE',''
  ) );
#5750 = ORIENTED_EDGE('',*,*,#5751,.F.);
#5751 = EDGE_CURVE('',#4614,#5724,#5752,.T.);
#5752 = SURFACE_CURVE('',#5753,(#5757,#5764),.PCURVE_S1.);
#5753 = LINE('',#5754,#5755);
#5754 = CARTESIAN_POINT('',(58.124119674649,73.8,21.5));
#5755 = VECTOR('',#5756,1.);
#5756 = DIRECTION('',(0.,0.,1.));
#5757 = PCURVE('',#4656,#5758);
#5758 = DEFINITIONAL_REPRESENTATION('',(#5759),#5763);
#5759 = LINE('',#5760,#5761);
#5760 = CARTESIAN_POINT('',(3.14159265359,0.));
#5761 = VECTOR('',#5762,1.);
#5762 = DIRECTION('',(0.,-1.));
#5763 = ( GEOMETRIC_REPRESENTATION_CONTEXT(2) 
PARAMETRIC_REPRESENTATION_CONTEXT() REPRESENTATION_CONTEXT('2D SPACE',''
  ) );
#5764 = PCURVE('',#4628,#5765);
#5765 = DEFINITIONAL_REPRESENTATION('',(#5766),#5770);
#5766 = LINE('',#5767,#5768);
#5767 = CARTESIAN_POINT('',(30.001760650701,0.));
#5768 = VECTOR('',#5769,1.);
#5769 = DIRECTION('',(0.,-1.));
#5770 = ( GEOMETRIC_REPRESENTATION_CONTEXT(2) 
PARAMETRIC_REPRESENTATION_CONTEXT() REPRESENTATION_CONTEXT('2D SPACE',''
  ) );
#5771 = ADVANCED_FACE('',(#5772),#4628,.F.);
#5772 = FACE_BOUND('',#5773,.F.);
#5773 = EDGE_LOOP('',(#5774,#5775,#5798,#5817));
#5774 = ORIENTED_EDGE('',*,*,#4613,.F.);
#5775 = ORIENTED_EDGE('',*,*,#5776,.T.);
#5776 = EDGE_CURVE('',#4585,#5777,#5779,.T.);
#5777 = VERTEX_POINT('',#5778);
#5778 = CARTESIAN_POINT('',(88.125880325351,73.8,24.));
#5779 = SURFACE_CURVE('',#5780,(#5784,#5791),.PCURVE_S1.);
#5780 = LINE('',#5781,#5782);
#5781 = CARTESIAN_POINT('',(88.125880325351,73.8,21.5));
#5782 = VECTOR('',#5783,1.);
#5783 = DIRECTION('',(0.,0.,1.));
#5784 = PCURVE('',#4628,#5785);
#5785 = DEFINITIONAL_REPRESENTATION('',(#5786),#5790);
#5786 = LINE('',#5787,#5788);
#5787 = CARTESIAN_POINT('',(0.,-0.));
#5788 = VECTOR('',#5789,1.);
#5789 = DIRECTION('',(0.,-1.));
#5790 = ( GEOMETRIC_REPRESENTATION_CONTEXT(2) 
PARAMETRIC_REPRESENTATION_CONTEXT() REPRESENTATION_CONTEXT('2D SPACE',''
  ) );
#5791 = PCURVE('',#4601,#5792);
#5792 = DEFINITIONAL_REPRESENTATION('',(#5793),#5797);
#5793 = LINE('',#5794,#5795);
#5794 = CARTESIAN_POINT('',(3.14159265359,0.));
#5795 = VECTOR('',#5796,1.);
#5796 = DIRECTION('',(0.,-1.));
#5797 = ( GEOMETRIC_REPRESENTATION_CONTEXT(2) 
PARAMETRIC_REPRESENTATION_CONTEXT() REPRESENTATION_CONTEXT('2D SPACE',''
  ) );
#5798 = ORIENTED_EDGE('',*,*,#5799,.F.);
#5799 = EDGE_CURVE('',#5724,#5777,#5800,.T.);
#5800 = SURFACE_CURVE('',#5801,(#5805,#5811),.PCURVE_S1.);
#5801 = LINE('',#5802,#5803);
#5802 = CARTESIAN_POINT('',(68.687940162675,73.8,24.));
#5803 = VECTOR('',#5804,1.);
#5804 = DIRECTION('',(1.,0.,-0.));
#5805 = PCURVE('',#4628,#5806);
#5806 = DEFINITIONAL_REPRESENTATION('',(#5807),#5810);
#5807 = B_SPLINE_CURVE_WITH_KNOTS('',1,(#5808,#5809),.UNSPECIFIED.,.F.,
  .F.,(2,2),(-10.56382048802,19.437940162675),.PIECEWISE_BEZIER_KNOTS.);
#5808 = CARTESIAN_POINT('',(30.001760650701,-2.5));
#5809 = CARTESIAN_POINT('',(0.,-2.5));
#5810 = ( GEOMETRIC_REPRESENTATION_CONTEXT(2) 
PARAMETRIC_REPRESENTATION_CONTEXT() REPRESENTATION_CONTEXT('2D SPACE',''
  ) );
#5811 = PCURVE('',#5005,#5812);
#5812 = DEFINITIONAL_REPRESENTATION('',(#5813),#5816);
#5813 = B_SPLINE_CURVE_WITH_KNOTS('',1,(#5814,#5815),.UNSPECIFIED.,.F.,
  .F.,(2,2),(-10.56382048802,19.437940162675),.PIECEWISE_BEZIER_KNOTS.);
#5814 = CARTESIAN_POINT('',(8.874119674649,37.35));
#5815 = CARTESIAN_POINT('',(38.875880325351,37.35));
#5816 = ( GEOMETRIC_REPRESENTATION_CONTEXT(2) 
PARAMETRIC_REPRESENTATION_CONTEXT() REPRESENTATION_CONTEXT('2D SPACE',''
  ) );
#5817 = ORIENTED_EDGE('',*,*,#5751,.F.);
#5818 = ADVANCED_FACE('',(#5819),#4601,.T.);
#5819 = FACE_BOUND('',#5820,.T.);
#5820 = EDGE_LOOP('',(#5821,#5822,#5823,#5851));
#5821 = ORIENTED_EDGE('',*,*,#4584,.F.);
#5822 = ORIENTED_EDGE('',*,*,#5776,.T.);
#5823 = ORIENTED_EDGE('',*,*,#5824,.T.);
#5824 = EDGE_CURVE('',#5777,#5825,#5827,.T.);
#5825 = VERTEX_POINT('',#5826);
#5826 = CARTESIAN_POINT('',(91.971332184365,70.55,24.));
#5827 = SURFACE_CURVE('',#5828,(#5833,#5840),.PCURVE_S1.);
#5828 = CIRCLE('',#5829,3.9);
#5829 = AXIS2_PLACEMENT_3D('',#5830,#5831,#5832);
#5830 = CARTESIAN_POINT('',(88.125880325351,69.9,24.));
#5831 = DIRECTION('',(-0.,0.,-1.));
#5832 = DIRECTION('',(-0.,-1.,0.));
#5833 = PCURVE('',#4601,#5834);
#5834 = DEFINITIONAL_REPRESENTATION('',(#5835),#5839);
#5835 = LINE('',#5836,#5837);
#5836 = CARTESIAN_POINT('',(0.,-2.5));
#5837 = VECTOR('',#5838,1.);
#5838 = DIRECTION('',(1.,0.));
#5839 = ( GEOMETRIC_REPRESENTATION_CONTEXT(2) 
PARAMETRIC_REPRESENTATION_CONTEXT() REPRESENTATION_CONTEXT('2D SPACE',''
  ) );
#5840 = PCURVE('',#5005,#5841);
#5841 = DEFINITIONAL_REPRESENTATION('',(#5842),#5850);
#5842 = ( BOUNDED_CURVE() B_SPLINE_CURVE(2,(#5843,#5844,#5845,#5846,
#5847,#5848,#5849),.UNSPECIFIED.,.T.,.F.) B_SPLINE_CURVE_WITH_KNOTS((1,2
    ,2,2,2,1),(-2.094395102393,0.,2.094395102393,4.188790204786,
6.28318530718,8.377580409573),.UNSPECIFIED.) CURVE() 
GEOMETRIC_REPRESENTATION_ITEM() RATIONAL_B_SPLINE_CURVE((1.,0.5,1.,0.5,
1.,0.5,1.)) REPRESENTATION_ITEM('') );
#5843 = CARTESIAN_POINT('',(38.875880325351,29.55));
#5844 = CARTESIAN_POINT('',(32.120882175832,29.55));
#5845 = CARTESIAN_POINT('',(35.498381250591,35.4));
#5846 = CARTESIAN_POINT('',(38.875880325351,41.25));
#5847 = CARTESIAN_POINT('',(42.25337940011,35.4));
#5848 = CARTESIAN_POINT('',(45.630878474869,29.55));
#5849 = CARTESIAN_POINT('',(38.875880325351,29.55));
#5850 = ( GEOMETRIC_REPRESENTATION_CONTEXT(2) 
PARAMETRIC_REPRESENTATION_CONTEXT() REPRESENTATION_CONTEXT('2D SPACE',''
  ) );
#5851 = ORIENTED_EDGE('',*,*,#5852,.F.);
#5852 = EDGE_CURVE('',#4556,#5825,#5853,.T.);
#5853 = SURFACE_CURVE('',#5854,(#5858,#5865),.PCURVE_S1.);
#5854 = LINE('',#5855,#5856);
#5855 = CARTESIAN_POINT('',(91.971332184365,70.55,21.5));
#5856 = VECTOR('',#5857,1.);
#5857 = DIRECTION('',(0.,0.,1.));
#5858 = PCURVE('',#4601,#5859);
#5859 = DEFINITIONAL_REPRESENTATION('',(#5860),#5864);
#5860 = LINE('',#5861,#5862);
#5861 = CARTESIAN_POINT('',(4.544940901165,0.));
#5862 = VECTOR('',#5863,1.);
#5863 = DIRECTION('',(0.,-1.));
#5864 = ( GEOMETRIC_REPRESENTATION_CONTEXT(2) 
PARAMETRIC_REPRESENTATION_CONTEXT() REPRESENTATION_CONTEXT('2D SPACE',''
  ) );
#5865 = PCURVE('',#4572,#5866);
#5866 = DEFINITIONAL_REPRESENTATION('',(#5867),#5871);
#5867 = LINE('',#5868,#5869);
#5868 = CARTESIAN_POINT('',(-3.309040732809,0.));
#5869 = VECTOR('',#5870,1.);
#5870 = DIRECTION('',(-0.,-1.));
#5871 = ( GEOMETRIC_REPRESENTATION_CONTEXT(2) 
PARAMETRIC_REPRESENTATION_CONTEXT() REPRESENTATION_CONTEXT('2D SPACE',''
  ) );
#5872 = ADVANCED_FACE('',(#5873),#4572,.F.);
#5873 = FACE_BOUND('',#5874,.T.);
#5874 = EDGE_LOOP('',(#5875,#5898,#5899,#5900));
#5875 = ORIENTED_EDGE('',*,*,#5876,.F.);
#5876 = EDGE_CURVE('',#4527,#5877,#5879,.T.);
#5877 = VERTEX_POINT('',#5878);
#5878 = CARTESIAN_POINT('',(96.15,66.371332184365,24.));
#5879 = SURFACE_CURVE('',#5880,(#5884,#5891),.PCURVE_S1.);
#5880 = LINE('',#5881,#5882);
#5881 = CARTESIAN_POINT('',(96.15,66.371332184365,21.5));
#5882 = VECTOR('',#5883,1.);
#5883 = DIRECTION('',(0.,0.,1.));
#5884 = PCURVE('',#4572,#5885);
#5885 = DEFINITIONAL_REPRESENTATION('',(#5886),#5890);
#5886 = LINE('',#5887,#5888);
#5887 = CARTESIAN_POINT('',(-4.544940901165,0.));
#5888 = VECTOR('',#5889,1.);
#5889 = DIRECTION('',(-0.,-1.));
#5890 = ( GEOMETRIC_REPRESENTATION_CONTEXT(2) 
PARAMETRIC_REPRESENTATION_CONTEXT() REPRESENTATION_CONTEXT('2D SPACE',''
  ) );
#5891 = PCURVE('',#4543,#5892);
#5892 = DEFINITIONAL_REPRESENTATION('',(#5893),#5897);
#5893 = LINE('',#5894,#5895);
#5894 = CARTESIAN_POINT('',(3.309040732809,0.));
#5895 = VECTOR('',#5896,1.);
#5896 = DIRECTION('',(0.,-1.));
#5897 = ( GEOMETRIC_REPRESENTATION_CONTEXT(2) 
PARAMETRIC_REPRESENTATION_CONTEXT() REPRESENTATION_CONTEXT('2D SPACE',''
  ) );
#5898 = ORIENTED_EDGE('',*,*,#4555,.T.);
#5899 = ORIENTED_EDGE('',*,*,#5852,.T.);
#5900 = ORIENTED_EDGE('',*,*,#5901,.F.);
#5901 = EDGE_CURVE('',#5877,#5825,#5902,.T.);
#5902 = SURFACE_CURVE('',#5903,(#5908,#5915),.PCURVE_S1.);
#5903 = CIRCLE('',#5904,5.1);
#5904 = AXIS2_PLACEMENT_3D('',#5905,#5906,#5907);
#5905 = CARTESIAN_POINT('',(97.,71.4,24.));
#5906 = DIRECTION('',(0.,0.,-1.));
#5907 = DIRECTION('',(1.,0.,0.));
#5908 = PCURVE('',#4572,#5909);
#5909 = DEFINITIONAL_REPRESENTATION('',(#5910),#5914);
#5910 = LINE('',#5911,#5912);
#5911 = CARTESIAN_POINT('',(-6.28318530718,-2.5));
#5912 = VECTOR('',#5913,1.);
#5913 = DIRECTION('',(1.,-0.));
#5914 = ( GEOMETRIC_REPRESENTATION_CONTEXT(2) 
PARAMETRIC_REPRESENTATION_CONTEXT() REPRESENTATION_CONTEXT('2D SPACE',''
  ) );
#5915 = PCURVE('',#5005,#5916);
#5916 = DEFINITIONAL_REPRESENTATION('',(#5917),#5925);
#5917 = ( BOUNDED_CURVE() B_SPLINE_CURVE(2,(#5918,#5919,#5920,#5921,
#5922,#5923,#5924),.UNSPECIFIED.,.T.,.F.) B_SPLINE_CURVE_WITH_KNOTS((1,2
    ,2,2,2,1),(-2.094395102393,0.,2.094395102393,4.188790204786,
6.28318530718,8.377580409573),.UNSPECIFIED.) CURVE() 
GEOMETRIC_REPRESENTATION_ITEM() RATIONAL_B_SPLINE_CURVE((1.,0.5,1.,0.5,
1.,0.5,1.)) REPRESENTATION_ITEM('') );
#5918 = CARTESIAN_POINT('',(52.85,34.95));
#5919 = CARTESIAN_POINT('',(52.85,26.116540881399));
#5920 = CARTESIAN_POINT('',(45.2,30.533270440699));
#5921 = CARTESIAN_POINT('',(37.55,34.95));
#5922 = CARTESIAN_POINT('',(45.2,39.366729559301));
#5923 = CARTESIAN_POINT('',(52.85,43.783459118601));
#5924 = CARTESIAN_POINT('',(52.85,34.95));
#5925 = ( GEOMETRIC_REPRESENTATION_CONTEXT(2) 
PARAMETRIC_REPRESENTATION_CONTEXT() REPRESENTATION_CONTEXT('2D SPACE',''
  ) );
#5926 = ADVANCED_FACE('',(#5927),#4543,.T.);
#5927 = FACE_BOUND('',#5928,.T.);
#5928 = EDGE_LOOP('',(#5929,#5930,#5931,#5959));
#5929 = ORIENTED_EDGE('',*,*,#4526,.F.);
#5930 = ORIENTED_EDGE('',*,*,#5876,.T.);
#5931 = ORIENTED_EDGE('',*,*,#5932,.T.);
#5932 = EDGE_CURVE('',#5877,#5933,#5935,.T.);
#5933 = VERTEX_POINT('',#5934);
#5934 = CARTESIAN_POINT('',(99.4,62.525880325351,24.));
#5935 = SURFACE_CURVE('',#5936,(#5941,#5948),.PCURVE_S1.);
#5936 = CIRCLE('',#5937,3.9);
#5937 = AXIS2_PLACEMENT_3D('',#5938,#5939,#5940);
#5938 = CARTESIAN_POINT('',(95.5,62.525880325351,24.));
#5939 = DIRECTION('',(-0.,0.,-1.));
#5940 = DIRECTION('',(-0.,-1.,0.));
#5941 = PCURVE('',#4543,#5942);
#5942 = DEFINITIONAL_REPRESENTATION('',(#5943),#5947);
#5943 = LINE('',#5944,#5945);
#5944 = CARTESIAN_POINT('',(0.,-2.5));
#5945 = VECTOR('',#5946,1.);
#5946 = DIRECTION('',(1.,0.));
#5947 = ( GEOMETRIC_REPRESENTATION_CONTEXT(2) 
PARAMETRIC_REPRESENTATION_CONTEXT() REPRESENTATION_CONTEXT('2D SPACE',''
  ) );
#5948 = PCURVE('',#5005,#5949);
#5949 = DEFINITIONAL_REPRESENTATION('',(#5950),#5958);
#5950 = ( BOUNDED_CURVE() B_SPLINE_CURVE(2,(#5951,#5952,#5953,#5954,
#5955,#5956,#5957),.UNSPECIFIED.,.T.,.F.) B_SPLINE_CURVE_WITH_KNOTS((1,2
    ,2,2,2,1),(-2.094395102393,0.,2.094395102393,4.188790204786,
6.28318530718,8.377580409573),.UNSPECIFIED.) CURVE() 
GEOMETRIC_REPRESENTATION_ITEM() RATIONAL_B_SPLINE_CURVE((1.,0.5,1.,0.5,
1.,0.5,1.)) REPRESENTATION_ITEM('') );
#5951 = CARTESIAN_POINT('',(46.25,22.175880325351));
#5952 = CARTESIAN_POINT('',(39.495001850481,22.175880325351));
#5953 = CARTESIAN_POINT('',(42.872500925241,28.025880325351));
#5954 = CARTESIAN_POINT('',(46.25,33.875880325351));
#5955 = CARTESIAN_POINT('',(49.627499074759,28.025880325351));
#5956 = CARTESIAN_POINT('',(53.004998149519,22.175880325351));
#5957 = CARTESIAN_POINT('',(46.25,22.175880325351));
#5958 = ( GEOMETRIC_REPRESENTATION_CONTEXT(2) 
PARAMETRIC_REPRESENTATION_CONTEXT() REPRESENTATION_CONTEXT('2D SPACE',''
  ) );
#5959 = ORIENTED_EDGE('',*,*,#5960,.F.);
#5960 = EDGE_CURVE('',#4501,#5933,#5961,.T.);
#5961 = SURFACE_CURVE('',#5962,(#5966,#5973),.PCURVE_S1.);
#5962 = LINE('',#5963,#5964);
#5963 = CARTESIAN_POINT('',(99.4,62.525880325351,21.5));
#5964 = VECTOR('',#5965,1.);
#5965 = DIRECTION('',(0.,0.,1.));
#5966 = PCURVE('',#4543,#5967);
#5967 = DEFINITIONAL_REPRESENTATION('',(#5968),#5972);
#5968 = LINE('',#5969,#5970);
#5969 = CARTESIAN_POINT('',(4.712388980385,0.));
#5970 = VECTOR('',#5971,1.);
#5971 = DIRECTION('',(0.,-1.));
#5972 = ( GEOMETRIC_REPRESENTATION_CONTEXT(2) 
PARAMETRIC_REPRESENTATION_CONTEXT() REPRESENTATION_CONTEXT('2D SPACE',''
  ) );
#5973 = PCURVE('',#4515,#5974);
#5974 = DEFINITIONAL_REPRESENTATION('',(#5975),#5979);
#5975 = LINE('',#5976,#5977);
#5976 = CARTESIAN_POINT('',(52.151760650701,0.));
#5977 = VECTOR('',#5978,1.);
#5978 = DIRECTION('',(0.,-1.));
#5979 = ( GEOMETRIC_REPRESENTATION_CONTEXT(2) 
PARAMETRIC_REPRESENTATION_CONTEXT() REPRESENTATION_CONTEXT('2D SPACE',''
  ) );
#5980 = ADVANCED_FACE('',(#5981),#4515,.F.);
#5981 = FACE_BOUND('',#5982,.F.);
#5982 = EDGE_LOOP('',(#5983,#5984,#6007,#6026));
#5983 = ORIENTED_EDGE('',*,*,#4500,.F.);
#5984 = ORIENTED_EDGE('',*,*,#5985,.T.);
#5985 = EDGE_CURVE('',#4472,#5986,#5988,.T.);
#5986 = VERTEX_POINT('',#5987);
#5987 = CARTESIAN_POINT('',(99.4,10.374119674649,24.));
#5988 = SURFACE_CURVE('',#5989,(#5993,#6000),.PCURVE_S1.);
#5989 = LINE('',#5990,#5991);
#5990 = CARTESIAN_POINT('',(99.4,10.374119674649,21.5));
#5991 = VECTOR('',#5992,1.);
#5992 = DIRECTION('',(0.,0.,1.));
#5993 = PCURVE('',#4515,#5994);
#5994 = DEFINITIONAL_REPRESENTATION('',(#5995),#5999);
#5995 = LINE('',#5996,#5997);
#5996 = CARTESIAN_POINT('',(0.,0.));
#5997 = VECTOR('',#5998,1.);
#5998 = DIRECTION('',(0.,-1.));
#5999 = ( GEOMETRIC_REPRESENTATION_CONTEXT(2) 
PARAMETRIC_REPRESENTATION_CONTEXT() REPRESENTATION_CONTEXT('2D SPACE',''
  ) );
#6000 = PCURVE('',#4488,#6001);
#6001 = DEFINITIONAL_REPRESENTATION('',(#6002),#6006);
#6002 = LINE('',#6003,#6004);
#6003 = CARTESIAN_POINT('',(4.712388980385,0.));
#6004 = VECTOR('',#6005,1.);
#6005 = DIRECTION('',(0.,-1.));
#6006 = ( GEOMETRIC_REPRESENTATION_CONTEXT(2) 
PARAMETRIC_REPRESENTATION_CONTEXT() REPRESENTATION_CONTEXT('2D SPACE',''
  ) );
#6007 = ORIENTED_EDGE('',*,*,#6008,.F.);
#6008 = EDGE_CURVE('',#5933,#5986,#6009,.T.);
#6009 = SURFACE_CURVE('',#6010,(#6014,#6020),.PCURVE_S1.);
#6010 = LINE('',#6011,#6012);
#6011 = CARTESIAN_POINT('',(99.4,23.412059837325,24.));
#6012 = VECTOR('',#6013,1.);
#6013 = DIRECTION('',(0.,-1.,0.));
#6014 = PCURVE('',#4515,#6015);
#6015 = DEFINITIONAL_REPRESENTATION('',(#6016),#6019);
#6016 = B_SPLINE_CURVE_WITH_KNOTS('',1,(#6017,#6018),.UNSPECIFIED.,.F.,
  .F.,(2,2),(-39.11382048802,13.037940162675),.PIECEWISE_BEZIER_KNOTS.);
#6017 = CARTESIAN_POINT('',(52.151760650701,-2.5));
#6018 = CARTESIAN_POINT('',(0.,-2.5));
#6019 = ( GEOMETRIC_REPRESENTATION_CONTEXT(2) 
PARAMETRIC_REPRESENTATION_CONTEXT() REPRESENTATION_CONTEXT('2D SPACE',''
  ) );
#6020 = PCURVE('',#5005,#6021);
#6021 = DEFINITIONAL_REPRESENTATION('',(#6022),#6025);
#6022 = B_SPLINE_CURVE_WITH_KNOTS('',1,(#6023,#6024),.UNSPECIFIED.,.F.,
  .F.,(2,2),(-39.11382048802,13.037940162675),.PIECEWISE_BEZIER_KNOTS.);
#6023 = CARTESIAN_POINT('',(50.15,26.075880325351));
#6024 = CARTESIAN_POINT('',(50.15,-26.07588032535));
#6025 = ( GEOMETRIC_REPRESENTATION_CONTEXT(2) 
PARAMETRIC_REPRESENTATION_CONTEXT() REPRESENTATION_CONTEXT('2D SPACE',''
  ) );
#6026 = ORIENTED_EDGE('',*,*,#5960,.F.);
#6027 = ADVANCED_FACE('',(#6028),#4488,.T.);
#6028 = FACE_BOUND('',#6029,.T.);
#6029 = EDGE_LOOP('',(#6030,#6031,#6032,#6060));
#6030 = ORIENTED_EDGE('',*,*,#4471,.F.);
#6031 = ORIENTED_EDGE('',*,*,#5985,.T.);
#6032 = ORIENTED_EDGE('',*,*,#6033,.T.);
#6033 = EDGE_CURVE('',#5986,#6034,#6036,.T.);
#6034 = VERTEX_POINT('',#6035);
#6035 = CARTESIAN_POINT('',(96.15,6.528667815635,24.));
#6036 = SURFACE_CURVE('',#6037,(#6042,#6049),.PCURVE_S1.);
#6037 = CIRCLE('',#6038,3.9);
#6038 = AXIS2_PLACEMENT_3D('',#6039,#6040,#6041);
#6039 = CARTESIAN_POINT('',(95.5,10.374119674649,24.));
#6040 = DIRECTION('',(-0.,0.,-1.));
#6041 = DIRECTION('',(-0.,-1.,0.));
#6042 = PCURVE('',#4488,#6043);
#6043 = DEFINITIONAL_REPRESENTATION('',(#6044),#6048);
#6044 = LINE('',#6045,#6046);
#6045 = CARTESIAN_POINT('',(0.,-2.5));
#6046 = VECTOR('',#6047,1.);
#6047 = DIRECTION('',(1.,0.));
#6048 = ( GEOMETRIC_REPRESENTATION_CONTEXT(2) 
PARAMETRIC_REPRESENTATION_CONTEXT() REPRESENTATION_CONTEXT('2D SPACE',''
  ) );
#6049 = PCURVE('',#5005,#6050);
#6050 = DEFINITIONAL_REPRESENTATION('',(#6051),#6059);
#6051 = ( BOUNDED_CURVE() B_SPLINE_CURVE(2,(#6052,#6053,#6054,#6055,
#6056,#6057,#6058),.UNSPECIFIED.,.T.,.F.) B_SPLINE_CURVE_WITH_KNOTS((1,2
    ,2,2,2,1),(-2.094395102393,0.,2.094395102393,4.188790204786,
6.28318530718,8.377580409573),.UNSPECIFIED.) CURVE() 
GEOMETRIC_REPRESENTATION_ITEM() RATIONAL_B_SPLINE_CURVE((1.,0.5,1.,0.5,
1.,0.5,1.)) REPRESENTATION_ITEM('') );
#6052 = CARTESIAN_POINT('',(46.25,-29.97588032535));
#6053 = CARTESIAN_POINT('',(39.495001850481,-29.97588032535));
#6054 = CARTESIAN_POINT('',(42.872500925241,-24.12588032535));
#6055 = CARTESIAN_POINT('',(46.25,-18.27588032535));
#6056 = CARTESIAN_POINT('',(49.627499074759,-24.12588032535));
#6057 = CARTESIAN_POINT('',(53.004998149519,-29.97588032535));
#6058 = CARTESIAN_POINT('',(46.25,-29.97588032535));
#6059 = ( GEOMETRIC_REPRESENTATION_CONTEXT(2) 
PARAMETRIC_REPRESENTATION_CONTEXT() REPRESENTATION_CONTEXT('2D SPACE',''
  ) );
#6060 = ORIENTED_EDGE('',*,*,#6061,.F.);
#6061 = EDGE_CURVE('',#4443,#6034,#6062,.T.);
#6062 = SURFACE_CURVE('',#6063,(#6067,#6074),.PCURVE_S1.);
#6063 = LINE('',#6064,#6065);
#6064 = CARTESIAN_POINT('',(96.15,6.528667815635,21.5));
#6065 = VECTOR('',#6066,1.);
#6066 = DIRECTION('',(0.,0.,1.));
#6067 = PCURVE('',#4488,#6068);
#6068 = DEFINITIONAL_REPRESENTATION('',(#6069),#6073);
#6069 = LINE('',#6070,#6071);
#6070 = CARTESIAN_POINT('',(6.11573722796,0.));
#6071 = VECTOR('',#6072,1.);
#6072 = DIRECTION('',(0.,-1.));
#6073 = ( GEOMETRIC_REPRESENTATION_CONTEXT(2) 
PARAMETRIC_REPRESENTATION_CONTEXT() REPRESENTATION_CONTEXT('2D SPACE',''
  ) );
#6074 = PCURVE('',#4459,#6075);
#6075 = DEFINITIONAL_REPRESENTATION('',(#6076),#6080);
#6076 = LINE('',#6077,#6078);
#6077 = CARTESIAN_POINT('',(-1.738244406015,0.));
#6078 = VECTOR('',#6079,1.);
#6079 = DIRECTION('',(-0.,-1.));
#6080 = ( GEOMETRIC_REPRESENTATION_CONTEXT(2) 
PARAMETRIC_REPRESENTATION_CONTEXT() REPRESENTATION_CONTEXT('2D SPACE',''
  ) );
#6081 = ADVANCED_FACE('',(#6082),#4459,.F.);
#6082 = FACE_BOUND('',#6083,.T.);
#6083 = EDGE_LOOP('',(#6084,#6107,#6108,#6109));
#6084 = ORIENTED_EDGE('',*,*,#6085,.F.);
#6085 = EDGE_CURVE('',#4414,#6086,#6088,.T.);
#6086 = VERTEX_POINT('',#6087);
#6087 = CARTESIAN_POINT('',(91.971332184365,2.35,24.));
#6088 = SURFACE_CURVE('',#6089,(#6093,#6100),.PCURVE_S1.);
#6089 = LINE('',#6090,#6091);
#6090 = CARTESIAN_POINT('',(91.971332184365,2.35,21.5));
#6091 = VECTOR('',#6092,1.);
#6092 = DIRECTION('',(0.,0.,1.));
#6093 = PCURVE('',#4459,#6094);
#6094 = DEFINITIONAL_REPRESENTATION('',(#6095),#6099);
#6095 = LINE('',#6096,#6097);
#6096 = CARTESIAN_POINT('',(-2.97414457437,0.));
#6097 = VECTOR('',#6098,1.);
#6098 = DIRECTION('',(-0.,-1.));
#6099 = ( GEOMETRIC_REPRESENTATION_CONTEXT(2) 
PARAMETRIC_REPRESENTATION_CONTEXT() REPRESENTATION_CONTEXT('2D SPACE',''
  ) );
#6100 = PCURVE('',#4430,#6101);
#6101 = DEFINITIONAL_REPRESENTATION('',(#6102),#6106);
#6102 = LINE('',#6103,#6104);
#6103 = CARTESIAN_POINT('',(4.879837059604,0.));
#6104 = VECTOR('',#6105,1.);
#6105 = DIRECTION('',(0.,-1.));
#6106 = ( GEOMETRIC_REPRESENTATION_CONTEXT(2) 
PARAMETRIC_REPRESENTATION_CONTEXT() REPRESENTATION_CONTEXT('2D SPACE',''
  ) );
#6107 = ORIENTED_EDGE('',*,*,#4442,.T.);
#6108 = ORIENTED_EDGE('',*,*,#6061,.T.);
#6109 = ORIENTED_EDGE('',*,*,#6110,.F.);
#6110 = EDGE_CURVE('',#6086,#6034,#6111,.T.);
#6111 = SURFACE_CURVE('',#6112,(#6117,#6124),.PCURVE_S1.);
#6112 = CIRCLE('',#6113,5.1);
#6113 = AXIS2_PLACEMENT_3D('',#6114,#6115,#6116);
#6114 = CARTESIAN_POINT('',(97.,1.5,24.));
#6115 = DIRECTION('',(0.,0.,-1.));
#6116 = DIRECTION('',(1.,0.,0.));
#6117 = PCURVE('',#4459,#6118);
#6118 = DEFINITIONAL_REPRESENTATION('',(#6119),#6123);
#6119 = LINE('',#6120,#6121);
#6120 = CARTESIAN_POINT('',(-6.28318530718,-2.5));
#6121 = VECTOR('',#6122,1.);
#6122 = DIRECTION('',(1.,-0.));
#6123 = ( GEOMETRIC_REPRESENTATION_CONTEXT(2) 
PARAMETRIC_REPRESENTATION_CONTEXT() REPRESENTATION_CONTEXT('2D SPACE',''
  ) );
#6124 = PCURVE('',#5005,#6125);
#6125 = DEFINITIONAL_REPRESENTATION('',(#6126),#6134);
#6126 = ( BOUNDED_CURVE() B_SPLINE_CURVE(2,(#6127,#6128,#6129,#6130,
#6131,#6132,#6133),.UNSPECIFIED.,.T.,.F.) B_SPLINE_CURVE_WITH_KNOTS((1,2
    ,2,2,2,1),(-2.094395102393,0.,2.094395102393,4.188790204786,
6.28318530718,8.377580409573),.UNSPECIFIED.) CURVE() 
GEOMETRIC_REPRESENTATION_ITEM() RATIONAL_B_SPLINE_CURVE((1.,0.5,1.,0.5,
1.,0.5,1.)) REPRESENTATION_ITEM('') );
#6127 = CARTESIAN_POINT('',(52.85,-34.95));
#6128 = CARTESIAN_POINT('',(52.85,-43.7834591186));
#6129 = CARTESIAN_POINT('',(45.2,-39.3667295593));
#6130 = CARTESIAN_POINT('',(37.55,-34.95));
#6131 = CARTESIAN_POINT('',(45.2,-30.53327044069));
#6132 = CARTESIAN_POINT('',(52.85,-26.11654088139));
#6133 = CARTESIAN_POINT('',(52.85,-34.95));
#6134 = ( GEOMETRIC_REPRESENTATION_CONTEXT(2) 
PARAMETRIC_REPRESENTATION_CONTEXT() REPRESENTATION_CONTEXT('2D SPACE',''
  ) );
#6135 = ADVANCED_FACE('',(#6136),#4430,.T.);
#6136 = FACE_BOUND('',#6137,.T.);
#6137 = EDGE_LOOP('',(#6138,#6139,#6140,#6168));
#6138 = ORIENTED_EDGE('',*,*,#4413,.F.);
#6139 = ORIENTED_EDGE('',*,*,#6085,.T.);
#6140 = ORIENTED_EDGE('',*,*,#6141,.T.);
#6141 = EDGE_CURVE('',#6086,#6142,#6144,.T.);
#6142 = VERTEX_POINT('',#6143);
#6143 = CARTESIAN_POINT('',(88.125880325351,-0.9,24.));
#6144 = SURFACE_CURVE('',#6145,(#6150,#6157),.PCURVE_S1.);
#6145 = CIRCLE('',#6146,3.9);
#6146 = AXIS2_PLACEMENT_3D('',#6147,#6148,#6149);
#6147 = CARTESIAN_POINT('',(88.125880325351,3.,24.));
#6148 = DIRECTION('',(-0.,0.,-1.));
#6149 = DIRECTION('',(-0.,-1.,0.));
#6150 = PCURVE('',#4430,#6151);
#6151 = DEFINITIONAL_REPRESENTATION('',(#6152),#6156);
#6152 = LINE('',#6153,#6154);
#6153 = CARTESIAN_POINT('',(0.,-2.5));
#6154 = VECTOR('',#6155,1.);
#6155 = DIRECTION('',(1.,0.));
#6156 = ( GEOMETRIC_REPRESENTATION_CONTEXT(2) 
PARAMETRIC_REPRESENTATION_CONTEXT() REPRESENTATION_CONTEXT('2D SPACE',''
  ) );
#6157 = PCURVE('',#5005,#6158);
#6158 = DEFINITIONAL_REPRESENTATION('',(#6159),#6167);
#6159 = ( BOUNDED_CURVE() B_SPLINE_CURVE(2,(#6160,#6161,#6162,#6163,
#6164,#6165,#6166),.UNSPECIFIED.,.T.,.F.) B_SPLINE_CURVE_WITH_KNOTS((1,2
    ,2,2,2,1),(-2.094395102393,0.,2.094395102393,4.188790204786,
6.28318530718,8.377580409573),.UNSPECIFIED.) CURVE() 
GEOMETRIC_REPRESENTATION_ITEM() RATIONAL_B_SPLINE_CURVE((1.,0.5,1.,0.5,
1.,0.5,1.)) REPRESENTATION_ITEM('') );
#6160 = CARTESIAN_POINT('',(38.875880325351,-37.35));
#6161 = CARTESIAN_POINT('',(32.120882175832,-37.35));
#6162 = CARTESIAN_POINT('',(35.498381250591,-31.5));
#6163 = CARTESIAN_POINT('',(38.875880325351,-25.65));
#6164 = CARTESIAN_POINT('',(42.25337940011,-31.5));
#6165 = CARTESIAN_POINT('',(45.630878474869,-37.35));
#6166 = CARTESIAN_POINT('',(38.875880325351,-37.35));
#6167 = ( GEOMETRIC_REPRESENTATION_CONTEXT(2) 
PARAMETRIC_REPRESENTATION_CONTEXT() REPRESENTATION_CONTEXT('2D SPACE',''
  ) );
#6168 = ORIENTED_EDGE('',*,*,#6169,.F.);
#6169 = EDGE_CURVE('',#4388,#6142,#6170,.T.);
#6170 = SURFACE_CURVE('',#6171,(#6175,#6182),.PCURVE_S1.);
#6171 = LINE('',#6172,#6173);
#6172 = CARTESIAN_POINT('',(88.125880325351,-0.9,21.5));
#6173 = VECTOR('',#6174,1.);
#6174 = DIRECTION('',(0.,0.,1.));
#6175 = PCURVE('',#4430,#6176);
#6176 = DEFINITIONAL_REPRESENTATION('',(#6177),#6181);
#6177 = LINE('',#6178,#6179);
#6178 = CARTESIAN_POINT('',(6.28318530718,0.));
#6179 = VECTOR('',#6180,1.);
#6180 = DIRECTION('',(0.,-1.));
#6181 = ( GEOMETRIC_REPRESENTATION_CONTEXT(2) 
PARAMETRIC_REPRESENTATION_CONTEXT() REPRESENTATION_CONTEXT('2D SPACE',''
  ) );
#6182 = PCURVE('',#4402,#6183);
#6183 = DEFINITIONAL_REPRESENTATION('',(#6184),#6188);
#6184 = LINE('',#6185,#6186);
#6185 = CARTESIAN_POINT('',(30.001760650701,0.));
#6186 = VECTOR('',#6187,1.);
#6187 = DIRECTION('',(0.,-1.));
#6188 = ( GEOMETRIC_REPRESENTATION_CONTEXT(2) 
PARAMETRIC_REPRESENTATION_CONTEXT() REPRESENTATION_CONTEXT('2D SPACE',''
  ) );
#6189 = ADVANCED_FACE('',(#6190),#4402,.F.);
#6190 = FACE_BOUND('',#6191,.F.);
#6191 = EDGE_LOOP('',(#6192,#6193,#6216,#6235));
#6192 = ORIENTED_EDGE('',*,*,#4387,.F.);
#6193 = ORIENTED_EDGE('',*,*,#6194,.T.);
#6194 = EDGE_CURVE('',#4359,#6195,#6197,.T.);
#6195 = VERTEX_POINT('',#6196);
#6196 = CARTESIAN_POINT('',(58.124119674649,-0.9,24.));
#6197 = SURFACE_CURVE('',#6198,(#6202,#6209),.PCURVE_S1.);
#6198 = LINE('',#6199,#6200);
#6199 = CARTESIAN_POINT('',(58.124119674649,-0.9,21.5));
#6200 = VECTOR('',#6201,1.);
#6201 = DIRECTION('',(0.,0.,1.));
#6202 = PCURVE('',#4402,#6203);
#6203 = DEFINITIONAL_REPRESENTATION('',(#6204),#6208);
#6204 = LINE('',#6205,#6206);
#6205 = CARTESIAN_POINT('',(0.,0.));
#6206 = VECTOR('',#6207,1.);
#6207 = DIRECTION('',(0.,-1.));
#6208 = ( GEOMETRIC_REPRESENTATION_CONTEXT(2) 
PARAMETRIC_REPRESENTATION_CONTEXT() REPRESENTATION_CONTEXT('2D SPACE',''
  ) );
#6209 = PCURVE('',#4375,#6210);
#6210 = DEFINITIONAL_REPRESENTATION('',(#6211),#6215);
#6211 = LINE('',#6212,#6213);
#6212 = CARTESIAN_POINT('',(6.28318530718,0.));
#6213 = VECTOR('',#6214,1.);
#6214 = DIRECTION('',(0.,-1.));
#6215 = ( GEOMETRIC_REPRESENTATION_CONTEXT(2) 
PARAMETRIC_REPRESENTATION_CONTEXT() REPRESENTATION_CONTEXT('2D SPACE',''
  ) );
#6216 = ORIENTED_EDGE('',*,*,#6217,.F.);
#6217 = EDGE_CURVE('',#6142,#6195,#6218,.T.);
#6218 = SURFACE_CURVE('',#6219,(#6223,#6229),.PCURVE_S1.);
#6219 = LINE('',#6220,#6221);
#6220 = CARTESIAN_POINT('',(53.687059837325,-0.9,24.));
#6221 = VECTOR('',#6222,1.);
#6222 = DIRECTION('',(-1.,-0.,0.));
#6223 = PCURVE('',#4402,#6224);
#6224 = DEFINITIONAL_REPRESENTATION('',(#6225),#6228);
#6225 = B_SPLINE_CURVE_WITH_KNOTS('',1,(#6226,#6227),.UNSPECIFIED.,.F.,
  .F.,(2,2),(-34.43882048802,-4.437059837325),.PIECEWISE_BEZIER_KNOTS.);
#6226 = CARTESIAN_POINT('',(30.001760650701,-2.5));
#6227 = CARTESIAN_POINT('',(0.,-2.5));
#6228 = ( GEOMETRIC_REPRESENTATION_CONTEXT(2) 
PARAMETRIC_REPRESENTATION_CONTEXT() REPRESENTATION_CONTEXT('2D SPACE',''
  ) );
#6229 = PCURVE('',#5005,#6230);
#6230 = DEFINITIONAL_REPRESENTATION('',(#6231),#6234);
#6231 = B_SPLINE_CURVE_WITH_KNOTS('',1,(#6232,#6233),.UNSPECIFIED.,.F.,
  .F.,(2,2),(-34.43882048802,-4.437059837325),.PIECEWISE_BEZIER_KNOTS.);
#6232 = CARTESIAN_POINT('',(38.875880325351,-37.35));
#6233 = CARTESIAN_POINT('',(8.874119674649,-37.35));
#6234 = ( GEOMETRIC_REPRESENTATION_CONTEXT(2) 
PARAMETRIC_REPRESENTATION_CONTEXT() REPRESENTATION_CONTEXT('2D SPACE',''
  ) );
#6235 = ORIENTED_EDGE('',*,*,#6169,.F.);
#6236 = ADVANCED_FACE('',(#6237),#4375,.T.);
#6237 = FACE_BOUND('',#6238,.T.);
#6238 = EDGE_LOOP('',(#6239,#6240,#6241,#6269));
#6239 = ORIENTED_EDGE('',*,*,#4358,.F.);
#6240 = ORIENTED_EDGE('',*,*,#6194,.T.);
#6241 = ORIENTED_EDGE('',*,*,#6242,.T.);
#6242 = EDGE_CURVE('',#6195,#6243,#6245,.T.);
#6243 = VERTEX_POINT('',#6244);
#6244 = CARTESIAN_POINT('',(54.278667815635,2.35,24.));
#6245 = SURFACE_CURVE('',#6246,(#6251,#6258),.PCURVE_S1.);
#6246 = CIRCLE('',#6247,3.9);
#6247 = AXIS2_PLACEMENT_3D('',#6248,#6249,#6250);
#6248 = CARTESIAN_POINT('',(58.124119674649,3.,24.));
#6249 = DIRECTION('',(-0.,0.,-1.));
#6250 = DIRECTION('',(-0.,-1.,0.));
#6251 = PCURVE('',#4375,#6252);
#6252 = DEFINITIONAL_REPRESENTATION('',(#6253),#6257);
#6253 = LINE('',#6254,#6255);
#6254 = CARTESIAN_POINT('',(6.28318530718,-2.5));
#6255 = VECTOR('',#6256,1.);
#6256 = DIRECTION('',(1.,0.));
#6257 = ( GEOMETRIC_REPRESENTATION_CONTEXT(2) 
PARAMETRIC_REPRESENTATION_CONTEXT() REPRESENTATION_CONTEXT('2D SPACE',''
  ) );
#6258 = PCURVE('',#5005,#6259);
#6259 = DEFINITIONAL_REPRESENTATION('',(#6260),#6268);
#6260 = ( BOUNDED_CURVE() B_SPLINE_CURVE(2,(#6261,#6262,#6263,#6264,
#6265,#6266,#6267),.UNSPECIFIED.,.T.,.F.) B_SPLINE_CURVE_WITH_KNOTS((1,2
    ,2,2,2,1),(-2.094395102393,0.,2.094395102393,4.188790204786,
6.28318530718,8.377580409573),.UNSPECIFIED.) CURVE() 
GEOMETRIC_REPRESENTATION_ITEM() RATIONAL_B_SPLINE_CURVE((1.,0.5,1.,0.5,
1.,0.5,1.)) REPRESENTATION_ITEM('') );
#6261 = CARTESIAN_POINT('',(8.874119674649,-37.35));
#6262 = CARTESIAN_POINT('',(2.119121525131,-37.35));
#6263 = CARTESIAN_POINT('',(5.49662059989,-31.5));
#6264 = CARTESIAN_POINT('',(8.874119674649,-25.65));
#6265 = CARTESIAN_POINT('',(12.251618749409,-31.5));
#6266 = CARTESIAN_POINT('',(15.629117824168,-37.35));
#6267 = CARTESIAN_POINT('',(8.874119674649,-37.35));
#6268 = ( GEOMETRIC_REPRESENTATION_CONTEXT(2) 
PARAMETRIC_REPRESENTATION_CONTEXT() REPRESENTATION_CONTEXT('2D SPACE',''
  ) );
#6269 = ORIENTED_EDGE('',*,*,#6270,.F.);
#6270 = EDGE_CURVE('',#4330,#6243,#6271,.T.);
#6271 = SURFACE_CURVE('',#6272,(#6276,#6283),.PCURVE_S1.);
#6272 = LINE('',#6273,#6274);
#6273 = CARTESIAN_POINT('',(54.278667815635,2.35,21.5));
#6274 = VECTOR('',#6275,1.);
#6275 = DIRECTION('',(0.,0.,1.));
#6276 = PCURVE('',#4375,#6277);
#6277 = DEFINITIONAL_REPRESENTATION('',(#6278),#6282);
#6278 = LINE('',#6279,#6280);
#6279 = CARTESIAN_POINT('',(7.686533554755,0.));
#6280 = VECTOR('',#6281,1.);
#6281 = DIRECTION('',(0.,-1.));
#6282 = ( GEOMETRIC_REPRESENTATION_CONTEXT(2) 
PARAMETRIC_REPRESENTATION_CONTEXT() REPRESENTATION_CONTEXT('2D SPACE',''
  ) );
#6283 = PCURVE('',#4346,#6284);
#6284 = DEFINITIONAL_REPRESENTATION('',(#6285),#6289);
#6285 = LINE('',#6286,#6287);
#6286 = CARTESIAN_POINT('',(-6.703313641541,0.));
#6287 = VECTOR('',#6288,1.);
#6288 = DIRECTION('',(-0.,-1.));
#6289 = ( GEOMETRIC_REPRESENTATION_CONTEXT(2) 
PARAMETRIC_REPRESENTATION_CONTEXT() REPRESENTATION_CONTEXT('2D SPACE',''
  ) );
#6290 = ADVANCED_FACE('',(#6291),#4346,.F.);
#6291 = FACE_BOUND('',#6292,.T.);
#6292 = EDGE_LOOP('',(#6293,#6316,#6317,#6318));
#6293 = ORIENTED_EDGE('',*,*,#6294,.F.);
#6294 = EDGE_CURVE('',#4301,#6295,#6297,.T.);
#6295 = VERTEX_POINT('',#6296);
#6296 = CARTESIAN_POINT('',(44.221332184365,2.35,24.));
#6297 = SURFACE_CURVE('',#6298,(#6302,#6309),.PCURVE_S1.);
#6298 = LINE('',#6299,#6300);
#6299 = CARTESIAN_POINT('',(44.221332184365,2.35,21.5));
#6300 = VECTOR('',#6301,1.);
#6301 = DIRECTION('',(0.,0.,1.));
#6302 = PCURVE('',#4346,#6303);
#6303 = DEFINITIONAL_REPRESENTATION('',(#6304),#6308);
#6304 = LINE('',#6305,#6306);
#6305 = CARTESIAN_POINT('',(-9.510010136692,0.));
#6306 = VECTOR('',#6307,1.);
#6307 = DIRECTION('',(-0.,-1.));
#6308 = ( GEOMETRIC_REPRESENTATION_CONTEXT(2) 
PARAMETRIC_REPRESENTATION_CONTEXT() REPRESENTATION_CONTEXT('2D SPACE',''
  ) );
#6309 = PCURVE('',#4317,#6310);
#6310 = DEFINITIONAL_REPRESENTATION('',(#6311),#6315);
#6311 = LINE('',#6312,#6313);
#6312 = CARTESIAN_POINT('',(-7.686533554755,0.));
#6313 = VECTOR('',#6314,1.);
#6314 = DIRECTION('',(-0.,-1.));
#6315 = ( GEOMETRIC_REPRESENTATION_CONTEXT(2) 
PARAMETRIC_REPRESENTATION_CONTEXT() REPRESENTATION_CONTEXT('2D SPACE',''
  ) );
#6316 = ORIENTED_EDGE('',*,*,#4329,.T.);
#6317 = ORIENTED_EDGE('',*,*,#6270,.T.);
#6318 = ORIENTED_EDGE('',*,*,#6319,.F.);
#6319 = EDGE_CURVE('',#6295,#6243,#6320,.T.);
#6320 = SURFACE_CURVE('',#6321,(#6326,#6333),.PCURVE_S1.);
#6321 = CIRCLE('',#6322,5.1);
#6322 = AXIS2_PLACEMENT_3D('',#6323,#6324,#6325);
#6323 = CARTESIAN_POINT('',(49.25,1.5,24.));
#6324 = DIRECTION('',(0.,-0.,-1.));
#6325 = DIRECTION('',(0.968245836552,-0.25,0.));
#6326 = PCURVE('',#4346,#6327);
#6327 = DEFINITIONAL_REPRESENTATION('',(#6328),#6332);
#6328 = LINE('',#6329,#6330);
#6329 = CARTESIAN_POINT('',(-12.56637061435,-2.5));
#6330 = VECTOR('',#6331,1.);
#6331 = DIRECTION('',(1.,-0.));
#6332 = ( GEOMETRIC_REPRESENTATION_CONTEXT(2) 
PARAMETRIC_REPRESENTATION_CONTEXT() REPRESENTATION_CONTEXT('2D SPACE',''
  ) );
#6333 = PCURVE('',#5005,#6334);
#6334 = DEFINITIONAL_REPRESENTATION('',(#6335),#6343);
#6335 = ( BOUNDED_CURVE() B_SPLINE_CURVE(2,(#6336,#6337,#6338,#6339,
#6340,#6341,#6342),.UNSPECIFIED.,.T.,.F.) B_SPLINE_CURVE_WITH_KNOTS((1,2
    ,2,2,2,1),(-2.094395102393,0.,2.094395102393,4.188790204786,
6.28318530718,8.377580409573),.UNSPECIFIED.) CURVE() 
GEOMETRIC_REPRESENTATION_ITEM() RATIONAL_B_SPLINE_CURVE((1.,0.5,1.,0.5,
1.,0.5,1.)) REPRESENTATION_ITEM('') );
#6336 = CARTESIAN_POINT('',(4.938053766414,-36.225));
#6337 = CARTESIAN_POINT('',(2.729688986764,-44.77796001393));
#6338 = CARTESIAN_POINT('',(-3.573209273032,-38.58898000696));
#6339 = CARTESIAN_POINT('',(-9.876107532829,-32.4));
#6340 = CARTESIAN_POINT('',(-1.364844493382,-30.03601999303));
#6341 = CARTESIAN_POINT('',(7.146418546065,-27.67203998606));
#6342 = CARTESIAN_POINT('',(4.938053766414,-36.225));
#6343 = ( GEOMETRIC_REPRESENTATION_CONTEXT(2) 
PARAMETRIC_REPRESENTATION_CONTEXT() REPRESENTATION_CONTEXT('2D SPACE',''
  ) );
#6344 = ADVANCED_FACE('',(#6345),#4317,.T.);
#6345 = FACE_BOUND('',#6346,.F.);
#6346 = EDGE_LOOP('',(#6347,#6348,#6349,#6372));
#6347 = ORIENTED_EDGE('',*,*,#6294,.F.);
#6348 = ORIENTED_EDGE('',*,*,#4300,.T.);
#6349 = ORIENTED_EDGE('',*,*,#6350,.T.);
#6350 = EDGE_CURVE('',#4275,#6351,#6353,.T.);
#6351 = VERTEX_POINT('',#6352);
#6352 = CARTESIAN_POINT('',(40.375880325351,-0.9,24.));
#6353 = SURFACE_CURVE('',#6354,(#6358,#6365),.PCURVE_S1.);
#6354 = LINE('',#6355,#6356);
#6355 = CARTESIAN_POINT('',(40.375880325351,-0.9,21.5));
#6356 = VECTOR('',#6357,1.);
#6357 = DIRECTION('',(0.,0.,1.));
#6358 = PCURVE('',#4317,#6359);
#6359 = DEFINITIONAL_REPRESENTATION('',(#6360),#6364);
#6360 = LINE('',#6361,#6362);
#6361 = CARTESIAN_POINT('',(-6.28318530718,0.));
#6362 = VECTOR('',#6363,1.);
#6363 = DIRECTION('',(-0.,-1.));
#6364 = ( GEOMETRIC_REPRESENTATION_CONTEXT(2) 
PARAMETRIC_REPRESENTATION_CONTEXT() REPRESENTATION_CONTEXT('2D SPACE',''
  ) );
#6365 = PCURVE('',#4289,#6366);
#6366 = DEFINITIONAL_REPRESENTATION('',(#6367),#6371);
#6367 = LINE('',#6368,#6369);
#6368 = CARTESIAN_POINT('',(30.001760650701,0.));
#6369 = VECTOR('',#6370,1.);
#6370 = DIRECTION('',(0.,-1.));
#6371 = ( GEOMETRIC_REPRESENTATION_CONTEXT(2) 
PARAMETRIC_REPRESENTATION_CONTEXT() REPRESENTATION_CONTEXT('2D SPACE',''
  ) );
#6372 = ORIENTED_EDGE('',*,*,#6373,.F.);
#6373 = EDGE_CURVE('',#6295,#6351,#6374,.T.);
#6374 = SURFACE_CURVE('',#6375,(#6380,#6387),.PCURVE_S1.);
#6375 = CIRCLE('',#6376,3.9);
#6376 = AXIS2_PLACEMENT_3D('',#6377,#6378,#6379);
#6377 = CARTESIAN_POINT('',(40.375880325351,3.,24.));
#6378 = DIRECTION('',(-0.,-0.,-1.));
#6379 = DIRECTION('',(0.,-1.,0.));
#6380 = PCURVE('',#4317,#6381);
#6381 = DEFINITIONAL_REPRESENTATION('',(#6382),#6386);
#6382 = LINE('',#6383,#6384);
#6383 = CARTESIAN_POINT('',(-12.56637061435,-2.5));
#6384 = VECTOR('',#6385,1.);
#6385 = DIRECTION('',(1.,-0.));
#6386 = ( GEOMETRIC_REPRESENTATION_CONTEXT(2) 
PARAMETRIC_REPRESENTATION_CONTEXT() REPRESENTATION_CONTEXT('2D SPACE',''
  ) );
#6387 = PCURVE('',#5005,#6388);
#6388 = DEFINITIONAL_REPRESENTATION('',(#6389),#6397);
#6389 = ( BOUNDED_CURVE() B_SPLINE_CURVE(2,(#6390,#6391,#6392,#6393,
#6394,#6395,#6396),.UNSPECIFIED.,.T.,.F.) B_SPLINE_CURVE_WITH_KNOTS((1,2
    ,2,2,2,1),(-2.094395102393,0.,2.094395102393,4.188790204786,
6.28318530718,8.377580409573),.UNSPECIFIED.) CURVE() 
GEOMETRIC_REPRESENTATION_ITEM() RATIONAL_B_SPLINE_CURVE((1.,0.5,1.,0.5,
1.,0.5,1.)) REPRESENTATION_ITEM('') );
#6390 = CARTESIAN_POINT('',(-8.874119674649,-37.35));
#6391 = CARTESIAN_POINT('',(-15.62911782416,-37.35));
#6392 = CARTESIAN_POINT('',(-12.2516187494,-31.5));
#6393 = CARTESIAN_POINT('',(-8.874119674649,-25.65));
#6394 = CARTESIAN_POINT('',(-5.49662059989,-31.5));
#6395 = CARTESIAN_POINT('',(-2.119121525131,-37.35));
#6396 = CARTESIAN_POINT('',(-8.874119674649,-37.35));
#6397 = ( GEOMETRIC_REPRESENTATION_CONTEXT(2) 
PARAMETRIC_REPRESENTATION_CONTEXT() REPRESENTATION_CONTEXT('2D SPACE',''
  ) );
#6398 = ADVANCED_FACE('',(#6399),#4289,.F.);
#6399 = FACE_BOUND('',#6400,.F.);
#6400 = EDGE_LOOP('',(#6401,#6402,#6403,#6422));
#6401 = ORIENTED_EDGE('',*,*,#4274,.F.);
#6402 = ORIENTED_EDGE('',*,*,#5174,.T.);
#6403 = ORIENTED_EDGE('',*,*,#6404,.F.);
#6404 = EDGE_CURVE('',#6351,#5175,#6405,.T.);
#6405 = SURFACE_CURVE('',#6406,(#6410,#6416),.PCURVE_S1.);
#6406 = LINE('',#6407,#6408);
#6407 = CARTESIAN_POINT('',(29.812059837325,-0.9,24.));
#6408 = VECTOR('',#6409,1.);
#6409 = DIRECTION('',(-1.,-0.,0.));
#6410 = PCURVE('',#4289,#6411);
#6411 = DEFINITIONAL_REPRESENTATION('',(#6412),#6415);
#6412 = B_SPLINE_CURVE_WITH_KNOTS('',1,(#6413,#6414),.UNSPECIFIED.,.F.,
  .F.,(2,2),(-10.56382048802,19.437940162675),.PIECEWISE_BEZIER_KNOTS.);
#6413 = CARTESIAN_POINT('',(30.001760650701,-2.5));
#6414 = CARTESIAN_POINT('',(0.,-2.5));
#6415 = ( GEOMETRIC_REPRESENTATION_CONTEXT(2) 
PARAMETRIC_REPRESENTATION_CONTEXT() REPRESENTATION_CONTEXT('2D SPACE',''
  ) );
#6416 = PCURVE('',#5005,#6417);
#6417 = DEFINITIONAL_REPRESENTATION('',(#6418),#6421);
#6418 = B_SPLINE_CURVE_WITH_KNOTS('',1,(#6419,#6420),.UNSPECIFIED.,.F.,
  .F.,(2,2),(-10.56382048802,19.437940162675),.PIECEWISE_BEZIER_KNOTS.);
#6419 = CARTESIAN_POINT('',(-8.874119674649,-37.35));
#6420 = CARTESIAN_POINT('',(-38.87588032535,-37.35));
#6421 = ( GEOMETRIC_REPRESENTATION_CONTEXT(2) 
PARAMETRIC_REPRESENTATION_CONTEXT() REPRESENTATION_CONTEXT('2D SPACE',''
  ) );
#6422 = ORIENTED_EDGE('',*,*,#6350,.F.);
#6423 = ADVANCED_FACE('',(#6424,#7685,#7720,#7783,#7818,#7853),#4950,.F.
  );
#6424 = FACE_BOUND('',#6425,.F.);
#6425 = EDGE_LOOP('',(#6426,#6456,#6485,#6518,#6540,#6541,#6565,#6598,
    #6627,#6655,#6683,#6716,#6742,#6768,#6796,#6824,#6850,#6876,#6902,
    #6930,#6958,#6981,#7009,#7037,#7063,#7084,#7117,#7145,#7173,#7202,
    #7235,#7257,#7258,#7282,#7315,#7344,#7372,#7400,#7433,#7461,#7484,
    #7513,#7546,#7575,#7598,#7626,#7659));
#6426 = ORIENTED_EDGE('',*,*,#6427,.F.);
#6427 = EDGE_CURVE('',#6428,#6430,#6432,.T.);
#6428 = VERTEX_POINT('',#6429);
#6429 = CARTESIAN_POINT('',(88.125880325351,72.9,0.));
#6430 = VERTEX_POINT('',#6431);
#6431 = CARTESIAN_POINT('',(67.75,72.9,0.));
#6432 = SURFACE_CURVE('',#6433,(#6437,#6444),.PCURVE_S1.);
#6433 = LINE('',#6434,#6435);
#6434 = CARTESIAN_POINT('',(98.5,72.9,0.));
#6435 = VECTOR('',#6436,1.);
#6436 = DIRECTION('',(-1.,0.,0.));
#6437 = PCURVE('',#4950,#6438);
#6438 = DEFINITIONAL_REPRESENTATION('',(#6439),#6443);
#6439 = LINE('',#6440,#6441);
#6440 = CARTESIAN_POINT('',(-49.25,36.45));
#6441 = VECTOR('',#6442,1.);
#6442 = DIRECTION('',(1.,0.));
#6443 = ( GEOMETRIC_REPRESENTATION_CONTEXT(2) 
PARAMETRIC_REPRESENTATION_CONTEXT() REPRESENTATION_CONTEXT('2D SPACE',''
  ) );
#6444 = PCURVE('',#6445,#6450);
#6445 = PLANE('',#6446);
#6446 = AXIS2_PLACEMENT_3D('',#6447,#6448,#6449);
#6447 = CARTESIAN_POINT('',(88.125880325351,72.9,0.));
#6448 = DIRECTION('',(0.,-1.,0.));
#6449 = DIRECTION('',(-1.,0.,0.));
#6450 = DEFINITIONAL_REPRESENTATION('',(#6451),#6455);
#6451 = LINE('',#6452,#6453);
#6452 = CARTESIAN_POINT('',(-10.37411967464,-0.));
#6453 = VECTOR('',#6454,1.);
#6454 = DIRECTION('',(1.,0.));
#6455 = ( GEOMETRIC_REPRESENTATION_CONTEXT(2) 
PARAMETRIC_REPRESENTATION_CONTEXT() REPRESENTATION_CONTEXT('2D SPACE',''
  ) );
#6456 = ORIENTED_EDGE('',*,*,#6457,.T.);
#6457 = EDGE_CURVE('',#6428,#6458,#6460,.T.);
#6458 = VERTEX_POINT('',#6459);
#6459 = CARTESIAN_POINT('',(91.0839202169,70.4,0.));
#6460 = SURFACE_CURVE('',#6461,(#6466,#6473),.PCURVE_S1.);
#6461 = CIRCLE('',#6462,3.);
#6462 = AXIS2_PLACEMENT_3D('',#6463,#6464,#6465);
#6463 = CARTESIAN_POINT('',(88.125880325351,69.9,0.));
#6464 = DIRECTION('',(-0.,-0.,-1.));
#6465 = DIRECTION('',(0.,-1.,0.));
#6466 = PCURVE('',#4950,#6467);
#6467 = DEFINITIONAL_REPRESENTATION('',(#6468),#6472);
#6468 = CIRCLE('',#6469,3.);
#6469 = AXIS2_PLACEMENT_2D('',#6470,#6471);
#6470 = CARTESIAN_POINT('',(-38.87588032535,33.45));
#6471 = DIRECTION('',(0.,-1.));
#6472 = ( GEOMETRIC_REPRESENTATION_CONTEXT(2) 
PARAMETRIC_REPRESENTATION_CONTEXT() REPRESENTATION_CONTEXT('2D SPACE',''
  ) );
#6473 = PCURVE('',#6474,#6479);
#6474 = CYLINDRICAL_SURFACE('',#6475,3.);
#6475 = AXIS2_PLACEMENT_3D('',#6476,#6477,#6478);
#6476 = CARTESIAN_POINT('',(88.125880325351,69.9,0.));
#6477 = DIRECTION('',(-0.,-0.,-1.));
#6478 = DIRECTION('',(0.,-1.,0.));
#6479 = DEFINITIONAL_REPRESENTATION('',(#6480),#6484);
#6480 = LINE('',#6481,#6482);
#6481 = CARTESIAN_POINT('',(0.,0.));
#6482 = VECTOR('',#6483,1.);
#6483 = DIRECTION('',(1.,0.));
#6484 = ( GEOMETRIC_REPRESENTATION_CONTEXT(2) 
PARAMETRIC_REPRESENTATION_CONTEXT() REPRESENTATION_CONTEXT('2D SPACE',''
  ) );
#6485 = ORIENTED_EDGE('',*,*,#6486,.T.);
#6486 = EDGE_CURVE('',#6458,#6487,#6489,.T.);
#6487 = VERTEX_POINT('',#6488);
#6488 = CARTESIAN_POINT('',(96.,65.4839202169,0.));
#6489 = SURFACE_CURVE('',#6490,(#6495,#6506),.PCURVE_S1.);
#6490 = CIRCLE('',#6491,6.);
#6491 = AXIS2_PLACEMENT_3D('',#6492,#6493,#6494);
#6492 = CARTESIAN_POINT('',(97.,71.4,0.));
#6493 = DIRECTION('',(0.,0.,1.));
#6494 = DIRECTION('',(1.,0.,-0.));
#6495 = PCURVE('',#4950,#6496);
#6496 = DEFINITIONAL_REPRESENTATION('',(#6497),#6505);
#6497 = ( BOUNDED_CURVE() B_SPLINE_CURVE(2,(#6498,#6499,#6500,#6501,
#6502,#6503,#6504),.UNSPECIFIED.,.T.,.F.) B_SPLINE_CURVE_WITH_KNOTS((1,2
    ,2,2,2,1),(-2.094395102393,0.,2.094395102393,4.188790204786,
6.28318530718,8.377580409573),.UNSPECIFIED.) CURVE() 
GEOMETRIC_REPRESENTATION_ITEM() RATIONAL_B_SPLINE_CURVE((1.,0.5,1.,0.5,
1.,0.5,1.)) REPRESENTATION_ITEM('') );
#6498 = CARTESIAN_POINT('',(-53.75,34.95));
#6499 = CARTESIAN_POINT('',(-53.75,45.342304845413));
#6500 = CARTESIAN_POINT('',(-44.75,40.146152422707));
#6501 = CARTESIAN_POINT('',(-35.75,34.95));
#6502 = CARTESIAN_POINT('',(-44.75,29.753847577293));
#6503 = CARTESIAN_POINT('',(-53.75,24.557695154587));
#6504 = CARTESIAN_POINT('',(-53.75,34.95));
#6505 = ( GEOMETRIC_REPRESENTATION_CONTEXT(2) 
PARAMETRIC_REPRESENTATION_CONTEXT() REPRESENTATION_CONTEXT('2D SPACE',''
  ) );
#6506 = PCURVE('',#6507,#6512);
#6507 = CYLINDRICAL_SURFACE('',#6508,6.);
#6508 = AXIS2_PLACEMENT_3D('',#6509,#6510,#6511);
#6509 = CARTESIAN_POINT('',(97.,71.4,0.));
#6510 = DIRECTION('',(-0.,-0.,-1.));
#6511 = DIRECTION('',(1.,0.,-0.));
#6512 = DEFINITIONAL_REPRESENTATION('',(#6513),#6517);
#6513 = LINE('',#6514,#6515);
#6514 = CARTESIAN_POINT('',(-0.,0.));
#6515 = VECTOR('',#6516,1.);
#6516 = DIRECTION('',(-1.,0.));
#6517 = ( GEOMETRIC_REPRESENTATION_CONTEXT(2) 
PARAMETRIC_REPRESENTATION_CONTEXT() REPRESENTATION_CONTEXT('2D SPACE',''
  ) );
#6518 = ORIENTED_EDGE('',*,*,#6519,.T.);
#6519 = EDGE_CURVE('',#6487,#5070,#6520,.T.);
#6520 = SURFACE_CURVE('',#6521,(#6526,#6533),.PCURVE_S1.);
#6521 = CIRCLE('',#6522,3.);
#6522 = AXIS2_PLACEMENT_3D('',#6523,#6524,#6525);
#6523 = CARTESIAN_POINT('',(95.5,62.525880325351,0.));
#6524 = DIRECTION('',(-0.,-0.,-1.));
#6525 = DIRECTION('',(0.,-1.,0.));
#6526 = PCURVE('',#4950,#6527);
#6527 = DEFINITIONAL_REPRESENTATION('',(#6528),#6532);
#6528 = CIRCLE('',#6529,3.);
#6529 = AXIS2_PLACEMENT_2D('',#6530,#6531);
#6530 = CARTESIAN_POINT('',(-46.25,26.075880325351));
#6531 = DIRECTION('',(0.,-1.));
#6532 = ( GEOMETRIC_REPRESENTATION_CONTEXT(2) 
PARAMETRIC_REPRESENTATION_CONTEXT() REPRESENTATION_CONTEXT('2D SPACE',''
  ) );
#6533 = PCURVE('',#5155,#6534);
#6534 = DEFINITIONAL_REPRESENTATION('',(#6535),#6539);
#6535 = LINE('',#6536,#6537);
#6536 = CARTESIAN_POINT('',(0.,0.));
#6537 = VECTOR('',#6538,1.);
#6538 = DIRECTION('',(1.,0.));
#6539 = ( GEOMETRIC_REPRESENTATION_CONTEXT(2) 
PARAMETRIC_REPRESENTATION_CONTEXT() REPRESENTATION_CONTEXT('2D SPACE',''
  ) );
#6540 = ORIENTED_EDGE('',*,*,#5067,.F.);
#6541 = ORIENTED_EDGE('',*,*,#6542,.T.);
#6542 = EDGE_CURVE('',#5068,#6543,#6545,.T.);
#6543 = VERTEX_POINT('',#6544);
#6544 = CARTESIAN_POINT('',(96.,7.4160797831,0.));
#6545 = SURFACE_CURVE('',#6546,(#6551,#6558),.PCURVE_S1.);
#6546 = CIRCLE('',#6547,3.);
#6547 = AXIS2_PLACEMENT_3D('',#6548,#6549,#6550);
#6548 = CARTESIAN_POINT('',(95.5,10.374119674649,0.));
#6549 = DIRECTION('',(-0.,-0.,-1.));
#6550 = DIRECTION('',(0.,-1.,0.));
#6551 = PCURVE('',#4950,#6552);
#6552 = DEFINITIONAL_REPRESENTATION('',(#6553),#6557);
#6553 = CIRCLE('',#6554,3.);
#6554 = AXIS2_PLACEMENT_2D('',#6555,#6556);
#6555 = CARTESIAN_POINT('',(-46.25,-26.07588032535));
#6556 = DIRECTION('',(0.,-1.));
#6557 = ( GEOMETRIC_REPRESENTATION_CONTEXT(2) 
PARAMETRIC_REPRESENTATION_CONTEXT() REPRESENTATION_CONTEXT('2D SPACE',''
  ) );
#6558 = PCURVE('',#5108,#6559);
#6559 = DEFINITIONAL_REPRESENTATION('',(#6560),#6564);
#6560 = LINE('',#6561,#6562);
#6561 = CARTESIAN_POINT('',(0.,0.));
#6562 = VECTOR('',#6563,1.);
#6563 = DIRECTION('',(1.,0.));
#6564 = ( GEOMETRIC_REPRESENTATION_CONTEXT(2) 
PARAMETRIC_REPRESENTATION_CONTEXT() REPRESENTATION_CONTEXT('2D SPACE',''
  ) );
#6565 = ORIENTED_EDGE('',*,*,#6566,.T.);
#6566 = EDGE_CURVE('',#6543,#6567,#6569,.T.);
#6567 = VERTEX_POINT('',#6568);
#6568 = CARTESIAN_POINT('',(91.0839202169,2.5,0.));
#6569 = SURFACE_CURVE('',#6570,(#6575,#6586),.PCURVE_S1.);
#6570 = CIRCLE('',#6571,6.);
#6571 = AXIS2_PLACEMENT_3D('',#6572,#6573,#6574);
#6572 = CARTESIAN_POINT('',(97.,1.5,0.));
#6573 = DIRECTION('',(0.,0.,1.));
#6574 = DIRECTION('',(1.,0.,-0.));
#6575 = PCURVE('',#4950,#6576);
#6576 = DEFINITIONAL_REPRESENTATION('',(#6577),#6585);
#6577 = ( BOUNDED_CURVE() B_SPLINE_CURVE(2,(#6578,#6579,#6580,#6581,
#6582,#6583,#6584),.UNSPECIFIED.,.T.,.F.) B_SPLINE_CURVE_WITH_KNOTS((1,2
    ,2,2,2,1),(-2.094395102393,0.,2.094395102393,4.188790204786,
6.28318530718,8.377580409573),.UNSPECIFIED.) CURVE() 
GEOMETRIC_REPRESENTATION_ITEM() RATIONAL_B_SPLINE_CURVE((1.,0.5,1.,0.5,
1.,0.5,1.)) REPRESENTATION_ITEM('') );
#6578 = CARTESIAN_POINT('',(-53.75,-34.95));
#6579 = CARTESIAN_POINT('',(-53.75,-24.55769515458));
#6580 = CARTESIAN_POINT('',(-44.75,-29.75384757729));
#6581 = CARTESIAN_POINT('',(-35.75,-34.95));
#6582 = CARTESIAN_POINT('',(-44.75,-40.1461524227));
#6583 = CARTESIAN_POINT('',(-53.75,-45.34230484541));
#6584 = CARTESIAN_POINT('',(-53.75,-34.95));
#6585 = ( GEOMETRIC_REPRESENTATION_CONTEXT(2) 
PARAMETRIC_REPRESENTATION_CONTEXT() REPRESENTATION_CONTEXT('2D SPACE',''
  ) );
#6586 = PCURVE('',#6587,#6592);
#6587 = CYLINDRICAL_SURFACE('',#6588,6.);
#6588 = AXIS2_PLACEMENT_3D('',#6589,#6590,#6591);
#6589 = CARTESIAN_POINT('',(97.,1.5,0.));
#6590 = DIRECTION('',(-0.,-0.,-1.));
#6591 = DIRECTION('',(1.,0.,-0.));
#6592 = DEFINITIONAL_REPRESENTATION('',(#6593),#6597);
#6593 = LINE('',#6594,#6595);
#6594 = CARTESIAN_POINT('',(-0.,0.));
#6595 = VECTOR('',#6596,1.);
#6596 = DIRECTION('',(-1.,0.));
#6597 = ( GEOMETRIC_REPRESENTATION_CONTEXT(2) 
PARAMETRIC_REPRESENTATION_CONTEXT() REPRESENTATION_CONTEXT('2D SPACE',''
  ) );
#6598 = ORIENTED_EDGE('',*,*,#6599,.T.);
#6599 = EDGE_CURVE('',#6567,#6600,#6602,.T.);
#6600 = VERTEX_POINT('',#6601);
#6601 = CARTESIAN_POINT('',(88.125880325351,-4.440892098501E-16,0.));
#6602 = SURFACE_CURVE('',#6603,(#6608,#6615),.PCURVE_S1.);
#6603 = CIRCLE('',#6604,3.);
#6604 = AXIS2_PLACEMENT_3D('',#6605,#6606,#6607);
#6605 = CARTESIAN_POINT('',(88.125880325351,3.,0.));
#6606 = DIRECTION('',(-0.,-0.,-1.));
#6607 = DIRECTION('',(0.,-1.,0.));
#6608 = PCURVE('',#4950,#6609);
#6609 = DEFINITIONAL_REPRESENTATION('',(#6610),#6614);
#6610 = CIRCLE('',#6611,3.);
#6611 = AXIS2_PLACEMENT_2D('',#6612,#6613);
#6612 = CARTESIAN_POINT('',(-38.87588032535,-33.45));
#6613 = DIRECTION('',(0.,-1.));
#6614 = ( GEOMETRIC_REPRESENTATION_CONTEXT(2) 
PARAMETRIC_REPRESENTATION_CONTEXT() REPRESENTATION_CONTEXT('2D SPACE',''
  ) );
#6615 = PCURVE('',#6616,#6621);
#6616 = CYLINDRICAL_SURFACE('',#6617,3.);
#6617 = AXIS2_PLACEMENT_3D('',#6618,#6619,#6620);
#6618 = CARTESIAN_POINT('',(88.125880325351,3.,0.));
#6619 = DIRECTION('',(-0.,-0.,-1.));
#6620 = DIRECTION('',(0.,-1.,0.));
#6621 = DEFINITIONAL_REPRESENTATION('',(#6622),#6626);
#6622 = LINE('',#6623,#6624);
#6623 = CARTESIAN_POINT('',(0.,0.));
#6624 = VECTOR('',#6625,1.);
#6625 = DIRECTION('',(1.,0.));
#6626 = ( GEOMETRIC_REPRESENTATION_CONTEXT(2) 
PARAMETRIC_REPRESENTATION_CONTEXT() REPRESENTATION_CONTEXT('2D SPACE',''
  ) );
#6627 = ORIENTED_EDGE('',*,*,#6628,.F.);
#6628 = EDGE_CURVE('',#6629,#6600,#6631,.T.);
#6629 = VERTEX_POINT('',#6630);
#6630 = CARTESIAN_POINT('',(67.75,0.,0.));
#6631 = SURFACE_CURVE('',#6632,(#6636,#6643),.PCURVE_S1.);
#6632 = LINE('',#6633,#6634);
#6633 = CARTESIAN_POINT('',(0.,0.,0.));
#6634 = VECTOR('',#6635,1.);
#6635 = DIRECTION('',(1.,0.,0.));
#6636 = PCURVE('',#4950,#6637);
#6637 = DEFINITIONAL_REPRESENTATION('',(#6638),#6642);
#6638 = LINE('',#6639,#6640);
#6639 = CARTESIAN_POINT('',(49.25,-36.45));
#6640 = VECTOR('',#6641,1.);
#6641 = DIRECTION('',(-1.,0.));
#6642 = ( GEOMETRIC_REPRESENTATION_CONTEXT(2) 
PARAMETRIC_REPRESENTATION_CONTEXT() REPRESENTATION_CONTEXT('2D SPACE',''
  ) );
#6643 = PCURVE('',#6644,#6649);
#6644 = PLANE('',#6645);
#6645 = AXIS2_PLACEMENT_3D('',#6646,#6647,#6648);
#6646 = CARTESIAN_POINT('',(58.124119674649,0.,0.));
#6647 = DIRECTION('',(0.,1.,0.));
#6648 = DIRECTION('',(1.,0.,0.));
#6649 = DEFINITIONAL_REPRESENTATION('',(#6650),#6654);
#6650 = LINE('',#6651,#6652);
#6651 = CARTESIAN_POINT('',(-58.12411967464,0.));
#6652 = VECTOR('',#6653,1.);
#6653 = DIRECTION('',(1.,0.));
#6654 = ( GEOMETRIC_REPRESENTATION_CONTEXT(2) 
PARAMETRIC_REPRESENTATION_CONTEXT() REPRESENTATION_CONTEXT('2D SPACE',''
  ) );
#6655 = ORIENTED_EDGE('',*,*,#6656,.T.);
#6656 = EDGE_CURVE('',#6629,#6657,#6659,.T.);
#6657 = VERTEX_POINT('',#6658);
#6658 = CARTESIAN_POINT('',(67.75,3.5,0.));
#6659 = SURFACE_CURVE('',#6660,(#6664,#6671),.PCURVE_S1.);
#6660 = LINE('',#6661,#6662);
#6661 = CARTESIAN_POINT('',(67.75,-0.1,0.));
#6662 = VECTOR('',#6663,1.);
#6663 = DIRECTION('',(0.,1.,0.));
#6664 = PCURVE('',#4950,#6665);
#6665 = DEFINITIONAL_REPRESENTATION('',(#6666),#6670);
#6666 = LINE('',#6667,#6668);
#6667 = CARTESIAN_POINT('',(-18.5,-36.55));
#6668 = VECTOR('',#6669,1.);
#6669 = DIRECTION('',(0.,1.));
#6670 = ( GEOMETRIC_REPRESENTATION_CONTEXT(2) 
PARAMETRIC_REPRESENTATION_CONTEXT() REPRESENTATION_CONTEXT('2D SPACE',''
  ) );
#6671 = PCURVE('',#6672,#6677);
#6672 = PLANE('',#6673);
#6673 = AXIS2_PLACEMENT_3D('',#6674,#6675,#6676);
#6674 = CARTESIAN_POINT('',(67.75,-0.1,0.));
#6675 = DIRECTION('',(-1.,0.,0.));
#6676 = DIRECTION('',(0.,1.,0.));
#6677 = DEFINITIONAL_REPRESENTATION('',(#6678),#6682);
#6678 = LINE('',#6679,#6680);
#6679 = CARTESIAN_POINT('',(0.,0.));
#6680 = VECTOR('',#6681,1.);
#6681 = DIRECTION('',(1.,0.));
#6682 = ( GEOMETRIC_REPRESENTATION_CONTEXT(2) 
PARAMETRIC_REPRESENTATION_CONTEXT() REPRESENTATION_CONTEXT('2D SPACE',''
  ) );
#6683 = ORIENTED_EDGE('',*,*,#6684,.T.);
#6684 = EDGE_CURVE('',#6657,#6685,#6687,.T.);
#6685 = VERTEX_POINT('',#6686);
#6686 = CARTESIAN_POINT('',(64.25,7.,0.));
#6687 = SURFACE_CURVE('',#6688,(#6693,#6704),.PCURVE_S1.);
#6688 = CIRCLE('',#6689,3.5);
#6689 = AXIS2_PLACEMENT_3D('',#6690,#6691,#6692);
#6690 = CARTESIAN_POINT('',(64.25,3.5,0.));
#6691 = DIRECTION('',(0.,0.,1.));
#6692 = DIRECTION('',(1.,0.,-0.));
#6693 = PCURVE('',#4950,#6694);
#6694 = DEFINITIONAL_REPRESENTATION('',(#6695),#6703);
#6695 = ( BOUNDED_CURVE() B_SPLINE_CURVE(2,(#6696,#6697,#6698,#6699,
#6700,#6701,#6702),.UNSPECIFIED.,.T.,.F.) B_SPLINE_CURVE_WITH_KNOTS((1,2
    ,2,2,2,1),(-2.094395102393,0.,2.094395102393,4.188790204786,
6.28318530718,8.377580409573),.UNSPECIFIED.) CURVE() 
GEOMETRIC_REPRESENTATION_ITEM() RATIONAL_B_SPLINE_CURVE((1.,0.5,1.,0.5,
1.,0.5,1.)) REPRESENTATION_ITEM('') );
#6696 = CARTESIAN_POINT('',(-18.5,-32.95));
#6697 = CARTESIAN_POINT('',(-18.5,-26.8878221735));
#6698 = CARTESIAN_POINT('',(-13.25,-29.91891108675));
#6699 = CARTESIAN_POINT('',(-8.,-32.95));
#6700 = CARTESIAN_POINT('',(-13.25,-35.98108891324));
#6701 = CARTESIAN_POINT('',(-18.5,-39.01217782649));
#6702 = CARTESIAN_POINT('',(-18.5,-32.95));
#6703 = ( GEOMETRIC_REPRESENTATION_CONTEXT(2) 
PARAMETRIC_REPRESENTATION_CONTEXT() REPRESENTATION_CONTEXT('2D SPACE',''
  ) );
#6704 = PCURVE('',#6705,#6710);
#6705 = CYLINDRICAL_SURFACE('',#6706,3.5);
#6706 = AXIS2_PLACEMENT_3D('',#6707,#6708,#6709);
#6707 = CARTESIAN_POINT('',(64.25,3.5,0.));
#6708 = DIRECTION('',(0.,0.,1.));
#6709 = DIRECTION('',(1.,0.,-0.));
#6710 = DEFINITIONAL_REPRESENTATION('',(#6711),#6715);
#6711 = LINE('',#6712,#6713);
#6712 = CARTESIAN_POINT('',(0.,0.));
#6713 = VECTOR('',#6714,1.);
#6714 = DIRECTION('',(1.,0.));
#6715 = ( GEOMETRIC_REPRESENTATION_CONTEXT(2) 
PARAMETRIC_REPRESENTATION_CONTEXT() REPRESENTATION_CONTEXT('2D SPACE',''
  ) );
#6716 = ORIENTED_EDGE('',*,*,#6717,.T.);
#6717 = EDGE_CURVE('',#6685,#6718,#6720,.T.);
#6718 = VERTEX_POINT('',#6719);
#6719 = CARTESIAN_POINT('',(83.5,7.,0.));
#6720 = SURFACE_CURVE('',#6721,(#6725,#6731),.PCURVE_S1.);
#6721 = LINE('',#6722,#6723);
#6722 = CARTESIAN_POINT('',(26.625,7.,0.));
#6723 = VECTOR('',#6724,1.);
#6724 = DIRECTION('',(1.,0.,0.));
#6725 = PCURVE('',#4950,#6726);
#6726 = DEFINITIONAL_REPRESENTATION('',(#6727),#6730);
#6727 = B_SPLINE_CURVE_WITH_KNOTS('',1,(#6728,#6729),.UNSPECIFIED.,.F.,
  .F.,(2,2),(-22.625,56.875),.PIECEWISE_BEZIER_KNOTS.);
#6728 = CARTESIAN_POINT('',(45.25,-29.45));
#6729 = CARTESIAN_POINT('',(-34.25,-29.45));
#6730 = ( GEOMETRIC_REPRESENTATION_CONTEXT(2) 
PARAMETRIC_REPRESENTATION_CONTEXT() REPRESENTATION_CONTEXT('2D SPACE',''
  ) );
#6731 = PCURVE('',#6732,#6737);
#6732 = PLANE('',#6733);
#6733 = AXIS2_PLACEMENT_3D('',#6734,#6735,#6736);
#6734 = CARTESIAN_POINT('',(4.,7.,-1.));
#6735 = DIRECTION('',(0.,1.,0.));
#6736 = DIRECTION('',(1.,0.,0.));
#6737 = DEFINITIONAL_REPRESENTATION('',(#6738),#6741);
#6738 = B_SPLINE_CURVE_WITH_KNOTS('',1,(#6739,#6740),.UNSPECIFIED.,.F.,
  .F.,(2,2),(-22.625,56.875),.PIECEWISE_BEZIER_KNOTS.);
#6739 = CARTESIAN_POINT('',(0.,-1.));
#6740 = CARTESIAN_POINT('',(79.5,-1.));
#6741 = ( GEOMETRIC_REPRESENTATION_CONTEXT(2) 
PARAMETRIC_REPRESENTATION_CONTEXT() REPRESENTATION_CONTEXT('2D SPACE',''
  ) );
#6742 = ORIENTED_EDGE('',*,*,#6743,.T.);
#6743 = EDGE_CURVE('',#6718,#6744,#6746,.T.);
#6744 = VERTEX_POINT('',#6745);
#6745 = CARTESIAN_POINT('',(83.5,7.5,0.));
#6746 = SURFACE_CURVE('',#6747,(#6751,#6757),.PCURVE_S1.);
#6747 = LINE('',#6748,#6749);
#6748 = CARTESIAN_POINT('',(83.5,21.725,0.));
#6749 = VECTOR('',#6750,1.);
#6750 = DIRECTION('',(0.,1.,-0.));
#6751 = PCURVE('',#4950,#6752);
#6752 = DEFINITIONAL_REPRESENTATION('',(#6753),#6756);
#6753 = B_SPLINE_CURVE_WITH_KNOTS('',1,(#6754,#6755),.UNSPECIFIED.,.F.,
  .F.,(2,2),(-14.725,7.775),.PIECEWISE_BEZIER_KNOTS.);
#6754 = CARTESIAN_POINT('',(-34.25,-29.45));
#6755 = CARTESIAN_POINT('',(-34.25,-6.95));
#6756 = ( GEOMETRIC_REPRESENTATION_CONTEXT(2) 
PARAMETRIC_REPRESENTATION_CONTEXT() REPRESENTATION_CONTEXT('2D SPACE',''
  ) );
#6757 = PCURVE('',#6758,#6763);
#6758 = PLANE('',#6759);
#6759 = AXIS2_PLACEMENT_3D('',#6760,#6761,#6762);
#6760 = CARTESIAN_POINT('',(83.5,7.,-1.));
#6761 = DIRECTION('',(-1.,0.,0.));
#6762 = DIRECTION('',(0.,1.,0.));
#6763 = DEFINITIONAL_REPRESENTATION('',(#6764),#6767);
#6764 = B_SPLINE_CURVE_WITH_KNOTS('',1,(#6765,#6766),.UNSPECIFIED.,.F.,
  .F.,(2,2),(-14.725,7.775),.PIECEWISE_BEZIER_KNOTS.);
#6765 = CARTESIAN_POINT('',(0.,-1.));
#6766 = CARTESIAN_POINT('',(22.5,-1.));
#6767 = ( GEOMETRIC_REPRESENTATION_CONTEXT(2) 
PARAMETRIC_REPRESENTATION_CONTEXT() REPRESENTATION_CONTEXT('2D SPACE',''
  ) );
#6768 = ORIENTED_EDGE('',*,*,#6769,.T.);
#6769 = EDGE_CURVE('',#6744,#6770,#6772,.T.);
#6770 = VERTEX_POINT('',#6771);
#6771 = CARTESIAN_POINT('',(84.,7.5,0.));
#6772 = SURFACE_CURVE('',#6773,(#6777,#6784),.PCURVE_S1.);
#6773 = LINE('',#6774,#6775);
#6774 = CARTESIAN_POINT('',(82.5,7.5,0.));
#6775 = VECTOR('',#6776,1.);
#6776 = DIRECTION('',(1.,0.,0.));
#6777 = PCURVE('',#4950,#6778);
#6778 = DEFINITIONAL_REPRESENTATION('',(#6779),#6783);
#6779 = LINE('',#6780,#6781);
#6780 = CARTESIAN_POINT('',(-33.25,-28.95));
#6781 = VECTOR('',#6782,1.);
#6782 = DIRECTION('',(-1.,0.));
#6783 = ( GEOMETRIC_REPRESENTATION_CONTEXT(2) 
PARAMETRIC_REPRESENTATION_CONTEXT() REPRESENTATION_CONTEXT('2D SPACE',''
  ) );
#6784 = PCURVE('',#6785,#6790);
#6785 = PLANE('',#6786);
#6786 = AXIS2_PLACEMENT_3D('',#6787,#6788,#6789);
#6787 = CARTESIAN_POINT('',(82.5,7.5,0.));
#6788 = DIRECTION('',(0.,1.,0.));
#6789 = DIRECTION('',(1.,0.,0.));
#6790 = DEFINITIONAL_REPRESENTATION('',(#6791),#6795);
#6791 = LINE('',#6792,#6793);
#6792 = CARTESIAN_POINT('',(0.,0.));
#6793 = VECTOR('',#6794,1.);
#6794 = DIRECTION('',(1.,0.));
#6795 = ( GEOMETRIC_REPRESENTATION_CONTEXT(2) 
PARAMETRIC_REPRESENTATION_CONTEXT() REPRESENTATION_CONTEXT('2D SPACE',''
  ) );
#6796 = ORIENTED_EDGE('',*,*,#6797,.T.);
#6797 = EDGE_CURVE('',#6770,#6798,#6800,.T.);
#6798 = VERTEX_POINT('',#6799);
#6799 = CARTESIAN_POINT('',(84.,14.,0.));
#6800 = SURFACE_CURVE('',#6801,(#6805,#6812),.PCURVE_S1.);
#6801 = LINE('',#6802,#6803);
#6802 = CARTESIAN_POINT('',(84.,7.5,0.));
#6803 = VECTOR('',#6804,1.);
#6804 = DIRECTION('',(0.,1.,0.));
#6805 = PCURVE('',#4950,#6806);
#6806 = DEFINITIONAL_REPRESENTATION('',(#6807),#6811);
#6807 = LINE('',#6808,#6809);
#6808 = CARTESIAN_POINT('',(-34.75,-28.95));
#6809 = VECTOR('',#6810,1.);
#6810 = DIRECTION('',(0.,1.));
#6811 = ( GEOMETRIC_REPRESENTATION_CONTEXT(2) 
PARAMETRIC_REPRESENTATION_CONTEXT() REPRESENTATION_CONTEXT('2D SPACE',''
  ) );
#6812 = PCURVE('',#6813,#6818);
#6813 = PLANE('',#6814);
#6814 = AXIS2_PLACEMENT_3D('',#6815,#6816,#6817);
#6815 = CARTESIAN_POINT('',(84.,7.5,0.));
#6816 = DIRECTION('',(-1.,0.,0.));
#6817 = DIRECTION('',(0.,1.,0.));
#6818 = DEFINITIONAL_REPRESENTATION('',(#6819),#6823);
#6819 = LINE('',#6820,#6821);
#6820 = CARTESIAN_POINT('',(0.,0.));
#6821 = VECTOR('',#6822,1.);
#6822 = DIRECTION('',(1.,0.));
#6823 = ( GEOMETRIC_REPRESENTATION_CONTEXT(2) 
PARAMETRIC_REPRESENTATION_CONTEXT() REPRESENTATION_CONTEXT('2D SPACE',''
  ) );
#6824 = ORIENTED_EDGE('',*,*,#6825,.T.);
#6825 = EDGE_CURVE('',#6798,#6826,#6828,.T.);
#6826 = VERTEX_POINT('',#6827);
#6827 = CARTESIAN_POINT('',(85.,14.,0.));
#6828 = SURFACE_CURVE('',#6829,(#6833,#6839),.PCURVE_S1.);
#6829 = LINE('',#6830,#6831);
#6830 = CARTESIAN_POINT('',(65.87,14.,0.));
#6831 = VECTOR('',#6832,1.);
#6832 = DIRECTION('',(1.,0.,0.));
#6833 = PCURVE('',#4950,#6834);
#6834 = DEFINITIONAL_REPRESENTATION('',(#6835),#6838);
#6835 = B_SPLINE_CURVE_WITH_KNOTS('',1,(#6836,#6837),.UNSPECIFIED.,.F.,
  .F.,(2,2),(16.62,19.13),.PIECEWISE_BEZIER_KNOTS.);
#6836 = CARTESIAN_POINT('',(-33.24,-22.45));
#6837 = CARTESIAN_POINT('',(-35.75,-22.45));
#6838 = ( GEOMETRIC_REPRESENTATION_CONTEXT(2) 
PARAMETRIC_REPRESENTATION_CONTEXT() REPRESENTATION_CONTEXT('2D SPACE',''
  ) );
#6839 = PCURVE('',#6840,#6845);
#6840 = PLANE('',#6841);
#6841 = AXIS2_PLACEMENT_3D('',#6842,#6843,#6844);
#6842 = CARTESIAN_POINT('',(82.49,14.,-1.));
#6843 = DIRECTION('',(0.,1.,0.));
#6844 = DIRECTION('',(1.,0.,0.));
#6845 = DEFINITIONAL_REPRESENTATION('',(#6846),#6849);
#6846 = B_SPLINE_CURVE_WITH_KNOTS('',1,(#6847,#6848),.UNSPECIFIED.,.F.,
  .F.,(2,2),(16.62,19.13),.PIECEWISE_BEZIER_KNOTS.);
#6847 = CARTESIAN_POINT('',(0.,-1.));
#6848 = CARTESIAN_POINT('',(2.51,-1.));
#6849 = ( GEOMETRIC_REPRESENTATION_CONTEXT(2) 
PARAMETRIC_REPRESENTATION_CONTEXT() REPRESENTATION_CONTEXT('2D SPACE',''
  ) );
#6850 = ORIENTED_EDGE('',*,*,#6851,.T.);
#6851 = EDGE_CURVE('',#6826,#6852,#6854,.T.);
#6852 = VERTEX_POINT('',#6853);
#6853 = CARTESIAN_POINT('',(85.,23.5,0.));
#6854 = SURFACE_CURVE('',#6855,(#6859,#6865),.PCURVE_S1.);
#6855 = LINE('',#6856,#6857);
#6856 = CARTESIAN_POINT('',(85.,25.225,0.));
#6857 = VECTOR('',#6858,1.);
#6858 = DIRECTION('',(0.,1.,-0.));
#6859 = PCURVE('',#4950,#6860);
#6860 = DEFINITIONAL_REPRESENTATION('',(#6861),#6864);
#6861 = B_SPLINE_CURVE_WITH_KNOTS('',1,(#6862,#6863),.UNSPECIFIED.,.F.,
  .F.,(2,2),(-11.225,-1.725),.PIECEWISE_BEZIER_KNOTS.);
#6862 = CARTESIAN_POINT('',(-35.75,-22.45));
#6863 = CARTESIAN_POINT('',(-35.75,-12.95));
#6864 = ( GEOMETRIC_REPRESENTATION_CONTEXT(2) 
PARAMETRIC_REPRESENTATION_CONTEXT() REPRESENTATION_CONTEXT('2D SPACE',''
  ) );
#6865 = PCURVE('',#6866,#6871);
#6866 = PLANE('',#6867);
#6867 = AXIS2_PLACEMENT_3D('',#6868,#6869,#6870);
#6868 = CARTESIAN_POINT('',(85.,14.,-1.));
#6869 = DIRECTION('',(-1.,0.,0.));
#6870 = DIRECTION('',(0.,1.,0.));
#6871 = DEFINITIONAL_REPRESENTATION('',(#6872),#6875);
#6872 = B_SPLINE_CURVE_WITH_KNOTS('',1,(#6873,#6874),.UNSPECIFIED.,.F.,
  .F.,(2,2),(-11.225,-1.725),.PIECEWISE_BEZIER_KNOTS.);
#6873 = CARTESIAN_POINT('',(0.,-1.));
#6874 = CARTESIAN_POINT('',(9.5,-1.));
#6875 = ( GEOMETRIC_REPRESENTATION_CONTEXT(2) 
PARAMETRIC_REPRESENTATION_CONTEXT() REPRESENTATION_CONTEXT('2D SPACE',''
  ) );
#6876 = ORIENTED_EDGE('',*,*,#6877,.T.);
#6877 = EDGE_CURVE('',#6852,#6878,#6880,.T.);
#6878 = VERTEX_POINT('',#6879);
#6879 = CARTESIAN_POINT('',(84.,23.5,0.));
#6880 = SURFACE_CURVE('',#6881,(#6885,#6891),.PCURVE_S1.);
#6881 = LINE('',#6882,#6883);
#6882 = CARTESIAN_POINT('',(67.125,23.5,0.));
#6883 = VECTOR('',#6884,1.);
#6884 = DIRECTION('',(-1.,0.,0.));
#6885 = PCURVE('',#4950,#6886);
#6886 = DEFINITIONAL_REPRESENTATION('',(#6887),#6890);
#6887 = B_SPLINE_CURVE_WITH_KNOTS('',1,(#6888,#6889),.UNSPECIFIED.,.F.,
  .F.,(2,2),(-17.875,-15.365),.PIECEWISE_BEZIER_KNOTS.);
#6888 = CARTESIAN_POINT('',(-35.75,-12.95));
#6889 = CARTESIAN_POINT('',(-33.24,-12.95));
#6890 = ( GEOMETRIC_REPRESENTATION_CONTEXT(2) 
PARAMETRIC_REPRESENTATION_CONTEXT() REPRESENTATION_CONTEXT('2D SPACE',''
  ) );
#6891 = PCURVE('',#6892,#6897);
#6892 = PLANE('',#6893);
#6893 = AXIS2_PLACEMENT_3D('',#6894,#6895,#6896);
#6894 = CARTESIAN_POINT('',(85.,23.5,-1.));
#6895 = DIRECTION('',(0.,-1.,0.));
#6896 = DIRECTION('',(-1.,0.,0.));
#6897 = DEFINITIONAL_REPRESENTATION('',(#6898),#6901);
#6898 = B_SPLINE_CURVE_WITH_KNOTS('',1,(#6899,#6900),.UNSPECIFIED.,.F.,
  .F.,(2,2),(-17.875,-15.365),.PIECEWISE_BEZIER_KNOTS.);
#6899 = CARTESIAN_POINT('',(0.,-1.));
#6900 = CARTESIAN_POINT('',(2.51,-1.));
#6901 = ( GEOMETRIC_REPRESENTATION_CONTEXT(2) 
PARAMETRIC_REPRESENTATION_CONTEXT() REPRESENTATION_CONTEXT('2D SPACE',''
  ) );
#6902 = ORIENTED_EDGE('',*,*,#6903,.T.);
#6903 = EDGE_CURVE('',#6878,#6904,#6906,.T.);
#6904 = VERTEX_POINT('',#6905);
#6905 = CARTESIAN_POINT('',(84.,31.,0.));
#6906 = SURFACE_CURVE('',#6907,(#6911,#6918),.PCURVE_S1.);
#6907 = LINE('',#6908,#6909);
#6908 = CARTESIAN_POINT('',(84.,7.5,0.));
#6909 = VECTOR('',#6910,1.);
#6910 = DIRECTION('',(0.,1.,0.));
#6911 = PCURVE('',#4950,#6912);
#6912 = DEFINITIONAL_REPRESENTATION('',(#6913),#6917);
#6913 = LINE('',#6914,#6915);
#6914 = CARTESIAN_POINT('',(-34.75,-28.95));
#6915 = VECTOR('',#6916,1.);
#6916 = DIRECTION('',(0.,1.));
#6917 = ( GEOMETRIC_REPRESENTATION_CONTEXT(2) 
PARAMETRIC_REPRESENTATION_CONTEXT() REPRESENTATION_CONTEXT('2D SPACE',''
  ) );
#6918 = PCURVE('',#6919,#6924);
#6919 = PLANE('',#6920);
#6920 = AXIS2_PLACEMENT_3D('',#6921,#6922,#6923);
#6921 = CARTESIAN_POINT('',(84.,7.5,0.));
#6922 = DIRECTION('',(-1.,0.,0.));
#6923 = DIRECTION('',(0.,1.,0.));
#6924 = DEFINITIONAL_REPRESENTATION('',(#6925),#6929);
#6925 = LINE('',#6926,#6927);
#6926 = CARTESIAN_POINT('',(0.,0.));
#6927 = VECTOR('',#6928,1.);
#6928 = DIRECTION('',(1.,0.));
#6929 = ( GEOMETRIC_REPRESENTATION_CONTEXT(2) 
PARAMETRIC_REPRESENTATION_CONTEXT() REPRESENTATION_CONTEXT('2D SPACE',''
  ) );
#6930 = ORIENTED_EDGE('',*,*,#6931,.F.);
#6931 = EDGE_CURVE('',#6932,#6904,#6934,.T.);
#6932 = VERTEX_POINT('',#6933);
#6933 = CARTESIAN_POINT('',(61.5,31.,0.));
#6934 = SURFACE_CURVE('',#6935,(#6939,#6946),.PCURVE_S1.);
#6935 = LINE('',#6936,#6937);
#6936 = CARTESIAN_POINT('',(61.5,31.,0.));
#6937 = VECTOR('',#6938,1.);
#6938 = DIRECTION('',(1.,-1.578983857245E-16,0.));
#6939 = PCURVE('',#4950,#6940);
#6940 = DEFINITIONAL_REPRESENTATION('',(#6941),#6945);
#6941 = LINE('',#6942,#6943);
#6942 = CARTESIAN_POINT('',(-12.25,-5.45));
#6943 = VECTOR('',#6944,1.);
#6944 = DIRECTION('',(-1.,-1.578983857245E-16));
#6945 = ( GEOMETRIC_REPRESENTATION_CONTEXT(2) 
PARAMETRIC_REPRESENTATION_CONTEXT() REPRESENTATION_CONTEXT('2D SPACE',''
  ) );
#6946 = PCURVE('',#6947,#6952);
#6947 = PLANE('',#6948);
#6948 = AXIS2_PLACEMENT_3D('',#6949,#6950,#6951);
#6949 = CARTESIAN_POINT('',(82.51,31.,0.));
#6950 = DIRECTION('',(0.,-1.,0.));
#6951 = DIRECTION('',(-1.,0.,0.));
#6952 = DEFINITIONAL_REPRESENTATION('',(#6953),#6957);
#6953 = LINE('',#6954,#6955);
#6954 = CARTESIAN_POINT('',(21.01,0.));
#6955 = VECTOR('',#6956,1.);
#6956 = DIRECTION('',(-1.,-0.));
#6957 = ( GEOMETRIC_REPRESENTATION_CONTEXT(2) 
PARAMETRIC_REPRESENTATION_CONTEXT() REPRESENTATION_CONTEXT('2D SPACE',''
  ) );
#6958 = ORIENTED_EDGE('',*,*,#6959,.T.);
#6959 = EDGE_CURVE('',#6932,#6960,#6962,.T.);
#6960 = VERTEX_POINT('',#6961);
#6961 = CARTESIAN_POINT('',(2.5,31.,0.));
#6962 = SURFACE_CURVE('',#6963,(#6967,#6974),.PCURVE_S1.);
#6963 = LINE('',#6964,#6965);
#6964 = CARTESIAN_POINT('',(82.51,31.,0.));
#6965 = VECTOR('',#6966,1.);
#6966 = DIRECTION('',(-1.,0.,0.));
#6967 = PCURVE('',#4950,#6968);
#6968 = DEFINITIONAL_REPRESENTATION('',(#6969),#6973);
#6969 = LINE('',#6970,#6971);
#6970 = CARTESIAN_POINT('',(-33.26,-5.45));
#6971 = VECTOR('',#6972,1.);
#6972 = DIRECTION('',(1.,0.));
#6973 = ( GEOMETRIC_REPRESENTATION_CONTEXT(2) 
PARAMETRIC_REPRESENTATION_CONTEXT() REPRESENTATION_CONTEXT('2D SPACE',''
  ) );
#6974 = PCURVE('',#6947,#6975);
#6975 = DEFINITIONAL_REPRESENTATION('',(#6976),#6980);
#6976 = LINE('',#6977,#6978);
#6977 = CARTESIAN_POINT('',(0.,-0.));
#6978 = VECTOR('',#6979,1.);
#6979 = DIRECTION('',(1.,0.));
#6980 = ( GEOMETRIC_REPRESENTATION_CONTEXT(2) 
PARAMETRIC_REPRESENTATION_CONTEXT() REPRESENTATION_CONTEXT('2D SPACE',''
  ) );
#6981 = ORIENTED_EDGE('',*,*,#6982,.T.);
#6982 = EDGE_CURVE('',#6960,#6983,#6985,.T.);
#6983 = VERTEX_POINT('',#6984);
#6984 = CARTESIAN_POINT('',(2.5,7.5,0.));
#6985 = SURFACE_CURVE('',#6986,(#6990,#6997),.PCURVE_S1.);
#6986 = LINE('',#6987,#6988);
#6987 = CARTESIAN_POINT('',(2.5,31.,0.));
#6988 = VECTOR('',#6989,1.);
#6989 = DIRECTION('',(0.,-1.,0.));
#6990 = PCURVE('',#4950,#6991);
#6991 = DEFINITIONAL_REPRESENTATION('',(#6992),#6996);
#6992 = LINE('',#6993,#6994);
#6993 = CARTESIAN_POINT('',(46.75,-5.45));
#6994 = VECTOR('',#6995,1.);
#6995 = DIRECTION('',(0.,-1.));
#6996 = ( GEOMETRIC_REPRESENTATION_CONTEXT(2) 
PARAMETRIC_REPRESENTATION_CONTEXT() REPRESENTATION_CONTEXT('2D SPACE',''
  ) );
#6997 = PCURVE('',#6998,#7003);
#6998 = PLANE('',#6999);
#6999 = AXIS2_PLACEMENT_3D('',#7000,#7001,#7002);
#7000 = CARTESIAN_POINT('',(2.5,31.,0.));
#7001 = DIRECTION('',(1.,0.,-0.));
#7002 = DIRECTION('',(0.,-1.,0.));
#7003 = DEFINITIONAL_REPRESENTATION('',(#7004),#7008);
#7004 = LINE('',#7005,#7006);
#7005 = CARTESIAN_POINT('',(0.,0.));
#7006 = VECTOR('',#7007,1.);
#7007 = DIRECTION('',(1.,0.));
#7008 = ( GEOMETRIC_REPRESENTATION_CONTEXT(2) 
PARAMETRIC_REPRESENTATION_CONTEXT() REPRESENTATION_CONTEXT('2D SPACE',''
  ) );
#7009 = ORIENTED_EDGE('',*,*,#7010,.T.);
#7010 = EDGE_CURVE('',#6983,#7011,#7013,.T.);
#7011 = VERTEX_POINT('',#7012);
#7012 = CARTESIAN_POINT('',(4.,7.5,0.));
#7013 = SURFACE_CURVE('',#7014,(#7018,#7025),.PCURVE_S1.);
#7014 = LINE('',#7015,#7016);
#7015 = CARTESIAN_POINT('',(2.5,7.5,0.));
#7016 = VECTOR('',#7017,1.);
#7017 = DIRECTION('',(1.,0.,0.));
#7018 = PCURVE('',#4950,#7019);
#7019 = DEFINITIONAL_REPRESENTATION('',(#7020),#7024);
#7020 = LINE('',#7021,#7022);
#7021 = CARTESIAN_POINT('',(46.75,-28.95));
#7022 = VECTOR('',#7023,1.);
#7023 = DIRECTION('',(-1.,0.));
#7024 = ( GEOMETRIC_REPRESENTATION_CONTEXT(2) 
PARAMETRIC_REPRESENTATION_CONTEXT() REPRESENTATION_CONTEXT('2D SPACE',''
  ) );
#7025 = PCURVE('',#7026,#7031);
#7026 = PLANE('',#7027);
#7027 = AXIS2_PLACEMENT_3D('',#7028,#7029,#7030);
#7028 = CARTESIAN_POINT('',(2.5,7.5,0.));
#7029 = DIRECTION('',(0.,1.,0.));
#7030 = DIRECTION('',(1.,0.,0.));
#7031 = DEFINITIONAL_REPRESENTATION('',(#7032),#7036);
#7032 = LINE('',#7033,#7034);
#7033 = CARTESIAN_POINT('',(0.,0.));
#7034 = VECTOR('',#7035,1.);
#7035 = DIRECTION('',(1.,0.));
#7036 = ( GEOMETRIC_REPRESENTATION_CONTEXT(2) 
PARAMETRIC_REPRESENTATION_CONTEXT() REPRESENTATION_CONTEXT('2D SPACE',''
  ) );
#7037 = ORIENTED_EDGE('',*,*,#7038,.T.);
#7038 = EDGE_CURVE('',#7011,#7039,#7041,.T.);
#7039 = VERTEX_POINT('',#7040);
#7040 = CARTESIAN_POINT('',(4.,7.,0.));
#7041 = SURFACE_CURVE('',#7042,(#7046,#7052),.PCURVE_S1.);
#7042 = LINE('',#7043,#7044);
#7043 = CARTESIAN_POINT('',(4.,32.975,0.));
#7044 = VECTOR('',#7045,1.);
#7045 = DIRECTION('',(0.,-1.,0.));
#7046 = PCURVE('',#4950,#7047);
#7047 = DEFINITIONAL_REPRESENTATION('',(#7048),#7051);
#7048 = B_SPLINE_CURVE_WITH_KNOTS('',1,(#7049,#7050),.UNSPECIFIED.,.F.,
  .F.,(2,2),(3.475,25.975),.PIECEWISE_BEZIER_KNOTS.);
#7049 = CARTESIAN_POINT('',(45.25,-6.95));
#7050 = CARTESIAN_POINT('',(45.25,-29.45));
#7051 = ( GEOMETRIC_REPRESENTATION_CONTEXT(2) 
PARAMETRIC_REPRESENTATION_CONTEXT() REPRESENTATION_CONTEXT('2D SPACE',''
  ) );
#7052 = PCURVE('',#7053,#7058);
#7053 = PLANE('',#7054);
#7054 = AXIS2_PLACEMENT_3D('',#7055,#7056,#7057);
#7055 = CARTESIAN_POINT('',(4.,29.5,-1.));
#7056 = DIRECTION('',(1.,0.,-0.));
#7057 = DIRECTION('',(0.,-1.,0.));
#7058 = DEFINITIONAL_REPRESENTATION('',(#7059),#7062);
#7059 = B_SPLINE_CURVE_WITH_KNOTS('',1,(#7060,#7061),.UNSPECIFIED.,.F.,
  .F.,(2,2),(3.475,25.975),.PIECEWISE_BEZIER_KNOTS.);
#7060 = CARTESIAN_POINT('',(0.,-1.));
#7061 = CARTESIAN_POINT('',(22.5,-1.));
#7062 = ( GEOMETRIC_REPRESENTATION_CONTEXT(2) 
PARAMETRIC_REPRESENTATION_CONTEXT() REPRESENTATION_CONTEXT('2D SPACE',''
  ) );
#7063 = ORIENTED_EDGE('',*,*,#7064,.T.);
#7064 = EDGE_CURVE('',#7039,#7065,#7067,.T.);
#7065 = VERTEX_POINT('',#7066);
#7066 = CARTESIAN_POINT('',(34.25,7.,0.));
#7067 = SURFACE_CURVE('',#7068,(#7072,#7078),.PCURVE_S1.);
#7068 = LINE('',#7069,#7070);
#7069 = CARTESIAN_POINT('',(26.625,7.,0.));
#7070 = VECTOR('',#7071,1.);
#7071 = DIRECTION('',(1.,0.,0.));
#7072 = PCURVE('',#4950,#7073);
#7073 = DEFINITIONAL_REPRESENTATION('',(#7074),#7077);
#7074 = B_SPLINE_CURVE_WITH_KNOTS('',1,(#7075,#7076),.UNSPECIFIED.,.F.,
  .F.,(2,2),(-22.625,56.875),.PIECEWISE_BEZIER_KNOTS.);
#7075 = CARTESIAN_POINT('',(45.25,-29.45));
#7076 = CARTESIAN_POINT('',(-34.25,-29.45));
#7077 = ( GEOMETRIC_REPRESENTATION_CONTEXT(2) 
PARAMETRIC_REPRESENTATION_CONTEXT() REPRESENTATION_CONTEXT('2D SPACE',''
  ) );
#7078 = PCURVE('',#6732,#7079);
#7079 = DEFINITIONAL_REPRESENTATION('',(#7080),#7083);
#7080 = B_SPLINE_CURVE_WITH_KNOTS('',1,(#7081,#7082),.UNSPECIFIED.,.F.,
  .F.,(2,2),(-22.625,56.875),.PIECEWISE_BEZIER_KNOTS.);
#7081 = CARTESIAN_POINT('',(0.,-1.));
#7082 = CARTESIAN_POINT('',(79.5,-1.));
#7083 = ( GEOMETRIC_REPRESENTATION_CONTEXT(2) 
PARAMETRIC_REPRESENTATION_CONTEXT() REPRESENTATION_CONTEXT('2D SPACE',''
  ) );
#7084 = ORIENTED_EDGE('',*,*,#7085,.T.);
#7085 = EDGE_CURVE('',#7065,#7086,#7088,.T.);
#7086 = VERTEX_POINT('',#7087);
#7087 = CARTESIAN_POINT('',(30.75,3.5,0.));
#7088 = SURFACE_CURVE('',#7089,(#7094,#7105),.PCURVE_S1.);
#7089 = CIRCLE('',#7090,3.5);
#7090 = AXIS2_PLACEMENT_3D('',#7091,#7092,#7093);
#7091 = CARTESIAN_POINT('',(34.25,3.5,0.));
#7092 = DIRECTION('',(0.,0.,1.));
#7093 = DIRECTION('',(1.,0.,-0.));
#7094 = PCURVE('',#4950,#7095);
#7095 = DEFINITIONAL_REPRESENTATION('',(#7096),#7104);
#7096 = ( BOUNDED_CURVE() B_SPLINE_CURVE(2,(#7097,#7098,#7099,#7100,
#7101,#7102,#7103),.UNSPECIFIED.,.T.,.F.) B_SPLINE_CURVE_WITH_KNOTS((1,2
    ,2,2,2,1),(-2.094395102393,0.,2.094395102393,4.188790204786,
6.28318530718,8.377580409573),.UNSPECIFIED.) CURVE() 
GEOMETRIC_REPRESENTATION_ITEM() RATIONAL_B_SPLINE_CURVE((1.,0.5,1.,0.5,
1.,0.5,1.)) REPRESENTATION_ITEM('') );
#7097 = CARTESIAN_POINT('',(11.5,-32.95));
#7098 = CARTESIAN_POINT('',(11.5,-26.8878221735));
#7099 = CARTESIAN_POINT('',(16.75,-29.91891108675));
#7100 = CARTESIAN_POINT('',(22.,-32.95));
#7101 = CARTESIAN_POINT('',(16.75,-35.98108891324));
#7102 = CARTESIAN_POINT('',(11.5,-39.01217782649));
#7103 = CARTESIAN_POINT('',(11.5,-32.95));
#7104 = ( GEOMETRIC_REPRESENTATION_CONTEXT(2) 
PARAMETRIC_REPRESENTATION_CONTEXT() REPRESENTATION_CONTEXT('2D SPACE',''
  ) );
#7105 = PCURVE('',#7106,#7111);
#7106 = CYLINDRICAL_SURFACE('',#7107,3.5);
#7107 = AXIS2_PLACEMENT_3D('',#7108,#7109,#7110);
#7108 = CARTESIAN_POINT('',(34.25,3.5,0.));
#7109 = DIRECTION('',(0.,0.,1.));
#7110 = DIRECTION('',(1.,0.,-0.));
#7111 = DEFINITIONAL_REPRESENTATION('',(#7112),#7116);
#7112 = LINE('',#7113,#7114);
#7113 = CARTESIAN_POINT('',(0.,0.));
#7114 = VECTOR('',#7115,1.);
#7115 = DIRECTION('',(1.,0.));
#7116 = ( GEOMETRIC_REPRESENTATION_CONTEXT(2) 
PARAMETRIC_REPRESENTATION_CONTEXT() REPRESENTATION_CONTEXT('2D SPACE',''
  ) );
#7117 = ORIENTED_EDGE('',*,*,#7118,.T.);
#7118 = EDGE_CURVE('',#7086,#7119,#7121,.T.);
#7119 = VERTEX_POINT('',#7120);
#7120 = CARTESIAN_POINT('',(30.75,0.,0.));
#7121 = SURFACE_CURVE('',#7122,(#7126,#7133),.PCURVE_S1.);
#7122 = LINE('',#7123,#7124);
#7123 = CARTESIAN_POINT('',(30.75,3.5,0.));
#7124 = VECTOR('',#7125,1.);
#7125 = DIRECTION('',(0.,-1.,0.));
#7126 = PCURVE('',#4950,#7127);
#7127 = DEFINITIONAL_REPRESENTATION('',(#7128),#7132);
#7128 = LINE('',#7129,#7130);
#7129 = CARTESIAN_POINT('',(18.5,-32.95));
#7130 = VECTOR('',#7131,1.);
#7131 = DIRECTION('',(0.,-1.));
#7132 = ( GEOMETRIC_REPRESENTATION_CONTEXT(2) 
PARAMETRIC_REPRESENTATION_CONTEXT() REPRESENTATION_CONTEXT('2D SPACE',''
  ) );
#7133 = PCURVE('',#7134,#7139);
#7134 = PLANE('',#7135);
#7135 = AXIS2_PLACEMENT_3D('',#7136,#7137,#7138);
#7136 = CARTESIAN_POINT('',(30.75,3.5,0.));
#7137 = DIRECTION('',(1.,0.,-0.));
#7138 = DIRECTION('',(0.,-1.,0.));
#7139 = DEFINITIONAL_REPRESENTATION('',(#7140),#7144);
#7140 = LINE('',#7141,#7142);
#7141 = CARTESIAN_POINT('',(0.,0.));
#7142 = VECTOR('',#7143,1.);
#7143 = DIRECTION('',(1.,0.));
#7144 = ( GEOMETRIC_REPRESENTATION_CONTEXT(2) 
PARAMETRIC_REPRESENTATION_CONTEXT() REPRESENTATION_CONTEXT('2D SPACE',''
  ) );
#7145 = ORIENTED_EDGE('',*,*,#7146,.F.);
#7146 = EDGE_CURVE('',#7147,#7119,#7149,.T.);
#7147 = VERTEX_POINT('',#7148);
#7148 = CARTESIAN_POINT('',(10.374119674649,0.,0.));
#7149 = SURFACE_CURVE('',#7150,(#7154,#7161),.PCURVE_S1.);
#7150 = LINE('',#7151,#7152);
#7151 = CARTESIAN_POINT('',(0.,0.,0.));
#7152 = VECTOR('',#7153,1.);
#7153 = DIRECTION('',(1.,0.,0.));
#7154 = PCURVE('',#4950,#7155);
#7155 = DEFINITIONAL_REPRESENTATION('',(#7156),#7160);
#7156 = LINE('',#7157,#7158);
#7157 = CARTESIAN_POINT('',(49.25,-36.45));
#7158 = VECTOR('',#7159,1.);
#7159 = DIRECTION('',(-1.,0.));
#7160 = ( GEOMETRIC_REPRESENTATION_CONTEXT(2) 
PARAMETRIC_REPRESENTATION_CONTEXT() REPRESENTATION_CONTEXT('2D SPACE',''
  ) );
#7161 = PCURVE('',#7162,#7167);
#7162 = PLANE('',#7163);
#7163 = AXIS2_PLACEMENT_3D('',#7164,#7165,#7166);
#7164 = CARTESIAN_POINT('',(10.374119674649,0.,0.));
#7165 = DIRECTION('',(0.,1.,0.));
#7166 = DIRECTION('',(1.,0.,0.));
#7167 = DEFINITIONAL_REPRESENTATION('',(#7168),#7172);
#7168 = LINE('',#7169,#7170);
#7169 = CARTESIAN_POINT('',(-10.37411967464,0.));
#7170 = VECTOR('',#7171,1.);
#7171 = DIRECTION('',(1.,0.));
#7172 = ( GEOMETRIC_REPRESENTATION_CONTEXT(2) 
PARAMETRIC_REPRESENTATION_CONTEXT() REPRESENTATION_CONTEXT('2D SPACE',''
  ) );
#7173 = ORIENTED_EDGE('',*,*,#7174,.T.);
#7174 = EDGE_CURVE('',#7147,#7175,#7177,.T.);
#7175 = VERTEX_POINT('',#7176);
#7176 = CARTESIAN_POINT('',(7.4160797831,2.5,0.));
#7177 = SURFACE_CURVE('',#7178,(#7183,#7190),.PCURVE_S1.);
#7178 = CIRCLE('',#7179,3.);
#7179 = AXIS2_PLACEMENT_3D('',#7180,#7181,#7182);
#7180 = CARTESIAN_POINT('',(10.374119674649,3.,0.));
#7181 = DIRECTION('',(-0.,-0.,-1.));
#7182 = DIRECTION('',(0.,-1.,0.));
#7183 = PCURVE('',#4950,#7184);
#7184 = DEFINITIONAL_REPRESENTATION('',(#7185),#7189);
#7185 = CIRCLE('',#7186,3.);
#7186 = AXIS2_PLACEMENT_2D('',#7187,#7188);
#7187 = CARTESIAN_POINT('',(38.875880325351,-33.45));
#7188 = DIRECTION('',(0.,-1.));
#7189 = ( GEOMETRIC_REPRESENTATION_CONTEXT(2) 
PARAMETRIC_REPRESENTATION_CONTEXT() REPRESENTATION_CONTEXT('2D SPACE',''
  ) );
#7190 = PCURVE('',#7191,#7196);
#7191 = CYLINDRICAL_SURFACE('',#7192,3.);
#7192 = AXIS2_PLACEMENT_3D('',#7193,#7194,#7195);
#7193 = CARTESIAN_POINT('',(10.374119674649,3.,0.));
#7194 = DIRECTION('',(-0.,-0.,-1.));
#7195 = DIRECTION('',(0.,-1.,0.));
#7196 = DEFINITIONAL_REPRESENTATION('',(#7197),#7201);
#7197 = LINE('',#7198,#7199);
#7198 = CARTESIAN_POINT('',(0.,0.));
#7199 = VECTOR('',#7200,1.);
#7200 = DIRECTION('',(1.,0.));
#7201 = ( GEOMETRIC_REPRESENTATION_CONTEXT(2) 
PARAMETRIC_REPRESENTATION_CONTEXT() REPRESENTATION_CONTEXT('2D SPACE',''
  ) );
#7202 = ORIENTED_EDGE('',*,*,#7203,.T.);
#7203 = EDGE_CURVE('',#7175,#7204,#7206,.T.);
#7204 = VERTEX_POINT('',#7205);
#7205 = CARTESIAN_POINT('',(2.5,7.4160797831,0.));
#7206 = SURFACE_CURVE('',#7207,(#7212,#7223),.PCURVE_S1.);
#7207 = CIRCLE('',#7208,6.);
#7208 = AXIS2_PLACEMENT_3D('',#7209,#7210,#7211);
#7209 = CARTESIAN_POINT('',(1.5,1.5,0.));
#7210 = DIRECTION('',(0.,0.,1.));
#7211 = DIRECTION('',(0.968245836552,-0.25,0.));
#7212 = PCURVE('',#4950,#7213);
#7213 = DEFINITIONAL_REPRESENTATION('',(#7214),#7222);
#7214 = ( BOUNDED_CURVE() B_SPLINE_CURVE(2,(#7215,#7216,#7217,#7218,
#7219,#7220,#7221),.UNSPECIFIED.,.T.,.F.) B_SPLINE_CURVE_WITH_KNOTS((1,2
    ,2,2,2,1),(-2.094395102393,0.,2.094395102393,4.188790204786,
6.28318530718,8.377580409573),.UNSPECIFIED.) CURVE() 
GEOMETRIC_REPRESENTATION_ITEM() RATIONAL_B_SPLINE_CURVE((1.,0.5,1.,0.5,
1.,0.5,1.)) REPRESENTATION_ITEM('') );
#7215 = CARTESIAN_POINT('',(41.940524980689,-36.45));
#7216 = CARTESIAN_POINT('',(39.342448769336,-26.38769410125));
#7217 = CARTESIAN_POINT('',(49.355699403979,-29.16884705062));
#7218 = CARTESIAN_POINT('',(59.368950038622,-31.95));
#7219 = CARTESIAN_POINT('',(51.953775615332,-39.23115294937));
#7220 = CARTESIAN_POINT('',(44.538601192042,-46.51230589874));
#7221 = CARTESIAN_POINT('',(41.940524980689,-36.45));
#7222 = ( GEOMETRIC_REPRESENTATION_CONTEXT(2) 
PARAMETRIC_REPRESENTATION_CONTEXT() REPRESENTATION_CONTEXT('2D SPACE',''
  ) );
#7223 = PCURVE('',#7224,#7229);
#7224 = CYLINDRICAL_SURFACE('',#7225,6.);
#7225 = AXIS2_PLACEMENT_3D('',#7226,#7227,#7228);
#7226 = CARTESIAN_POINT('',(1.5,1.5,0.));
#7227 = DIRECTION('',(-0.,-0.,-1.));
#7228 = DIRECTION('',(0.968245836552,-0.25,0.));
#7229 = DEFINITIONAL_REPRESENTATION('',(#7230),#7234);
#7230 = LINE('',#7231,#7232);
#7231 = CARTESIAN_POINT('',(-0.,0.));
#7232 = VECTOR('',#7233,1.);
#7233 = DIRECTION('',(-1.,0.));
#7234 = ( GEOMETRIC_REPRESENTATION_CONTEXT(2) 
PARAMETRIC_REPRESENTATION_CONTEXT() REPRESENTATION_CONTEXT('2D SPACE',''
  ) );
#7235 = ORIENTED_EDGE('',*,*,#7236,.T.);
#7236 = EDGE_CURVE('',#7204,#4935,#7237,.T.);
#7237 = SURFACE_CURVE('',#7238,(#7243,#7250),.PCURVE_S1.);
#7238 = CIRCLE('',#7239,3.);
#7239 = AXIS2_PLACEMENT_3D('',#7240,#7241,#7242);
#7240 = CARTESIAN_POINT('',(3.,10.374119674649,0.));
#7241 = DIRECTION('',(-0.,-0.,-1.));
#7242 = DIRECTION('',(0.,-1.,0.));
#7243 = PCURVE('',#4950,#7244);
#7244 = DEFINITIONAL_REPRESENTATION('',(#7245),#7249);
#7245 = CIRCLE('',#7246,3.);
#7246 = AXIS2_PLACEMENT_2D('',#7247,#7248);
#7247 = CARTESIAN_POINT('',(46.25,-26.07588032535));
#7248 = DIRECTION('',(0.,-1.));
#7249 = ( GEOMETRIC_REPRESENTATION_CONTEXT(2) 
PARAMETRIC_REPRESENTATION_CONTEXT() REPRESENTATION_CONTEXT('2D SPACE',''
  ) );
#7250 = PCURVE('',#5030,#7251);
#7251 = DEFINITIONAL_REPRESENTATION('',(#7252),#7256);
#7252 = LINE('',#7253,#7254);
#7253 = CARTESIAN_POINT('',(0.,0.));
#7254 = VECTOR('',#7255,1.);
#7255 = DIRECTION('',(1.,0.));
#7256 = ( GEOMETRIC_REPRESENTATION_CONTEXT(2) 
PARAMETRIC_REPRESENTATION_CONTEXT() REPRESENTATION_CONTEXT('2D SPACE',''
  ) );
#7257 = ORIENTED_EDGE('',*,*,#4932,.F.);
#7258 = ORIENTED_EDGE('',*,*,#7259,.T.);
#7259 = EDGE_CURVE('',#4933,#7260,#7262,.T.);
#7260 = VERTEX_POINT('',#7261);
#7261 = CARTESIAN_POINT('',(2.5,65.4839202169,0.));
#7262 = SURFACE_CURVE('',#7263,(#7268,#7275),.PCURVE_S1.);
#7263 = CIRCLE('',#7264,3.);
#7264 = AXIS2_PLACEMENT_3D('',#7265,#7266,#7267);
#7265 = CARTESIAN_POINT('',(3.,62.525880325351,0.));
#7266 = DIRECTION('',(-0.,-0.,-1.));
#7267 = DIRECTION('',(0.,-1.,0.));
#7268 = PCURVE('',#4950,#7269);
#7269 = DEFINITIONAL_REPRESENTATION('',(#7270),#7274);
#7270 = CIRCLE('',#7271,3.);
#7271 = AXIS2_PLACEMENT_2D('',#7272,#7273);
#7272 = CARTESIAN_POINT('',(46.25,26.075880325351));
#7273 = DIRECTION('',(0.,-1.));
#7274 = ( GEOMETRIC_REPRESENTATION_CONTEXT(2) 
PARAMETRIC_REPRESENTATION_CONTEXT() REPRESENTATION_CONTEXT('2D SPACE',''
  ) );
#7275 = PCURVE('',#4978,#7276);
#7276 = DEFINITIONAL_REPRESENTATION('',(#7277),#7281);
#7277 = LINE('',#7278,#7279);
#7278 = CARTESIAN_POINT('',(0.,0.));
#7279 = VECTOR('',#7280,1.);
#7280 = DIRECTION('',(1.,0.));
#7281 = ( GEOMETRIC_REPRESENTATION_CONTEXT(2) 
PARAMETRIC_REPRESENTATION_CONTEXT() REPRESENTATION_CONTEXT('2D SPACE',''
  ) );
#7282 = ORIENTED_EDGE('',*,*,#7283,.T.);
#7283 = EDGE_CURVE('',#7260,#7284,#7286,.T.);
#7284 = VERTEX_POINT('',#7285);
#7285 = CARTESIAN_POINT('',(7.4160797831,70.4,0.));
#7286 = SURFACE_CURVE('',#7287,(#7292,#7303),.PCURVE_S1.);
#7287 = CIRCLE('',#7288,6.);
#7288 = AXIS2_PLACEMENT_3D('',#7289,#7290,#7291);
#7289 = CARTESIAN_POINT('',(1.5,71.4,0.));
#7290 = DIRECTION('',(0.,0.,1.));
#7291 = DIRECTION('',(-0.25,-0.968245836552,0.));
#7292 = PCURVE('',#4950,#7293);
#7293 = DEFINITIONAL_REPRESENTATION('',(#7294),#7302);
#7294 = ( BOUNDED_CURVE() B_SPLINE_CURVE(2,(#7295,#7296,#7297,#7298,
#7299,#7300,#7301),.UNSPECIFIED.,.T.,.F.) B_SPLINE_CURVE_WITH_KNOTS((1,2
    ,2,2,2,1),(-2.094395102393,0.,2.094395102393,4.188790204786,
6.28318530718,8.377580409573),.UNSPECIFIED.) CURVE() 
GEOMETRIC_REPRESENTATION_ITEM() RATIONAL_B_SPLINE_CURVE((1.,0.5,1.,0.5,
1.,0.5,1.)) REPRESENTATION_ITEM('') );
#7295 = CARTESIAN_POINT('',(49.25,29.140524980689));
#7296 = CARTESIAN_POINT('',(39.187694101251,26.542448769336));
#7297 = CARTESIAN_POINT('',(41.968847050625,36.555699403979));
#7298 = CARTESIAN_POINT('',(44.75,46.568950038622));
#7299 = CARTESIAN_POINT('',(52.031152949374,39.153775615332));
#7300 = CARTESIAN_POINT('',(59.312305898749,31.738601192042));
#7301 = CARTESIAN_POINT('',(49.25,29.140524980689));
#7302 = ( GEOMETRIC_REPRESENTATION_CONTEXT(2) 
PARAMETRIC_REPRESENTATION_CONTEXT() REPRESENTATION_CONTEXT('2D SPACE',''
  ) );
#7303 = PCURVE('',#7304,#7309);
#7304 = CYLINDRICAL_SURFACE('',#7305,6.);
#7305 = AXIS2_PLACEMENT_3D('',#7306,#7307,#7308);
#7306 = CARTESIAN_POINT('',(1.5,71.4,0.));
#7307 = DIRECTION('',(-0.,-0.,-1.));
#7308 = DIRECTION('',(-0.25,-0.968245836552,0.));
#7309 = DEFINITIONAL_REPRESENTATION('',(#7310),#7314);
#7310 = LINE('',#7311,#7312);
#7311 = CARTESIAN_POINT('',(-0.,0.));
#7312 = VECTOR('',#7313,1.);
#7313 = DIRECTION('',(-1.,0.));
#7314 = ( GEOMETRIC_REPRESENTATION_CONTEXT(2) 
PARAMETRIC_REPRESENTATION_CONTEXT() REPRESENTATION_CONTEXT('2D SPACE',''
  ) );
#7315 = ORIENTED_EDGE('',*,*,#7316,.T.);
#7316 = EDGE_CURVE('',#7284,#7317,#7319,.T.);
#7317 = VERTEX_POINT('',#7318);
#7318 = CARTESIAN_POINT('',(10.374119674649,72.9,0.));
#7319 = SURFACE_CURVE('',#7320,(#7325,#7332),.PCURVE_S1.);
#7320 = CIRCLE('',#7321,3.);
#7321 = AXIS2_PLACEMENT_3D('',#7322,#7323,#7324);
#7322 = CARTESIAN_POINT('',(10.374119674649,69.9,0.));
#7323 = DIRECTION('',(-0.,-0.,-1.));
#7324 = DIRECTION('',(0.,-1.,0.));
#7325 = PCURVE('',#4950,#7326);
#7326 = DEFINITIONAL_REPRESENTATION('',(#7327),#7331);
#7327 = CIRCLE('',#7328,3.);
#7328 = AXIS2_PLACEMENT_2D('',#7329,#7330);
#7329 = CARTESIAN_POINT('',(38.875880325351,33.45));
#7330 = DIRECTION('',(0.,-1.));
#7331 = ( GEOMETRIC_REPRESENTATION_CONTEXT(2) 
PARAMETRIC_REPRESENTATION_CONTEXT() REPRESENTATION_CONTEXT('2D SPACE',''
  ) );
#7332 = PCURVE('',#7333,#7338);
#7333 = CYLINDRICAL_SURFACE('',#7334,3.);
#7334 = AXIS2_PLACEMENT_3D('',#7335,#7336,#7337);
#7335 = CARTESIAN_POINT('',(10.374119674649,69.9,0.));
#7336 = DIRECTION('',(-0.,-0.,-1.));
#7337 = DIRECTION('',(0.,-1.,0.));
#7338 = DEFINITIONAL_REPRESENTATION('',(#7339),#7343);
#7339 = LINE('',#7340,#7341);
#7340 = CARTESIAN_POINT('',(0.,0.));
#7341 = VECTOR('',#7342,1.);
#7342 = DIRECTION('',(1.,0.));
#7343 = ( GEOMETRIC_REPRESENTATION_CONTEXT(2) 
PARAMETRIC_REPRESENTATION_CONTEXT() REPRESENTATION_CONTEXT('2D SPACE',''
  ) );
#7344 = ORIENTED_EDGE('',*,*,#7345,.F.);
#7345 = EDGE_CURVE('',#7346,#7317,#7348,.T.);
#7346 = VERTEX_POINT('',#7347);
#7347 = CARTESIAN_POINT('',(30.75,72.9,0.));
#7348 = SURFACE_CURVE('',#7349,(#7353,#7360),.PCURVE_S1.);
#7349 = LINE('',#7350,#7351);
#7350 = CARTESIAN_POINT('',(98.5,72.9,0.));
#7351 = VECTOR('',#7352,1.);
#7352 = DIRECTION('',(-1.,0.,0.));
#7353 = PCURVE('',#4950,#7354);
#7354 = DEFINITIONAL_REPRESENTATION('',(#7355),#7359);
#7355 = LINE('',#7356,#7357);
#7356 = CARTESIAN_POINT('',(-49.25,36.45));
#7357 = VECTOR('',#7358,1.);
#7358 = DIRECTION('',(1.,0.));
#7359 = ( GEOMETRIC_REPRESENTATION_CONTEXT(2) 
PARAMETRIC_REPRESENTATION_CONTEXT() REPRESENTATION_CONTEXT('2D SPACE',''
  ) );
#7360 = PCURVE('',#7361,#7366);
#7361 = PLANE('',#7362);
#7362 = AXIS2_PLACEMENT_3D('',#7363,#7364,#7365);
#7363 = CARTESIAN_POINT('',(40.375880325351,72.9,0.));
#7364 = DIRECTION('',(0.,-1.,0.));
#7365 = DIRECTION('',(-1.,0.,0.));
#7366 = DEFINITIONAL_REPRESENTATION('',(#7367),#7371);
#7367 = LINE('',#7368,#7369);
#7368 = CARTESIAN_POINT('',(-58.12411967464,-0.));
#7369 = VECTOR('',#7370,1.);
#7370 = DIRECTION('',(1.,0.));
#7371 = ( GEOMETRIC_REPRESENTATION_CONTEXT(2) 
PARAMETRIC_REPRESENTATION_CONTEXT() REPRESENTATION_CONTEXT('2D SPACE',''
  ) );
#7372 = ORIENTED_EDGE('',*,*,#7373,.T.);
#7373 = EDGE_CURVE('',#7346,#7374,#7376,.T.);
#7374 = VERTEX_POINT('',#7375);
#7375 = CARTESIAN_POINT('',(30.75,69.4,0.));
#7376 = SURFACE_CURVE('',#7377,(#7381,#7388),.PCURVE_S1.);
#7377 = LINE('',#7378,#7379);
#7378 = CARTESIAN_POINT('',(30.75,73.,0.));
#7379 = VECTOR('',#7380,1.);
#7380 = DIRECTION('',(0.,-1.,0.));
#7381 = PCURVE('',#4950,#7382);
#7382 = DEFINITIONAL_REPRESENTATION('',(#7383),#7387);
#7383 = LINE('',#7384,#7385);
#7384 = CARTESIAN_POINT('',(18.5,36.55));
#7385 = VECTOR('',#7386,1.);
#7386 = DIRECTION('',(0.,-1.));
#7387 = ( GEOMETRIC_REPRESENTATION_CONTEXT(2) 
PARAMETRIC_REPRESENTATION_CONTEXT() REPRESENTATION_CONTEXT('2D SPACE',''
  ) );
#7388 = PCURVE('',#7389,#7394);
#7389 = PLANE('',#7390);
#7390 = AXIS2_PLACEMENT_3D('',#7391,#7392,#7393);
#7391 = CARTESIAN_POINT('',(30.75,73.,0.));
#7392 = DIRECTION('',(1.,0.,-0.));
#7393 = DIRECTION('',(0.,-1.,0.));
#7394 = DEFINITIONAL_REPRESENTATION('',(#7395),#7399);
#7395 = LINE('',#7396,#7397);
#7396 = CARTESIAN_POINT('',(0.,0.));
#7397 = VECTOR('',#7398,1.);
#7398 = DIRECTION('',(1.,0.));
#7399 = ( GEOMETRIC_REPRESENTATION_CONTEXT(2) 
PARAMETRIC_REPRESENTATION_CONTEXT() REPRESENTATION_CONTEXT('2D SPACE',''
  ) );
#7400 = ORIENTED_EDGE('',*,*,#7401,.T.);
#7401 = EDGE_CURVE('',#7374,#7402,#7404,.T.);
#7402 = VERTEX_POINT('',#7403);
#7403 = CARTESIAN_POINT('',(37.75,69.4,0.));
#7404 = SURFACE_CURVE('',#7405,(#7410,#7421),.PCURVE_S1.);
#7405 = CIRCLE('',#7406,3.5);
#7406 = AXIS2_PLACEMENT_3D('',#7407,#7408,#7409);
#7407 = CARTESIAN_POINT('',(34.25,69.4,0.));
#7408 = DIRECTION('',(0.,0.,1.));
#7409 = DIRECTION('',(1.,0.,-0.));
#7410 = PCURVE('',#4950,#7411);
#7411 = DEFINITIONAL_REPRESENTATION('',(#7412),#7420);
#7412 = ( BOUNDED_CURVE() B_SPLINE_CURVE(2,(#7413,#7414,#7415,#7416,
#7417,#7418,#7419),.UNSPECIFIED.,.T.,.F.) B_SPLINE_CURVE_WITH_KNOTS((1,2
    ,2,2,2,1),(-2.094395102393,0.,2.094395102393,4.188790204786,
6.28318530718,8.377580409573),.UNSPECIFIED.) CURVE() 
GEOMETRIC_REPRESENTATION_ITEM() RATIONAL_B_SPLINE_CURVE((1.,0.5,1.,0.5,
1.,0.5,1.)) REPRESENTATION_ITEM('') );
#7413 = CARTESIAN_POINT('',(11.5,32.95));
#7414 = CARTESIAN_POINT('',(11.5,39.012177826491));
#7415 = CARTESIAN_POINT('',(16.75,35.981088913246));
#7416 = CARTESIAN_POINT('',(22.,32.95));
#7417 = CARTESIAN_POINT('',(16.75,29.918911086754));
#7418 = CARTESIAN_POINT('',(11.5,26.887822173509));
#7419 = CARTESIAN_POINT('',(11.5,32.95));
#7420 = ( GEOMETRIC_REPRESENTATION_CONTEXT(2) 
PARAMETRIC_REPRESENTATION_CONTEXT() REPRESENTATION_CONTEXT('2D SPACE',''
  ) );
#7421 = PCURVE('',#7422,#7427);
#7422 = CYLINDRICAL_SURFACE('',#7423,3.5);
#7423 = AXIS2_PLACEMENT_3D('',#7424,#7425,#7426);
#7424 = CARTESIAN_POINT('',(34.25,69.4,0.));
#7425 = DIRECTION('',(0.,0.,1.));
#7426 = DIRECTION('',(1.,0.,-0.));
#7427 = DEFINITIONAL_REPRESENTATION('',(#7428),#7432);
#7428 = LINE('',#7429,#7430);
#7429 = CARTESIAN_POINT('',(0.,0.));
#7430 = VECTOR('',#7431,1.);
#7431 = DIRECTION('',(1.,0.));
#7432 = ( GEOMETRIC_REPRESENTATION_CONTEXT(2) 
PARAMETRIC_REPRESENTATION_CONTEXT() REPRESENTATION_CONTEXT('2D SPACE',''
  ) );
#7433 = ORIENTED_EDGE('',*,*,#7434,.T.);
#7434 = EDGE_CURVE('',#7402,#7435,#7437,.T.);
#7435 = VERTEX_POINT('',#7436);
#7436 = CARTESIAN_POINT('',(37.75,72.9,0.));
#7437 = SURFACE_CURVE('',#7438,(#7442,#7449),.PCURVE_S1.);
#7438 = LINE('',#7439,#7440);
#7439 = CARTESIAN_POINT('',(37.75,69.4,0.));
#7440 = VECTOR('',#7441,1.);
#7441 = DIRECTION('',(0.,1.,0.));
#7442 = PCURVE('',#4950,#7443);
#7443 = DEFINITIONAL_REPRESENTATION('',(#7444),#7448);
#7444 = LINE('',#7445,#7446);
#7445 = CARTESIAN_POINT('',(11.5,32.95));
#7446 = VECTOR('',#7447,1.);
#7447 = DIRECTION('',(0.,1.));
#7448 = ( GEOMETRIC_REPRESENTATION_CONTEXT(2) 
PARAMETRIC_REPRESENTATION_CONTEXT() REPRESENTATION_CONTEXT('2D SPACE',''
  ) );
#7449 = PCURVE('',#7450,#7455);
#7450 = PLANE('',#7451);
#7451 = AXIS2_PLACEMENT_3D('',#7452,#7453,#7454);
#7452 = CARTESIAN_POINT('',(37.75,69.4,0.));
#7453 = DIRECTION('',(-1.,0.,0.));
#7454 = DIRECTION('',(0.,1.,0.));
#7455 = DEFINITIONAL_REPRESENTATION('',(#7456),#7460);
#7456 = LINE('',#7457,#7458);
#7457 = CARTESIAN_POINT('',(0.,0.));
#7458 = VECTOR('',#7459,1.);
#7459 = DIRECTION('',(1.,0.));
#7460 = ( GEOMETRIC_REPRESENTATION_CONTEXT(2) 
PARAMETRIC_REPRESENTATION_CONTEXT() REPRESENTATION_CONTEXT('2D SPACE',''
  ) );
#7461 = ORIENTED_EDGE('',*,*,#7462,.F.);
#7462 = EDGE_CURVE('',#7463,#7435,#7465,.T.);
#7463 = VERTEX_POINT('',#7464);
#7464 = CARTESIAN_POINT('',(40.375880325351,72.9,0.));
#7465 = SURFACE_CURVE('',#7466,(#7470,#7477),.PCURVE_S1.);
#7466 = LINE('',#7467,#7468);
#7467 = CARTESIAN_POINT('',(98.5,72.9,0.));
#7468 = VECTOR('',#7469,1.);
#7469 = DIRECTION('',(-1.,0.,0.));
#7470 = PCURVE('',#4950,#7471);
#7471 = DEFINITIONAL_REPRESENTATION('',(#7472),#7476);
#7472 = LINE('',#7473,#7474);
#7473 = CARTESIAN_POINT('',(-49.25,36.45));
#7474 = VECTOR('',#7475,1.);
#7475 = DIRECTION('',(1.,0.));
#7476 = ( GEOMETRIC_REPRESENTATION_CONTEXT(2) 
PARAMETRIC_REPRESENTATION_CONTEXT() REPRESENTATION_CONTEXT('2D SPACE',''
  ) );
#7477 = PCURVE('',#7361,#7478);
#7478 = DEFINITIONAL_REPRESENTATION('',(#7479),#7483);
#7479 = LINE('',#7480,#7481);
#7480 = CARTESIAN_POINT('',(-58.12411967464,-0.));
#7481 = VECTOR('',#7482,1.);
#7482 = DIRECTION('',(1.,0.));
#7483 = ( GEOMETRIC_REPRESENTATION_CONTEXT(2) 
PARAMETRIC_REPRESENTATION_CONTEXT() REPRESENTATION_CONTEXT('2D SPACE',''
  ) );
#7484 = ORIENTED_EDGE('',*,*,#7485,.T.);
#7485 = EDGE_CURVE('',#7463,#7486,#7488,.T.);
#7486 = VERTEX_POINT('',#7487);
#7487 = CARTESIAN_POINT('',(43.3339202169,70.4,0.));
#7488 = SURFACE_CURVE('',#7489,(#7494,#7501),.PCURVE_S1.);
#7489 = CIRCLE('',#7490,3.);
#7490 = AXIS2_PLACEMENT_3D('',#7491,#7492,#7493);
#7491 = CARTESIAN_POINT('',(40.375880325351,69.9,0.));
#7492 = DIRECTION('',(-0.,-0.,-1.));
#7493 = DIRECTION('',(0.,-1.,0.));
#7494 = PCURVE('',#4950,#7495);
#7495 = DEFINITIONAL_REPRESENTATION('',(#7496),#7500);
#7496 = CIRCLE('',#7497,3.);
#7497 = AXIS2_PLACEMENT_2D('',#7498,#7499);
#7498 = CARTESIAN_POINT('',(8.874119674649,33.45));
#7499 = DIRECTION('',(0.,-1.));
#7500 = ( GEOMETRIC_REPRESENTATION_CONTEXT(2) 
PARAMETRIC_REPRESENTATION_CONTEXT() REPRESENTATION_CONTEXT('2D SPACE',''
  ) );
#7501 = PCURVE('',#7502,#7507);
#7502 = CYLINDRICAL_SURFACE('',#7503,3.);
#7503 = AXIS2_PLACEMENT_3D('',#7504,#7505,#7506);
#7504 = CARTESIAN_POINT('',(40.375880325351,69.9,0.));
#7505 = DIRECTION('',(-0.,-0.,-1.));
#7506 = DIRECTION('',(0.,-1.,0.));
#7507 = DEFINITIONAL_REPRESENTATION('',(#7508),#7512);
#7508 = LINE('',#7509,#7510);
#7509 = CARTESIAN_POINT('',(0.,0.));
#7510 = VECTOR('',#7511,1.);
#7511 = DIRECTION('',(1.,0.));
#7512 = ( GEOMETRIC_REPRESENTATION_CONTEXT(2) 
PARAMETRIC_REPRESENTATION_CONTEXT() REPRESENTATION_CONTEXT('2D SPACE',''
  ) );
#7513 = ORIENTED_EDGE('',*,*,#7514,.T.);
#7514 = EDGE_CURVE('',#7486,#7515,#7517,.T.);
#7515 = VERTEX_POINT('',#7516);
#7516 = CARTESIAN_POINT('',(55.1660797831,70.4,0.));
#7517 = SURFACE_CURVE('',#7518,(#7523,#7534),.PCURVE_S1.);
#7518 = CIRCLE('',#7519,6.);
#7519 = AXIS2_PLACEMENT_3D('',#7520,#7521,#7522);
#7520 = CARTESIAN_POINT('',(49.25,71.4,0.));
#7521 = DIRECTION('',(0.,0.,1.));
#7522 = DIRECTION('',(-0.968245836552,0.25,0.));
#7523 = PCURVE('',#4950,#7524);
#7524 = DEFINITIONAL_REPRESENTATION('',(#7525),#7533);
#7525 = ( BOUNDED_CURVE() B_SPLINE_CURVE(2,(#7526,#7527,#7528,#7529,
#7530,#7531,#7532),.UNSPECIFIED.,.T.,.F.) B_SPLINE_CURVE_WITH_KNOTS((1,2
    ,2,2,2,1),(-2.094395102393,0.,2.094395102393,4.188790204786,
6.28318530718,8.377580409573),.UNSPECIFIED.) CURVE() 
GEOMETRIC_REPRESENTATION_ITEM() RATIONAL_B_SPLINE_CURVE((1.,0.5,1.,0.5,
1.,0.5,1.)) REPRESENTATION_ITEM('') );
#7526 = CARTESIAN_POINT('',(5.809475019311,36.45));
#7527 = CARTESIAN_POINT('',(8.407551230664,26.387694101251));
#7528 = CARTESIAN_POINT('',(-1.605699403979,29.168847050626));
#7529 = CARTESIAN_POINT('',(-11.61895003862,31.95));
#7530 = CARTESIAN_POINT('',(-4.203775615332,39.231152949375));
#7531 = CARTESIAN_POINT('',(3.211398807958,46.512305898749));
#7532 = CARTESIAN_POINT('',(5.809475019311,36.45));
#7533 = ( GEOMETRIC_REPRESENTATION_CONTEXT(2) 
PARAMETRIC_REPRESENTATION_CONTEXT() REPRESENTATION_CONTEXT('2D SPACE',''
  ) );
#7534 = PCURVE('',#7535,#7540);
#7535 = CYLINDRICAL_SURFACE('',#7536,6.);
#7536 = AXIS2_PLACEMENT_3D('',#7537,#7538,#7539);
#7537 = CARTESIAN_POINT('',(49.25,71.4,0.));
#7538 = DIRECTION('',(-0.,-0.,-1.));
#7539 = DIRECTION('',(-0.968245836552,0.25,0.));
#7540 = DEFINITIONAL_REPRESENTATION('',(#7541),#7545);
#7541 = LINE('',#7542,#7543);
#7542 = CARTESIAN_POINT('',(-0.,0.));
#7543 = VECTOR('',#7544,1.);
#7544 = DIRECTION('',(-1.,0.));
#7545 = ( GEOMETRIC_REPRESENTATION_CONTEXT(2) 
PARAMETRIC_REPRESENTATION_CONTEXT() REPRESENTATION_CONTEXT('2D SPACE',''
  ) );
#7546 = ORIENTED_EDGE('',*,*,#7547,.T.);
#7547 = EDGE_CURVE('',#7515,#7548,#7550,.T.);
#7548 = VERTEX_POINT('',#7549);
#7549 = CARTESIAN_POINT('',(58.124119674649,72.9,0.));
#7550 = SURFACE_CURVE('',#7551,(#7556,#7563),.PCURVE_S1.);
#7551 = CIRCLE('',#7552,3.);
#7552 = AXIS2_PLACEMENT_3D('',#7553,#7554,#7555);
#7553 = CARTESIAN_POINT('',(58.124119674649,69.9,0.));
#7554 = DIRECTION('',(-0.,-0.,-1.));
#7555 = DIRECTION('',(0.,-1.,0.));
#7556 = PCURVE('',#4950,#7557);
#7557 = DEFINITIONAL_REPRESENTATION('',(#7558),#7562);
#7558 = CIRCLE('',#7559,3.);
#7559 = AXIS2_PLACEMENT_2D('',#7560,#7561);
#7560 = CARTESIAN_POINT('',(-8.874119674649,33.45));
#7561 = DIRECTION('',(0.,-1.));
#7562 = ( GEOMETRIC_REPRESENTATION_CONTEXT(2) 
PARAMETRIC_REPRESENTATION_CONTEXT() REPRESENTATION_CONTEXT('2D SPACE',''
  ) );
#7563 = PCURVE('',#7564,#7569);
#7564 = CYLINDRICAL_SURFACE('',#7565,3.);
#7565 = AXIS2_PLACEMENT_3D('',#7566,#7567,#7568);
#7566 = CARTESIAN_POINT('',(58.124119674649,69.9,0.));
#7567 = DIRECTION('',(-0.,-0.,-1.));
#7568 = DIRECTION('',(0.,-1.,0.));
#7569 = DEFINITIONAL_REPRESENTATION('',(#7570),#7574);
#7570 = LINE('',#7571,#7572);
#7571 = CARTESIAN_POINT('',(0.,0.));
#7572 = VECTOR('',#7573,1.);
#7573 = DIRECTION('',(1.,0.));
#7574 = ( GEOMETRIC_REPRESENTATION_CONTEXT(2) 
PARAMETRIC_REPRESENTATION_CONTEXT() REPRESENTATION_CONTEXT('2D SPACE',''
  ) );
#7575 = ORIENTED_EDGE('',*,*,#7576,.F.);
#7576 = EDGE_CURVE('',#7577,#7548,#7579,.T.);
#7577 = VERTEX_POINT('',#7578);
#7578 = CARTESIAN_POINT('',(60.75,72.9,0.));
#7579 = SURFACE_CURVE('',#7580,(#7584,#7591),.PCURVE_S1.);
#7580 = LINE('',#7581,#7582);
#7581 = CARTESIAN_POINT('',(98.5,72.9,0.));
#7582 = VECTOR('',#7583,1.);
#7583 = DIRECTION('',(-1.,0.,0.));
#7584 = PCURVE('',#4950,#7585);
#7585 = DEFINITIONAL_REPRESENTATION('',(#7586),#7590);
#7586 = LINE('',#7587,#7588);
#7587 = CARTESIAN_POINT('',(-49.25,36.45));
#7588 = VECTOR('',#7589,1.);
#7589 = DIRECTION('',(1.,0.));
#7590 = ( GEOMETRIC_REPRESENTATION_CONTEXT(2) 
PARAMETRIC_REPRESENTATION_CONTEXT() REPRESENTATION_CONTEXT('2D SPACE',''
  ) );
#7591 = PCURVE('',#6445,#7592);
#7592 = DEFINITIONAL_REPRESENTATION('',(#7593),#7597);
#7593 = LINE('',#7594,#7595);
#7594 = CARTESIAN_POINT('',(-10.37411967464,-0.));
#7595 = VECTOR('',#7596,1.);
#7596 = DIRECTION('',(1.,0.));
#7597 = ( GEOMETRIC_REPRESENTATION_CONTEXT(2) 
PARAMETRIC_REPRESENTATION_CONTEXT() REPRESENTATION_CONTEXT('2D SPACE',''
  ) );
#7598 = ORIENTED_EDGE('',*,*,#7599,.T.);
#7599 = EDGE_CURVE('',#7577,#7600,#7602,.T.);
#7600 = VERTEX_POINT('',#7601);
#7601 = CARTESIAN_POINT('',(60.75,69.4,0.));
#7602 = SURFACE_CURVE('',#7603,(#7607,#7614),.PCURVE_S1.);
#7603 = LINE('',#7604,#7605);
#7604 = CARTESIAN_POINT('',(60.75,73.,0.));
#7605 = VECTOR('',#7606,1.);
#7606 = DIRECTION('',(0.,-1.,0.));
#7607 = PCURVE('',#4950,#7608);
#7608 = DEFINITIONAL_REPRESENTATION('',(#7609),#7613);
#7609 = LINE('',#7610,#7611);
#7610 = CARTESIAN_POINT('',(-11.5,36.55));
#7611 = VECTOR('',#7612,1.);
#7612 = DIRECTION('',(0.,-1.));
#7613 = ( GEOMETRIC_REPRESENTATION_CONTEXT(2) 
PARAMETRIC_REPRESENTATION_CONTEXT() REPRESENTATION_CONTEXT('2D SPACE',''
  ) );
#7614 = PCURVE('',#7615,#7620);
#7615 = PLANE('',#7616);
#7616 = AXIS2_PLACEMENT_3D('',#7617,#7618,#7619);
#7617 = CARTESIAN_POINT('',(60.75,73.,0.));
#7618 = DIRECTION('',(1.,0.,-0.));
#7619 = DIRECTION('',(0.,-1.,0.));
#7620 = DEFINITIONAL_REPRESENTATION('',(#7621),#7625);
#7621 = LINE('',#7622,#7623);
#7622 = CARTESIAN_POINT('',(0.,0.));
#7623 = VECTOR('',#7624,1.);
#7624 = DIRECTION('',(1.,0.));
#7625 = ( GEOMETRIC_REPRESENTATION_CONTEXT(2) 
PARAMETRIC_REPRESENTATION_CONTEXT() REPRESENTATION_CONTEXT('2D SPACE',''
  ) );
#7626 = ORIENTED_EDGE('',*,*,#7627,.T.);
#7627 = EDGE_CURVE('',#7600,#7628,#7630,.T.);
#7628 = VERTEX_POINT('',#7629);
#7629 = CARTESIAN_POINT('',(67.75,69.4,0.));
#7630 = SURFACE_CURVE('',#7631,(#7636,#7647),.PCURVE_S1.);
#7631 = CIRCLE('',#7632,3.5);
#7632 = AXIS2_PLACEMENT_3D('',#7633,#7634,#7635);
#7633 = CARTESIAN_POINT('',(64.25,69.4,0.));
#7634 = DIRECTION('',(0.,0.,1.));
#7635 = DIRECTION('',(1.,0.,-0.));
#7636 = PCURVE('',#4950,#7637);
#7637 = DEFINITIONAL_REPRESENTATION('',(#7638),#7646);
#7638 = ( BOUNDED_CURVE() B_SPLINE_CURVE(2,(#7639,#7640,#7641,#7642,
#7643,#7644,#7645),.UNSPECIFIED.,.T.,.F.) B_SPLINE_CURVE_WITH_KNOTS((1,2
    ,2,2,2,1),(-2.094395102393,0.,2.094395102393,4.188790204786,
6.28318530718,8.377580409573),.UNSPECIFIED.) CURVE() 
GEOMETRIC_REPRESENTATION_ITEM() RATIONAL_B_SPLINE_CURVE((1.,0.5,1.,0.5,
1.,0.5,1.)) REPRESENTATION_ITEM('') );
#7639 = CARTESIAN_POINT('',(-18.5,32.95));
#7640 = CARTESIAN_POINT('',(-18.5,39.012177826491));
#7641 = CARTESIAN_POINT('',(-13.25,35.981088913246));
#7642 = CARTESIAN_POINT('',(-8.,32.95));
#7643 = CARTESIAN_POINT('',(-13.25,29.918911086754));
#7644 = CARTESIAN_POINT('',(-18.5,26.887822173509));
#7645 = CARTESIAN_POINT('',(-18.5,32.95));
#7646 = ( GEOMETRIC_REPRESENTATION_CONTEXT(2) 
PARAMETRIC_REPRESENTATION_CONTEXT() REPRESENTATION_CONTEXT('2D SPACE',''
  ) );
#7647 = PCURVE('',#7648,#7653);
#7648 = CYLINDRICAL_SURFACE('',#7649,3.5);
#7649 = AXIS2_PLACEMENT_3D('',#7650,#7651,#7652);
#7650 = CARTESIAN_POINT('',(64.25,69.4,0.));
#7651 = DIRECTION('',(0.,0.,1.));
#7652 = DIRECTION('',(1.,0.,-0.));
#7653 = DEFINITIONAL_REPRESENTATION('',(#7654),#7658);
#7654 = LINE('',#7655,#7656);
#7655 = CARTESIAN_POINT('',(0.,0.));
#7656 = VECTOR('',#7657,1.);
#7657 = DIRECTION('',(1.,0.));
#7658 = ( GEOMETRIC_REPRESENTATION_CONTEXT(2) 
PARAMETRIC_REPRESENTATION_CONTEXT() REPRESENTATION_CONTEXT('2D SPACE',''
  ) );
#7659 = ORIENTED_EDGE('',*,*,#7660,.T.);
#7660 = EDGE_CURVE('',#7628,#6430,#7661,.T.);
#7661 = SURFACE_CURVE('',#7662,(#7666,#7673),.PCURVE_S1.);
#7662 = LINE('',#7663,#7664);
#7663 = CARTESIAN_POINT('',(67.75,69.4,0.));
#7664 = VECTOR('',#7665,1.);
#7665 = DIRECTION('',(0.,1.,0.));
#7666 = PCURVE('',#4950,#7667);
#7667 = DEFINITIONAL_REPRESENTATION('',(#7668),#7672);
#7668 = LINE('',#7669,#7670);
#7669 = CARTESIAN_POINT('',(-18.5,32.95));
#7670 = VECTOR('',#7671,1.);
#7671 = DIRECTION('',(0.,1.));
#7672 = ( GEOMETRIC_REPRESENTATION_CONTEXT(2) 
PARAMETRIC_REPRESENTATION_CONTEXT() REPRESENTATION_CONTEXT('2D SPACE',''
  ) );
#7673 = PCURVE('',#7674,#7679);
#7674 = PLANE('',#7675);
#7675 = AXIS2_PLACEMENT_3D('',#7676,#7677,#7678);
#7676 = CARTESIAN_POINT('',(67.75,69.4,0.));
#7677 = DIRECTION('',(-1.,0.,0.));
#7678 = DIRECTION('',(0.,1.,0.));
#7679 = DEFINITIONAL_REPRESENTATION('',(#7680),#7684);
#7680 = LINE('',#7681,#7682);
#7681 = CARTESIAN_POINT('',(0.,0.));
#7682 = VECTOR('',#7683,1.);
#7683 = DIRECTION('',(1.,0.));
#7684 = ( GEOMETRIC_REPRESENTATION_CONTEXT(2) 
PARAMETRIC_REPRESENTATION_CONTEXT() REPRESENTATION_CONTEXT('2D SPACE',''
  ) );
#7685 = FACE_BOUND('',#7686,.F.);
#7686 = EDGE_LOOP('',(#7687));
#7687 = ORIENTED_EDGE('',*,*,#7688,.T.);
#7688 = EDGE_CURVE('',#7689,#7689,#7691,.T.);
#7689 = VERTEX_POINT('',#7690);
#7690 = CARTESIAN_POINT('',(97.5,35.25,0.));
#7691 = SURFACE_CURVE('',#7692,(#7697,#7708),.PCURVE_S1.);
#7692 = CIRCLE('',#7693,4.25);
#7693 = AXIS2_PLACEMENT_3D('',#7694,#7695,#7696);
#7694 = CARTESIAN_POINT('',(93.25,35.25,0.));
#7695 = DIRECTION('',(0.,0.,1.));
#7696 = DIRECTION('',(1.,0.,0.));
#7697 = PCURVE('',#4950,#7698);
#7698 = DEFINITIONAL_REPRESENTATION('',(#7699),#7707);
#7699 = ( BOUNDED_CURVE() B_SPLINE_CURVE(2,(#7700,#7701,#7702,#7703,
#7704,#7705,#7706),.UNSPECIFIED.,.T.,.F.) B_SPLINE_CURVE_WITH_KNOTS((1,2
    ,2,2,2,1),(-2.094395102393,0.,2.094395102393,4.188790204786,
6.28318530718,8.377580409573),.UNSPECIFIED.) CURVE() 
GEOMETRIC_REPRESENTATION_ITEM() RATIONAL_B_SPLINE_CURVE((1.,0.5,1.,0.5,
1.,0.5,1.)) REPRESENTATION_ITEM('') );
#7700 = CARTESIAN_POINT('',(-48.25,-1.2));
#7701 = CARTESIAN_POINT('',(-48.25,6.161215932168));
#7702 = CARTESIAN_POINT('',(-41.875,2.480607966084));
#7703 = CARTESIAN_POINT('',(-35.5,-1.2));
#7704 = CARTESIAN_POINT('',(-41.875,-4.880607966084));
#7705 = CARTESIAN_POINT('',(-48.25,-8.561215932168));
#7706 = CARTESIAN_POINT('',(-48.25,-1.2));
#7707 = ( GEOMETRIC_REPRESENTATION_CONTEXT(2) 
PARAMETRIC_REPRESENTATION_CONTEXT() REPRESENTATION_CONTEXT('2D SPACE',''
  ) );
#7708 = PCURVE('',#7709,#7714);
#7709 = CONICAL_SURFACE('',#7710,4.25,0.558599315344);
#7710 = AXIS2_PLACEMENT_3D('',#7711,#7712,#7713);
#7711 = CARTESIAN_POINT('',(93.25,35.25,0.));
#7712 = DIRECTION('',(-0.,-0.,-1.));
#7713 = DIRECTION('',(1.,0.,0.));
#7714 = DEFINITIONAL_REPRESENTATION('',(#7715),#7719);
#7715 = LINE('',#7716,#7717);
#7716 = CARTESIAN_POINT('',(-0.,-0.));
#7717 = VECTOR('',#7718,1.);
#7718 = DIRECTION('',(-1.,-0.));
#7719 = ( GEOMETRIC_REPRESENTATION_CONTEXT(2) 
PARAMETRIC_REPRESENTATION_CONTEXT() REPRESENTATION_CONTEXT('2D SPACE',''
  ) );
#7720 = FACE_BOUND('',#7721,.F.);
#7721 = EDGE_LOOP('',(#7722,#7757));
#7722 = ORIENTED_EDGE('',*,*,#7723,.T.);
#7723 = EDGE_CURVE('',#7724,#7726,#7728,.T.);
#7724 = VERTEX_POINT('',#7725);
#7725 = CARTESIAN_POINT('',(65.75,35.25,0.));
#7726 = VERTEX_POINT('',#7727);
#7727 = CARTESIAN_POINT('',(61.5,31.,0.));
#7728 = SURFACE_CURVE('',#7729,(#7734,#7745),.PCURVE_S1.);
#7729 = CIRCLE('',#7730,4.25);
#7730 = AXIS2_PLACEMENT_3D('',#7731,#7732,#7733);
#7731 = CARTESIAN_POINT('',(61.5,35.25,0.));
#7732 = DIRECTION('',(0.,0.,1.));
#7733 = DIRECTION('',(1.,0.,0.));
#7734 = PCURVE('',#4950,#7735);
#7735 = DEFINITIONAL_REPRESENTATION('',(#7736),#7744);
#7736 = ( BOUNDED_CURVE() B_SPLINE_CURVE(2,(#7737,#7738,#7739,#7740,
#7741,#7742,#7743),.UNSPECIFIED.,.T.,.F.) B_SPLINE_CURVE_WITH_KNOTS((1,2
    ,2,2,2,1),(-2.094395102393,0.,2.094395102393,4.188790204786,
6.28318530718,8.377580409573),.UNSPECIFIED.) CURVE() 
GEOMETRIC_REPRESENTATION_ITEM() RATIONAL_B_SPLINE_CURVE((1.,0.5,1.,0.5,
1.,0.5,1.)) REPRESENTATION_ITEM('') );
#7737 = CARTESIAN_POINT('',(-16.5,-1.2));
#7738 = CARTESIAN_POINT('',(-16.5,6.161215932168));
#7739 = CARTESIAN_POINT('',(-10.125,2.480607966084));
#7740 = CARTESIAN_POINT('',(-3.75,-1.2));
#7741 = CARTESIAN_POINT('',(-10.125,-4.880607966084));
#7742 = CARTESIAN_POINT('',(-16.5,-8.561215932168));
#7743 = CARTESIAN_POINT('',(-16.5,-1.2));
#7744 = ( GEOMETRIC_REPRESENTATION_CONTEXT(2) 
PARAMETRIC_REPRESENTATION_CONTEXT() REPRESENTATION_CONTEXT('2D SPACE',''
  ) );
#7745 = PCURVE('',#7746,#7751);
#7746 = CONICAL_SURFACE('',#7747,4.25,0.558599315344);
#7747 = AXIS2_PLACEMENT_3D('',#7748,#7749,#7750);
#7748 = CARTESIAN_POINT('',(61.5,35.25,0.));
#7749 = DIRECTION('',(-0.,-0.,-1.));
#7750 = DIRECTION('',(1.,0.,0.));
#7751 = DEFINITIONAL_REPRESENTATION('',(#7752),#7756);
#7752 = LINE('',#7753,#7754);
#7753 = CARTESIAN_POINT('',(-0.,-0.));
#7754 = VECTOR('',#7755,1.);
#7755 = DIRECTION('',(-1.,-0.));
#7756 = ( GEOMETRIC_REPRESENTATION_CONTEXT(2) 
PARAMETRIC_REPRESENTATION_CONTEXT() REPRESENTATION_CONTEXT('2D SPACE',''
  ) );
#7757 = ORIENTED_EDGE('',*,*,#7758,.T.);
#7758 = EDGE_CURVE('',#7726,#7724,#7759,.T.);
#7759 = SURFACE_CURVE('',#7760,(#7765,#7776),.PCURVE_S1.);
#7760 = CIRCLE('',#7761,4.25);
#7761 = AXIS2_PLACEMENT_3D('',#7762,#7763,#7764);
#7762 = CARTESIAN_POINT('',(61.5,35.25,0.));
#7763 = DIRECTION('',(0.,0.,1.));
#7764 = DIRECTION('',(1.,0.,0.));
#7765 = PCURVE('',#4950,#7766);
#7766 = DEFINITIONAL_REPRESENTATION('',(#7767),#7775);
#7767 = ( BOUNDED_CURVE() B_SPLINE_CURVE(2,(#7768,#7769,#7770,#7771,
#7772,#7773,#7774),.UNSPECIFIED.,.T.,.F.) B_SPLINE_CURVE_WITH_KNOTS((1,2
    ,2,2,2,1),(-2.094395102393,0.,2.094395102393,4.188790204786,
6.28318530718,8.377580409573),.UNSPECIFIED.) CURVE() 
GEOMETRIC_REPRESENTATION_ITEM() RATIONAL_B_SPLINE_CURVE((1.,0.5,1.,0.5,
1.,0.5,1.)) REPRESENTATION_ITEM('') );
#7768 = CARTESIAN_POINT('',(-16.5,-1.2));
#7769 = CARTESIAN_POINT('',(-16.5,6.161215932168));
#7770 = CARTESIAN_POINT('',(-10.125,2.480607966084));
#7771 = CARTESIAN_POINT('',(-3.75,-1.2));
#7772 = CARTESIAN_POINT('',(-10.125,-4.880607966084));
#7773 = CARTESIAN_POINT('',(-16.5,-8.561215932168));
#7774 = CARTESIAN_POINT('',(-16.5,-1.2));
#7775 = ( GEOMETRIC_REPRESENTATION_CONTEXT(2) 
PARAMETRIC_REPRESENTATION_CONTEXT() REPRESENTATION_CONTEXT('2D SPACE',''
  ) );
#7776 = PCURVE('',#7746,#7777);
#7777 = DEFINITIONAL_REPRESENTATION('',(#7778),#7782);
#7778 = LINE('',#7779,#7780);
#7779 = CARTESIAN_POINT('',(-0.,-0.));
#7780 = VECTOR('',#7781,1.);
#7781 = DIRECTION('',(-1.,-0.));
#7782 = ( GEOMETRIC_REPRESENTATION_CONTEXT(2) 
PARAMETRIC_REPRESENTATION_CONTEXT() REPRESENTATION_CONTEXT('2D SPACE',''
  ) );
#7783 = FACE_BOUND('',#7784,.F.);
#7784 = EDGE_LOOP('',(#7785));
#7785 = ORIENTED_EDGE('',*,*,#7786,.T.);
#7786 = EDGE_CURVE('',#7787,#7787,#7789,.T.);
#7787 = VERTEX_POINT('',#7788);
#7788 = CARTESIAN_POINT('',(97.5,60.65,0.));
#7789 = SURFACE_CURVE('',#7790,(#7795,#7806),.PCURVE_S1.);
#7790 = CIRCLE('',#7791,4.25);
#7791 = AXIS2_PLACEMENT_3D('',#7792,#7793,#7794);
#7792 = CARTESIAN_POINT('',(93.25,60.65,0.));
#7793 = DIRECTION('',(0.,0.,1.));
#7794 = DIRECTION('',(1.,0.,0.));
#7795 = PCURVE('',#4950,#7796);
#7796 = DEFINITIONAL_REPRESENTATION('',(#7797),#7805);
#7797 = ( BOUNDED_CURVE() B_SPLINE_CURVE(2,(#7798,#7799,#7800,#7801,
#7802,#7803,#7804),.UNSPECIFIED.,.T.,.F.) B_SPLINE_CURVE_WITH_KNOTS((1,2
    ,2,2,2,1),(-2.094395102393,0.,2.094395102393,4.188790204786,
6.28318530718,8.377580409573),.UNSPECIFIED.) CURVE() 
GEOMETRIC_REPRESENTATION_ITEM() RATIONAL_B_SPLINE_CURVE((1.,0.5,1.,0.5,
1.,0.5,1.)) REPRESENTATION_ITEM('') );
#7798 = CARTESIAN_POINT('',(-48.25,24.2));
#7799 = CARTESIAN_POINT('',(-48.25,31.561215932168));
#7800 = CARTESIAN_POINT('',(-41.875,27.880607966084));
#7801 = CARTESIAN_POINT('',(-35.5,24.2));
#7802 = CARTESIAN_POINT('',(-41.875,20.519392033916));
#7803 = CARTESIAN_POINT('',(-48.25,16.838784067832));
#7804 = CARTESIAN_POINT('',(-48.25,24.2));
#7805 = ( GEOMETRIC_REPRESENTATION_CONTEXT(2) 
PARAMETRIC_REPRESENTATION_CONTEXT() REPRESENTATION_CONTEXT('2D SPACE',''
  ) );
#7806 = PCURVE('',#7807,#7812);
#7807 = CONICAL_SURFACE('',#7808,4.25,0.558599315344);
#7808 = AXIS2_PLACEMENT_3D('',#7809,#7810,#7811);
#7809 = CARTESIAN_POINT('',(93.25,60.65,0.));
#7810 = DIRECTION('',(-0.,-0.,-1.));
#7811 = DIRECTION('',(1.,0.,0.));
#7812 = DEFINITIONAL_REPRESENTATION('',(#7813),#7817);
#7813 = LINE('',#7814,#7815);
#7814 = CARTESIAN_POINT('',(-0.,-0.));
#7815 = VECTOR('',#7816,1.);
#7816 = DIRECTION('',(-1.,-0.));
#7817 = ( GEOMETRIC_REPRESENTATION_CONTEXT(2) 
PARAMETRIC_REPRESENTATION_CONTEXT() REPRESENTATION_CONTEXT('2D SPACE',''
  ) );
#7818 = FACE_BOUND('',#7819,.F.);
#7819 = EDGE_LOOP('',(#7820));
#7820 = ORIENTED_EDGE('',*,*,#7821,.T.);
#7821 = EDGE_CURVE('',#7822,#7822,#7824,.T.);
#7822 = VERTEX_POINT('',#7823);
#7823 = CARTESIAN_POINT('',(65.75,60.65,0.));
#7824 = SURFACE_CURVE('',#7825,(#7830,#7841),.PCURVE_S1.);
#7825 = CIRCLE('',#7826,4.25);
#7826 = AXIS2_PLACEMENT_3D('',#7827,#7828,#7829);
#7827 = CARTESIAN_POINT('',(61.5,60.65,0.));
#7828 = DIRECTION('',(0.,0.,1.));
#7829 = DIRECTION('',(1.,0.,0.));
#7830 = PCURVE('',#4950,#7831);
#7831 = DEFINITIONAL_REPRESENTATION('',(#7832),#7840);
#7832 = ( BOUNDED_CURVE() B_SPLINE_CURVE(2,(#7833,#7834,#7835,#7836,
#7837,#7838,#7839),.UNSPECIFIED.,.T.,.F.) B_SPLINE_CURVE_WITH_KNOTS((1,2
    ,2,2,2,1),(-2.094395102393,0.,2.094395102393,4.188790204786,
6.28318530718,8.377580409573),.UNSPECIFIED.) CURVE() 
GEOMETRIC_REPRESENTATION_ITEM() RATIONAL_B_SPLINE_CURVE((1.,0.5,1.,0.5,
1.,0.5,1.)) REPRESENTATION_ITEM('') );
#7833 = CARTESIAN_POINT('',(-16.5,24.2));
#7834 = CARTESIAN_POINT('',(-16.5,31.561215932168));
#7835 = CARTESIAN_POINT('',(-10.125,27.880607966084));
#7836 = CARTESIAN_POINT('',(-3.75,24.2));
#7837 = CARTESIAN_POINT('',(-10.125,20.519392033916));
#7838 = CARTESIAN_POINT('',(-16.5,16.838784067832));
#7839 = CARTESIAN_POINT('',(-16.5,24.2));
#7840 = ( GEOMETRIC_REPRESENTATION_CONTEXT(2) 
PARAMETRIC_REPRESENTATION_CONTEXT() REPRESENTATION_CONTEXT('2D SPACE',''
  ) );
#7841 = PCURVE('',#7842,#7847);
#7842 = CONICAL_SURFACE('',#7843,4.25,0.558599315344);
#7843 = AXIS2_PLACEMENT_3D('',#7844,#7845,#7846);
#7844 = CARTESIAN_POINT('',(61.5,60.65,0.));
#7845 = DIRECTION('',(-0.,-0.,-1.));
#7846 = DIRECTION('',(1.,0.,0.));
#7847 = DEFINITIONAL_REPRESENTATION('',(#7848),#7852);
#7848 = LINE('',#7849,#7850);
#7849 = CARTESIAN_POINT('',(-0.,-0.));
#7850 = VECTOR('',#7851,1.);
#7851 = DIRECTION('',(-1.,-0.));
#7852 = ( GEOMETRIC_REPRESENTATION_CONTEXT(2) 
PARAMETRIC_REPRESENTATION_CONTEXT() REPRESENTATION_CONTEXT('2D SPACE',''
  ) );
#7853 = FACE_BOUND('',#7854,.F.);
#7854 = EDGE_LOOP('',(#7855,#7883,#7909,#7937,#7963,#7989,#8015,#8041,
    #8069,#8095,#8121,#8147,#8173,#8201,#8227,#8253,#8279,#8305,#8333,
    #8359));
#7855 = ORIENTED_EDGE('',*,*,#7856,.T.);
#7856 = EDGE_CURVE('',#7857,#7859,#7861,.T.);
#7857 = VERTEX_POINT('',#7858);
#7858 = CARTESIAN_POINT('',(46.,37.25,0.));
#7859 = VERTEX_POINT('',#7860);
#7860 = CARTESIAN_POINT('',(46.,45.25,0.));
#7861 = SURFACE_CURVE('',#7862,(#7866,#7872),.PCURVE_S1.);
#7862 = LINE('',#7863,#7864);
#7863 = CARTESIAN_POINT('',(46.,36.85,0.));
#7864 = VECTOR('',#7865,1.);
#7865 = DIRECTION('',(0.,1.,-0.));
#7866 = PCURVE('',#4950,#7867);
#7867 = DEFINITIONAL_REPRESENTATION('',(#7868),#7871);
#7868 = B_SPLINE_CURVE_WITH_KNOTS('',1,(#7869,#7870),.UNSPECIFIED.,.F.,
  .F.,(2,2),(0.4,8.4),.PIECEWISE_BEZIER_KNOTS.);
#7869 = CARTESIAN_POINT('',(3.25,0.8));
#7870 = CARTESIAN_POINT('',(3.25,8.8));
#7871 = ( GEOMETRIC_REPRESENTATION_CONTEXT(2) 
PARAMETRIC_REPRESENTATION_CONTEXT() REPRESENTATION_CONTEXT('2D SPACE',''
  ) );
#7872 = PCURVE('',#7873,#7878);
#7873 = PLANE('',#7874);
#7874 = AXIS2_PLACEMENT_3D('',#7875,#7876,#7877);
#7875 = CARTESIAN_POINT('',(46.,37.25,-1.));
#7876 = DIRECTION('',(-1.,0.,0.));
#7877 = DIRECTION('',(0.,1.,0.));
#7878 = DEFINITIONAL_REPRESENTATION('',(#7879),#7882);
#7879 = B_SPLINE_CURVE_WITH_KNOTS('',1,(#7880,#7881),.UNSPECIFIED.,.F.,
  .F.,(2,2),(0.4,8.4),.PIECEWISE_BEZIER_KNOTS.);
#7880 = CARTESIAN_POINT('',(0.,-1.));
#7881 = CARTESIAN_POINT('',(8.,-1.));
#7882 = ( GEOMETRIC_REPRESENTATION_CONTEXT(2) 
PARAMETRIC_REPRESENTATION_CONTEXT() REPRESENTATION_CONTEXT('2D SPACE',''
  ) );
#7883 = ORIENTED_EDGE('',*,*,#7884,.T.);
#7884 = EDGE_CURVE('',#7859,#7885,#7887,.T.);
#7885 = VERTEX_POINT('',#7886);
#7886 = CARTESIAN_POINT('',(43.2,45.25,0.));
#7887 = SURFACE_CURVE('',#7888,(#7892,#7898),.PCURVE_S1.);
#7888 = LINE('',#7889,#7890);
#7889 = CARTESIAN_POINT('',(47.625,45.25,0.));
#7890 = VECTOR('',#7891,1.);
#7891 = DIRECTION('',(-1.,0.,0.));
#7892 = PCURVE('',#4950,#7893);
#7893 = DEFINITIONAL_REPRESENTATION('',(#7894),#7897);
#7894 = B_SPLINE_CURVE_WITH_KNOTS('',1,(#7895,#7896),.UNSPECIFIED.,.F.,
  .F.,(2,2),(1.625,9.625),.PIECEWISE_BEZIER_KNOTS.);
#7895 = CARTESIAN_POINT('',(3.25,8.8));
#7896 = CARTESIAN_POINT('',(11.25,8.8));
#7897 = ( GEOMETRIC_REPRESENTATION_CONTEXT(2) 
PARAMETRIC_REPRESENTATION_CONTEXT() REPRESENTATION_CONTEXT('2D SPACE',''
  ) );
#7898 = PCURVE('',#7899,#7904);
#7899 = PLANE('',#7900);
#7900 = AXIS2_PLACEMENT_3D('',#7901,#7902,#7903);
#7901 = CARTESIAN_POINT('',(46.,45.25,-1.));
#7902 = DIRECTION('',(0.,-1.,0.));
#7903 = DIRECTION('',(-1.,0.,0.));
#7904 = DEFINITIONAL_REPRESENTATION('',(#7905),#7908);
#7905 = B_SPLINE_CURVE_WITH_KNOTS('',1,(#7906,#7907),.UNSPECIFIED.,.F.,
  .F.,(2,2),(1.625,9.625),.PIECEWISE_BEZIER_KNOTS.);
#7906 = CARTESIAN_POINT('',(0.,-1.));
#7907 = CARTESIAN_POINT('',(8.,-1.));
#7908 = ( GEOMETRIC_REPRESENTATION_CONTEXT(2) 
PARAMETRIC_REPRESENTATION_CONTEXT() REPRESENTATION_CONTEXT('2D SPACE',''
  ) );
#7909 = ORIENTED_EDGE('',*,*,#7910,.T.);
#7910 = EDGE_CURVE('',#7885,#7911,#7913,.T.);
#7911 = VERTEX_POINT('',#7912);
#7912 = CARTESIAN_POINT('',(43.2,53.65,0.));
#7913 = SURFACE_CURVE('',#7914,(#7918,#7925),.PCURVE_S1.);
#7914 = LINE('',#7915,#7916);
#7915 = CARTESIAN_POINT('',(43.2,40.05,0.));
#7916 = VECTOR('',#7917,1.);
#7917 = DIRECTION('',(0.,1.,0.));
#7918 = PCURVE('',#4950,#7919);
#7919 = DEFINITIONAL_REPRESENTATION('',(#7920),#7924);
#7920 = LINE('',#7921,#7922);
#7921 = CARTESIAN_POINT('',(6.05,3.6));
#7922 = VECTOR('',#7923,1.);
#7923 = DIRECTION('',(0.,1.));
#7924 = ( GEOMETRIC_REPRESENTATION_CONTEXT(2) 
PARAMETRIC_REPRESENTATION_CONTEXT() REPRESENTATION_CONTEXT('2D SPACE',''
  ) );
#7925 = PCURVE('',#7926,#7931);
#7926 = PLANE('',#7927);
#7927 = AXIS2_PLACEMENT_3D('',#7928,#7929,#7930);
#7928 = CARTESIAN_POINT('',(43.2,40.05,0.));
#7929 = DIRECTION('',(-1.,0.,0.));
#7930 = DIRECTION('',(0.,1.,0.));
#7931 = DEFINITIONAL_REPRESENTATION('',(#7932),#7936);
#7932 = LINE('',#7933,#7934);
#7933 = CARTESIAN_POINT('',(0.,0.));
#7934 = VECTOR('',#7935,1.);
#7935 = DIRECTION('',(1.,0.));
#7936 = ( GEOMETRIC_REPRESENTATION_CONTEXT(2) 
PARAMETRIC_REPRESENTATION_CONTEXT() REPRESENTATION_CONTEXT('2D SPACE',''
  ) );
#7937 = ORIENTED_EDGE('',*,*,#7938,.T.);
#7938 = EDGE_CURVE('',#7911,#7939,#7941,.T.);
#7939 = VERTEX_POINT('',#7940);
#7940 = CARTESIAN_POINT('',(46.,53.65,0.));
#7941 = SURFACE_CURVE('',#7942,(#7946,#7952),.PCURVE_S1.);
#7942 = LINE('',#7943,#7944);
#7943 = CARTESIAN_POINT('',(43.625,53.65,0.));
#7944 = VECTOR('',#7945,1.);
#7945 = DIRECTION('',(1.,0.,0.));
#7946 = PCURVE('',#4950,#7947);
#7947 = DEFINITIONAL_REPRESENTATION('',(#7948),#7951);
#7948 = B_SPLINE_CURVE_WITH_KNOTS('',1,(#7949,#7950),.UNSPECIFIED.,.F.,
  .F.,(2,2),(-5.625,2.375),.PIECEWISE_BEZIER_KNOTS.);
#7949 = CARTESIAN_POINT('',(11.25,17.2));
#7950 = CARTESIAN_POINT('',(3.25,17.2));
#7951 = ( GEOMETRIC_REPRESENTATION_CONTEXT(2) 
PARAMETRIC_REPRESENTATION_CONTEXT() REPRESENTATION_CONTEXT('2D SPACE',''
  ) );
#7952 = PCURVE('',#7953,#7958);
#7953 = PLANE('',#7954);
#7954 = AXIS2_PLACEMENT_3D('',#7955,#7956,#7957);
#7955 = CARTESIAN_POINT('',(38.,53.65,-1.));
#7956 = DIRECTION('',(0.,1.,0.));
#7957 = DIRECTION('',(1.,0.,0.));
#7958 = DEFINITIONAL_REPRESENTATION('',(#7959),#7962);
#7959 = B_SPLINE_CURVE_WITH_KNOTS('',1,(#7960,#7961),.UNSPECIFIED.,.F.,
  .F.,(2,2),(-5.625,2.375),.PIECEWISE_BEZIER_KNOTS.);
#7960 = CARTESIAN_POINT('',(0.,-1.));
#7961 = CARTESIAN_POINT('',(8.,-1.));
#7962 = ( GEOMETRIC_REPRESENTATION_CONTEXT(2) 
PARAMETRIC_REPRESENTATION_CONTEXT() REPRESENTATION_CONTEXT('2D SPACE',''
  ) );
#7963 = ORIENTED_EDGE('',*,*,#7964,.T.);
#7964 = EDGE_CURVE('',#7939,#7965,#7967,.T.);
#7965 = VERTEX_POINT('',#7966);
#7966 = CARTESIAN_POINT('',(46.,61.65,0.));
#7967 = SURFACE_CURVE('',#7968,(#7972,#7978),.PCURVE_S1.);
#7968 = LINE('',#7969,#7970);
#7969 = CARTESIAN_POINT('',(46.,45.05,0.));
#7970 = VECTOR('',#7971,1.);
#7971 = DIRECTION('',(0.,1.,-0.));
#7972 = PCURVE('',#4950,#7973);
#7973 = DEFINITIONAL_REPRESENTATION('',(#7974),#7977);
#7974 = B_SPLINE_CURVE_WITH_KNOTS('',1,(#7975,#7976),.UNSPECIFIED.,.F.,
  .F.,(2,2),(8.6,16.6),.PIECEWISE_BEZIER_KNOTS.);
#7975 = CARTESIAN_POINT('',(3.25,17.2));
#7976 = CARTESIAN_POINT('',(3.25,25.2));
#7977 = ( GEOMETRIC_REPRESENTATION_CONTEXT(2) 
PARAMETRIC_REPRESENTATION_CONTEXT() REPRESENTATION_CONTEXT('2D SPACE',''
  ) );
#7978 = PCURVE('',#7979,#7984);
#7979 = PLANE('',#7980);
#7980 = AXIS2_PLACEMENT_3D('',#7981,#7982,#7983);
#7981 = CARTESIAN_POINT('',(46.,53.65,-1.));
#7982 = DIRECTION('',(-1.,0.,0.));
#7983 = DIRECTION('',(0.,1.,0.));
#7984 = DEFINITIONAL_REPRESENTATION('',(#7985),#7988);
#7985 = B_SPLINE_CURVE_WITH_KNOTS('',1,(#7986,#7987),.UNSPECIFIED.,.F.,
  .F.,(2,2),(8.6,16.6),.PIECEWISE_BEZIER_KNOTS.);
#7986 = CARTESIAN_POINT('',(0.,-1.));
#7987 = CARTESIAN_POINT('',(8.,-1.));
#7988 = ( GEOMETRIC_REPRESENTATION_CONTEXT(2) 
PARAMETRIC_REPRESENTATION_CONTEXT() REPRESENTATION_CONTEXT('2D SPACE',''
  ) );
#7989 = ORIENTED_EDGE('',*,*,#7990,.T.);
#7990 = EDGE_CURVE('',#7965,#7991,#7993,.T.);
#7991 = VERTEX_POINT('',#7992);
#7992 = CARTESIAN_POINT('',(38.,61.65,0.));
#7993 = SURFACE_CURVE('',#7994,(#7998,#8004),.PCURVE_S1.);
#7994 = LINE('',#7995,#7996);
#7995 = CARTESIAN_POINT('',(47.625,61.65,0.));
#7996 = VECTOR('',#7997,1.);
#7997 = DIRECTION('',(-1.,0.,0.));
#7998 = PCURVE('',#4950,#7999);
#7999 = DEFINITIONAL_REPRESENTATION('',(#8000),#8003);
#8000 = B_SPLINE_CURVE_WITH_KNOTS('',1,(#8001,#8002),.UNSPECIFIED.,.F.,
  .F.,(2,2),(1.625,9.625),.PIECEWISE_BEZIER_KNOTS.);
#8001 = CARTESIAN_POINT('',(3.25,25.2));
#8002 = CARTESIAN_POINT('',(11.25,25.2));
#8003 = ( GEOMETRIC_REPRESENTATION_CONTEXT(2) 
PARAMETRIC_REPRESENTATION_CONTEXT() REPRESENTATION_CONTEXT('2D SPACE',''
  ) );
#8004 = PCURVE('',#8005,#8010);
#8005 = PLANE('',#8006);
#8006 = AXIS2_PLACEMENT_3D('',#8007,#8008,#8009);
#8007 = CARTESIAN_POINT('',(46.,61.65,-1.));
#8008 = DIRECTION('',(0.,-1.,0.));
#8009 = DIRECTION('',(-1.,0.,0.));
#8010 = DEFINITIONAL_REPRESENTATION('',(#8011),#8014);
#8011 = B_SPLINE_CURVE_WITH_KNOTS('',1,(#8012,#8013),.UNSPECIFIED.,.F.,
  .F.,(2,2),(1.625,9.625),.PIECEWISE_BEZIER_KNOTS.);
#8012 = CARTESIAN_POINT('',(0.,-1.));
#8013 = CARTESIAN_POINT('',(8.,-1.));
#8014 = ( GEOMETRIC_REPRESENTATION_CONTEXT(2) 
PARAMETRIC_REPRESENTATION_CONTEXT() REPRESENTATION_CONTEXT('2D SPACE',''
  ) );
#8015 = ORIENTED_EDGE('',*,*,#8016,.T.);
#8016 = EDGE_CURVE('',#7991,#8017,#8019,.T.);
#8017 = VERTEX_POINT('',#8018);
#8018 = CARTESIAN_POINT('',(38.,58.85,0.));
#8019 = SURFACE_CURVE('',#8020,(#8024,#8030),.PCURVE_S1.);
#8020 = LINE('',#8021,#8022);
#8021 = CARTESIAN_POINT('',(38.,49.05,0.));
#8022 = VECTOR('',#8023,1.);
#8023 = DIRECTION('',(0.,-1.,0.));
#8024 = PCURVE('',#4950,#8025);
#8025 = DEFINITIONAL_REPRESENTATION('',(#8026),#8029);
#8026 = B_SPLINE_CURVE_WITH_KNOTS('',1,(#8027,#8028),.UNSPECIFIED.,.F.,
  .F.,(2,2),(-12.6,-4.6),.PIECEWISE_BEZIER_KNOTS.);
#8027 = CARTESIAN_POINT('',(11.25,25.2));
#8028 = CARTESIAN_POINT('',(11.25,17.2));
#8029 = ( GEOMETRIC_REPRESENTATION_CONTEXT(2) 
PARAMETRIC_REPRESENTATION_CONTEXT() REPRESENTATION_CONTEXT('2D SPACE',''
  ) );
#8030 = PCURVE('',#8031,#8036);
#8031 = PLANE('',#8032);
#8032 = AXIS2_PLACEMENT_3D('',#8033,#8034,#8035);
#8033 = CARTESIAN_POINT('',(38.,61.65,-1.));
#8034 = DIRECTION('',(1.,0.,-0.));
#8035 = DIRECTION('',(0.,-1.,0.));
#8036 = DEFINITIONAL_REPRESENTATION('',(#8037),#8040);
#8037 = B_SPLINE_CURVE_WITH_KNOTS('',1,(#8038,#8039),.UNSPECIFIED.,.F.,
  .F.,(2,2),(-12.6,-4.6),.PIECEWISE_BEZIER_KNOTS.);
#8038 = CARTESIAN_POINT('',(0.,-1.));
#8039 = CARTESIAN_POINT('',(8.,-1.));
#8040 = ( GEOMETRIC_REPRESENTATION_CONTEXT(2) 
PARAMETRIC_REPRESENTATION_CONTEXT() REPRESENTATION_CONTEXT('2D SPACE',''
  ) );
#8041 = ORIENTED_EDGE('',*,*,#8042,.T.);
#8042 = EDGE_CURVE('',#8017,#8043,#8045,.T.);
#8043 = VERTEX_POINT('',#8044);
#8044 = CARTESIAN_POINT('',(22.,58.85,0.));
#8045 = SURFACE_CURVE('',#8046,(#8050,#8057),.PCURVE_S1.);
#8046 = LINE('',#8047,#8048);
#8047 = CARTESIAN_POINT('',(43.2,58.85,0.));
#8048 = VECTOR('',#8049,1.);
#8049 = DIRECTION('',(-1.,0.,0.));
#8050 = PCURVE('',#4950,#8051);
#8051 = DEFINITIONAL_REPRESENTATION('',(#8052),#8056);
#8052 = LINE('',#8053,#8054);
#8053 = CARTESIAN_POINT('',(6.05,22.4));
#8054 = VECTOR('',#8055,1.);
#8055 = DIRECTION('',(1.,0.));
#8056 = ( GEOMETRIC_REPRESENTATION_CONTEXT(2) 
PARAMETRIC_REPRESENTATION_CONTEXT() REPRESENTATION_CONTEXT('2D SPACE',''
  ) );
#8057 = PCURVE('',#8058,#8063);
#8058 = PLANE('',#8059);
#8059 = AXIS2_PLACEMENT_3D('',#8060,#8061,#8062);
#8060 = CARTESIAN_POINT('',(43.2,58.85,0.));
#8061 = DIRECTION('',(0.,-1.,0.));
#8062 = DIRECTION('',(-1.,0.,0.));
#8063 = DEFINITIONAL_REPRESENTATION('',(#8064),#8068);
#8064 = LINE('',#8065,#8066);
#8065 = CARTESIAN_POINT('',(0.,-0.));
#8066 = VECTOR('',#8067,1.);
#8067 = DIRECTION('',(1.,0.));
#8068 = ( GEOMETRIC_REPRESENTATION_CONTEXT(2) 
PARAMETRIC_REPRESENTATION_CONTEXT() REPRESENTATION_CONTEXT('2D SPACE',''
  ) );
#8069 = ORIENTED_EDGE('',*,*,#8070,.T.);
#8070 = EDGE_CURVE('',#8043,#8071,#8073,.T.);
#8071 = VERTEX_POINT('',#8072);
#8072 = CARTESIAN_POINT('',(22.,61.65,0.));
#8073 = SURFACE_CURVE('',#8074,(#8078,#8084),.PCURVE_S1.);
#8074 = LINE('',#8075,#8076);
#8075 = CARTESIAN_POINT('',(22.,45.05,0.));
#8076 = VECTOR('',#8077,1.);
#8077 = DIRECTION('',(0.,1.,-0.));
#8078 = PCURVE('',#4950,#8079);
#8079 = DEFINITIONAL_REPRESENTATION('',(#8080),#8083);
#8080 = B_SPLINE_CURVE_WITH_KNOTS('',1,(#8081,#8082),.UNSPECIFIED.,.F.,
  .F.,(2,2),(8.6,16.6),.PIECEWISE_BEZIER_KNOTS.);
#8081 = CARTESIAN_POINT('',(27.25,17.2));
#8082 = CARTESIAN_POINT('',(27.25,25.2));
#8083 = ( GEOMETRIC_REPRESENTATION_CONTEXT(2) 
PARAMETRIC_REPRESENTATION_CONTEXT() REPRESENTATION_CONTEXT('2D SPACE',''
  ) );
#8084 = PCURVE('',#8085,#8090);
#8085 = PLANE('',#8086);
#8086 = AXIS2_PLACEMENT_3D('',#8087,#8088,#8089);
#8087 = CARTESIAN_POINT('',(22.,53.65,-1.));
#8088 = DIRECTION('',(-1.,0.,0.));
#8089 = DIRECTION('',(0.,1.,0.));
#8090 = DEFINITIONAL_REPRESENTATION('',(#8091),#8094);
#8091 = B_SPLINE_CURVE_WITH_KNOTS('',1,(#8092,#8093),.UNSPECIFIED.,.F.,
  .F.,(2,2),(8.6,16.6),.PIECEWISE_BEZIER_KNOTS.);
#8092 = CARTESIAN_POINT('',(0.,-1.));
#8093 = CARTESIAN_POINT('',(8.,-1.));
#8094 = ( GEOMETRIC_REPRESENTATION_CONTEXT(2) 
PARAMETRIC_REPRESENTATION_CONTEXT() REPRESENTATION_CONTEXT('2D SPACE',''
  ) );
#8095 = ORIENTED_EDGE('',*,*,#8096,.T.);
#8096 = EDGE_CURVE('',#8071,#8097,#8099,.T.);
#8097 = VERTEX_POINT('',#8098);
#8098 = CARTESIAN_POINT('',(14.,61.65,0.));
#8099 = SURFACE_CURVE('',#8100,(#8104,#8110),.PCURVE_S1.);
#8100 = LINE('',#8101,#8102);
#8101 = CARTESIAN_POINT('',(35.625,61.65,0.));
#8102 = VECTOR('',#8103,1.);
#8103 = DIRECTION('',(-1.,0.,0.));
#8104 = PCURVE('',#4950,#8105);
#8105 = DEFINITIONAL_REPRESENTATION('',(#8106),#8109);
#8106 = B_SPLINE_CURVE_WITH_KNOTS('',1,(#8107,#8108),.UNSPECIFIED.,.F.,
  .F.,(2,2),(13.625,21.625),.PIECEWISE_BEZIER_KNOTS.);
#8107 = CARTESIAN_POINT('',(27.25,25.2));
#8108 = CARTESIAN_POINT('',(35.25,25.2));
#8109 = ( GEOMETRIC_REPRESENTATION_CONTEXT(2) 
PARAMETRIC_REPRESENTATION_CONTEXT() REPRESENTATION_CONTEXT('2D SPACE',''
  ) );
#8110 = PCURVE('',#8111,#8116);
#8111 = PLANE('',#8112);
#8112 = AXIS2_PLACEMENT_3D('',#8113,#8114,#8115);
#8113 = CARTESIAN_POINT('',(22.,61.65,-1.));
#8114 = DIRECTION('',(0.,-1.,0.));
#8115 = DIRECTION('',(-1.,0.,0.));
#8116 = DEFINITIONAL_REPRESENTATION('',(#8117),#8120);
#8117 = B_SPLINE_CURVE_WITH_KNOTS('',1,(#8118,#8119),.UNSPECIFIED.,.F.,
  .F.,(2,2),(13.625,21.625),.PIECEWISE_BEZIER_KNOTS.);
#8118 = CARTESIAN_POINT('',(0.,-1.));
#8119 = CARTESIAN_POINT('',(8.,-1.));
#8120 = ( GEOMETRIC_REPRESENTATION_CONTEXT(2) 
PARAMETRIC_REPRESENTATION_CONTEXT() REPRESENTATION_CONTEXT('2D SPACE',''
  ) );
#8121 = ORIENTED_EDGE('',*,*,#8122,.T.);
#8122 = EDGE_CURVE('',#8097,#8123,#8125,.T.);
#8123 = VERTEX_POINT('',#8124);
#8124 = CARTESIAN_POINT('',(14.,53.65,0.));
#8125 = SURFACE_CURVE('',#8126,(#8130,#8136),.PCURVE_S1.);
#8126 = LINE('',#8127,#8128);
#8127 = CARTESIAN_POINT('',(14.,49.05,0.));
#8128 = VECTOR('',#8129,1.);
#8129 = DIRECTION('',(0.,-1.,0.));
#8130 = PCURVE('',#4950,#8131);
#8131 = DEFINITIONAL_REPRESENTATION('',(#8132),#8135);
#8132 = B_SPLINE_CURVE_WITH_KNOTS('',1,(#8133,#8134),.UNSPECIFIED.,.F.,
  .F.,(2,2),(-12.6,-4.6),.PIECEWISE_BEZIER_KNOTS.);
#8133 = CARTESIAN_POINT('',(35.25,25.2));
#8134 = CARTESIAN_POINT('',(35.25,17.2));
#8135 = ( GEOMETRIC_REPRESENTATION_CONTEXT(2) 
PARAMETRIC_REPRESENTATION_CONTEXT() REPRESENTATION_CONTEXT('2D SPACE',''
  ) );
#8136 = PCURVE('',#8137,#8142);
#8137 = PLANE('',#8138);
#8138 = AXIS2_PLACEMENT_3D('',#8139,#8140,#8141);
#8139 = CARTESIAN_POINT('',(14.,61.65,-1.));
#8140 = DIRECTION('',(1.,0.,-0.));
#8141 = DIRECTION('',(0.,-1.,0.));
#8142 = DEFINITIONAL_REPRESENTATION('',(#8143),#8146);
#8143 = B_SPLINE_CURVE_WITH_KNOTS('',1,(#8144,#8145),.UNSPECIFIED.,.F.,
  .F.,(2,2),(-12.6,-4.6),.PIECEWISE_BEZIER_KNOTS.);
#8144 = CARTESIAN_POINT('',(0.,-1.));
#8145 = CARTESIAN_POINT('',(8.,-1.));
#8146 = ( GEOMETRIC_REPRESENTATION_CONTEXT(2) 
PARAMETRIC_REPRESENTATION_CONTEXT() REPRESENTATION_CONTEXT('2D SPACE',''
  ) );
#8147 = ORIENTED_EDGE('',*,*,#8148,.T.);
#8148 = EDGE_CURVE('',#8123,#8149,#8151,.T.);
#8149 = VERTEX_POINT('',#8150);
#8150 = CARTESIAN_POINT('',(16.8,53.65,0.));
#8151 = SURFACE_CURVE('',#8152,(#8156,#8162),.PCURVE_S1.);
#8152 = LINE('',#8153,#8154);
#8153 = CARTESIAN_POINT('',(31.625,53.65,0.));
#8154 = VECTOR('',#8155,1.);
#8155 = DIRECTION('',(1.,0.,0.));
#8156 = PCURVE('',#4950,#8157);
#8157 = DEFINITIONAL_REPRESENTATION('',(#8158),#8161);
#8158 = B_SPLINE_CURVE_WITH_KNOTS('',1,(#8159,#8160),.UNSPECIFIED.,.F.,
  .F.,(2,2),(-17.625,-9.625),.PIECEWISE_BEZIER_KNOTS.);
#8159 = CARTESIAN_POINT('',(35.25,17.2));
#8160 = CARTESIAN_POINT('',(27.25,17.2));
#8161 = ( GEOMETRIC_REPRESENTATION_CONTEXT(2) 
PARAMETRIC_REPRESENTATION_CONTEXT() REPRESENTATION_CONTEXT('2D SPACE',''
  ) );
#8162 = PCURVE('',#8163,#8168);
#8163 = PLANE('',#8164);
#8164 = AXIS2_PLACEMENT_3D('',#8165,#8166,#8167);
#8165 = CARTESIAN_POINT('',(14.,53.65,-1.));
#8166 = DIRECTION('',(0.,1.,0.));
#8167 = DIRECTION('',(1.,0.,0.));
#8168 = DEFINITIONAL_REPRESENTATION('',(#8169),#8172);
#8169 = B_SPLINE_CURVE_WITH_KNOTS('',1,(#8170,#8171),.UNSPECIFIED.,.F.,
  .F.,(2,2),(-17.625,-9.625),.PIECEWISE_BEZIER_KNOTS.);
#8170 = CARTESIAN_POINT('',(0.,-1.));
#8171 = CARTESIAN_POINT('',(8.,-1.));
#8172 = ( GEOMETRIC_REPRESENTATION_CONTEXT(2) 
PARAMETRIC_REPRESENTATION_CONTEXT() REPRESENTATION_CONTEXT('2D SPACE',''
  ) );
#8173 = ORIENTED_EDGE('',*,*,#8174,.T.);
#8174 = EDGE_CURVE('',#8149,#8175,#8177,.T.);
#8175 = VERTEX_POINT('',#8176);
#8176 = CARTESIAN_POINT('',(16.8,45.25,0.));
#8177 = SURFACE_CURVE('',#8178,(#8182,#8189),.PCURVE_S1.);
#8178 = LINE('',#8179,#8180);
#8179 = CARTESIAN_POINT('',(16.8,58.85,0.));
#8180 = VECTOR('',#8181,1.);
#8181 = DIRECTION('',(0.,-1.,0.));
#8182 = PCURVE('',#4950,#8183);
#8183 = DEFINITIONAL_REPRESENTATION('',(#8184),#8188);
#8184 = LINE('',#8185,#8186);
#8185 = CARTESIAN_POINT('',(32.45,22.4));
#8186 = VECTOR('',#8187,1.);
#8187 = DIRECTION('',(0.,-1.));
#8188 = ( GEOMETRIC_REPRESENTATION_CONTEXT(2) 
PARAMETRIC_REPRESENTATION_CONTEXT() REPRESENTATION_CONTEXT('2D SPACE',''
  ) );
#8189 = PCURVE('',#8190,#8195);
#8190 = PLANE('',#8191);
#8191 = AXIS2_PLACEMENT_3D('',#8192,#8193,#8194);
#8192 = CARTESIAN_POINT('',(16.8,58.85,0.));
#8193 = DIRECTION('',(1.,0.,-0.));
#8194 = DIRECTION('',(0.,-1.,0.));
#8195 = DEFINITIONAL_REPRESENTATION('',(#8196),#8200);
#8196 = LINE('',#8197,#8198);
#8197 = CARTESIAN_POINT('',(0.,0.));
#8198 = VECTOR('',#8199,1.);
#8199 = DIRECTION('',(1.,0.));
#8200 = ( GEOMETRIC_REPRESENTATION_CONTEXT(2) 
PARAMETRIC_REPRESENTATION_CONTEXT() REPRESENTATION_CONTEXT('2D SPACE',''
  ) );
#8201 = ORIENTED_EDGE('',*,*,#8202,.T.);
#8202 = EDGE_CURVE('',#8175,#8203,#8205,.T.);
#8203 = VERTEX_POINT('',#8204);
#8204 = CARTESIAN_POINT('',(14.,45.25,0.));
#8205 = SURFACE_CURVE('',#8206,(#8210,#8216),.PCURVE_S1.);
#8206 = LINE('',#8207,#8208);
#8207 = CARTESIAN_POINT('',(35.625,45.25,0.));
#8208 = VECTOR('',#8209,1.);
#8209 = DIRECTION('',(-1.,0.,0.));
#8210 = PCURVE('',#4950,#8211);
#8211 = DEFINITIONAL_REPRESENTATION('',(#8212),#8215);
#8212 = B_SPLINE_CURVE_WITH_KNOTS('',1,(#8213,#8214),.UNSPECIFIED.,.F.,
  .F.,(2,2),(13.625,21.625),.PIECEWISE_BEZIER_KNOTS.);
#8213 = CARTESIAN_POINT('',(27.25,8.8));
#8214 = CARTESIAN_POINT('',(35.25,8.8));
#8215 = ( GEOMETRIC_REPRESENTATION_CONTEXT(2) 
PARAMETRIC_REPRESENTATION_CONTEXT() REPRESENTATION_CONTEXT('2D SPACE',''
  ) );
#8216 = PCURVE('',#8217,#8222);
#8217 = PLANE('',#8218);
#8218 = AXIS2_PLACEMENT_3D('',#8219,#8220,#8221);
#8219 = CARTESIAN_POINT('',(22.,45.25,-1.));
#8220 = DIRECTION('',(0.,-1.,0.));
#8221 = DIRECTION('',(-1.,0.,0.));
#8222 = DEFINITIONAL_REPRESENTATION('',(#8223),#8226);
#8223 = B_SPLINE_CURVE_WITH_KNOTS('',1,(#8224,#8225),.UNSPECIFIED.,.F.,
  .F.,(2,2),(13.625,21.625),.PIECEWISE_BEZIER_KNOTS.);
#8224 = CARTESIAN_POINT('',(0.,-1.));
#8225 = CARTESIAN_POINT('',(8.,-1.));
#8226 = ( GEOMETRIC_REPRESENTATION_CONTEXT(2) 
PARAMETRIC_REPRESENTATION_CONTEXT() REPRESENTATION_CONTEXT('2D SPACE',''
  ) );
#8227 = ORIENTED_EDGE('',*,*,#8228,.T.);
#8228 = EDGE_CURVE('',#8203,#8229,#8231,.T.);
#8229 = VERTEX_POINT('',#8230);
#8230 = CARTESIAN_POINT('',(14.,37.25,0.));
#8231 = SURFACE_CURVE('',#8232,(#8236,#8242),.PCURVE_S1.);
#8232 = LINE('',#8233,#8234);
#8233 = CARTESIAN_POINT('',(14.,40.85,0.));
#8234 = VECTOR('',#8235,1.);
#8235 = DIRECTION('',(0.,-1.,0.));
#8236 = PCURVE('',#4950,#8237);
#8237 = DEFINITIONAL_REPRESENTATION('',(#8238),#8241);
#8238 = B_SPLINE_CURVE_WITH_KNOTS('',1,(#8239,#8240),.UNSPECIFIED.,.F.,
  .F.,(2,2),(-4.4,3.6),.PIECEWISE_BEZIER_KNOTS.);
#8239 = CARTESIAN_POINT('',(35.25,8.8));
#8240 = CARTESIAN_POINT('',(35.25,0.8));
#8241 = ( GEOMETRIC_REPRESENTATION_CONTEXT(2) 
PARAMETRIC_REPRESENTATION_CONTEXT() REPRESENTATION_CONTEXT('2D SPACE',''
  ) );
#8242 = PCURVE('',#8243,#8248);
#8243 = PLANE('',#8244);
#8244 = AXIS2_PLACEMENT_3D('',#8245,#8246,#8247);
#8245 = CARTESIAN_POINT('',(14.,45.25,-1.));
#8246 = DIRECTION('',(1.,0.,-0.));
#8247 = DIRECTION('',(0.,-1.,0.));
#8248 = DEFINITIONAL_REPRESENTATION('',(#8249),#8252);
#8249 = B_SPLINE_CURVE_WITH_KNOTS('',1,(#8250,#8251),.UNSPECIFIED.,.F.,
  .F.,(2,2),(-4.4,3.6),.PIECEWISE_BEZIER_KNOTS.);
#8250 = CARTESIAN_POINT('',(0.,-1.));
#8251 = CARTESIAN_POINT('',(8.,-1.));
#8252 = ( GEOMETRIC_REPRESENTATION_CONTEXT(2) 
PARAMETRIC_REPRESENTATION_CONTEXT() REPRESENTATION_CONTEXT('2D SPACE',''
  ) );
#8253 = ORIENTED_EDGE('',*,*,#8254,.T.);
#8254 = EDGE_CURVE('',#8229,#8255,#8257,.T.);
#8255 = VERTEX_POINT('',#8256);
#8256 = CARTESIAN_POINT('',(22.,37.25,0.));
#8257 = SURFACE_CURVE('',#8258,(#8262,#8268),.PCURVE_S1.);
#8258 = LINE('',#8259,#8260);
#8259 = CARTESIAN_POINT('',(31.625,37.25,0.));
#8260 = VECTOR('',#8261,1.);
#8261 = DIRECTION('',(1.,0.,0.));
#8262 = PCURVE('',#4950,#8263);
#8263 = DEFINITIONAL_REPRESENTATION('',(#8264),#8267);
#8264 = B_SPLINE_CURVE_WITH_KNOTS('',1,(#8265,#8266),.UNSPECIFIED.,.F.,
  .F.,(2,2),(-17.625,-9.625),.PIECEWISE_BEZIER_KNOTS.);
#8265 = CARTESIAN_POINT('',(35.25,0.8));
#8266 = CARTESIAN_POINT('',(27.25,0.8));
#8267 = ( GEOMETRIC_REPRESENTATION_CONTEXT(2) 
PARAMETRIC_REPRESENTATION_CONTEXT() REPRESENTATION_CONTEXT('2D SPACE',''
  ) );
#8268 = PCURVE('',#8269,#8274);
#8269 = PLANE('',#8270);
#8270 = AXIS2_PLACEMENT_3D('',#8271,#8272,#8273);
#8271 = CARTESIAN_POINT('',(14.,37.25,-1.));
#8272 = DIRECTION('',(0.,1.,0.));
#8273 = DIRECTION('',(1.,0.,0.));
#8274 = DEFINITIONAL_REPRESENTATION('',(#8275),#8278);
#8275 = B_SPLINE_CURVE_WITH_KNOTS('',1,(#8276,#8277),.UNSPECIFIED.,.F.,
  .F.,(2,2),(-17.625,-9.625),.PIECEWISE_BEZIER_KNOTS.);
#8276 = CARTESIAN_POINT('',(0.,-1.));
#8277 = CARTESIAN_POINT('',(8.,-1.));
#8278 = ( GEOMETRIC_REPRESENTATION_CONTEXT(2) 
PARAMETRIC_REPRESENTATION_CONTEXT() REPRESENTATION_CONTEXT('2D SPACE',''
  ) );
#8279 = ORIENTED_EDGE('',*,*,#8280,.T.);
#8280 = EDGE_CURVE('',#8255,#8281,#8283,.T.);
#8281 = VERTEX_POINT('',#8282);
#8282 = CARTESIAN_POINT('',(22.,40.05,0.));
#8283 = SURFACE_CURVE('',#8284,(#8288,#8294),.PCURVE_S1.);
#8284 = LINE('',#8285,#8286);
#8285 = CARTESIAN_POINT('',(22.,36.85,0.));
#8286 = VECTOR('',#8287,1.);
#8287 = DIRECTION('',(0.,1.,-0.));
#8288 = PCURVE('',#4950,#8289);
#8289 = DEFINITIONAL_REPRESENTATION('',(#8290),#8293);
#8290 = B_SPLINE_CURVE_WITH_KNOTS('',1,(#8291,#8292),.UNSPECIFIED.,.F.,
  .F.,(2,2),(0.4,8.4),.PIECEWISE_BEZIER_KNOTS.);
#8291 = CARTESIAN_POINT('',(27.25,0.8));
#8292 = CARTESIAN_POINT('',(27.25,8.8));
#8293 = ( GEOMETRIC_REPRESENTATION_CONTEXT(2) 
PARAMETRIC_REPRESENTATION_CONTEXT() REPRESENTATION_CONTEXT('2D SPACE',''
  ) );
#8294 = PCURVE('',#8295,#8300);
#8295 = PLANE('',#8296);
#8296 = AXIS2_PLACEMENT_3D('',#8297,#8298,#8299);
#8297 = CARTESIAN_POINT('',(22.,37.25,-1.));
#8298 = DIRECTION('',(-1.,0.,0.));
#8299 = DIRECTION('',(0.,1.,0.));
#8300 = DEFINITIONAL_REPRESENTATION('',(#8301),#8304);
#8301 = B_SPLINE_CURVE_WITH_KNOTS('',1,(#8302,#8303),.UNSPECIFIED.,.F.,
  .F.,(2,2),(0.4,8.4),.PIECEWISE_BEZIER_KNOTS.);
#8302 = CARTESIAN_POINT('',(0.,-1.));
#8303 = CARTESIAN_POINT('',(8.,-1.));
#8304 = ( GEOMETRIC_REPRESENTATION_CONTEXT(2) 
PARAMETRIC_REPRESENTATION_CONTEXT() REPRESENTATION_CONTEXT('2D SPACE',''
  ) );
#8305 = ORIENTED_EDGE('',*,*,#8306,.T.);
#8306 = EDGE_CURVE('',#8281,#8307,#8309,.T.);
#8307 = VERTEX_POINT('',#8308);
#8308 = CARTESIAN_POINT('',(38.,40.05,0.));
#8309 = SURFACE_CURVE('',#8310,(#8314,#8321),.PCURVE_S1.);
#8310 = LINE('',#8311,#8312);
#8311 = CARTESIAN_POINT('',(16.8,40.05,0.));
#8312 = VECTOR('',#8313,1.);
#8313 = DIRECTION('',(1.,0.,0.));
#8314 = PCURVE('',#4950,#8315);
#8315 = DEFINITIONAL_REPRESENTATION('',(#8316),#8320);
#8316 = LINE('',#8317,#8318);
#8317 = CARTESIAN_POINT('',(32.45,3.6));
#8318 = VECTOR('',#8319,1.);
#8319 = DIRECTION('',(-1.,0.));
#8320 = ( GEOMETRIC_REPRESENTATION_CONTEXT(2) 
PARAMETRIC_REPRESENTATION_CONTEXT() REPRESENTATION_CONTEXT('2D SPACE',''
  ) );
#8321 = PCURVE('',#8322,#8327);
#8322 = PLANE('',#8323);
#8323 = AXIS2_PLACEMENT_3D('',#8324,#8325,#8326);
#8324 = CARTESIAN_POINT('',(16.8,40.05,0.));
#8325 = DIRECTION('',(0.,1.,0.));
#8326 = DIRECTION('',(1.,0.,0.));
#8327 = DEFINITIONAL_REPRESENTATION('',(#8328),#8332);
#8328 = LINE('',#8329,#8330);
#8329 = CARTESIAN_POINT('',(0.,0.));
#8330 = VECTOR('',#8331,1.);
#8331 = DIRECTION('',(1.,0.));
#8332 = ( GEOMETRIC_REPRESENTATION_CONTEXT(2) 
PARAMETRIC_REPRESENTATION_CONTEXT() REPRESENTATION_CONTEXT('2D SPACE',''
  ) );
#8333 = ORIENTED_EDGE('',*,*,#8334,.T.);
#8334 = EDGE_CURVE('',#8307,#8335,#8337,.T.);
#8335 = VERTEX_POINT('',#8336);
#8336 = CARTESIAN_POINT('',(38.,37.25,0.));
#8337 = SURFACE_CURVE('',#8338,(#8342,#8348),.PCURVE_S1.);
#8338 = LINE('',#8339,#8340);
#8339 = CARTESIAN_POINT('',(38.,40.85,0.));
#8340 = VECTOR('',#8341,1.);
#8341 = DIRECTION('',(0.,-1.,0.));
#8342 = PCURVE('',#4950,#8343);
#8343 = DEFINITIONAL_REPRESENTATION('',(#8344),#8347);
#8344 = B_SPLINE_CURVE_WITH_KNOTS('',1,(#8345,#8346),.UNSPECIFIED.,.F.,
  .F.,(2,2),(-4.4,3.6),.PIECEWISE_BEZIER_KNOTS.);
#8345 = CARTESIAN_POINT('',(11.25,8.8));
#8346 = CARTESIAN_POINT('',(11.25,0.8));
#8347 = ( GEOMETRIC_REPRESENTATION_CONTEXT(2) 
PARAMETRIC_REPRESENTATION_CONTEXT() REPRESENTATION_CONTEXT('2D SPACE',''
  ) );
#8348 = PCURVE('',#8349,#8354);
#8349 = PLANE('',#8350);
#8350 = AXIS2_PLACEMENT_3D('',#8351,#8352,#8353);
#8351 = CARTESIAN_POINT('',(38.,45.25,-1.));
#8352 = DIRECTION('',(1.,0.,-0.));
#8353 = DIRECTION('',(0.,-1.,0.));
#8354 = DEFINITIONAL_REPRESENTATION('',(#8355),#8358);
#8355 = B_SPLINE_CURVE_WITH_KNOTS('',1,(#8356,#8357),.UNSPECIFIED.,.F.,
  .F.,(2,2),(-4.4,3.6),.PIECEWISE_BEZIER_KNOTS.);
#8356 = CARTESIAN_POINT('',(0.,-1.));
#8357 = CARTESIAN_POINT('',(8.,-1.));
#8358 = ( GEOMETRIC_REPRESENTATION_CONTEXT(2) 
PARAMETRIC_REPRESENTATION_CONTEXT() REPRESENTATION_CONTEXT('2D SPACE',''
  ) );
#8359 = ORIENTED_EDGE('',*,*,#8360,.T.);
#8360 = EDGE_CURVE('',#8335,#7857,#8361,.T.);
#8361 = SURFACE_CURVE('',#8362,(#8366,#8372),.PCURVE_S1.);
#8362 = LINE('',#8363,#8364);
#8363 = CARTESIAN_POINT('',(43.625,37.25,0.));
#8364 = VECTOR('',#8365,1.);
#8365 = DIRECTION('',(1.,0.,0.));
#8366 = PCURVE('',#4950,#8367);
#8367 = DEFINITIONAL_REPRESENTATION('',(#8368),#8371);
#8368 = B_SPLINE_CURVE_WITH_KNOTS('',1,(#8369,#8370),.UNSPECIFIED.,.F.,
  .F.,(2,2),(-5.625,2.375),.PIECEWISE_BEZIER_KNOTS.);
#8369 = CARTESIAN_POINT('',(11.25,0.8));
#8370 = CARTESIAN_POINT('',(3.25,0.8));
#8371 = ( GEOMETRIC_REPRESENTATION_CONTEXT(2) 
PARAMETRIC_REPRESENTATION_CONTEXT() REPRESENTATION_CONTEXT('2D SPACE',''
  ) );
#8372 = PCURVE('',#8373,#8378);
#8373 = PLANE('',#8374);
#8374 = AXIS2_PLACEMENT_3D('',#8375,#8376,#8377);
#8375 = CARTESIAN_POINT('',(38.,37.25,-1.));
#8376 = DIRECTION('',(0.,1.,0.));
#8377 = DIRECTION('',(1.,0.,0.));
#8378 = DEFINITIONAL_REPRESENTATION('',(#8379),#8382);
#8379 = B_SPLINE_CURVE_WITH_KNOTS('',1,(#8380,#8381),.UNSPECIFIED.,.F.,
  .F.,(2,2),(-5.625,2.375),.PIECEWISE_BEZIER_KNOTS.);
#8380 = CARTESIAN_POINT('',(0.,-1.));
#8381 = CARTESIAN_POINT('',(8.,-1.));
#8382 = ( GEOMETRIC_REPRESENTATION_CONTEXT(2) 
PARAMETRIC_REPRESENTATION_CONTEXT() REPRESENTATION_CONTEXT('2D SPACE',''
  ) );
#8383 = ADVANCED_FACE('',(#8384),#4978,.F.);
#8384 = FACE_BOUND('',#8385,.F.);
#8385 = EDGE_LOOP('',(#8386,#8387,#8388,#8416));
#8386 = ORIENTED_EDGE('',*,*,#7259,.F.);
#8387 = ORIENTED_EDGE('',*,*,#4962,.T.);
#8388 = ORIENTED_EDGE('',*,*,#8389,.T.);
#8389 = EDGE_CURVE('',#4963,#8390,#8392,.T.);
#8390 = VERTEX_POINT('',#8391);
#8391 = CARTESIAN_POINT('',(2.5,65.4839202169,24.));
#8392 = SURFACE_CURVE('',#8393,(#8398,#8405),.PCURVE_S1.);
#8393 = CIRCLE('',#8394,3.);
#8394 = AXIS2_PLACEMENT_3D('',#8395,#8396,#8397);
#8395 = CARTESIAN_POINT('',(3.,62.525880325351,24.));
#8396 = DIRECTION('',(-0.,-0.,-1.));
#8397 = DIRECTION('',(0.,-1.,0.));
#8398 = PCURVE('',#4978,#8399);
#8399 = DEFINITIONAL_REPRESENTATION('',(#8400),#8404);
#8400 = LINE('',#8401,#8402);
#8401 = CARTESIAN_POINT('',(0.,-24.));
#8402 = VECTOR('',#8403,1.);
#8403 = DIRECTION('',(1.,0.));
#8404 = ( GEOMETRIC_REPRESENTATION_CONTEXT(2) 
PARAMETRIC_REPRESENTATION_CONTEXT() REPRESENTATION_CONTEXT('2D SPACE',''
  ) );
#8405 = PCURVE('',#5005,#8406);
#8406 = DEFINITIONAL_REPRESENTATION('',(#8407),#8415);
#8407 = ( BOUNDED_CURVE() B_SPLINE_CURVE(2,(#8408,#8409,#8410,#8411,
#8412,#8413,#8414),.UNSPECIFIED.,.T.,.F.) B_SPLINE_CURVE_WITH_KNOTS((1,2
    ,2,2,2,1),(-2.094395102393,0.,2.094395102393,4.188790204786,
6.28318530718,8.377580409573),.UNSPECIFIED.) CURVE() 
GEOMETRIC_REPRESENTATION_ITEM() RATIONAL_B_SPLINE_CURVE((1.,0.5,1.,0.5,
1.,0.5,1.)) REPRESENTATION_ITEM('') );
#8408 = CARTESIAN_POINT('',(-46.25,23.075880325351));
#8409 = CARTESIAN_POINT('',(-51.4461524227,23.075880325351));
#8410 = CARTESIAN_POINT('',(-48.84807621135,27.575880325351));
#8411 = CARTESIAN_POINT('',(-46.25,32.075880325351));
#8412 = CARTESIAN_POINT('',(-43.65192378864,27.575880325351));
#8413 = CARTESIAN_POINT('',(-41.05384757729,23.075880325351));
#8414 = CARTESIAN_POINT('',(-46.25,23.075880325351));
#8415 = ( GEOMETRIC_REPRESENTATION_CONTEXT(2) 
PARAMETRIC_REPRESENTATION_CONTEXT() REPRESENTATION_CONTEXT('2D SPACE',''
  ) );
#8416 = ORIENTED_EDGE('',*,*,#8417,.F.);
#8417 = EDGE_CURVE('',#7260,#8390,#8418,.T.);
#8418 = SURFACE_CURVE('',#8419,(#8423,#8430),.PCURVE_S1.);
#8419 = LINE('',#8420,#8421);
#8420 = CARTESIAN_POINT('',(2.5,65.4839202169,0.));
#8421 = VECTOR('',#8422,1.);
#8422 = DIRECTION('',(0.,0.,1.));
#8423 = PCURVE('',#4978,#8424);
#8424 = DEFINITIONAL_REPRESENTATION('',(#8425),#8429);
#8425 = LINE('',#8426,#8427);
#8426 = CARTESIAN_POINT('',(2.97414457437,0.));
#8427 = VECTOR('',#8428,1.);
#8428 = DIRECTION('',(0.,-1.));
#8429 = ( GEOMETRIC_REPRESENTATION_CONTEXT(2) 
PARAMETRIC_REPRESENTATION_CONTEXT() REPRESENTATION_CONTEXT('2D SPACE',''
  ) );
#8430 = PCURVE('',#7304,#8431);
#8431 = DEFINITIONAL_REPRESENTATION('',(#8432),#8436);
#8432 = LINE('',#8433,#8434);
#8433 = CARTESIAN_POINT('',(-0.420128334362,0.));
#8434 = VECTOR('',#8435,1.);
#8435 = DIRECTION('',(-0.,-1.));
#8436 = ( GEOMETRIC_REPRESENTATION_CONTEXT(2) 
PARAMETRIC_REPRESENTATION_CONTEXT() REPRESENTATION_CONTEXT('2D SPACE',''
  ) );
#8437 = ADVANCED_FACE('',(#8438),#5030,.F.);
#8438 = FACE_BOUND('',#8439,.F.);
#8439 = EDGE_LOOP('',(#8440,#8441,#8464,#8490));
#8440 = ORIENTED_EDGE('',*,*,#7236,.F.);
#8441 = ORIENTED_EDGE('',*,*,#8442,.T.);
#8442 = EDGE_CURVE('',#7204,#8443,#8445,.T.);
#8443 = VERTEX_POINT('',#8444);
#8444 = CARTESIAN_POINT('',(2.5,7.4160797831,24.));
#8445 = SURFACE_CURVE('',#8446,(#8450,#8457),.PCURVE_S1.);
#8446 = LINE('',#8447,#8448);
#8447 = CARTESIAN_POINT('',(2.5,7.4160797831,0.));
#8448 = VECTOR('',#8449,1.);
#8449 = DIRECTION('',(0.,0.,1.));
#8450 = PCURVE('',#5030,#8451);
#8451 = DEFINITIONAL_REPRESENTATION('',(#8452),#8456);
#8452 = LINE('',#8453,#8454);
#8453 = CARTESIAN_POINT('',(0.16744807922,0.));
#8454 = VECTOR('',#8455,1.);
#8455 = DIRECTION('',(0.,-1.));
#8456 = ( GEOMETRIC_REPRESENTATION_CONTEXT(2) 
PARAMETRIC_REPRESENTATION_CONTEXT() REPRESENTATION_CONTEXT('2D SPACE',''
  ) );
#8457 = PCURVE('',#7224,#8458);
#8458 = DEFINITIONAL_REPRESENTATION('',(#8459),#8463);
#8459 = LINE('',#8460,#8461);
#8460 = CARTESIAN_POINT('',(-1.656028502717,0.));
#8461 = VECTOR('',#8462,1.);
#8462 = DIRECTION('',(-0.,-1.));
#8463 = ( GEOMETRIC_REPRESENTATION_CONTEXT(2) 
PARAMETRIC_REPRESENTATION_CONTEXT() REPRESENTATION_CONTEXT('2D SPACE',''
  ) );
#8464 = ORIENTED_EDGE('',*,*,#8465,.T.);
#8465 = EDGE_CURVE('',#8443,#4991,#8466,.T.);
#8466 = SURFACE_CURVE('',#8467,(#8472,#8479),.PCURVE_S1.);
#8467 = CIRCLE('',#8468,3.);
#8468 = AXIS2_PLACEMENT_3D('',#8469,#8470,#8471);
#8469 = CARTESIAN_POINT('',(3.,10.374119674649,24.));
#8470 = DIRECTION('',(-0.,-0.,-1.));
#8471 = DIRECTION('',(0.,-1.,0.));
#8472 = PCURVE('',#5030,#8473);
#8473 = DEFINITIONAL_REPRESENTATION('',(#8474),#8478);
#8474 = LINE('',#8475,#8476);
#8475 = CARTESIAN_POINT('',(0.,-24.));
#8476 = VECTOR('',#8477,1.);
#8477 = DIRECTION('',(1.,0.));
#8478 = ( GEOMETRIC_REPRESENTATION_CONTEXT(2) 
PARAMETRIC_REPRESENTATION_CONTEXT() REPRESENTATION_CONTEXT('2D SPACE',''
  ) );
#8479 = PCURVE('',#5005,#8480);
#8480 = DEFINITIONAL_REPRESENTATION('',(#8481),#8489);
#8481 = ( BOUNDED_CURVE() B_SPLINE_CURVE(2,(#8482,#8483,#8484,#8485,
#8486,#8487,#8488),.UNSPECIFIED.,.T.,.F.) B_SPLINE_CURVE_WITH_KNOTS((1,2
    ,2,2,2,1),(-2.094395102393,0.,2.094395102393,4.188790204786,
6.28318530718,8.377580409573),.UNSPECIFIED.) CURVE() 
GEOMETRIC_REPRESENTATION_ITEM() RATIONAL_B_SPLINE_CURVE((1.,0.5,1.,0.5,
1.,0.5,1.)) REPRESENTATION_ITEM('') );
#8482 = CARTESIAN_POINT('',(-46.25,-29.07588032535));
#8483 = CARTESIAN_POINT('',(-51.4461524227,-29.07588032535));
#8484 = CARTESIAN_POINT('',(-48.84807621135,-24.57588032535));
#8485 = CARTESIAN_POINT('',(-46.25,-20.07588032535));
#8486 = CARTESIAN_POINT('',(-43.65192378864,-24.57588032535));
#8487 = CARTESIAN_POINT('',(-41.05384757729,-29.07588032535));
#8488 = CARTESIAN_POINT('',(-46.25,-29.07588032535));
#8489 = ( GEOMETRIC_REPRESENTATION_CONTEXT(2) 
PARAMETRIC_REPRESENTATION_CONTEXT() REPRESENTATION_CONTEXT('2D SPACE',''
  ) );
#8490 = ORIENTED_EDGE('',*,*,#5016,.F.);
#8491 = ADVANCED_FACE('',(#8492,#8518),#5005,.T.);
#8492 = FACE_BOUND('',#8493,.T.);
#8493 = EDGE_LOOP('',(#8494,#8495,#8496,#8497,#8498,#8499,#8500,#8501,
    #8502,#8503,#8504,#8505,#8506,#8507,#8508,#8509,#8510,#8511,#8512,
    #8513,#8514,#8515,#8516,#8517));
#8494 = ORIENTED_EDGE('',*,*,#5197,.F.);
#8495 = ORIENTED_EDGE('',*,*,#6404,.F.);
#8496 = ORIENTED_EDGE('',*,*,#6373,.F.);
#8497 = ORIENTED_EDGE('',*,*,#6319,.T.);
#8498 = ORIENTED_EDGE('',*,*,#6242,.F.);
#8499 = ORIENTED_EDGE('',*,*,#6217,.F.);
#8500 = ORIENTED_EDGE('',*,*,#6141,.F.);
#8501 = ORIENTED_EDGE('',*,*,#6110,.T.);
#8502 = ORIENTED_EDGE('',*,*,#6033,.F.);
#8503 = ORIENTED_EDGE('',*,*,#6008,.F.);
#8504 = ORIENTED_EDGE('',*,*,#5932,.F.);
#8505 = ORIENTED_EDGE('',*,*,#5901,.T.);
#8506 = ORIENTED_EDGE('',*,*,#5824,.F.);
#8507 = ORIENTED_EDGE('',*,*,#5799,.F.);
#8508 = ORIENTED_EDGE('',*,*,#5723,.F.);
#8509 = ORIENTED_EDGE('',*,*,#5692,.T.);
#8510 = ORIENTED_EDGE('',*,*,#5615,.F.);
#8511 = ORIENTED_EDGE('',*,*,#5590,.F.);
#8512 = ORIENTED_EDGE('',*,*,#5514,.F.);
#8513 = ORIENTED_EDGE('',*,*,#5483,.T.);
#8514 = ORIENTED_EDGE('',*,*,#5406,.F.);
#8515 = ORIENTED_EDGE('',*,*,#5381,.F.);
#8516 = ORIENTED_EDGE('',*,*,#5305,.F.);
#8517 = ORIENTED_EDGE('',*,*,#5274,.T.);
#8518 = FACE_BOUND('',#8519,.T.);
#8519 = EDGE_LOOP('',(#8520,#8550,#8576,#8577,#8605,#8633,#8661,#8682,
    #8715,#8748,#8781,#8802,#8830,#8856,#8857,#8858,#8859,#8887,#8915,
    #8936,#8964,#8992,#9020,#9041));
#8520 = ORIENTED_EDGE('',*,*,#8521,.F.);
#8521 = EDGE_CURVE('',#8522,#8524,#8526,.T.);
#8522 = VERTEX_POINT('',#8523);
#8523 = CARTESIAN_POINT('',(96.,65.4839202169,24.));
#8524 = VERTEX_POINT('',#8525);
#8525 = CARTESIAN_POINT('',(91.0839202169,70.4,24.));
#8526 = SURFACE_CURVE('',#8527,(#8532,#8543),.PCURVE_S1.);
#8527 = CIRCLE('',#8528,6.);
#8528 = AXIS2_PLACEMENT_3D('',#8529,#8530,#8531);
#8529 = CARTESIAN_POINT('',(97.,71.4,24.));
#8530 = DIRECTION('',(0.,-0.,-1.));
#8531 = DIRECTION('',(1.,0.,-0.));
#8532 = PCURVE('',#5005,#8533);
#8533 = DEFINITIONAL_REPRESENTATION('',(#8534),#8542);
#8534 = ( BOUNDED_CURVE() B_SPLINE_CURVE(2,(#8535,#8536,#8537,#8538,
#8539,#8540,#8541),.UNSPECIFIED.,.T.,.F.) B_SPLINE_CURVE_WITH_KNOTS((1,2
    ,2,2,2,1),(-2.094395102393,0.,2.094395102393,4.188790204786,
6.28318530718,8.377580409573),.UNSPECIFIED.) CURVE() 
GEOMETRIC_REPRESENTATION_ITEM() RATIONAL_B_SPLINE_CURVE((1.,0.5,1.,0.5,
1.,0.5,1.)) REPRESENTATION_ITEM('') );
#8535 = CARTESIAN_POINT('',(53.75,34.95));
#8536 = CARTESIAN_POINT('',(53.75,24.557695154587));
#8537 = CARTESIAN_POINT('',(44.75,29.753847577293));
#8538 = CARTESIAN_POINT('',(35.75,34.95));
#8539 = CARTESIAN_POINT('',(44.75,40.146152422707));
#8540 = CARTESIAN_POINT('',(53.75,45.342304845413));
#8541 = CARTESIAN_POINT('',(53.75,34.95));
#8542 = ( GEOMETRIC_REPRESENTATION_CONTEXT(2) 
PARAMETRIC_REPRESENTATION_CONTEXT() REPRESENTATION_CONTEXT('2D SPACE',''
  ) );
#8543 = PCURVE('',#6507,#8544);
#8544 = DEFINITIONAL_REPRESENTATION('',(#8545),#8549);
#8545 = LINE('',#8546,#8547);
#8546 = CARTESIAN_POINT('',(-6.28318530718,-24.));
#8547 = VECTOR('',#8548,1.);
#8548 = DIRECTION('',(1.,-0.));
#8549 = ( GEOMETRIC_REPRESENTATION_CONTEXT(2) 
PARAMETRIC_REPRESENTATION_CONTEXT() REPRESENTATION_CONTEXT('2D SPACE',''
  ) );
#8550 = ORIENTED_EDGE('',*,*,#8551,.T.);
#8551 = EDGE_CURVE('',#8522,#5121,#8552,.T.);
#8552 = SURFACE_CURVE('',#8553,(#8558,#8569),.PCURVE_S1.);
#8553 = CIRCLE('',#8554,3.);
#8554 = AXIS2_PLACEMENT_3D('',#8555,#8556,#8557);
#8555 = CARTESIAN_POINT('',(95.5,62.525880325351,24.));
#8556 = DIRECTION('',(-0.,-0.,-1.));
#8557 = DIRECTION('',(0.,-1.,0.));
#8558 = PCURVE('',#5005,#8559);
#8559 = DEFINITIONAL_REPRESENTATION('',(#8560),#8568);
#8560 = ( BOUNDED_CURVE() B_SPLINE_CURVE(2,(#8561,#8562,#8563,#8564,
#8565,#8566,#8567),.UNSPECIFIED.,.T.,.F.) B_SPLINE_CURVE_WITH_KNOTS((1,2
    ,2,2,2,1),(-2.094395102393,0.,2.094395102393,4.188790204786,
6.28318530718,8.377580409573),.UNSPECIFIED.) CURVE() 
GEOMETRIC_REPRESENTATION_ITEM() RATIONAL_B_SPLINE_CURVE((1.,0.5,1.,0.5,
1.,0.5,1.)) REPRESENTATION_ITEM('') );
#8561 = CARTESIAN_POINT('',(46.25,23.075880325351));
#8562 = CARTESIAN_POINT('',(41.053847577293,23.075880325351));
#8563 = CARTESIAN_POINT('',(43.651923788647,27.575880325351));
#8564 = CARTESIAN_POINT('',(46.25,32.075880325351));
#8565 = CARTESIAN_POINT('',(48.848076211353,27.575880325351));
#8566 = CARTESIAN_POINT('',(51.446152422707,23.075880325351));
#8567 = CARTESIAN_POINT('',(46.25,23.075880325351));
#8568 = ( GEOMETRIC_REPRESENTATION_CONTEXT(2) 
PARAMETRIC_REPRESENTATION_CONTEXT() REPRESENTATION_CONTEXT('2D SPACE',''
  ) );
#8569 = PCURVE('',#5155,#8570);
#8570 = DEFINITIONAL_REPRESENTATION('',(#8571),#8575);
#8571 = LINE('',#8572,#8573);
#8572 = CARTESIAN_POINT('',(0.,-24.));
#8573 = VECTOR('',#8574,1.);
#8574 = DIRECTION('',(1.,0.));
#8575 = ( GEOMETRIC_REPRESENTATION_CONTEXT(2) 
PARAMETRIC_REPRESENTATION_CONTEXT() REPRESENTATION_CONTEXT('2D SPACE',''
  ) );
#8576 = ORIENTED_EDGE('',*,*,#5120,.T.);
#8577 = ORIENTED_EDGE('',*,*,#8578,.T.);
#8578 = EDGE_CURVE('',#5093,#8579,#8581,.T.);
#8579 = VERTEX_POINT('',#8580);
#8580 = CARTESIAN_POINT('',(96.,7.4160797831,24.));
#8581 = SURFACE_CURVE('',#8582,(#8587,#8598),.PCURVE_S1.);
#8582 = CIRCLE('',#8583,3.);
#8583 = AXIS2_PLACEMENT_3D('',#8584,#8585,#8586);
#8584 = CARTESIAN_POINT('',(95.5,10.374119674649,24.));
#8585 = DIRECTION('',(-0.,-0.,-1.));
#8586 = DIRECTION('',(0.,-1.,0.));
#8587 = PCURVE('',#5005,#8588);
#8588 = DEFINITIONAL_REPRESENTATION('',(#8589),#8597);
#8589 = ( BOUNDED_CURVE() B_SPLINE_CURVE(2,(#8590,#8591,#8592,#8593,
#8594,#8595,#8596),.UNSPECIFIED.,.T.,.F.) B_SPLINE_CURVE_WITH_KNOTS((1,2
    ,2,2,2,1),(-2.094395102393,0.,2.094395102393,4.188790204786,
6.28318530718,8.377580409573),.UNSPECIFIED.) CURVE() 
GEOMETRIC_REPRESENTATION_ITEM() RATIONAL_B_SPLINE_CURVE((1.,0.5,1.,0.5,
1.,0.5,1.)) REPRESENTATION_ITEM('') );
#8590 = CARTESIAN_POINT('',(46.25,-29.07588032535));
#8591 = CARTESIAN_POINT('',(41.053847577293,-29.07588032535));
#8592 = CARTESIAN_POINT('',(43.651923788647,-24.57588032535));
#8593 = CARTESIAN_POINT('',(46.25,-20.07588032535));
#8594 = CARTESIAN_POINT('',(48.848076211353,-24.57588032535));
#8595 = CARTESIAN_POINT('',(51.446152422707,-29.07588032535));
#8596 = CARTESIAN_POINT('',(46.25,-29.07588032535));
#8597 = ( GEOMETRIC_REPRESENTATION_CONTEXT(2) 
PARAMETRIC_REPRESENTATION_CONTEXT() REPRESENTATION_CONTEXT('2D SPACE',''
  ) );
#8598 = PCURVE('',#5108,#8599);
#8599 = DEFINITIONAL_REPRESENTATION('',(#8600),#8604);
#8600 = LINE('',#8601,#8602);
#8601 = CARTESIAN_POINT('',(0.,-24.));
#8602 = VECTOR('',#8603,1.);
#8603 = DIRECTION('',(1.,0.));
#8604 = ( GEOMETRIC_REPRESENTATION_CONTEXT(2) 
PARAMETRIC_REPRESENTATION_CONTEXT() REPRESENTATION_CONTEXT('2D SPACE',''
  ) );
#8605 = ORIENTED_EDGE('',*,*,#8606,.F.);
#8606 = EDGE_CURVE('',#8607,#8579,#8609,.T.);
#8607 = VERTEX_POINT('',#8608);
#8608 = CARTESIAN_POINT('',(91.0839202169,2.5,24.));
#8609 = SURFACE_CURVE('',#8610,(#8615,#8626),.PCURVE_S1.);
#8610 = CIRCLE('',#8611,6.);
#8611 = AXIS2_PLACEMENT_3D('',#8612,#8613,#8614);
#8612 = CARTESIAN_POINT('',(97.,1.5,24.));
#8613 = DIRECTION('',(0.,-0.,-1.));
#8614 = DIRECTION('',(1.,0.,-0.));
#8615 = PCURVE('',#5005,#8616);
#8616 = DEFINITIONAL_REPRESENTATION('',(#8617),#8625);
#8617 = ( BOUNDED_CURVE() B_SPLINE_CURVE(2,(#8618,#8619,#8620,#8621,
#8622,#8623,#8624),.UNSPECIFIED.,.T.,.F.) B_SPLINE_CURVE_WITH_KNOTS((1,2
    ,2,2,2,1),(-2.094395102393,0.,2.094395102393,4.188790204786,
6.28318530718,8.377580409573),.UNSPECIFIED.) CURVE() 
GEOMETRIC_REPRESENTATION_ITEM() RATIONAL_B_SPLINE_CURVE((1.,0.5,1.,0.5,
1.,0.5,1.)) REPRESENTATION_ITEM('') );
#8618 = CARTESIAN_POINT('',(53.75,-34.95));
#8619 = CARTESIAN_POINT('',(53.75,-45.34230484541));
#8620 = CARTESIAN_POINT('',(44.75,-40.1461524227));
#8621 = CARTESIAN_POINT('',(35.75,-34.95));
#8622 = CARTESIAN_POINT('',(44.75,-29.75384757729));
#8623 = CARTESIAN_POINT('',(53.75,-24.55769515458));
#8624 = CARTESIAN_POINT('',(53.75,-34.95));
#8625 = ( GEOMETRIC_REPRESENTATION_CONTEXT(2) 
PARAMETRIC_REPRESENTATION_CONTEXT() REPRESENTATION_CONTEXT('2D SPACE',''
  ) );
#8626 = PCURVE('',#6587,#8627);
#8627 = DEFINITIONAL_REPRESENTATION('',(#8628),#8632);
#8628 = LINE('',#8629,#8630);
#8629 = CARTESIAN_POINT('',(-6.28318530718,-24.));
#8630 = VECTOR('',#8631,1.);
#8631 = DIRECTION('',(1.,-0.));
#8632 = ( GEOMETRIC_REPRESENTATION_CONTEXT(2) 
PARAMETRIC_REPRESENTATION_CONTEXT() REPRESENTATION_CONTEXT('2D SPACE',''
  ) );
#8633 = ORIENTED_EDGE('',*,*,#8634,.T.);
#8634 = EDGE_CURVE('',#8607,#8635,#8637,.T.);
#8635 = VERTEX_POINT('',#8636);
#8636 = CARTESIAN_POINT('',(88.125880325351,-4.440892098501E-16,24.));
#8637 = SURFACE_CURVE('',#8638,(#8643,#8654),.PCURVE_S1.);
#8638 = CIRCLE('',#8639,3.);
#8639 = AXIS2_PLACEMENT_3D('',#8640,#8641,#8642);
#8640 = CARTESIAN_POINT('',(88.125880325351,3.,24.));
#8641 = DIRECTION('',(-0.,-0.,-1.));
#8642 = DIRECTION('',(0.,-1.,0.));
#8643 = PCURVE('',#5005,#8644);
#8644 = DEFINITIONAL_REPRESENTATION('',(#8645),#8653);
#8645 = ( BOUNDED_CURVE() B_SPLINE_CURVE(2,(#8646,#8647,#8648,#8649,
#8650,#8651,#8652),.UNSPECIFIED.,.T.,.F.) B_SPLINE_CURVE_WITH_KNOTS((1,2
    ,2,2,2,1),(-2.094395102393,0.,2.094395102393,4.188790204786,
6.28318530718,8.377580409573),.UNSPECIFIED.) CURVE() 
GEOMETRIC_REPRESENTATION_ITEM() RATIONAL_B_SPLINE_CURVE((1.,0.5,1.,0.5,
1.,0.5,1.)) REPRESENTATION_ITEM('') );
#8646 = CARTESIAN_POINT('',(38.875880325351,-36.45));
#8647 = CARTESIAN_POINT('',(33.679727902644,-36.45));
#8648 = CARTESIAN_POINT('',(36.277804113997,-31.95));
#8649 = CARTESIAN_POINT('',(38.875880325351,-27.45));
#8650 = CARTESIAN_POINT('',(41.473956536704,-31.95));
#8651 = CARTESIAN_POINT('',(44.072032748057,-36.45));
#8652 = CARTESIAN_POINT('',(38.875880325351,-36.45));
#8653 = ( GEOMETRIC_REPRESENTATION_CONTEXT(2) 
PARAMETRIC_REPRESENTATION_CONTEXT() REPRESENTATION_CONTEXT('2D SPACE',''
  ) );
#8654 = PCURVE('',#6616,#8655);
#8655 = DEFINITIONAL_REPRESENTATION('',(#8656),#8660);
#8656 = LINE('',#8657,#8658);
#8657 = CARTESIAN_POINT('',(0.,-24.));
#8658 = VECTOR('',#8659,1.);
#8659 = DIRECTION('',(1.,0.));
#8660 = ( GEOMETRIC_REPRESENTATION_CONTEXT(2) 
PARAMETRIC_REPRESENTATION_CONTEXT() REPRESENTATION_CONTEXT('2D SPACE',''
  ) );
#8661 = ORIENTED_EDGE('',*,*,#8662,.T.);
#8662 = EDGE_CURVE('',#8635,#8663,#8665,.T.);
#8663 = VERTEX_POINT('',#8664);
#8664 = CARTESIAN_POINT('',(58.124119674649,0.,24.));
#8665 = SURFACE_CURVE('',#8666,(#8670,#8676),.PCURVE_S1.);
#8666 = LINE('',#8667,#8668);
#8667 = CARTESIAN_POINT('',(53.687059837325,0.,24.));
#8668 = VECTOR('',#8669,1.);
#8669 = DIRECTION('',(-1.,0.,0.));
#8670 = PCURVE('',#5005,#8671);
#8671 = DEFINITIONAL_REPRESENTATION('',(#8672),#8675);
#8672 = B_SPLINE_CURVE_WITH_KNOTS('',1,(#8673,#8674),.UNSPECIFIED.,.F.,
  .F.,(2,2),(-34.43882048802,-4.437059837325),.PIECEWISE_BEZIER_KNOTS.);
#8673 = CARTESIAN_POINT('',(38.875880325351,-36.45));
#8674 = CARTESIAN_POINT('',(8.874119674649,-36.45));
#8675 = ( GEOMETRIC_REPRESENTATION_CONTEXT(2) 
PARAMETRIC_REPRESENTATION_CONTEXT() REPRESENTATION_CONTEXT('2D SPACE',''
  ) );
#8676 = PCURVE('',#6644,#8677);
#8677 = DEFINITIONAL_REPRESENTATION('',(#8678),#8681);
#8678 = B_SPLINE_CURVE_WITH_KNOTS('',1,(#8679,#8680),.UNSPECIFIED.,.F.,
  .F.,(2,2),(-34.43882048802,-4.437059837325),.PIECEWISE_BEZIER_KNOTS.);
#8679 = CARTESIAN_POINT('',(30.001760650701,-24.));
#8680 = CARTESIAN_POINT('',(0.,-24.));
#8681 = ( GEOMETRIC_REPRESENTATION_CONTEXT(2) 
PARAMETRIC_REPRESENTATION_CONTEXT() REPRESENTATION_CONTEXT('2D SPACE',''
  ) );
#8682 = ORIENTED_EDGE('',*,*,#8683,.T.);
#8683 = EDGE_CURVE('',#8663,#8684,#8686,.T.);
#8684 = VERTEX_POINT('',#8685);
#8685 = CARTESIAN_POINT('',(55.1660797831,2.5,24.));
#8686 = SURFACE_CURVE('',#8687,(#8692,#8703),.PCURVE_S1.);
#8687 = CIRCLE('',#8688,3.);
#8688 = AXIS2_PLACEMENT_3D('',#8689,#8690,#8691);
#8689 = CARTESIAN_POINT('',(58.124119674649,3.,24.));
#8690 = DIRECTION('',(-0.,-0.,-1.));
#8691 = DIRECTION('',(0.,-1.,0.));
#8692 = PCURVE('',#5005,#8693);
#8693 = DEFINITIONAL_REPRESENTATION('',(#8694),#8702);
#8694 = ( BOUNDED_CURVE() B_SPLINE_CURVE(2,(#8695,#8696,#8697,#8698,
#8699,#8700,#8701),.UNSPECIFIED.,.T.,.F.) B_SPLINE_CURVE_WITH_KNOTS((1,2
    ,2,2,2,1),(-2.094395102393,0.,2.094395102393,4.188790204786,
6.28318530718,8.377580409573),.UNSPECIFIED.) CURVE() 
GEOMETRIC_REPRESENTATION_ITEM() RATIONAL_B_SPLINE_CURVE((1.,0.5,1.,0.5,
1.,0.5,1.)) REPRESENTATION_ITEM('') );
#8695 = CARTESIAN_POINT('',(8.874119674649,-36.45));
#8696 = CARTESIAN_POINT('',(3.677967251943,-36.45));
#8697 = CARTESIAN_POINT('',(6.276043463296,-31.95));
#8698 = CARTESIAN_POINT('',(8.874119674649,-27.45));
#8699 = CARTESIAN_POINT('',(11.472195886003,-31.95));
#8700 = CARTESIAN_POINT('',(14.070272097356,-36.45));
#8701 = CARTESIAN_POINT('',(8.874119674649,-36.45));
#8702 = ( GEOMETRIC_REPRESENTATION_CONTEXT(2) 
PARAMETRIC_REPRESENTATION_CONTEXT() REPRESENTATION_CONTEXT('2D SPACE',''
  ) );
#8703 = PCURVE('',#8704,#8709);
#8704 = CYLINDRICAL_SURFACE('',#8705,3.);
#8705 = AXIS2_PLACEMENT_3D('',#8706,#8707,#8708);
#8706 = CARTESIAN_POINT('',(58.124119674649,3.,0.));
#8707 = DIRECTION('',(-0.,-0.,-1.));
#8708 = DIRECTION('',(0.,-1.,0.));
#8709 = DEFINITIONAL_REPRESENTATION('',(#8710),#8714);
#8710 = LINE('',#8711,#8712);
#8711 = CARTESIAN_POINT('',(0.,-24.));
#8712 = VECTOR('',#8713,1.);
#8713 = DIRECTION('',(1.,0.));
#8714 = ( GEOMETRIC_REPRESENTATION_CONTEXT(2) 
PARAMETRIC_REPRESENTATION_CONTEXT() REPRESENTATION_CONTEXT('2D SPACE',''
  ) );
#8715 = ORIENTED_EDGE('',*,*,#8716,.F.);
#8716 = EDGE_CURVE('',#8717,#8684,#8719,.T.);
#8717 = VERTEX_POINT('',#8718);
#8718 = CARTESIAN_POINT('',(43.3339202169,2.5,24.));
#8719 = SURFACE_CURVE('',#8720,(#8725,#8736),.PCURVE_S1.);
#8720 = CIRCLE('',#8721,6.);
#8721 = AXIS2_PLACEMENT_3D('',#8722,#8723,#8724);
#8722 = CARTESIAN_POINT('',(49.25,1.5,24.));
#8723 = DIRECTION('',(0.,-0.,-1.));
#8724 = DIRECTION('',(0.968245836552,-0.25,0.));
#8725 = PCURVE('',#5005,#8726);
#8726 = DEFINITIONAL_REPRESENTATION('',(#8727),#8735);
#8727 = ( BOUNDED_CURVE() B_SPLINE_CURVE(2,(#8728,#8729,#8730,#8731,
#8732,#8733,#8734),.UNSPECIFIED.,.T.,.F.) B_SPLINE_CURVE_WITH_KNOTS((1,2
    ,2,2,2,1),(-2.094395102393,0.,2.094395102393,4.188790204786,
6.28318530718,8.377580409573),.UNSPECIFIED.) CURVE() 
GEOMETRIC_REPRESENTATION_ITEM() RATIONAL_B_SPLINE_CURVE((1.,0.5,1.,0.5,
1.,0.5,1.)) REPRESENTATION_ITEM('') );
#8728 = CARTESIAN_POINT('',(5.809475019311,-36.45));
#8729 = CARTESIAN_POINT('',(3.211398807958,-46.51230589874));
#8730 = CARTESIAN_POINT('',(-4.203775615332,-39.23115294937));
#8731 = CARTESIAN_POINT('',(-11.61895003862,-31.95));
#8732 = CARTESIAN_POINT('',(-1.605699403979,-29.16884705062));
#8733 = CARTESIAN_POINT('',(8.407551230664,-26.38769410125));
#8734 = CARTESIAN_POINT('',(5.809475019311,-36.45));
#8735 = ( GEOMETRIC_REPRESENTATION_CONTEXT(2) 
PARAMETRIC_REPRESENTATION_CONTEXT() REPRESENTATION_CONTEXT('2D SPACE',''
  ) );
#8736 = PCURVE('',#8737,#8742);
#8737 = CYLINDRICAL_SURFACE('',#8738,6.);
#8738 = AXIS2_PLACEMENT_3D('',#8739,#8740,#8741);
#8739 = CARTESIAN_POINT('',(49.25,1.5,0.));
#8740 = DIRECTION('',(-0.,-0.,-1.));
#8741 = DIRECTION('',(0.968245836552,-0.25,0.));
#8742 = DEFINITIONAL_REPRESENTATION('',(#8743),#8747);
#8743 = LINE('',#8744,#8745);
#8744 = CARTESIAN_POINT('',(-6.28318530718,-24.));
#8745 = VECTOR('',#8746,1.);
#8746 = DIRECTION('',(1.,-0.));
#8747 = ( GEOMETRIC_REPRESENTATION_CONTEXT(2) 
PARAMETRIC_REPRESENTATION_CONTEXT() REPRESENTATION_CONTEXT('2D SPACE',''
  ) );
#8748 = ORIENTED_EDGE('',*,*,#8749,.T.);
#8749 = EDGE_CURVE('',#8717,#8750,#8752,.T.);
#8750 = VERTEX_POINT('',#8751);
#8751 = CARTESIAN_POINT('',(40.375880325351,0.,24.));
#8752 = SURFACE_CURVE('',#8753,(#8758,#8769),.PCURVE_S1.);
#8753 = CIRCLE('',#8754,3.);
#8754 = AXIS2_PLACEMENT_3D('',#8755,#8756,#8757);
#8755 = CARTESIAN_POINT('',(40.375880325351,3.,24.));
#8756 = DIRECTION('',(-0.,-0.,-1.));
#8757 = DIRECTION('',(0.,-1.,0.));
#8758 = PCURVE('',#5005,#8759);
#8759 = DEFINITIONAL_REPRESENTATION('',(#8760),#8768);
#8760 = ( BOUNDED_CURVE() B_SPLINE_CURVE(2,(#8761,#8762,#8763,#8764,
#8765,#8766,#8767),.UNSPECIFIED.,.T.,.F.) B_SPLINE_CURVE_WITH_KNOTS((1,2
    ,2,2,2,1),(-2.094395102393,0.,2.094395102393,4.188790204786,
6.28318530718,8.377580409573),.UNSPECIFIED.) CURVE() 
GEOMETRIC_REPRESENTATION_ITEM() RATIONAL_B_SPLINE_CURVE((1.,0.5,1.,0.5,
1.,0.5,1.)) REPRESENTATION_ITEM('') );
#8761 = CARTESIAN_POINT('',(-8.874119674649,-36.45));
#8762 = CARTESIAN_POINT('',(-14.07027209735,-36.45));
#8763 = CARTESIAN_POINT('',(-11.472195886,-31.95));
#8764 = CARTESIAN_POINT('',(-8.874119674649,-27.45));
#8765 = CARTESIAN_POINT('',(-6.276043463296,-31.95));
#8766 = CARTESIAN_POINT('',(-3.677967251943,-36.45));
#8767 = CARTESIAN_POINT('',(-8.874119674649,-36.45));
#8768 = ( GEOMETRIC_REPRESENTATION_CONTEXT(2) 
PARAMETRIC_REPRESENTATION_CONTEXT() REPRESENTATION_CONTEXT('2D SPACE',''
  ) );
#8769 = PCURVE('',#8770,#8775);
#8770 = CYLINDRICAL_SURFACE('',#8771,3.);
#8771 = AXIS2_PLACEMENT_3D('',#8772,#8773,#8774);
#8772 = CARTESIAN_POINT('',(40.375880325351,3.,0.));
#8773 = DIRECTION('',(-0.,-0.,-1.));
#8774 = DIRECTION('',(0.,-1.,0.));
#8775 = DEFINITIONAL_REPRESENTATION('',(#8776),#8780);
#8776 = LINE('',#8777,#8778);
#8777 = CARTESIAN_POINT('',(-6.28318530718,-24.));
#8778 = VECTOR('',#8779,1.);
#8779 = DIRECTION('',(1.,-0.));
#8780 = ( GEOMETRIC_REPRESENTATION_CONTEXT(2) 
PARAMETRIC_REPRESENTATION_CONTEXT() REPRESENTATION_CONTEXT('2D SPACE',''
  ) );
#8781 = ORIENTED_EDGE('',*,*,#8782,.T.);
#8782 = EDGE_CURVE('',#8750,#8783,#8785,.T.);
#8783 = VERTEX_POINT('',#8784);
#8784 = CARTESIAN_POINT('',(10.374119674649,0.,24.));
#8785 = SURFACE_CURVE('',#8786,(#8790,#8796),.PCURVE_S1.);
#8786 = LINE('',#8787,#8788);
#8787 = CARTESIAN_POINT('',(29.812059837325,0.,24.));
#8788 = VECTOR('',#8789,1.);
#8789 = DIRECTION('',(-1.,0.,0.));
#8790 = PCURVE('',#5005,#8791);
#8791 = DEFINITIONAL_REPRESENTATION('',(#8792),#8795);
#8792 = B_SPLINE_CURVE_WITH_KNOTS('',1,(#8793,#8794),.UNSPECIFIED.,.F.,
  .F.,(2,2),(-10.56382048802,19.437940162675),.PIECEWISE_BEZIER_KNOTS.);
#8793 = CARTESIAN_POINT('',(-8.874119674649,-36.45));
#8794 = CARTESIAN_POINT('',(-38.87588032535,-36.45));
#8795 = ( GEOMETRIC_REPRESENTATION_CONTEXT(2) 
PARAMETRIC_REPRESENTATION_CONTEXT() REPRESENTATION_CONTEXT('2D SPACE',''
  ) );
#8796 = PCURVE('',#7162,#8797);
#8797 = DEFINITIONAL_REPRESENTATION('',(#8798),#8801);
#8798 = B_SPLINE_CURVE_WITH_KNOTS('',1,(#8799,#8800),.UNSPECIFIED.,.F.,
  .F.,(2,2),(-10.56382048802,19.437940162675),.PIECEWISE_BEZIER_KNOTS.);
#8799 = CARTESIAN_POINT('',(30.001760650701,-24.));
#8800 = CARTESIAN_POINT('',(0.,-24.));
#8801 = ( GEOMETRIC_REPRESENTATION_CONTEXT(2) 
PARAMETRIC_REPRESENTATION_CONTEXT() REPRESENTATION_CONTEXT('2D SPACE',''
  ) );
#8802 = ORIENTED_EDGE('',*,*,#8803,.T.);
#8803 = EDGE_CURVE('',#8783,#8804,#8806,.T.);
#8804 = VERTEX_POINT('',#8805);
#8805 = CARTESIAN_POINT('',(7.4160797831,2.5,24.));
#8806 = SURFACE_CURVE('',#8807,(#8812,#8823),.PCURVE_S1.);
#8807 = CIRCLE('',#8808,3.);
#8808 = AXIS2_PLACEMENT_3D('',#8809,#8810,#8811);
#8809 = CARTESIAN_POINT('',(10.374119674649,3.,24.));
#8810 = DIRECTION('',(-0.,-0.,-1.));
#8811 = DIRECTION('',(0.,-1.,0.));
#8812 = PCURVE('',#5005,#8813);
#8813 = DEFINITIONAL_REPRESENTATION('',(#8814),#8822);
#8814 = ( BOUNDED_CURVE() B_SPLINE_CURVE(2,(#8815,#8816,#8817,#8818,
#8819,#8820,#8821),.UNSPECIFIED.,.T.,.F.) B_SPLINE_CURVE_WITH_KNOTS((1,2
    ,2,2,2,1),(-2.094395102393,0.,2.094395102393,4.188790204786,
6.28318530718,8.377580409573),.UNSPECIFIED.) CURVE() 
GEOMETRIC_REPRESENTATION_ITEM() RATIONAL_B_SPLINE_CURVE((1.,0.5,1.,0.5,
1.,0.5,1.)) REPRESENTATION_ITEM('') );
#8815 = CARTESIAN_POINT('',(-38.87588032535,-36.45));
#8816 = CARTESIAN_POINT('',(-44.07203274805,-36.45));
#8817 = CARTESIAN_POINT('',(-41.4739565367,-31.95));
#8818 = CARTESIAN_POINT('',(-38.87588032535,-27.45));
#8819 = CARTESIAN_POINT('',(-36.27780411399,-31.95));
#8820 = CARTESIAN_POINT('',(-33.67972790264,-36.45));
#8821 = CARTESIAN_POINT('',(-38.87588032535,-36.45));
#8822 = ( GEOMETRIC_REPRESENTATION_CONTEXT(2) 
PARAMETRIC_REPRESENTATION_CONTEXT() REPRESENTATION_CONTEXT('2D SPACE',''
  ) );
#8823 = PCURVE('',#7191,#8824);
#8824 = DEFINITIONAL_REPRESENTATION('',(#8825),#8829);
#8825 = LINE('',#8826,#8827);
#8826 = CARTESIAN_POINT('',(0.,-24.));
#8827 = VECTOR('',#8828,1.);
#8828 = DIRECTION('',(1.,0.));
#8829 = ( GEOMETRIC_REPRESENTATION_CONTEXT(2) 
PARAMETRIC_REPRESENTATION_CONTEXT() REPRESENTATION_CONTEXT('2D SPACE',''
  ) );
#8830 = ORIENTED_EDGE('',*,*,#8831,.F.);
#8831 = EDGE_CURVE('',#8443,#8804,#8832,.T.);
#8832 = SURFACE_CURVE('',#8833,(#8838,#8849),.PCURVE_S1.);
#8833 = CIRCLE('',#8834,6.);
#8834 = AXIS2_PLACEMENT_3D('',#8835,#8836,#8837);
#8835 = CARTESIAN_POINT('',(1.5,1.5,24.));
#8836 = DIRECTION('',(0.,-0.,-1.));
#8837 = DIRECTION('',(0.968245836552,-0.25,0.));
#8838 = PCURVE('',#5005,#8839);
#8839 = DEFINITIONAL_REPRESENTATION('',(#8840),#8848);
#8840 = ( BOUNDED_CURVE() B_SPLINE_CURVE(2,(#8841,#8842,#8843,#8844,
#8845,#8846,#8847),.UNSPECIFIED.,.T.,.F.) B_SPLINE_CURVE_WITH_KNOTS((1,2
    ,2,2,2,1),(-2.094395102393,0.,2.094395102393,4.188790204786,
6.28318530718,8.377580409573),.UNSPECIFIED.) CURVE() 
GEOMETRIC_REPRESENTATION_ITEM() RATIONAL_B_SPLINE_CURVE((1.,0.5,1.,0.5,
1.,0.5,1.)) REPRESENTATION_ITEM('') );
#8841 = CARTESIAN_POINT('',(-41.94052498068,-36.45));
#8842 = CARTESIAN_POINT('',(-44.53860119204,-46.51230589874));
#8843 = CARTESIAN_POINT('',(-51.95377561533,-39.23115294937));
#8844 = CARTESIAN_POINT('',(-59.36895003862,-31.95));
#8845 = CARTESIAN_POINT('',(-49.35569940397,-29.16884705062));
#8846 = CARTESIAN_POINT('',(-39.34244876933,-26.38769410125));
#8847 = CARTESIAN_POINT('',(-41.94052498068,-36.45));
#8848 = ( GEOMETRIC_REPRESENTATION_CONTEXT(2) 
PARAMETRIC_REPRESENTATION_CONTEXT() REPRESENTATION_CONTEXT('2D SPACE',''
  ) );
#8849 = PCURVE('',#7224,#8850);
#8850 = DEFINITIONAL_REPRESENTATION('',(#8851),#8855);
#8851 = LINE('',#8852,#8853);
#8852 = CARTESIAN_POINT('',(-6.28318530718,-24.));
#8853 = VECTOR('',#8854,1.);
#8854 = DIRECTION('',(1.,-0.));
#8855 = ( GEOMETRIC_REPRESENTATION_CONTEXT(2) 
PARAMETRIC_REPRESENTATION_CONTEXT() REPRESENTATION_CONTEXT('2D SPACE',''
  ) );
#8856 = ORIENTED_EDGE('',*,*,#8465,.T.);
#8857 = ORIENTED_EDGE('',*,*,#4990,.T.);
#8858 = ORIENTED_EDGE('',*,*,#8389,.T.);
#8859 = ORIENTED_EDGE('',*,*,#8860,.F.);
#8860 = EDGE_CURVE('',#8861,#8390,#8863,.T.);
#8861 = VERTEX_POINT('',#8862);
#8862 = CARTESIAN_POINT('',(7.4160797831,70.4,24.));
#8863 = SURFACE_CURVE('',#8864,(#8869,#8880),.PCURVE_S1.);
#8864 = CIRCLE('',#8865,6.);
#8865 = AXIS2_PLACEMENT_3D('',#8866,#8867,#8868);
#8866 = CARTESIAN_POINT('',(1.5,71.4,24.));
#8867 = DIRECTION('',(-0.,0.,-1.));
#8868 = DIRECTION('',(-0.25,-0.968245836552,0.));
#8869 = PCURVE('',#5005,#8870);
#8870 = DEFINITIONAL_REPRESENTATION('',(#8871),#8879);
#8871 = ( BOUNDED_CURVE() B_SPLINE_CURVE(2,(#8872,#8873,#8874,#8875,
#8876,#8877,#8878),.UNSPECIFIED.,.T.,.F.) B_SPLINE_CURVE_WITH_KNOTS((1,2
    ,2,2,2,1),(-2.094395102393,0.,2.094395102393,4.188790204786,
6.28318530718,8.377580409573),.UNSPECIFIED.) CURVE() 
GEOMETRIC_REPRESENTATION_ITEM() RATIONAL_B_SPLINE_CURVE((1.,0.5,1.,0.5,
1.,0.5,1.)) REPRESENTATION_ITEM('') );
#8872 = CARTESIAN_POINT('',(-49.25,29.140524980689));
#8873 = CARTESIAN_POINT('',(-59.31230589874,31.738601192042));
#8874 = CARTESIAN_POINT('',(-52.03115294937,39.153775615332));
#8875 = CARTESIAN_POINT('',(-44.75,46.568950038622));
#8876 = CARTESIAN_POINT('',(-41.96884705062,36.555699403979));
#8877 = CARTESIAN_POINT('',(-39.18769410125,26.542448769336));
#8878 = CARTESIAN_POINT('',(-49.25,29.140524980689));
#8879 = ( GEOMETRIC_REPRESENTATION_CONTEXT(2) 
PARAMETRIC_REPRESENTATION_CONTEXT() REPRESENTATION_CONTEXT('2D SPACE',''
  ) );
#8880 = PCURVE('',#7304,#8881);
#8881 = DEFINITIONAL_REPRESENTATION('',(#8882),#8886);
#8882 = LINE('',#8883,#8884);
#8883 = CARTESIAN_POINT('',(-6.28318530718,-24.));
#8884 = VECTOR('',#8885,1.);
#8885 = DIRECTION('',(1.,-0.));
#8886 = ( GEOMETRIC_REPRESENTATION_CONTEXT(2) 
PARAMETRIC_REPRESENTATION_CONTEXT() REPRESENTATION_CONTEXT('2D SPACE',''
  ) );
#8887 = ORIENTED_EDGE('',*,*,#8888,.T.);
#8888 = EDGE_CURVE('',#8861,#8889,#8891,.T.);
#8889 = VERTEX_POINT('',#8890);
#8890 = CARTESIAN_POINT('',(10.374119674649,72.9,24.));
#8891 = SURFACE_CURVE('',#8892,(#8897,#8908),.PCURVE_S1.);
#8892 = CIRCLE('',#8893,3.);
#8893 = AXIS2_PLACEMENT_3D('',#8894,#8895,#8896);
#8894 = CARTESIAN_POINT('',(10.374119674649,69.9,24.));
#8895 = DIRECTION('',(-0.,-0.,-1.));
#8896 = DIRECTION('',(0.,-1.,0.));
#8897 = PCURVE('',#5005,#8898);
#8898 = DEFINITIONAL_REPRESENTATION('',(#8899),#8907);
#8899 = ( BOUNDED_CURVE() B_SPLINE_CURVE(2,(#8900,#8901,#8902,#8903,
#8904,#8905,#8906),.UNSPECIFIED.,.T.,.F.) B_SPLINE_CURVE_WITH_KNOTS((1,2
    ,2,2,2,1),(-2.094395102393,0.,2.094395102393,4.188790204786,
6.28318530718,8.377580409573),.UNSPECIFIED.) CURVE() 
GEOMETRIC_REPRESENTATION_ITEM() RATIONAL_B_SPLINE_CURVE((1.,0.5,1.,0.5,
1.,0.5,1.)) REPRESENTATION_ITEM('') );
#8900 = CARTESIAN_POINT('',(-38.87588032535,30.45));
#8901 = CARTESIAN_POINT('',(-44.07203274805,30.45));
#8902 = CARTESIAN_POINT('',(-41.4739565367,34.95));
#8903 = CARTESIAN_POINT('',(-38.87588032535,39.45));
#8904 = CARTESIAN_POINT('',(-36.27780411399,34.95));
#8905 = CARTESIAN_POINT('',(-33.67972790264,30.45));
#8906 = CARTESIAN_POINT('',(-38.87588032535,30.45));
#8907 = ( GEOMETRIC_REPRESENTATION_CONTEXT(2) 
PARAMETRIC_REPRESENTATION_CONTEXT() REPRESENTATION_CONTEXT('2D SPACE',''
  ) );
#8908 = PCURVE('',#7333,#8909);
#8909 = DEFINITIONAL_REPRESENTATION('',(#8910),#8914);
#8910 = LINE('',#8911,#8912);
#8911 = CARTESIAN_POINT('',(1.7763568394E-15,-24.));
#8912 = VECTOR('',#8913,1.);
#8913 = DIRECTION('',(1.,0.));
#8914 = ( GEOMETRIC_REPRESENTATION_CONTEXT(2) 
PARAMETRIC_REPRESENTATION_CONTEXT() REPRESENTATION_CONTEXT('2D SPACE',''
  ) );
#8915 = ORIENTED_EDGE('',*,*,#8916,.T.);
#8916 = EDGE_CURVE('',#8889,#8917,#8919,.T.);
#8917 = VERTEX_POINT('',#8918);
#8918 = CARTESIAN_POINT('',(40.375880325351,72.9,24.));
#8919 = SURFACE_CURVE('',#8920,(#8924,#8930),.PCURVE_S1.);
#8920 = LINE('',#8921,#8922);
#8921 = CARTESIAN_POINT('',(44.812940162675,72.9,24.));
#8922 = VECTOR('',#8923,1.);
#8923 = DIRECTION('',(1.,0.,-0.));
#8924 = PCURVE('',#5005,#8925);
#8925 = DEFINITIONAL_REPRESENTATION('',(#8926),#8929);
#8926 = B_SPLINE_CURVE_WITH_KNOTS('',1,(#8927,#8928),.UNSPECIFIED.,.F.,
  .F.,(2,2),(-34.43882048802,-4.437059837325),.PIECEWISE_BEZIER_KNOTS.);
#8927 = CARTESIAN_POINT('',(-38.87588032535,36.45));
#8928 = CARTESIAN_POINT('',(-8.874119674649,36.45));
#8929 = ( GEOMETRIC_REPRESENTATION_CONTEXT(2) 
PARAMETRIC_REPRESENTATION_CONTEXT() REPRESENTATION_CONTEXT('2D SPACE',''
  ) );
#8930 = PCURVE('',#7361,#8931);
#8931 = DEFINITIONAL_REPRESENTATION('',(#8932),#8935);
#8932 = B_SPLINE_CURVE_WITH_KNOTS('',1,(#8933,#8934),.UNSPECIFIED.,.F.,
  .F.,(2,2),(-34.43882048802,-4.437059837325),.PIECEWISE_BEZIER_KNOTS.);
#8933 = CARTESIAN_POINT('',(30.001760650701,-24.));
#8934 = CARTESIAN_POINT('',(0.,-24.));
#8935 = ( GEOMETRIC_REPRESENTATION_CONTEXT(2) 
PARAMETRIC_REPRESENTATION_CONTEXT() REPRESENTATION_CONTEXT('2D SPACE',''
  ) );
#8936 = ORIENTED_EDGE('',*,*,#8937,.T.);
#8937 = EDGE_CURVE('',#8917,#8938,#8940,.T.);
#8938 = VERTEX_POINT('',#8939);
#8939 = CARTESIAN_POINT('',(43.3339202169,70.4,24.));
#8940 = SURFACE_CURVE('',#8941,(#8946,#8957),.PCURVE_S1.);
#8941 = CIRCLE('',#8942,3.);
#8942 = AXIS2_PLACEMENT_3D('',#8943,#8944,#8945);
#8943 = CARTESIAN_POINT('',(40.375880325351,69.9,24.));
#8944 = DIRECTION('',(-0.,-0.,-1.));
#8945 = DIRECTION('',(0.,-1.,0.));
#8946 = PCURVE('',#5005,#8947);
#8947 = DEFINITIONAL_REPRESENTATION('',(#8948),#8956);
#8948 = ( BOUNDED_CURVE() B_SPLINE_CURVE(2,(#8949,#8950,#8951,#8952,
#8953,#8954,#8955),.UNSPECIFIED.,.T.,.F.) B_SPLINE_CURVE_WITH_KNOTS((1,2
    ,2,2,2,1),(-2.094395102393,0.,2.094395102393,4.188790204786,
6.28318530718,8.377580409573),.UNSPECIFIED.) CURVE() 
GEOMETRIC_REPRESENTATION_ITEM() RATIONAL_B_SPLINE_CURVE((1.,0.5,1.,0.5,
1.,0.5,1.)) REPRESENTATION_ITEM('') );
#8949 = CARTESIAN_POINT('',(-8.874119674649,30.45));
#8950 = CARTESIAN_POINT('',(-14.07027209735,30.45));
#8951 = CARTESIAN_POINT('',(-11.472195886,34.95));
#8952 = CARTESIAN_POINT('',(-8.874119674649,39.45));
#8953 = CARTESIAN_POINT('',(-6.276043463296,34.95));
#8954 = CARTESIAN_POINT('',(-3.677967251943,30.45));
#8955 = CARTESIAN_POINT('',(-8.874119674649,30.45));
#8956 = ( GEOMETRIC_REPRESENTATION_CONTEXT(2) 
PARAMETRIC_REPRESENTATION_CONTEXT() REPRESENTATION_CONTEXT('2D SPACE',''
  ) );
#8957 = PCURVE('',#7502,#8958);
#8958 = DEFINITIONAL_REPRESENTATION('',(#8959),#8963);
#8959 = LINE('',#8960,#8961);
#8960 = CARTESIAN_POINT('',(0.,-24.));
#8961 = VECTOR('',#8962,1.);
#8962 = DIRECTION('',(1.,0.));
#8963 = ( GEOMETRIC_REPRESENTATION_CONTEXT(2) 
PARAMETRIC_REPRESENTATION_CONTEXT() REPRESENTATION_CONTEXT('2D SPACE',''
  ) );
#8964 = ORIENTED_EDGE('',*,*,#8965,.F.);
#8965 = EDGE_CURVE('',#8966,#8938,#8968,.T.);
#8966 = VERTEX_POINT('',#8967);
#8967 = CARTESIAN_POINT('',(55.1660797831,70.4,24.));
#8968 = SURFACE_CURVE('',#8969,(#8974,#8985),.PCURVE_S1.);
#8969 = CIRCLE('',#8970,6.);
#8970 = AXIS2_PLACEMENT_3D('',#8971,#8972,#8973);
#8971 = CARTESIAN_POINT('',(49.25,71.4,24.));
#8972 = DIRECTION('',(-0.,0.,-1.));
#8973 = DIRECTION('',(-0.968245836552,0.25,0.));
#8974 = PCURVE('',#5005,#8975);
#8975 = DEFINITIONAL_REPRESENTATION('',(#8976),#8984);
#8976 = ( BOUNDED_CURVE() B_SPLINE_CURVE(2,(#8977,#8978,#8979,#8980,
#8981,#8982,#8983),.UNSPECIFIED.,.T.,.F.) B_SPLINE_CURVE_WITH_KNOTS((1,2
    ,2,2,2,1),(-2.094395102393,0.,2.094395102393,4.188790204786,
6.28318530718,8.377580409573),.UNSPECIFIED.) CURVE() 
GEOMETRIC_REPRESENTATION_ITEM() RATIONAL_B_SPLINE_CURVE((1.,0.5,1.,0.5,
1.,0.5,1.)) REPRESENTATION_ITEM('') );
#8977 = CARTESIAN_POINT('',(-5.809475019311,36.45));
#8978 = CARTESIAN_POINT('',(-3.211398807958,46.512305898749));
#8979 = CARTESIAN_POINT('',(4.203775615332,39.231152949375));
#8980 = CARTESIAN_POINT('',(11.618950038622,31.95));
#8981 = CARTESIAN_POINT('',(1.605699403979,29.168847050625));
#8982 = CARTESIAN_POINT('',(-8.407551230664,26.387694101251));
#8983 = CARTESIAN_POINT('',(-5.809475019311,36.45));
#8984 = ( GEOMETRIC_REPRESENTATION_CONTEXT(2) 
PARAMETRIC_REPRESENTATION_CONTEXT() REPRESENTATION_CONTEXT('2D SPACE',''
  ) );
#8985 = PCURVE('',#7535,#8986);
#8986 = DEFINITIONAL_REPRESENTATION('',(#8987),#8991);
#8987 = LINE('',#8988,#8989);
#8988 = CARTESIAN_POINT('',(-6.28318530718,-24.));
#8989 = VECTOR('',#8990,1.);
#8990 = DIRECTION('',(1.,-0.));
#8991 = ( GEOMETRIC_REPRESENTATION_CONTEXT(2) 
PARAMETRIC_REPRESENTATION_CONTEXT() REPRESENTATION_CONTEXT('2D SPACE',''
  ) );
#8992 = ORIENTED_EDGE('',*,*,#8993,.T.);
#8993 = EDGE_CURVE('',#8966,#8994,#8996,.T.);
#8994 = VERTEX_POINT('',#8995);
#8995 = CARTESIAN_POINT('',(58.124119674649,72.9,24.));
#8996 = SURFACE_CURVE('',#8997,(#9002,#9013),.PCURVE_S1.);
#8997 = CIRCLE('',#8998,3.);
#8998 = AXIS2_PLACEMENT_3D('',#8999,#9000,#9001);
#8999 = CARTESIAN_POINT('',(58.124119674649,69.9,24.));
#9000 = DIRECTION('',(-0.,-0.,-1.));
#9001 = DIRECTION('',(0.,-1.,0.));
#9002 = PCURVE('',#5005,#9003);
#9003 = DEFINITIONAL_REPRESENTATION('',(#9004),#9012);
#9004 = ( BOUNDED_CURVE() B_SPLINE_CURVE(2,(#9005,#9006,#9007,#9008,
#9009,#9010,#9011),.UNSPECIFIED.,.T.,.F.) B_SPLINE_CURVE_WITH_KNOTS((1,2
    ,2,2,2,1),(-2.094395102393,0.,2.094395102393,4.188790204786,
6.28318530718,8.377580409573),.UNSPECIFIED.) CURVE() 
GEOMETRIC_REPRESENTATION_ITEM() RATIONAL_B_SPLINE_CURVE((1.,0.5,1.,0.5,
1.,0.5,1.)) REPRESENTATION_ITEM('') );
#9005 = CARTESIAN_POINT('',(8.874119674649,30.45));
#9006 = CARTESIAN_POINT('',(3.677967251943,30.45));
#9007 = CARTESIAN_POINT('',(6.276043463296,34.95));
#9008 = CARTESIAN_POINT('',(8.874119674649,39.45));
#9009 = CARTESIAN_POINT('',(11.472195886003,34.95));
#9010 = CARTESIAN_POINT('',(14.070272097356,30.45));
#9011 = CARTESIAN_POINT('',(8.874119674649,30.45));
#9012 = ( GEOMETRIC_REPRESENTATION_CONTEXT(2) 
PARAMETRIC_REPRESENTATION_CONTEXT() REPRESENTATION_CONTEXT('2D SPACE',''
  ) );
#9013 = PCURVE('',#7564,#9014);
#9014 = DEFINITIONAL_REPRESENTATION('',(#9015),#9019);
#9015 = LINE('',#9016,#9017);
#9016 = CARTESIAN_POINT('',(1.7763568394E-15,-24.));
#9017 = VECTOR('',#9018,1.);
#9018 = DIRECTION('',(1.,0.));
#9019 = ( GEOMETRIC_REPRESENTATION_CONTEXT(2) 
PARAMETRIC_REPRESENTATION_CONTEXT() REPRESENTATION_CONTEXT('2D SPACE',''
  ) );
#9020 = ORIENTED_EDGE('',*,*,#9021,.T.);
#9021 = EDGE_CURVE('',#8994,#9022,#9024,.T.);
#9022 = VERTEX_POINT('',#9023);
#9023 = CARTESIAN_POINT('',(88.125880325351,72.9,24.));
#9024 = SURFACE_CURVE('',#9025,(#9029,#9035),.PCURVE_S1.);
#9025 = LINE('',#9026,#9027);
#9026 = CARTESIAN_POINT('',(68.687940162675,72.9,24.));
#9027 = VECTOR('',#9028,1.);
#9028 = DIRECTION('',(1.,0.,-0.));
#9029 = PCURVE('',#5005,#9030);
#9030 = DEFINITIONAL_REPRESENTATION('',(#9031),#9034);
#9031 = B_SPLINE_CURVE_WITH_KNOTS('',1,(#9032,#9033),.UNSPECIFIED.,.F.,
  .F.,(2,2),(-10.56382048802,19.437940162675),.PIECEWISE_BEZIER_KNOTS.);
#9032 = CARTESIAN_POINT('',(8.874119674649,36.45));
#9033 = CARTESIAN_POINT('',(38.875880325351,36.45));
#9034 = ( GEOMETRIC_REPRESENTATION_CONTEXT(2) 
PARAMETRIC_REPRESENTATION_CONTEXT() REPRESENTATION_CONTEXT('2D SPACE',''
  ) );
#9035 = PCURVE('',#6445,#9036);
#9036 = DEFINITIONAL_REPRESENTATION('',(#9037),#9040);
#9037 = B_SPLINE_CURVE_WITH_KNOTS('',1,(#9038,#9039),.UNSPECIFIED.,.F.,
  .F.,(2,2),(-10.56382048802,19.437940162675),.PIECEWISE_BEZIER_KNOTS.);
#9038 = CARTESIAN_POINT('',(30.001760650701,-24.));
#9039 = CARTESIAN_POINT('',(0.,-24.));
#9040 = ( GEOMETRIC_REPRESENTATION_CONTEXT(2) 
PARAMETRIC_REPRESENTATION_CONTEXT() REPRESENTATION_CONTEXT('2D SPACE',''
  ) );
#9041 = ORIENTED_EDGE('',*,*,#9042,.T.);
#9042 = EDGE_CURVE('',#9022,#8524,#9043,.T.);
#9043 = SURFACE_CURVE('',#9044,(#9049,#9060),.PCURVE_S1.);
#9044 = CIRCLE('',#9045,3.);
#9045 = AXIS2_PLACEMENT_3D('',#9046,#9047,#9048);
#9046 = CARTESIAN_POINT('',(88.125880325351,69.9,24.));
#9047 = DIRECTION('',(-0.,-0.,-1.));
#9048 = DIRECTION('',(0.,-1.,0.));
#9049 = PCURVE('',#5005,#9050);
#9050 = DEFINITIONAL_REPRESENTATION('',(#9051),#9059);
#9051 = ( BOUNDED_CURVE() B_SPLINE_CURVE(2,(#9052,#9053,#9054,#9055,
#9056,#9057,#9058),.UNSPECIFIED.,.T.,.F.) B_SPLINE_CURVE_WITH_KNOTS((1,2
    ,2,2,2,1),(-2.094395102393,0.,2.094395102393,4.188790204786,
6.28318530718,8.377580409573),.UNSPECIFIED.) CURVE() 
GEOMETRIC_REPRESENTATION_ITEM() RATIONAL_B_SPLINE_CURVE((1.,0.5,1.,0.5,
1.,0.5,1.)) REPRESENTATION_ITEM('') );
#9052 = CARTESIAN_POINT('',(38.875880325351,30.45));
#9053 = CARTESIAN_POINT('',(33.679727902644,30.45));
#9054 = CARTESIAN_POINT('',(36.277804113997,34.95));
#9055 = CARTESIAN_POINT('',(38.875880325351,39.45));
#9056 = CARTESIAN_POINT('',(41.473956536704,34.95));
#9057 = CARTESIAN_POINT('',(44.072032748057,30.45));
#9058 = CARTESIAN_POINT('',(38.875880325351,30.45));
#9059 = ( GEOMETRIC_REPRESENTATION_CONTEXT(2) 
PARAMETRIC_REPRESENTATION_CONTEXT() REPRESENTATION_CONTEXT('2D SPACE',''
  ) );
#9060 = PCURVE('',#6474,#9061);
#9061 = DEFINITIONAL_REPRESENTATION('',(#9062),#9066);
#9062 = LINE('',#9063,#9064);
#9063 = CARTESIAN_POINT('',(0.,-24.));
#9064 = VECTOR('',#9065,1.);
#9065 = DIRECTION('',(1.,0.));
#9066 = ( GEOMETRIC_REPRESENTATION_CONTEXT(2) 
PARAMETRIC_REPRESENTATION_CONTEXT() REPRESENTATION_CONTEXT('2D SPACE',''
  ) );
#9067 = ADVANCED_FACE('',(#9068),#5108,.F.);
#9068 = FACE_BOUND('',#9069,.F.);
#9069 = EDGE_LOOP('',(#9070,#9071,#9072,#9073));
#9070 = ORIENTED_EDGE('',*,*,#6542,.F.);
#9071 = ORIENTED_EDGE('',*,*,#5092,.T.);
#9072 = ORIENTED_EDGE('',*,*,#8578,.T.);
#9073 = ORIENTED_EDGE('',*,*,#9074,.F.);
#9074 = EDGE_CURVE('',#6543,#8579,#9075,.T.);
#9075 = SURFACE_CURVE('',#9076,(#9080,#9087),.PCURVE_S1.);
#9076 = LINE('',#9077,#9078);
#9077 = CARTESIAN_POINT('',(96.,7.4160797831,0.));
#9078 = VECTOR('',#9079,1.);
#9079 = DIRECTION('',(0.,0.,1.));
#9080 = PCURVE('',#5108,#9081);
#9081 = DEFINITIONAL_REPRESENTATION('',(#9082),#9086);
#9082 = LINE('',#9083,#9084);
#9083 = CARTESIAN_POINT('',(6.11573722796,0.));
#9084 = VECTOR('',#9085,1.);
#9085 = DIRECTION('',(0.,-1.));
#9086 = ( GEOMETRIC_REPRESENTATION_CONTEXT(2) 
PARAMETRIC_REPRESENTATION_CONTEXT() REPRESENTATION_CONTEXT('2D SPACE',''
  ) );
#9087 = PCURVE('',#6587,#9088);
#9088 = DEFINITIONAL_REPRESENTATION('',(#9089),#9093);
#9089 = LINE('',#9090,#9091);
#9090 = CARTESIAN_POINT('',(-1.738244406015,0.));
#9091 = VECTOR('',#9092,1.);
#9092 = DIRECTION('',(-0.,-1.));
#9093 = ( GEOMETRIC_REPRESENTATION_CONTEXT(2) 
PARAMETRIC_REPRESENTATION_CONTEXT() REPRESENTATION_CONTEXT('2D SPACE',''
  ) );
#9094 = ADVANCED_FACE('',(#9095),#5155,.F.);
#9095 = FACE_BOUND('',#9096,.F.);
#9096 = EDGE_LOOP('',(#9097,#9098,#9119,#9120));
#9097 = ORIENTED_EDGE('',*,*,#6519,.F.);
#9098 = ORIENTED_EDGE('',*,*,#9099,.T.);
#9099 = EDGE_CURVE('',#6487,#8522,#9100,.T.);
#9100 = SURFACE_CURVE('',#9101,(#9105,#9112),.PCURVE_S1.);
#9101 = LINE('',#9102,#9103);
#9102 = CARTESIAN_POINT('',(96.,65.4839202169,0.));
#9103 = VECTOR('',#9104,1.);
#9104 = DIRECTION('',(0.,0.,1.));
#9105 = PCURVE('',#5155,#9106);
#9106 = DEFINITIONAL_REPRESENTATION('',(#9107),#9111);
#9107 = LINE('',#9108,#9109);
#9108 = CARTESIAN_POINT('',(3.309040732809,0.));
#9109 = VECTOR('',#9110,1.);
#9110 = DIRECTION('',(0.,-1.));
#9111 = ( GEOMETRIC_REPRESENTATION_CONTEXT(2) 
PARAMETRIC_REPRESENTATION_CONTEXT() REPRESENTATION_CONTEXT('2D SPACE',''
  ) );
#9112 = PCURVE('',#6507,#9113);
#9113 = DEFINITIONAL_REPRESENTATION('',(#9114),#9118);
#9114 = LINE('',#9115,#9116);
#9115 = CARTESIAN_POINT('',(-4.544940901165,0.));
#9116 = VECTOR('',#9117,1.);
#9117 = DIRECTION('',(-0.,-1.));
#9118 = ( GEOMETRIC_REPRESENTATION_CONTEXT(2) 
PARAMETRIC_REPRESENTATION_CONTEXT() REPRESENTATION_CONTEXT('2D SPACE',''
  ) );
#9119 = ORIENTED_EDGE('',*,*,#8551,.T.);
#9120 = ORIENTED_EDGE('',*,*,#5141,.F.);
#9121 = ADVANCED_FACE('',(#9122),#6445,.T.);
#9122 = FACE_BOUND('',#9123,.T.);
#9123 = EDGE_LOOP('',(#9124,#9125,#9146,#9147,#9168,#9169,#9190,#9218));
#9124 = ORIENTED_EDGE('',*,*,#6427,.F.);
#9125 = ORIENTED_EDGE('',*,*,#9126,.T.);
#9126 = EDGE_CURVE('',#6428,#9022,#9127,.T.);
#9127 = SURFACE_CURVE('',#9128,(#9132,#9139),.PCURVE_S1.);
#9128 = LINE('',#9129,#9130);
#9129 = CARTESIAN_POINT('',(88.125880325351,72.9,0.));
#9130 = VECTOR('',#9131,1.);
#9131 = DIRECTION('',(0.,0.,1.));
#9132 = PCURVE('',#6445,#9133);
#9133 = DEFINITIONAL_REPRESENTATION('',(#9134),#9138);
#9134 = LINE('',#9135,#9136);
#9135 = CARTESIAN_POINT('',(0.,-0.));
#9136 = VECTOR('',#9137,1.);
#9137 = DIRECTION('',(0.,-1.));
#9138 = ( GEOMETRIC_REPRESENTATION_CONTEXT(2) 
PARAMETRIC_REPRESENTATION_CONTEXT() REPRESENTATION_CONTEXT('2D SPACE',''
  ) );
#9139 = PCURVE('',#6474,#9140);
#9140 = DEFINITIONAL_REPRESENTATION('',(#9141),#9145);
#9141 = LINE('',#9142,#9143);
#9142 = CARTESIAN_POINT('',(3.14159265359,0.));
#9143 = VECTOR('',#9144,1.);
#9144 = DIRECTION('',(0.,-1.));
#9145 = ( GEOMETRIC_REPRESENTATION_CONTEXT(2) 
PARAMETRIC_REPRESENTATION_CONTEXT() REPRESENTATION_CONTEXT('2D SPACE',''
  ) );
#9146 = ORIENTED_EDGE('',*,*,#9021,.F.);
#9147 = ORIENTED_EDGE('',*,*,#9148,.F.);
#9148 = EDGE_CURVE('',#7548,#8994,#9149,.T.);
#9149 = SURFACE_CURVE('',#9150,(#9154,#9161),.PCURVE_S1.);
#9150 = LINE('',#9151,#9152);
#9151 = CARTESIAN_POINT('',(58.124119674649,72.9,0.));
#9152 = VECTOR('',#9153,1.);
#9153 = DIRECTION('',(0.,0.,1.));
#9154 = PCURVE('',#6445,#9155);
#9155 = DEFINITIONAL_REPRESENTATION('',(#9156),#9160);
#9156 = LINE('',#9157,#9158);
#9157 = CARTESIAN_POINT('',(30.001760650701,0.));
#9158 = VECTOR('',#9159,1.);
#9159 = DIRECTION('',(0.,-1.));
#9160 = ( GEOMETRIC_REPRESENTATION_CONTEXT(2) 
PARAMETRIC_REPRESENTATION_CONTEXT() REPRESENTATION_CONTEXT('2D SPACE',''
  ) );
#9161 = PCURVE('',#7564,#9162);
#9162 = DEFINITIONAL_REPRESENTATION('',(#9163),#9167);
#9163 = LINE('',#9164,#9165);
#9164 = CARTESIAN_POINT('',(3.14159265359,0.));
#9165 = VECTOR('',#9166,1.);
#9166 = DIRECTION('',(0.,-1.));
#9167 = ( GEOMETRIC_REPRESENTATION_CONTEXT(2) 
PARAMETRIC_REPRESENTATION_CONTEXT() REPRESENTATION_CONTEXT('2D SPACE',''
  ) );
#9168 = ORIENTED_EDGE('',*,*,#7576,.F.);
#9169 = ORIENTED_EDGE('',*,*,#9170,.T.);
#9170 = EDGE_CURVE('',#7577,#9171,#9173,.T.);
#9171 = VERTEX_POINT('',#9172);
#9172 = CARTESIAN_POINT('',(60.75,72.9,6.));
#9173 = SURFACE_CURVE('',#9174,(#9178,#9184),.PCURVE_S1.);
#9174 = LINE('',#9175,#9176);
#9175 = CARTESIAN_POINT('',(60.75,72.9,0.));
#9176 = VECTOR('',#9177,1.);
#9177 = DIRECTION('',(0.,0.,1.));
#9178 = PCURVE('',#6445,#9179);
#9179 = DEFINITIONAL_REPRESENTATION('',(#9180),#9183);
#9180 = B_SPLINE_CURVE_WITH_KNOTS('',1,(#9181,#9182),.UNSPECIFIED.,.F.,
  .F.,(2,2),(0.,6.),.PIECEWISE_BEZIER_KNOTS.);
#9181 = CARTESIAN_POINT('',(27.375880325351,0.));
#9182 = CARTESIAN_POINT('',(27.375880325351,-6.));
#9183 = ( GEOMETRIC_REPRESENTATION_CONTEXT(2) 
PARAMETRIC_REPRESENTATION_CONTEXT() REPRESENTATION_CONTEXT('2D SPACE',''
  ) );
#9184 = PCURVE('',#7615,#9185);
#9185 = DEFINITIONAL_REPRESENTATION('',(#9186),#9189);
#9186 = B_SPLINE_CURVE_WITH_KNOTS('',1,(#9187,#9188),.UNSPECIFIED.,.F.,
  .F.,(2,2),(0.,6.),.PIECEWISE_BEZIER_KNOTS.);
#9187 = CARTESIAN_POINT('',(9.999999999999E-02,0.));
#9188 = CARTESIAN_POINT('',(9.999999999999E-02,-6.));
#9189 = ( GEOMETRIC_REPRESENTATION_CONTEXT(2) 
PARAMETRIC_REPRESENTATION_CONTEXT() REPRESENTATION_CONTEXT('2D SPACE',''
  ) );
#9190 = ORIENTED_EDGE('',*,*,#9191,.T.);
#9191 = EDGE_CURVE('',#9171,#9192,#9194,.T.);
#9192 = VERTEX_POINT('',#9193);
#9193 = CARTESIAN_POINT('',(67.75,72.9,6.));
#9194 = SURFACE_CURVE('',#9195,(#9199,#9206),.PCURVE_S1.);
#9195 = LINE('',#9196,#9197);
#9196 = CARTESIAN_POINT('',(60.75,72.9,6.));
#9197 = VECTOR('',#9198,1.);
#9198 = DIRECTION('',(1.,0.,0.));
#9199 = PCURVE('',#6445,#9200);
#9200 = DEFINITIONAL_REPRESENTATION('',(#9201),#9205);
#9201 = LINE('',#9202,#9203);
#9202 = CARTESIAN_POINT('',(27.375880325351,-6.));
#9203 = VECTOR('',#9204,1.);
#9204 = DIRECTION('',(-1.,-0.));
#9205 = ( GEOMETRIC_REPRESENTATION_CONTEXT(2) 
PARAMETRIC_REPRESENTATION_CONTEXT() REPRESENTATION_CONTEXT('2D SPACE',''
  ) );
#9206 = PCURVE('',#9207,#9212);
#9207 = PLANE('',#9208);
#9208 = AXIS2_PLACEMENT_3D('',#9209,#9210,#9211);
#9209 = CARTESIAN_POINT('',(64.25,71.2,6.));
#9210 = DIRECTION('',(0.,0.,1.));
#9211 = DIRECTION('',(1.,0.,-0.));
#9212 = DEFINITIONAL_REPRESENTATION('',(#9213),#9217);
#9213 = LINE('',#9214,#9215);
#9214 = CARTESIAN_POINT('',(-3.5,1.7));
#9215 = VECTOR('',#9216,1.);
#9216 = DIRECTION('',(1.,0.));
#9217 = ( GEOMETRIC_REPRESENTATION_CONTEXT(2) 
PARAMETRIC_REPRESENTATION_CONTEXT() REPRESENTATION_CONTEXT('2D SPACE',''
  ) );
#9218 = ORIENTED_EDGE('',*,*,#9219,.T.);
#9219 = EDGE_CURVE('',#9192,#6430,#9220,.T.);
#9220 = SURFACE_CURVE('',#9221,(#9225,#9231),.PCURVE_S1.);
#9221 = LINE('',#9222,#9223);
#9222 = CARTESIAN_POINT('',(67.75,72.9,0.));
#9223 = VECTOR('',#9224,1.);
#9224 = DIRECTION('',(-0.,-0.,-1.));
#9225 = PCURVE('',#6445,#9226);
#9226 = DEFINITIONAL_REPRESENTATION('',(#9227),#9230);
#9227 = B_SPLINE_CURVE_WITH_KNOTS('',1,(#9228,#9229),.UNSPECIFIED.,.F.,
  .F.,(2,2),(-6.,0.),.PIECEWISE_BEZIER_KNOTS.);
#9228 = CARTESIAN_POINT('',(20.375880325351,-6.));
#9229 = CARTESIAN_POINT('',(20.375880325351,0.));
#9230 = ( GEOMETRIC_REPRESENTATION_CONTEXT(2) 
PARAMETRIC_REPRESENTATION_CONTEXT() REPRESENTATION_CONTEXT('2D SPACE',''
  ) );
#9231 = PCURVE('',#7674,#9232);
#9232 = DEFINITIONAL_REPRESENTATION('',(#9233),#9236);
#9233 = B_SPLINE_CURVE_WITH_KNOTS('',1,(#9234,#9235),.UNSPECIFIED.,.F.,
  .F.,(2,2),(-6.,0.),.PIECEWISE_BEZIER_KNOTS.);
#9234 = CARTESIAN_POINT('',(3.5,-6.));
#9235 = CARTESIAN_POINT('',(3.5,0.));
#9236 = ( GEOMETRIC_REPRESENTATION_CONTEXT(2) 
PARAMETRIC_REPRESENTATION_CONTEXT() REPRESENTATION_CONTEXT('2D SPACE',''
  ) );
#9237 = ADVANCED_FACE('',(#9238),#7674,.F.);
#9238 = FACE_BOUND('',#9239,.F.);
#9239 = EDGE_LOOP('',(#9240,#9241,#9264,#9285));
#9240 = ORIENTED_EDGE('',*,*,#7660,.F.);
#9241 = ORIENTED_EDGE('',*,*,#9242,.T.);
#9242 = EDGE_CURVE('',#7628,#9243,#9245,.T.);
#9243 = VERTEX_POINT('',#9244);
#9244 = CARTESIAN_POINT('',(67.75,69.4,6.));
#9245 = SURFACE_CURVE('',#9246,(#9250,#9257),.PCURVE_S1.);
#9246 = LINE('',#9247,#9248);
#9247 = CARTESIAN_POINT('',(67.75,69.4,0.));
#9248 = VECTOR('',#9249,1.);
#9249 = DIRECTION('',(0.,0.,1.));
#9250 = PCURVE('',#7674,#9251);
#9251 = DEFINITIONAL_REPRESENTATION('',(#9252),#9256);
#9252 = LINE('',#9253,#9254);
#9253 = CARTESIAN_POINT('',(0.,0.));
#9254 = VECTOR('',#9255,1.);
#9255 = DIRECTION('',(0.,-1.));
#9256 = ( GEOMETRIC_REPRESENTATION_CONTEXT(2) 
PARAMETRIC_REPRESENTATION_CONTEXT() REPRESENTATION_CONTEXT('2D SPACE',''
  ) );
#9257 = PCURVE('',#7648,#9258);
#9258 = DEFINITIONAL_REPRESENTATION('',(#9259),#9263);
#9259 = LINE('',#9260,#9261);
#9260 = CARTESIAN_POINT('',(6.28318530718,-0.));
#9261 = VECTOR('',#9262,1.);
#9262 = DIRECTION('',(0.,1.));
#9263 = ( GEOMETRIC_REPRESENTATION_CONTEXT(2) 
PARAMETRIC_REPRESENTATION_CONTEXT() REPRESENTATION_CONTEXT('2D SPACE',''
  ) );
#9264 = ORIENTED_EDGE('',*,*,#9265,.T.);
#9265 = EDGE_CURVE('',#9243,#9192,#9266,.T.);
#9266 = SURFACE_CURVE('',#9267,(#9271,#9278),.PCURVE_S1.);
#9267 = LINE('',#9268,#9269);
#9268 = CARTESIAN_POINT('',(67.75,69.4,6.));
#9269 = VECTOR('',#9270,1.);
#9270 = DIRECTION('',(0.,1.,0.));
#9271 = PCURVE('',#7674,#9272);
#9272 = DEFINITIONAL_REPRESENTATION('',(#9273),#9277);
#9273 = LINE('',#9274,#9275);
#9274 = CARTESIAN_POINT('',(0.,-6.));
#9275 = VECTOR('',#9276,1.);
#9276 = DIRECTION('',(1.,0.));
#9277 = ( GEOMETRIC_REPRESENTATION_CONTEXT(2) 
PARAMETRIC_REPRESENTATION_CONTEXT() REPRESENTATION_CONTEXT('2D SPACE',''
  ) );
#9278 = PCURVE('',#9207,#9279);
#9279 = DEFINITIONAL_REPRESENTATION('',(#9280),#9284);
#9280 = LINE('',#9281,#9282);
#9281 = CARTESIAN_POINT('',(3.5,-1.8));
#9282 = VECTOR('',#9283,1.);
#9283 = DIRECTION('',(0.,1.));
#9284 = ( GEOMETRIC_REPRESENTATION_CONTEXT(2) 
PARAMETRIC_REPRESENTATION_CONTEXT() REPRESENTATION_CONTEXT('2D SPACE',''
  ) );
#9285 = ORIENTED_EDGE('',*,*,#9219,.T.);
#9286 = ADVANCED_FACE('',(#9287),#7648,.T.);
#9287 = FACE_BOUND('',#9288,.T.);
#9288 = EDGE_LOOP('',(#9289,#9290,#9291,#9315));
#9289 = ORIENTED_EDGE('',*,*,#7627,.T.);
#9290 = ORIENTED_EDGE('',*,*,#9242,.T.);
#9291 = ORIENTED_EDGE('',*,*,#9292,.F.);
#9292 = EDGE_CURVE('',#9293,#9243,#9295,.T.);
#9293 = VERTEX_POINT('',#9294);
#9294 = CARTESIAN_POINT('',(60.75,69.4,6.));
#9295 = SURFACE_CURVE('',#9296,(#9301,#9308),.PCURVE_S1.);
#9296 = CIRCLE('',#9297,3.5);
#9297 = AXIS2_PLACEMENT_3D('',#9298,#9299,#9300);
#9298 = CARTESIAN_POINT('',(64.25,69.4,6.));
#9299 = DIRECTION('',(0.,0.,1.));
#9300 = DIRECTION('',(1.,0.,-0.));
#9301 = PCURVE('',#7648,#9302);
#9302 = DEFINITIONAL_REPRESENTATION('',(#9303),#9307);
#9303 = LINE('',#9304,#9305);
#9304 = CARTESIAN_POINT('',(0.,6.));
#9305 = VECTOR('',#9306,1.);
#9306 = DIRECTION('',(1.,0.));
#9307 = ( GEOMETRIC_REPRESENTATION_CONTEXT(2) 
PARAMETRIC_REPRESENTATION_CONTEXT() REPRESENTATION_CONTEXT('2D SPACE',''
  ) );
#9308 = PCURVE('',#9207,#9309);
#9309 = DEFINITIONAL_REPRESENTATION('',(#9310),#9314);
#9310 = CIRCLE('',#9311,3.5);
#9311 = AXIS2_PLACEMENT_2D('',#9312,#9313);
#9312 = CARTESIAN_POINT('',(-1.42108547152E-14,-1.8));
#9313 = DIRECTION('',(1.,0.));
#9314 = ( GEOMETRIC_REPRESENTATION_CONTEXT(2) 
PARAMETRIC_REPRESENTATION_CONTEXT() REPRESENTATION_CONTEXT('2D SPACE',''
  ) );
#9315 = ORIENTED_EDGE('',*,*,#9316,.F.);
#9316 = EDGE_CURVE('',#7600,#9293,#9317,.T.);
#9317 = SURFACE_CURVE('',#9318,(#9322,#9329),.PCURVE_S1.);
#9318 = LINE('',#9319,#9320);
#9319 = CARTESIAN_POINT('',(60.75,69.4,0.));
#9320 = VECTOR('',#9321,1.);
#9321 = DIRECTION('',(0.,0.,1.));
#9322 = PCURVE('',#7648,#9323);
#9323 = DEFINITIONAL_REPRESENTATION('',(#9324),#9328);
#9324 = LINE('',#9325,#9326);
#9325 = CARTESIAN_POINT('',(3.14159265359,0.));
#9326 = VECTOR('',#9327,1.);
#9327 = DIRECTION('',(0.,1.));
#9328 = ( GEOMETRIC_REPRESENTATION_CONTEXT(2) 
PARAMETRIC_REPRESENTATION_CONTEXT() REPRESENTATION_CONTEXT('2D SPACE',''
  ) );
#9329 = PCURVE('',#7615,#9330);
#9330 = DEFINITIONAL_REPRESENTATION('',(#9331),#9335);
#9331 = LINE('',#9332,#9333);
#9332 = CARTESIAN_POINT('',(3.6,0.));
#9333 = VECTOR('',#9334,1.);
#9334 = DIRECTION('',(0.,-1.));
#9335 = ( GEOMETRIC_REPRESENTATION_CONTEXT(2) 
PARAMETRIC_REPRESENTATION_CONTEXT() REPRESENTATION_CONTEXT('2D SPACE',''
  ) );
#9336 = ADVANCED_FACE('',(#9337),#7615,.F.);
#9337 = FACE_BOUND('',#9338,.F.);
#9338 = EDGE_LOOP('',(#9339,#9340,#9341,#9362));
#9339 = ORIENTED_EDGE('',*,*,#7599,.F.);
#9340 = ORIENTED_EDGE('',*,*,#9170,.T.);
#9341 = ORIENTED_EDGE('',*,*,#9342,.T.);
#9342 = EDGE_CURVE('',#9171,#9293,#9343,.T.);
#9343 = SURFACE_CURVE('',#9344,(#9348,#9355),.PCURVE_S1.);
#9344 = LINE('',#9345,#9346);
#9345 = CARTESIAN_POINT('',(60.75,73.,6.));
#9346 = VECTOR('',#9347,1.);
#9347 = DIRECTION('',(0.,-1.,0.));
#9348 = PCURVE('',#7615,#9349);
#9349 = DEFINITIONAL_REPRESENTATION('',(#9350),#9354);
#9350 = LINE('',#9351,#9352);
#9351 = CARTESIAN_POINT('',(0.,-6.));
#9352 = VECTOR('',#9353,1.);
#9353 = DIRECTION('',(1.,0.));
#9354 = ( GEOMETRIC_REPRESENTATION_CONTEXT(2) 
PARAMETRIC_REPRESENTATION_CONTEXT() REPRESENTATION_CONTEXT('2D SPACE',''
  ) );
#9355 = PCURVE('',#9207,#9356);
#9356 = DEFINITIONAL_REPRESENTATION('',(#9357),#9361);
#9357 = LINE('',#9358,#9359);
#9358 = CARTESIAN_POINT('',(-3.5,1.8));
#9359 = VECTOR('',#9360,1.);
#9360 = DIRECTION('',(0.,-1.));
#9361 = ( GEOMETRIC_REPRESENTATION_CONTEXT(2) 
PARAMETRIC_REPRESENTATION_CONTEXT() REPRESENTATION_CONTEXT('2D SPACE',''
  ) );
#9362 = ORIENTED_EDGE('',*,*,#9316,.F.);
#9363 = ADVANCED_FACE('',(#9364),#7564,.F.);
#9364 = FACE_BOUND('',#9365,.F.);
#9365 = EDGE_LOOP('',(#9366,#9367,#9388,#9389));
#9366 = ORIENTED_EDGE('',*,*,#7547,.F.);
#9367 = ORIENTED_EDGE('',*,*,#9368,.T.);
#9368 = EDGE_CURVE('',#7515,#8966,#9369,.T.);
#9369 = SURFACE_CURVE('',#9370,(#9374,#9381),.PCURVE_S1.);
#9370 = LINE('',#9371,#9372);
#9371 = CARTESIAN_POINT('',(55.1660797831,70.4,0.));
#9372 = VECTOR('',#9373,1.);
#9373 = DIRECTION('',(0.,0.,1.));
#9374 = PCURVE('',#7564,#9375);
#9375 = DEFINITIONAL_REPRESENTATION('',(#9376),#9380);
#9376 = LINE('',#9377,#9378);
#9377 = CARTESIAN_POINT('',(1.738244406015,0.));
#9378 = VECTOR('',#9379,1.);
#9379 = DIRECTION('',(0.,-1.));
#9380 = ( GEOMETRIC_REPRESENTATION_CONTEXT(2) 
PARAMETRIC_REPRESENTATION_CONTEXT() REPRESENTATION_CONTEXT('2D SPACE',''
  ) );
#9381 = PCURVE('',#7535,#9382);
#9382 = DEFINITIONAL_REPRESENTATION('',(#9383),#9387);
#9383 = LINE('',#9384,#9385);
#9384 = CARTESIAN_POINT('',(-3.226824829512,0.));
#9385 = VECTOR('',#9386,1.);
#9386 = DIRECTION('',(-0.,-1.));
#9387 = ( GEOMETRIC_REPRESENTATION_CONTEXT(2) 
PARAMETRIC_REPRESENTATION_CONTEXT() REPRESENTATION_CONTEXT('2D SPACE',''
  ) );
#9388 = ORIENTED_EDGE('',*,*,#8993,.T.);
#9389 = ORIENTED_EDGE('',*,*,#9148,.F.);
#9390 = ADVANCED_FACE('',(#9391),#7535,.T.);
#9391 = FACE_BOUND('',#9392,.F.);
#9392 = EDGE_LOOP('',(#9393,#9394,#9415,#9416));
#9393 = ORIENTED_EDGE('',*,*,#7514,.F.);
#9394 = ORIENTED_EDGE('',*,*,#9395,.T.);
#9395 = EDGE_CURVE('',#7486,#8938,#9396,.T.);
#9396 = SURFACE_CURVE('',#9397,(#9401,#9408),.PCURVE_S1.);
#9397 = LINE('',#9398,#9399);
#9398 = CARTESIAN_POINT('',(43.3339202169,70.4,0.));
#9399 = VECTOR('',#9400,1.);
#9400 = DIRECTION('',(0.,0.,1.));
#9401 = PCURVE('',#7535,#9402);
#9402 = DEFINITIONAL_REPRESENTATION('',(#9403),#9407);
#9403 = LINE('',#9404,#9405);
#9404 = CARTESIAN_POINT('',(-0.420128334362,0.));
#9405 = VECTOR('',#9406,1.);
#9406 = DIRECTION('',(-0.,-1.));
#9407 = ( GEOMETRIC_REPRESENTATION_CONTEXT(2) 
PARAMETRIC_REPRESENTATION_CONTEXT() REPRESENTATION_CONTEXT('2D SPACE',''
  ) );
#9408 = PCURVE('',#7502,#9409);
#9409 = DEFINITIONAL_REPRESENTATION('',(#9410),#9414);
#9410 = LINE('',#9411,#9412);
#9411 = CARTESIAN_POINT('',(4.544940901165,0.));
#9412 = VECTOR('',#9413,1.);
#9413 = DIRECTION('',(0.,-1.));
#9414 = ( GEOMETRIC_REPRESENTATION_CONTEXT(2) 
PARAMETRIC_REPRESENTATION_CONTEXT() REPRESENTATION_CONTEXT('2D SPACE',''
  ) );
#9415 = ORIENTED_EDGE('',*,*,#8965,.F.);
#9416 = ORIENTED_EDGE('',*,*,#9368,.F.);
#9417 = ADVANCED_FACE('',(#9418),#7502,.F.);
#9418 = FACE_BOUND('',#9419,.F.);
#9419 = EDGE_LOOP('',(#9420,#9421,#9442,#9443));
#9420 = ORIENTED_EDGE('',*,*,#7485,.F.);
#9421 = ORIENTED_EDGE('',*,*,#9422,.T.);
#9422 = EDGE_CURVE('',#7463,#8917,#9423,.T.);
#9423 = SURFACE_CURVE('',#9424,(#9428,#9435),.PCURVE_S1.);
#9424 = LINE('',#9425,#9426);
#9425 = CARTESIAN_POINT('',(40.375880325351,72.9,0.));
#9426 = VECTOR('',#9427,1.);
#9427 = DIRECTION('',(0.,0.,1.));
#9428 = PCURVE('',#7502,#9429);
#9429 = DEFINITIONAL_REPRESENTATION('',(#9430),#9434);
#9430 = LINE('',#9431,#9432);
#9431 = CARTESIAN_POINT('',(3.14159265359,0.));
#9432 = VECTOR('',#9433,1.);
#9433 = DIRECTION('',(0.,-1.));
#9434 = ( GEOMETRIC_REPRESENTATION_CONTEXT(2) 
PARAMETRIC_REPRESENTATION_CONTEXT() REPRESENTATION_CONTEXT('2D SPACE',''
  ) );
#9435 = PCURVE('',#7361,#9436);
#9436 = DEFINITIONAL_REPRESENTATION('',(#9437),#9441);
#9437 = LINE('',#9438,#9439);
#9438 = CARTESIAN_POINT('',(0.,-0.));
#9439 = VECTOR('',#9440,1.);
#9440 = DIRECTION('',(0.,-1.));
#9441 = ( GEOMETRIC_REPRESENTATION_CONTEXT(2) 
PARAMETRIC_REPRESENTATION_CONTEXT() REPRESENTATION_CONTEXT('2D SPACE',''
  ) );
#9442 = ORIENTED_EDGE('',*,*,#8937,.T.);
#9443 = ORIENTED_EDGE('',*,*,#9395,.F.);
#9444 = ADVANCED_FACE('',(#9445),#7361,.T.);
#9445 = FACE_BOUND('',#9446,.T.);
#9446 = EDGE_LOOP('',(#9447,#9448,#9449,#9450,#9471,#9472,#9493,#9521));
#9447 = ORIENTED_EDGE('',*,*,#7462,.F.);
#9448 = ORIENTED_EDGE('',*,*,#9422,.T.);
#9449 = ORIENTED_EDGE('',*,*,#8916,.F.);
#9450 = ORIENTED_EDGE('',*,*,#9451,.F.);
#9451 = EDGE_CURVE('',#7317,#8889,#9452,.T.);
#9452 = SURFACE_CURVE('',#9453,(#9457,#9464),.PCURVE_S1.);
#9453 = LINE('',#9454,#9455);
#9454 = CARTESIAN_POINT('',(10.374119674649,72.9,0.));
#9455 = VECTOR('',#9456,1.);
#9456 = DIRECTION('',(0.,0.,1.));
#9457 = PCURVE('',#7361,#9458);
#9458 = DEFINITIONAL_REPRESENTATION('',(#9459),#9463);
#9459 = LINE('',#9460,#9461);
#9460 = CARTESIAN_POINT('',(30.001760650701,0.));
#9461 = VECTOR('',#9462,1.);
#9462 = DIRECTION('',(0.,-1.));
#9463 = ( GEOMETRIC_REPRESENTATION_CONTEXT(2) 
PARAMETRIC_REPRESENTATION_CONTEXT() REPRESENTATION_CONTEXT('2D SPACE',''
  ) );
#9464 = PCURVE('',#7333,#9465);
#9465 = DEFINITIONAL_REPRESENTATION('',(#9466),#9470);
#9466 = LINE('',#9467,#9468);
#9467 = CARTESIAN_POINT('',(3.14159265359,0.));
#9468 = VECTOR('',#9469,1.);
#9469 = DIRECTION('',(0.,-1.));
#9470 = ( GEOMETRIC_REPRESENTATION_CONTEXT(2) 
PARAMETRIC_REPRESENTATION_CONTEXT() REPRESENTATION_CONTEXT('2D SPACE',''
  ) );
#9471 = ORIENTED_EDGE('',*,*,#7345,.F.);
#9472 = ORIENTED_EDGE('',*,*,#9473,.T.);
#9473 = EDGE_CURVE('',#7346,#9474,#9476,.T.);
#9474 = VERTEX_POINT('',#9475);
#9475 = CARTESIAN_POINT('',(30.75,72.9,6.));
#9476 = SURFACE_CURVE('',#9477,(#9481,#9487),.PCURVE_S1.);
#9477 = LINE('',#9478,#9479);
#9478 = CARTESIAN_POINT('',(30.75,72.9,0.));
#9479 = VECTOR('',#9480,1.);
#9480 = DIRECTION('',(0.,0.,1.));
#9481 = PCURVE('',#7361,#9482);
#9482 = DEFINITIONAL_REPRESENTATION('',(#9483),#9486);
#9483 = B_SPLINE_CURVE_WITH_KNOTS('',1,(#9484,#9485),.UNSPECIFIED.,.F.,
  .F.,(2,2),(0.,6.),.PIECEWISE_BEZIER_KNOTS.);
#9484 = CARTESIAN_POINT('',(9.625880325351,0.));
#9485 = CARTESIAN_POINT('',(9.625880325351,-6.));
#9486 = ( GEOMETRIC_REPRESENTATION_CONTEXT(2) 
PARAMETRIC_REPRESENTATION_CONTEXT() REPRESENTATION_CONTEXT('2D SPACE',''
  ) );
#9487 = PCURVE('',#7389,#9488);
#9488 = DEFINITIONAL_REPRESENTATION('',(#9489),#9492);
#9489 = B_SPLINE_CURVE_WITH_KNOTS('',1,(#9490,#9491),.UNSPECIFIED.,.F.,
  .F.,(2,2),(0.,6.),.PIECEWISE_BEZIER_KNOTS.);
#9490 = CARTESIAN_POINT('',(9.999999999999E-02,0.));
#9491 = CARTESIAN_POINT('',(9.999999999999E-02,-6.));
#9492 = ( GEOMETRIC_REPRESENTATION_CONTEXT(2) 
PARAMETRIC_REPRESENTATION_CONTEXT() REPRESENTATION_CONTEXT('2D SPACE',''
  ) );
#9493 = ORIENTED_EDGE('',*,*,#9494,.T.);
#9494 = EDGE_CURVE('',#9474,#9495,#9497,.T.);
#9495 = VERTEX_POINT('',#9496);
#9496 = CARTESIAN_POINT('',(37.75,72.9,6.));
#9497 = SURFACE_CURVE('',#9498,(#9502,#9509),.PCURVE_S1.);
#9498 = LINE('',#9499,#9500);
#9499 = CARTESIAN_POINT('',(30.75,72.9,6.));
#9500 = VECTOR('',#9501,1.);
#9501 = DIRECTION('',(1.,0.,0.));
#9502 = PCURVE('',#7361,#9503);
#9503 = DEFINITIONAL_REPRESENTATION('',(#9504),#9508);
#9504 = LINE('',#9505,#9506);
#9505 = CARTESIAN_POINT('',(9.625880325351,-6.));
#9506 = VECTOR('',#9507,1.);
#9507 = DIRECTION('',(-1.,-0.));
#9508 = ( GEOMETRIC_REPRESENTATION_CONTEXT(2) 
PARAMETRIC_REPRESENTATION_CONTEXT() REPRESENTATION_CONTEXT('2D SPACE',''
  ) );
#9509 = PCURVE('',#9510,#9515);
#9510 = PLANE('',#9511);
#9511 = AXIS2_PLACEMENT_3D('',#9512,#9513,#9514);
#9512 = CARTESIAN_POINT('',(34.25,71.2,6.));
#9513 = DIRECTION('',(0.,0.,1.));
#9514 = DIRECTION('',(1.,0.,-0.));
#9515 = DEFINITIONAL_REPRESENTATION('',(#9516),#9520);
#9516 = LINE('',#9517,#9518);
#9517 = CARTESIAN_POINT('',(-3.5,1.7));
#9518 = VECTOR('',#9519,1.);
#9519 = DIRECTION('',(1.,0.));
#9520 = ( GEOMETRIC_REPRESENTATION_CONTEXT(2) 
PARAMETRIC_REPRESENTATION_CONTEXT() REPRESENTATION_CONTEXT('2D SPACE',''
  ) );
#9521 = ORIENTED_EDGE('',*,*,#9522,.T.);
#9522 = EDGE_CURVE('',#9495,#7435,#9523,.T.);
#9523 = SURFACE_CURVE('',#9524,(#9528,#9534),.PCURVE_S1.);
#9524 = LINE('',#9525,#9526);
#9525 = CARTESIAN_POINT('',(37.75,72.9,0.));
#9526 = VECTOR('',#9527,1.);
#9527 = DIRECTION('',(-0.,-0.,-1.));
#9528 = PCURVE('',#7361,#9529);
#9529 = DEFINITIONAL_REPRESENTATION('',(#9530),#9533);
#9530 = B_SPLINE_CURVE_WITH_KNOTS('',1,(#9531,#9532),.UNSPECIFIED.,.F.,
  .F.,(2,2),(-6.,0.),.PIECEWISE_BEZIER_KNOTS.);
#9531 = CARTESIAN_POINT('',(2.625880325351,-6.));
#9532 = CARTESIAN_POINT('',(2.625880325351,0.));
#9533 = ( GEOMETRIC_REPRESENTATION_CONTEXT(2) 
PARAMETRIC_REPRESENTATION_CONTEXT() REPRESENTATION_CONTEXT('2D SPACE',''
  ) );
#9534 = PCURVE('',#7450,#9535);
#9535 = DEFINITIONAL_REPRESENTATION('',(#9536),#9539);
#9536 = B_SPLINE_CURVE_WITH_KNOTS('',1,(#9537,#9538),.UNSPECIFIED.,.F.,
  .F.,(2,2),(-6.,0.),.PIECEWISE_BEZIER_KNOTS.);
#9537 = CARTESIAN_POINT('',(3.5,-6.));
#9538 = CARTESIAN_POINT('',(3.5,0.));
#9539 = ( GEOMETRIC_REPRESENTATION_CONTEXT(2) 
PARAMETRIC_REPRESENTATION_CONTEXT() REPRESENTATION_CONTEXT('2D SPACE',''
  ) );
#9540 = ADVANCED_FACE('',(#9541),#7450,.F.);
#9541 = FACE_BOUND('',#9542,.F.);
#9542 = EDGE_LOOP('',(#9543,#9544,#9567,#9588));
#9543 = ORIENTED_EDGE('',*,*,#7434,.F.);
#9544 = ORIENTED_EDGE('',*,*,#9545,.T.);
#9545 = EDGE_CURVE('',#7402,#9546,#9548,.T.);
#9546 = VERTEX_POINT('',#9547);
#9547 = CARTESIAN_POINT('',(37.75,69.4,6.));
#9548 = SURFACE_CURVE('',#9549,(#9553,#9560),.PCURVE_S1.);
#9549 = LINE('',#9550,#9551);
#9550 = CARTESIAN_POINT('',(37.75,69.4,0.));
#9551 = VECTOR('',#9552,1.);
#9552 = DIRECTION('',(0.,0.,1.));
#9553 = PCURVE('',#7450,#9554);
#9554 = DEFINITIONAL_REPRESENTATION('',(#9555),#9559);
#9555 = LINE('',#9556,#9557);
#9556 = CARTESIAN_POINT('',(0.,0.));
#9557 = VECTOR('',#9558,1.);
#9558 = DIRECTION('',(0.,-1.));
#9559 = ( GEOMETRIC_REPRESENTATION_CONTEXT(2) 
PARAMETRIC_REPRESENTATION_CONTEXT() REPRESENTATION_CONTEXT('2D SPACE',''
  ) );
#9560 = PCURVE('',#7422,#9561);
#9561 = DEFINITIONAL_REPRESENTATION('',(#9562),#9566);
#9562 = LINE('',#9563,#9564);
#9563 = CARTESIAN_POINT('',(6.28318530718,-0.));
#9564 = VECTOR('',#9565,1.);
#9565 = DIRECTION('',(0.,1.));
#9566 = ( GEOMETRIC_REPRESENTATION_CONTEXT(2) 
PARAMETRIC_REPRESENTATION_CONTEXT() REPRESENTATION_CONTEXT('2D SPACE',''
  ) );
#9567 = ORIENTED_EDGE('',*,*,#9568,.T.);
#9568 = EDGE_CURVE('',#9546,#9495,#9569,.T.);
#9569 = SURFACE_CURVE('',#9570,(#9574,#9581),.PCURVE_S1.);
#9570 = LINE('',#9571,#9572);
#9571 = CARTESIAN_POINT('',(37.75,69.4,6.));
#9572 = VECTOR('',#9573,1.);
#9573 = DIRECTION('',(0.,1.,0.));
#9574 = PCURVE('',#7450,#9575);
#9575 = DEFINITIONAL_REPRESENTATION('',(#9576),#9580);
#9576 = LINE('',#9577,#9578);
#9577 = CARTESIAN_POINT('',(0.,-6.));
#9578 = VECTOR('',#9579,1.);
#9579 = DIRECTION('',(1.,0.));
#9580 = ( GEOMETRIC_REPRESENTATION_CONTEXT(2) 
PARAMETRIC_REPRESENTATION_CONTEXT() REPRESENTATION_CONTEXT('2D SPACE',''
  ) );
#9581 = PCURVE('',#9510,#9582);
#9582 = DEFINITIONAL_REPRESENTATION('',(#9583),#9587);
#9583 = LINE('',#9584,#9585);
#9584 = CARTESIAN_POINT('',(3.5,-1.8));
#9585 = VECTOR('',#9586,1.);
#9586 = DIRECTION('',(0.,1.));
#9587 = ( GEOMETRIC_REPRESENTATION_CONTEXT(2) 
PARAMETRIC_REPRESENTATION_CONTEXT() REPRESENTATION_CONTEXT('2D SPACE',''
  ) );
#9588 = ORIENTED_EDGE('',*,*,#9522,.T.);
#9589 = ADVANCED_FACE('',(#9590),#7422,.T.);
#9590 = FACE_BOUND('',#9591,.T.);
#9591 = EDGE_LOOP('',(#9592,#9593,#9594,#9618));
#9592 = ORIENTED_EDGE('',*,*,#7401,.T.);
#9593 = ORIENTED_EDGE('',*,*,#9545,.T.);
#9594 = ORIENTED_EDGE('',*,*,#9595,.F.);
#9595 = EDGE_CURVE('',#9596,#9546,#9598,.T.);
#9596 = VERTEX_POINT('',#9597);
#9597 = CARTESIAN_POINT('',(30.75,69.4,6.));
#9598 = SURFACE_CURVE('',#9599,(#9604,#9611),.PCURVE_S1.);
#9599 = CIRCLE('',#9600,3.5);
#9600 = AXIS2_PLACEMENT_3D('',#9601,#9602,#9603);
#9601 = CARTESIAN_POINT('',(34.25,69.4,6.));
#9602 = DIRECTION('',(0.,0.,1.));
#9603 = DIRECTION('',(1.,0.,-0.));
#9604 = PCURVE('',#7422,#9605);
#9605 = DEFINITIONAL_REPRESENTATION('',(#9606),#9610);
#9606 = LINE('',#9607,#9608);
#9607 = CARTESIAN_POINT('',(0.,6.));
#9608 = VECTOR('',#9609,1.);
#9609 = DIRECTION('',(1.,0.));
#9610 = ( GEOMETRIC_REPRESENTATION_CONTEXT(2) 
PARAMETRIC_REPRESENTATION_CONTEXT() REPRESENTATION_CONTEXT('2D SPACE',''
  ) );
#9611 = PCURVE('',#9510,#9612);
#9612 = DEFINITIONAL_REPRESENTATION('',(#9613),#9617);
#9613 = CIRCLE('',#9614,3.5);
#9614 = AXIS2_PLACEMENT_2D('',#9615,#9616);
#9615 = CARTESIAN_POINT('',(0.,-1.8));
#9616 = DIRECTION('',(1.,0.));
#9617 = ( GEOMETRIC_REPRESENTATION_CONTEXT(2) 
PARAMETRIC_REPRESENTATION_CONTEXT() REPRESENTATION_CONTEXT('2D SPACE',''
  ) );
#9618 = ORIENTED_EDGE('',*,*,#9619,.F.);
#9619 = EDGE_CURVE('',#7374,#9596,#9620,.T.);
#9620 = SURFACE_CURVE('',#9621,(#9625,#9632),.PCURVE_S1.);
#9621 = LINE('',#9622,#9623);
#9622 = CARTESIAN_POINT('',(30.75,69.4,0.));
#9623 = VECTOR('',#9624,1.);
#9624 = DIRECTION('',(0.,0.,1.));
#9625 = PCURVE('',#7422,#9626);
#9626 = DEFINITIONAL_REPRESENTATION('',(#9627),#9631);
#9627 = LINE('',#9628,#9629);
#9628 = CARTESIAN_POINT('',(3.14159265359,0.));
#9629 = VECTOR('',#9630,1.);
#9630 = DIRECTION('',(0.,1.));
#9631 = ( GEOMETRIC_REPRESENTATION_CONTEXT(2) 
PARAMETRIC_REPRESENTATION_CONTEXT() REPRESENTATION_CONTEXT('2D SPACE',''
  ) );
#9632 = PCURVE('',#7389,#9633);
#9633 = DEFINITIONAL_REPRESENTATION('',(#9634),#9638);
#9634 = LINE('',#9635,#9636);
#9635 = CARTESIAN_POINT('',(3.6,0.));
#9636 = VECTOR('',#9637,1.);
#9637 = DIRECTION('',(0.,-1.));
#9638 = ( GEOMETRIC_REPRESENTATION_CONTEXT(2) 
PARAMETRIC_REPRESENTATION_CONTEXT() REPRESENTATION_CONTEXT('2D SPACE',''
  ) );
#9639 = ADVANCED_FACE('',(#9640),#7389,.F.);
#9640 = FACE_BOUND('',#9641,.F.);
#9641 = EDGE_LOOP('',(#9642,#9643,#9644,#9665));
#9642 = ORIENTED_EDGE('',*,*,#7373,.F.);
#9643 = ORIENTED_EDGE('',*,*,#9473,.T.);
#9644 = ORIENTED_EDGE('',*,*,#9645,.T.);
#9645 = EDGE_CURVE('',#9474,#9596,#9646,.T.);
#9646 = SURFACE_CURVE('',#9647,(#9651,#9658),.PCURVE_S1.);
#9647 = LINE('',#9648,#9649);
#9648 = CARTESIAN_POINT('',(30.75,73.,6.));
#9649 = VECTOR('',#9650,1.);
#9650 = DIRECTION('',(0.,-1.,0.));
#9651 = PCURVE('',#7389,#9652);
#9652 = DEFINITIONAL_REPRESENTATION('',(#9653),#9657);
#9653 = LINE('',#9654,#9655);
#9654 = CARTESIAN_POINT('',(0.,-6.));
#9655 = VECTOR('',#9656,1.);
#9656 = DIRECTION('',(1.,0.));
#9657 = ( GEOMETRIC_REPRESENTATION_CONTEXT(2) 
PARAMETRIC_REPRESENTATION_CONTEXT() REPRESENTATION_CONTEXT('2D SPACE',''
  ) );
#9658 = PCURVE('',#9510,#9659);
#9659 = DEFINITIONAL_REPRESENTATION('',(#9660),#9664);
#9660 = LINE('',#9661,#9662);
#9661 = CARTESIAN_POINT('',(-3.5,1.8));
#9662 = VECTOR('',#9663,1.);
#9663 = DIRECTION('',(0.,-1.));
#9664 = ( GEOMETRIC_REPRESENTATION_CONTEXT(2) 
PARAMETRIC_REPRESENTATION_CONTEXT() REPRESENTATION_CONTEXT('2D SPACE',''
  ) );
#9665 = ORIENTED_EDGE('',*,*,#9619,.F.);
#9666 = ADVANCED_FACE('',(#9667),#7333,.F.);
#9667 = FACE_BOUND('',#9668,.F.);
#9668 = EDGE_LOOP('',(#9669,#9670,#9691,#9692));
#9669 = ORIENTED_EDGE('',*,*,#7316,.F.);
#9670 = ORIENTED_EDGE('',*,*,#9671,.T.);
#9671 = EDGE_CURVE('',#7284,#8861,#9672,.T.);
#9672 = SURFACE_CURVE('',#9673,(#9677,#9684),.PCURVE_S1.);
#9673 = LINE('',#9674,#9675);
#9674 = CARTESIAN_POINT('',(7.4160797831,70.4,0.));
#9675 = VECTOR('',#9676,1.);
#9676 = DIRECTION('',(0.,0.,1.));
#9677 = PCURVE('',#7333,#9678);
#9678 = DEFINITIONAL_REPRESENTATION('',(#9679),#9683);
#9679 = LINE('',#9680,#9681);
#9680 = CARTESIAN_POINT('',(1.738244406015,0.));
#9681 = VECTOR('',#9682,1.);
#9682 = DIRECTION('',(0.,-1.));
#9683 = ( GEOMETRIC_REPRESENTATION_CONTEXT(2) 
PARAMETRIC_REPRESENTATION_CONTEXT() REPRESENTATION_CONTEXT('2D SPACE',''
  ) );
#9684 = PCURVE('',#7304,#9685);
#9685 = DEFINITIONAL_REPRESENTATION('',(#9686),#9690);
#9686 = LINE('',#9687,#9688);
#9687 = CARTESIAN_POINT('',(-1.656028502717,0.));
#9688 = VECTOR('',#9689,1.);
#9689 = DIRECTION('',(-0.,-1.));
#9690 = ( GEOMETRIC_REPRESENTATION_CONTEXT(2) 
PARAMETRIC_REPRESENTATION_CONTEXT() REPRESENTATION_CONTEXT('2D SPACE',''
  ) );
#9691 = ORIENTED_EDGE('',*,*,#8888,.T.);
#9692 = ORIENTED_EDGE('',*,*,#9451,.F.);
#9693 = ADVANCED_FACE('',(#9694),#7304,.T.);
#9694 = FACE_BOUND('',#9695,.F.);
#9695 = EDGE_LOOP('',(#9696,#9697,#9698,#9699));
#9696 = ORIENTED_EDGE('',*,*,#7283,.F.);
#9697 = ORIENTED_EDGE('',*,*,#8417,.T.);
#9698 = ORIENTED_EDGE('',*,*,#8860,.F.);
#9699 = ORIENTED_EDGE('',*,*,#9671,.F.);
#9700 = ADVANCED_FACE('',(#9701),#7224,.T.);
#9701 = FACE_BOUND('',#9702,.F.);
#9702 = EDGE_LOOP('',(#9703,#9704,#9725,#9726));
#9703 = ORIENTED_EDGE('',*,*,#7203,.F.);
#9704 = ORIENTED_EDGE('',*,*,#9705,.T.);
#9705 = EDGE_CURVE('',#7175,#8804,#9706,.T.);
#9706 = SURFACE_CURVE('',#9707,(#9711,#9718),.PCURVE_S1.);
#9707 = LINE('',#9708,#9709);
#9708 = CARTESIAN_POINT('',(7.4160797831,2.5,0.));
#9709 = VECTOR('',#9710,1.);
#9710 = DIRECTION('',(0.,0.,1.));
#9711 = PCURVE('',#7224,#9712);
#9712 = DEFINITIONAL_REPRESENTATION('',(#9713),#9717);
#9713 = LINE('',#9714,#9715);
#9714 = CARTESIAN_POINT('',(-0.420128334362,0.));
#9715 = VECTOR('',#9716,1.);
#9716 = DIRECTION('',(-0.,-1.));
#9717 = ( GEOMETRIC_REPRESENTATION_CONTEXT(2) 
PARAMETRIC_REPRESENTATION_CONTEXT() REPRESENTATION_CONTEXT('2D SPACE',''
  ) );
#9718 = PCURVE('',#7191,#9719);
#9719 = DEFINITIONAL_REPRESENTATION('',(#9720),#9724);
#9720 = LINE('',#9721,#9722);
#9721 = CARTESIAN_POINT('',(1.403348247575,0.));
#9722 = VECTOR('',#9723,1.);
#9723 = DIRECTION('',(0.,-1.));
#9724 = ( GEOMETRIC_REPRESENTATION_CONTEXT(2) 
PARAMETRIC_REPRESENTATION_CONTEXT() REPRESENTATION_CONTEXT('2D SPACE',''
  ) );
#9725 = ORIENTED_EDGE('',*,*,#8831,.F.);
#9726 = ORIENTED_EDGE('',*,*,#8442,.F.);
#9727 = ADVANCED_FACE('',(#9728),#7191,.F.);
#9728 = FACE_BOUND('',#9729,.F.);
#9729 = EDGE_LOOP('',(#9730,#9731,#9752,#9753));
#9730 = ORIENTED_EDGE('',*,*,#7174,.F.);
#9731 = ORIENTED_EDGE('',*,*,#9732,.T.);
#9732 = EDGE_CURVE('',#7147,#8783,#9733,.T.);
#9733 = SURFACE_CURVE('',#9734,(#9738,#9745),.PCURVE_S1.);
#9734 = LINE('',#9735,#9736);
#9735 = CARTESIAN_POINT('',(10.374119674649,0.,0.));
#9736 = VECTOR('',#9737,1.);
#9737 = DIRECTION('',(0.,0.,1.));
#9738 = PCURVE('',#7191,#9739);
#9739 = DEFINITIONAL_REPRESENTATION('',(#9740),#9744);
#9740 = LINE('',#9741,#9742);
#9741 = CARTESIAN_POINT('',(8.881784197001E-16,0.));
#9742 = VECTOR('',#9743,1.);
#9743 = DIRECTION('',(0.,-1.));
#9744 = ( GEOMETRIC_REPRESENTATION_CONTEXT(2) 
PARAMETRIC_REPRESENTATION_CONTEXT() REPRESENTATION_CONTEXT('2D SPACE',''
  ) );
#9745 = PCURVE('',#7162,#9746);
#9746 = DEFINITIONAL_REPRESENTATION('',(#9747),#9751);
#9747 = LINE('',#9748,#9749);
#9748 = CARTESIAN_POINT('',(0.,0.));
#9749 = VECTOR('',#9750,1.);
#9750 = DIRECTION('',(0.,-1.));
#9751 = ( GEOMETRIC_REPRESENTATION_CONTEXT(2) 
PARAMETRIC_REPRESENTATION_CONTEXT() REPRESENTATION_CONTEXT('2D SPACE',''
  ) );
#9752 = ORIENTED_EDGE('',*,*,#8803,.T.);
#9753 = ORIENTED_EDGE('',*,*,#9705,.F.);
#9754 = ADVANCED_FACE('',(#9755),#7162,.T.);
#9755 = FACE_BOUND('',#9756,.T.);
#9756 = EDGE_LOOP('',(#9757,#9758,#9759,#9760,#9783,#9811,#9837,#9865));
#9757 = ORIENTED_EDGE('',*,*,#7146,.F.);
#9758 = ORIENTED_EDGE('',*,*,#9732,.T.);
#9759 = ORIENTED_EDGE('',*,*,#8782,.F.);
#9760 = ORIENTED_EDGE('',*,*,#9761,.F.);
#9761 = EDGE_CURVE('',#9762,#8750,#9764,.T.);
#9762 = VERTEX_POINT('',#9763);
#9763 = CARTESIAN_POINT('',(40.375880325351,0.,0.));
#9764 = SURFACE_CURVE('',#9765,(#9769,#9776),.PCURVE_S1.);
#9765 = LINE('',#9766,#9767);
#9766 = CARTESIAN_POINT('',(40.375880325351,0.,0.));
#9767 = VECTOR('',#9768,1.);
#9768 = DIRECTION('',(0.,0.,1.));
#9769 = PCURVE('',#7162,#9770);
#9770 = DEFINITIONAL_REPRESENTATION('',(#9771),#9775);
#9771 = LINE('',#9772,#9773);
#9772 = CARTESIAN_POINT('',(30.001760650701,0.));
#9773 = VECTOR('',#9774,1.);
#9774 = DIRECTION('',(0.,-1.));
#9775 = ( GEOMETRIC_REPRESENTATION_CONTEXT(2) 
PARAMETRIC_REPRESENTATION_CONTEXT() REPRESENTATION_CONTEXT('2D SPACE',''
  ) );
#9776 = PCURVE('',#8770,#9777);
#9777 = DEFINITIONAL_REPRESENTATION('',(#9778),#9782);
#9778 = LINE('',#9779,#9780);
#9779 = CARTESIAN_POINT('',(-0.,0.));
#9780 = VECTOR('',#9781,1.);
#9781 = DIRECTION('',(-0.,-1.));
#9782 = ( GEOMETRIC_REPRESENTATION_CONTEXT(2) 
PARAMETRIC_REPRESENTATION_CONTEXT() REPRESENTATION_CONTEXT('2D SPACE',''
  ) );
#9783 = ORIENTED_EDGE('',*,*,#9784,.F.);
#9784 = EDGE_CURVE('',#9785,#9762,#9787,.T.);
#9785 = VERTEX_POINT('',#9786);
#9786 = CARTESIAN_POINT('',(37.75,0.,0.));
#9787 = SURFACE_CURVE('',#9788,(#9792,#9799),.PCURVE_S1.);
#9788 = LINE('',#9789,#9790);
#9789 = CARTESIAN_POINT('',(0.,0.,0.));
#9790 = VECTOR('',#9791,1.);
#9791 = DIRECTION('',(1.,0.,0.));
#9792 = PCURVE('',#7162,#9793);
#9793 = DEFINITIONAL_REPRESENTATION('',(#9794),#9798);
#9794 = LINE('',#9795,#9796);
#9795 = CARTESIAN_POINT('',(-10.37411967464,0.));
#9796 = VECTOR('',#9797,1.);
#9797 = DIRECTION('',(1.,0.));
#9798 = ( GEOMETRIC_REPRESENTATION_CONTEXT(2) 
PARAMETRIC_REPRESENTATION_CONTEXT() REPRESENTATION_CONTEXT('2D SPACE',''
  ) );
#9799 = PCURVE('',#9800,#9805);
#9800 = PLANE('',#9801);
#9801 = AXIS2_PLACEMENT_3D('',#9802,#9803,#9804);
#9802 = CARTESIAN_POINT('',(49.25,36.45,0.));
#9803 = DIRECTION('',(-0.,-0.,-1.));
#9804 = DIRECTION('',(-1.,0.,0.));
#9805 = DEFINITIONAL_REPRESENTATION('',(#9806),#9810);
#9806 = LINE('',#9807,#9808);
#9807 = CARTESIAN_POINT('',(49.25,-36.45));
#9808 = VECTOR('',#9809,1.);
#9809 = DIRECTION('',(-1.,0.));
#9810 = ( GEOMETRIC_REPRESENTATION_CONTEXT(2) 
PARAMETRIC_REPRESENTATION_CONTEXT() REPRESENTATION_CONTEXT('2D SPACE',''
  ) );
#9811 = ORIENTED_EDGE('',*,*,#9812,.T.);
#9812 = EDGE_CURVE('',#9785,#9813,#9815,.T.);
#9813 = VERTEX_POINT('',#9814);
#9814 = CARTESIAN_POINT('',(37.75,0.,6.));
#9815 = SURFACE_CURVE('',#9816,(#9820,#9826),.PCURVE_S1.);
#9816 = LINE('',#9817,#9818);
#9817 = CARTESIAN_POINT('',(37.75,0.,0.));
#9818 = VECTOR('',#9819,1.);
#9819 = DIRECTION('',(0.,-0.,1.));
#9820 = PCURVE('',#7162,#9821);
#9821 = DEFINITIONAL_REPRESENTATION('',(#9822),#9825);
#9822 = B_SPLINE_CURVE_WITH_KNOTS('',1,(#9823,#9824),.UNSPECIFIED.,.F.,
  .F.,(2,2),(0.,6.),.PIECEWISE_BEZIER_KNOTS.);
#9823 = CARTESIAN_POINT('',(27.375880325351,0.));
#9824 = CARTESIAN_POINT('',(27.375880325351,-6.));
#9825 = ( GEOMETRIC_REPRESENTATION_CONTEXT(2) 
PARAMETRIC_REPRESENTATION_CONTEXT() REPRESENTATION_CONTEXT('2D SPACE',''
  ) );
#9826 = PCURVE('',#9827,#9832);
#9827 = PLANE('',#9828);
#9828 = AXIS2_PLACEMENT_3D('',#9829,#9830,#9831);
#9829 = CARTESIAN_POINT('',(37.75,-0.1,0.));
#9830 = DIRECTION('',(-1.,0.,0.));
#9831 = DIRECTION('',(0.,1.,0.));
#9832 = DEFINITIONAL_REPRESENTATION('',(#9833),#9836);
#9833 = B_SPLINE_CURVE_WITH_KNOTS('',1,(#9834,#9835),.UNSPECIFIED.,.F.,
  .F.,(2,2),(0.,6.),.PIECEWISE_BEZIER_KNOTS.);
#9834 = CARTESIAN_POINT('',(0.1,0.));
#9835 = CARTESIAN_POINT('',(0.1,-6.));
#9836 = ( GEOMETRIC_REPRESENTATION_CONTEXT(2) 
PARAMETRIC_REPRESENTATION_CONTEXT() REPRESENTATION_CONTEXT('2D SPACE',''
  ) );
#9837 = ORIENTED_EDGE('',*,*,#9838,.T.);
#9838 = EDGE_CURVE('',#9813,#9839,#9841,.T.);
#9839 = VERTEX_POINT('',#9840);
#9840 = CARTESIAN_POINT('',(30.75,0.,6.));
#9841 = SURFACE_CURVE('',#9842,(#9846,#9853),.PCURVE_S1.);
#9842 = LINE('',#9843,#9844);
#9843 = CARTESIAN_POINT('',(37.75,0.,6.));
#9844 = VECTOR('',#9845,1.);
#9845 = DIRECTION('',(-1.,0.,0.));
#9846 = PCURVE('',#7162,#9847);
#9847 = DEFINITIONAL_REPRESENTATION('',(#9848),#9852);
#9848 = LINE('',#9849,#9850);
#9849 = CARTESIAN_POINT('',(27.375880325351,-6.));
#9850 = VECTOR('',#9851,1.);
#9851 = DIRECTION('',(-1.,0.));
#9852 = ( GEOMETRIC_REPRESENTATION_CONTEXT(2) 
PARAMETRIC_REPRESENTATION_CONTEXT() REPRESENTATION_CONTEXT('2D SPACE',''
  ) );
#9853 = PCURVE('',#9854,#9859);
#9854 = PLANE('',#9855);
#9855 = AXIS2_PLACEMENT_3D('',#9856,#9857,#9858);
#9856 = CARTESIAN_POINT('',(34.25,1.7,6.));
#9857 = DIRECTION('',(0.,0.,1.));
#9858 = DIRECTION('',(1.,0.,-0.));
#9859 = DEFINITIONAL_REPRESENTATION('',(#9860),#9864);
#9860 = LINE('',#9861,#9862);
#9861 = CARTESIAN_POINT('',(3.5,-1.7));
#9862 = VECTOR('',#9863,1.);
#9863 = DIRECTION('',(-1.,0.));
#9864 = ( GEOMETRIC_REPRESENTATION_CONTEXT(2) 
PARAMETRIC_REPRESENTATION_CONTEXT() REPRESENTATION_CONTEXT('2D SPACE',''
  ) );
#9865 = ORIENTED_EDGE('',*,*,#9866,.T.);
#9866 = EDGE_CURVE('',#9839,#7119,#9867,.T.);
#9867 = SURFACE_CURVE('',#9868,(#9872,#9878),.PCURVE_S1.);
#9868 = LINE('',#9869,#9870);
#9869 = CARTESIAN_POINT('',(30.75,0.,0.));
#9870 = VECTOR('',#9871,1.);
#9871 = DIRECTION('',(-0.,0.,-1.));
#9872 = PCURVE('',#7162,#9873);
#9873 = DEFINITIONAL_REPRESENTATION('',(#9874),#9877);
#9874 = B_SPLINE_CURVE_WITH_KNOTS('',1,(#9875,#9876),.UNSPECIFIED.,.F.,
  .F.,(2,2),(-6.,0.),.PIECEWISE_BEZIER_KNOTS.);
#9875 = CARTESIAN_POINT('',(20.375880325351,-6.));
#9876 = CARTESIAN_POINT('',(20.375880325351,0.));
#9877 = ( GEOMETRIC_REPRESENTATION_CONTEXT(2) 
PARAMETRIC_REPRESENTATION_CONTEXT() REPRESENTATION_CONTEXT('2D SPACE',''
  ) );
#9878 = PCURVE('',#7134,#9879);
#9879 = DEFINITIONAL_REPRESENTATION('',(#9880),#9883);
#9880 = B_SPLINE_CURVE_WITH_KNOTS('',1,(#9881,#9882),.UNSPECIFIED.,.F.,
  .F.,(2,2),(-6.,0.),.PIECEWISE_BEZIER_KNOTS.);
#9881 = CARTESIAN_POINT('',(3.5,-6.));
#9882 = CARTESIAN_POINT('',(3.5,0.));
#9883 = ( GEOMETRIC_REPRESENTATION_CONTEXT(2) 
PARAMETRIC_REPRESENTATION_CONTEXT() REPRESENTATION_CONTEXT('2D SPACE',''
  ) );
#9884 = ADVANCED_FACE('',(#9885),#7134,.F.);
#9885 = FACE_BOUND('',#9886,.F.);
#9886 = EDGE_LOOP('',(#9887,#9888,#9911,#9932));
#9887 = ORIENTED_EDGE('',*,*,#7118,.F.);
#9888 = ORIENTED_EDGE('',*,*,#9889,.T.);
#9889 = EDGE_CURVE('',#7086,#9890,#9892,.T.);
#9890 = VERTEX_POINT('',#9891);
#9891 = CARTESIAN_POINT('',(30.75,3.5,6.));
#9892 = SURFACE_CURVE('',#9893,(#9897,#9904),.PCURVE_S1.);
#9893 = LINE('',#9894,#9895);
#9894 = CARTESIAN_POINT('',(30.75,3.5,0.));
#9895 = VECTOR('',#9896,1.);
#9896 = DIRECTION('',(0.,0.,1.));
#9897 = PCURVE('',#7134,#9898);
#9898 = DEFINITIONAL_REPRESENTATION('',(#9899),#9903);
#9899 = LINE('',#9900,#9901);
#9900 = CARTESIAN_POINT('',(0.,0.));
#9901 = VECTOR('',#9902,1.);
#9902 = DIRECTION('',(0.,-1.));
#9903 = ( GEOMETRIC_REPRESENTATION_CONTEXT(2) 
PARAMETRIC_REPRESENTATION_CONTEXT() REPRESENTATION_CONTEXT('2D SPACE',''
  ) );
#9904 = PCURVE('',#7106,#9905);
#9905 = DEFINITIONAL_REPRESENTATION('',(#9906),#9910);
#9906 = LINE('',#9907,#9908);
#9907 = CARTESIAN_POINT('',(3.14159265359,0.));
#9908 = VECTOR('',#9909,1.);
#9909 = DIRECTION('',(0.,1.));
#9910 = ( GEOMETRIC_REPRESENTATION_CONTEXT(2) 
PARAMETRIC_REPRESENTATION_CONTEXT() REPRESENTATION_CONTEXT('2D SPACE',''
  ) );
#9911 = ORIENTED_EDGE('',*,*,#9912,.T.);
#9912 = EDGE_CURVE('',#9890,#9839,#9913,.T.);
#9913 = SURFACE_CURVE('',#9914,(#9918,#9925),.PCURVE_S1.);
#9914 = LINE('',#9915,#9916);
#9915 = CARTESIAN_POINT('',(30.75,3.5,6.));
#9916 = VECTOR('',#9917,1.);
#9917 = DIRECTION('',(0.,-1.,0.));
#9918 = PCURVE('',#7134,#9919);
#9919 = DEFINITIONAL_REPRESENTATION('',(#9920),#9924);
#9920 = LINE('',#9921,#9922);
#9921 = CARTESIAN_POINT('',(0.,-6.));
#9922 = VECTOR('',#9923,1.);
#9923 = DIRECTION('',(1.,0.));
#9924 = ( GEOMETRIC_REPRESENTATION_CONTEXT(2) 
PARAMETRIC_REPRESENTATION_CONTEXT() REPRESENTATION_CONTEXT('2D SPACE',''
  ) );
#9925 = PCURVE('',#9854,#9926);
#9926 = DEFINITIONAL_REPRESENTATION('',(#9927),#9931);
#9927 = LINE('',#9928,#9929);
#9928 = CARTESIAN_POINT('',(-3.5,1.8));
#9929 = VECTOR('',#9930,1.);
#9930 = DIRECTION('',(0.,-1.));
#9931 = ( GEOMETRIC_REPRESENTATION_CONTEXT(2) 
PARAMETRIC_REPRESENTATION_CONTEXT() REPRESENTATION_CONTEXT('2D SPACE',''
  ) );
#9932 = ORIENTED_EDGE('',*,*,#9866,.T.);
#9933 = ADVANCED_FACE('',(#9934),#7106,.T.);
#9934 = FACE_BOUND('',#9935,.T.);
#9935 = EDGE_LOOP('',(#9936,#9960,#9983,#10009,#10010));
#9936 = ORIENTED_EDGE('',*,*,#9937,.F.);
#9937 = EDGE_CURVE('',#9938,#9890,#9940,.T.);
#9938 = VERTEX_POINT('',#9939);
#9939 = CARTESIAN_POINT('',(37.75,3.5,6.));
#9940 = SURFACE_CURVE('',#9941,(#9946,#9953),.PCURVE_S1.);
#9941 = CIRCLE('',#9942,3.5);
#9942 = AXIS2_PLACEMENT_3D('',#9943,#9944,#9945);
#9943 = CARTESIAN_POINT('',(34.25,3.5,6.));
#9944 = DIRECTION('',(0.,0.,1.));
#9945 = DIRECTION('',(1.,0.,-0.));
#9946 = PCURVE('',#7106,#9947);
#9947 = DEFINITIONAL_REPRESENTATION('',(#9948),#9952);
#9948 = LINE('',#9949,#9950);
#9949 = CARTESIAN_POINT('',(0.,6.));
#9950 = VECTOR('',#9951,1.);
#9951 = DIRECTION('',(1.,0.));
#9952 = ( GEOMETRIC_REPRESENTATION_CONTEXT(2) 
PARAMETRIC_REPRESENTATION_CONTEXT() REPRESENTATION_CONTEXT('2D SPACE',''
  ) );
#9953 = PCURVE('',#9854,#9954);
#9954 = DEFINITIONAL_REPRESENTATION('',(#9955),#9959);
#9955 = CIRCLE('',#9956,3.5);
#9956 = AXIS2_PLACEMENT_2D('',#9957,#9958);
#9957 = CARTESIAN_POINT('',(0.,1.8));
#9958 = DIRECTION('',(1.,0.));
#9959 = ( GEOMETRIC_REPRESENTATION_CONTEXT(2) 
PARAMETRIC_REPRESENTATION_CONTEXT() REPRESENTATION_CONTEXT('2D SPACE',''
  ) );
#9960 = ORIENTED_EDGE('',*,*,#9961,.F.);
#9961 = EDGE_CURVE('',#9962,#9938,#9964,.T.);
#9962 = VERTEX_POINT('',#9963);
#9963 = CARTESIAN_POINT('',(37.75,3.5,0.));
#9964 = SURFACE_CURVE('',#9965,(#9969,#9976),.PCURVE_S1.);
#9965 = LINE('',#9966,#9967);
#9966 = CARTESIAN_POINT('',(37.75,3.5,0.));
#9967 = VECTOR('',#9968,1.);
#9968 = DIRECTION('',(0.,0.,1.));
#9969 = PCURVE('',#7106,#9970);
#9970 = DEFINITIONAL_REPRESENTATION('',(#9971),#9975);
#9971 = LINE('',#9972,#9973);
#9972 = CARTESIAN_POINT('',(0.,-0.));
#9973 = VECTOR('',#9974,1.);
#9974 = DIRECTION('',(0.,1.));
#9975 = ( GEOMETRIC_REPRESENTATION_CONTEXT(2) 
PARAMETRIC_REPRESENTATION_CONTEXT() REPRESENTATION_CONTEXT('2D SPACE',''
  ) );
#9976 = PCURVE('',#9827,#9977);
#9977 = DEFINITIONAL_REPRESENTATION('',(#9978),#9982);
#9978 = LINE('',#9979,#9980);
#9979 = CARTESIAN_POINT('',(3.6,0.));
#9980 = VECTOR('',#9981,1.);
#9981 = DIRECTION('',(0.,-1.));
#9982 = ( GEOMETRIC_REPRESENTATION_CONTEXT(2) 
PARAMETRIC_REPRESENTATION_CONTEXT() REPRESENTATION_CONTEXT('2D SPACE',''
  ) );
#9983 = ORIENTED_EDGE('',*,*,#9984,.T.);
#9984 = EDGE_CURVE('',#9962,#7065,#9985,.T.);
#9985 = SURFACE_CURVE('',#9986,(#9991,#9998),.PCURVE_S1.);
#9986 = CIRCLE('',#9987,3.5);
#9987 = AXIS2_PLACEMENT_3D('',#9988,#9989,#9990);
#9988 = CARTESIAN_POINT('',(34.25,3.5,0.));
#9989 = DIRECTION('',(0.,0.,1.));
#9990 = DIRECTION('',(1.,0.,-0.));
#9991 = PCURVE('',#7106,#9992);
#9992 = DEFINITIONAL_REPRESENTATION('',(#9993),#9997);
#9993 = LINE('',#9994,#9995);
#9994 = CARTESIAN_POINT('',(0.,0.));
#9995 = VECTOR('',#9996,1.);
#9996 = DIRECTION('',(1.,0.));
#9997 = ( GEOMETRIC_REPRESENTATION_CONTEXT(2) 
PARAMETRIC_REPRESENTATION_CONTEXT() REPRESENTATION_CONTEXT('2D SPACE',''
  ) );
#9998 = PCURVE('',#9800,#9999);
#9999 = DEFINITIONAL_REPRESENTATION('',(#10000),#10008);
#10000 = ( BOUNDED_CURVE() B_SPLINE_CURVE(2,(#10001,#10002,#10003,#10004
    ,#10005,#10006,#10007),.UNSPECIFIED.,.T.,.F.) 
B_SPLINE_CURVE_WITH_KNOTS((1,2,2,2,2,1),(-2.094395102393,0.,
    2.094395102393,4.188790204786,6.28318530718,8.377580409573),
.UNSPECIFIED.) CURVE() GEOMETRIC_REPRESENTATION_ITEM() 
RATIONAL_B_SPLINE_CURVE((1.,0.5,1.,0.5,1.,0.5,1.)) REPRESENTATION_ITEM(
  '') );
#10001 = CARTESIAN_POINT('',(11.5,-32.95));
#10002 = CARTESIAN_POINT('',(11.5,-26.8878221735));
#10003 = CARTESIAN_POINT('',(16.75,-29.91891108675));
#10004 = CARTESIAN_POINT('',(22.,-32.95));
#10005 = CARTESIAN_POINT('',(16.75,-35.98108891324));
#10006 = CARTESIAN_POINT('',(11.5,-39.01217782649));
#10007 = CARTESIAN_POINT('',(11.5,-32.95));
#10008 = ( GEOMETRIC_REPRESENTATION_CONTEXT(2) 
PARAMETRIC_REPRESENTATION_CONTEXT() REPRESENTATION_CONTEXT('2D SPACE',''
  ) );
#10009 = ORIENTED_EDGE('',*,*,#7085,.T.);
#10010 = ORIENTED_EDGE('',*,*,#9889,.T.);
#10011 = ADVANCED_FACE('',(#10012),#6732,.T.);
#10012 = FACE_BOUND('',#10013,.T.);
#10013 = EDGE_LOOP('',(#10014,#10044,#10065,#10066,#10087,#10108,#10136,
    #10157,#10181,#10182));
#10014 = ORIENTED_EDGE('',*,*,#10015,.F.);
#10015 = EDGE_CURVE('',#10016,#10018,#10020,.T.);
#10016 = VERTEX_POINT('',#10017);
#10017 = CARTESIAN_POINT('',(4.,7.,-1.));
#10018 = VERTEX_POINT('',#10019);
#10019 = CARTESIAN_POINT('',(83.5,7.,-1.));
#10020 = SURFACE_CURVE('',#10021,(#10025,#10032),.PCURVE_S1.);
#10021 = LINE('',#10022,#10023);
#10022 = CARTESIAN_POINT('',(4.,7.,-1.));
#10023 = VECTOR('',#10024,1.);
#10024 = DIRECTION('',(1.,0.,0.));
#10025 = PCURVE('',#6732,#10026);
#10026 = DEFINITIONAL_REPRESENTATION('',(#10027),#10031);
#10027 = LINE('',#10028,#10029);
#10028 = CARTESIAN_POINT('',(0.,0.));
#10029 = VECTOR('',#10030,1.);
#10030 = DIRECTION('',(1.,0.));
#10031 = ( GEOMETRIC_REPRESENTATION_CONTEXT(2) 
PARAMETRIC_REPRESENTATION_CONTEXT() REPRESENTATION_CONTEXT('2D SPACE',''
  ) );
#10032 = PCURVE('',#10033,#10038);
#10033 = PLANE('',#10034);
#10034 = AXIS2_PLACEMENT_3D('',#10035,#10036,#10037);
#10035 = CARTESIAN_POINT('',(43.75,18.25,-1.));
#10036 = DIRECTION('',(0.,0.,1.));
#10037 = DIRECTION('',(1.,0.,-0.));
#10038 = DEFINITIONAL_REPRESENTATION('',(#10039),#10043);
#10039 = LINE('',#10040,#10041);
#10040 = CARTESIAN_POINT('',(-39.75,-11.25));
#10041 = VECTOR('',#10042,1.);
#10042 = DIRECTION('',(1.,0.));
#10043 = ( GEOMETRIC_REPRESENTATION_CONTEXT(2) 
PARAMETRIC_REPRESENTATION_CONTEXT() REPRESENTATION_CONTEXT('2D SPACE',''
  ) );
#10044 = ORIENTED_EDGE('',*,*,#10045,.T.);
#10045 = EDGE_CURVE('',#10016,#7039,#10046,.T.);
#10046 = SURFACE_CURVE('',#10047,(#10051,#10058),.PCURVE_S1.);
#10047 = LINE('',#10048,#10049);
#10048 = CARTESIAN_POINT('',(4.,7.,-1.));
#10049 = VECTOR('',#10050,1.);
#10050 = DIRECTION('',(0.,0.,1.));
#10051 = PCURVE('',#6732,#10052);
#10052 = DEFINITIONAL_REPRESENTATION('',(#10053),#10057);
#10053 = LINE('',#10054,#10055);
#10054 = CARTESIAN_POINT('',(0.,0.));
#10055 = VECTOR('',#10056,1.);
#10056 = DIRECTION('',(0.,-1.));
#10057 = ( GEOMETRIC_REPRESENTATION_CONTEXT(2) 
PARAMETRIC_REPRESENTATION_CONTEXT() REPRESENTATION_CONTEXT('2D SPACE',''
  ) );
#10058 = PCURVE('',#7053,#10059);
#10059 = DEFINITIONAL_REPRESENTATION('',(#10060),#10064);
#10060 = LINE('',#10061,#10062);
#10061 = CARTESIAN_POINT('',(22.5,0.));
#10062 = VECTOR('',#10063,1.);
#10063 = DIRECTION('',(0.,-1.));
#10064 = ( GEOMETRIC_REPRESENTATION_CONTEXT(2) 
PARAMETRIC_REPRESENTATION_CONTEXT() REPRESENTATION_CONTEXT('2D SPACE',''
  ) );
#10065 = ORIENTED_EDGE('',*,*,#7064,.T.);
#10066 = ORIENTED_EDGE('',*,*,#10067,.T.);
#10067 = EDGE_CURVE('',#7065,#10068,#10070,.T.);
#10068 = VERTEX_POINT('',#10069);
#10069 = CARTESIAN_POINT('',(46.852084238344,7.,0.));
#10070 = SURFACE_CURVE('',#10071,(#10075,#10081),.PCURVE_S1.);
#10071 = LINE('',#10072,#10073);
#10072 = CARTESIAN_POINT('',(26.625,7.,0.));
#10073 = VECTOR('',#10074,1.);
#10074 = DIRECTION('',(1.,0.,0.));
#10075 = PCURVE('',#6732,#10076);
#10076 = DEFINITIONAL_REPRESENTATION('',(#10077),#10080);
#10077 = B_SPLINE_CURVE_WITH_KNOTS('',1,(#10078,#10079),.UNSPECIFIED.,
  .F.,.F.,(2,2),(-22.625,56.875),.PIECEWISE_BEZIER_KNOTS.);
#10078 = CARTESIAN_POINT('',(0.,-1.));
#10079 = CARTESIAN_POINT('',(79.5,-1.));
#10080 = ( GEOMETRIC_REPRESENTATION_CONTEXT(2) 
PARAMETRIC_REPRESENTATION_CONTEXT() REPRESENTATION_CONTEXT('2D SPACE',''
  ) );
#10081 = PCURVE('',#9800,#10082);
#10082 = DEFINITIONAL_REPRESENTATION('',(#10083),#10086);
#10083 = B_SPLINE_CURVE_WITH_KNOTS('',1,(#10084,#10085),.UNSPECIFIED.,
  .F.,.F.,(2,2),(-22.625,56.875),.PIECEWISE_BEZIER_KNOTS.);
#10084 = CARTESIAN_POINT('',(45.25,-29.45));
#10085 = CARTESIAN_POINT('',(-34.25,-29.45));
#10086 = ( GEOMETRIC_REPRESENTATION_CONTEXT(2) 
PARAMETRIC_REPRESENTATION_CONTEXT() REPRESENTATION_CONTEXT('2D SPACE',''
  ) );
#10087 = ORIENTED_EDGE('',*,*,#10088,.F.);
#10088 = EDGE_CURVE('',#10089,#10068,#10091,.T.);
#10089 = VERTEX_POINT('',#10090);
#10090 = CARTESIAN_POINT('',(46.852084238344,7.,4.));
#10091 = SURFACE_CURVE('',#10092,(#10096,#10102),.PCURVE_S1.);
#10092 = LINE('',#10093,#10094);
#10093 = CARTESIAN_POINT('',(46.852084238344,7.,0.));
#10094 = VECTOR('',#10095,1.);
#10095 = DIRECTION('',(-0.,-0.,-1.));
#10096 = PCURVE('',#6732,#10097);
#10097 = DEFINITIONAL_REPRESENTATION('',(#10098),#10101);
#10098 = B_SPLINE_CURVE_WITH_KNOTS('',1,(#10099,#10100),.UNSPECIFIED.,
  .F.,.F.,(2,2),(-4.5,6.E-07),.PIECEWISE_BEZIER_KNOTS.);
#10099 = CARTESIAN_POINT('',(42.852084238344,-5.5));
#10100 = CARTESIAN_POINT('',(42.852084238344,-0.9999994));
#10101 = ( GEOMETRIC_REPRESENTATION_CONTEXT(2) 
PARAMETRIC_REPRESENTATION_CONTEXT() REPRESENTATION_CONTEXT('2D SPACE',''
  ) );
#10102 = PCURVE('',#8737,#10103);
#10103 = DEFINITIONAL_REPRESENTATION('',(#10104),#10107);
#10104 = B_SPLINE_CURVE_WITH_KNOTS('',1,(#10105,#10106),.UNSPECIFIED.,
  .F.,.F.,(2,2),(-4.5,6.E-07),.PIECEWISE_BEZIER_KNOTS.);
#10105 = CARTESIAN_POINT('',(-2.234614444259,-4.5));
#10106 = CARTESIAN_POINT('',(-2.234614444259,6.E-07));
#10107 = ( GEOMETRIC_REPRESENTATION_CONTEXT(2) 
PARAMETRIC_REPRESENTATION_CONTEXT() REPRESENTATION_CONTEXT('2D SPACE',''
  ) );
#10108 = ORIENTED_EDGE('',*,*,#10109,.T.);
#10109 = EDGE_CURVE('',#10089,#10110,#10112,.T.);
#10110 = VERTEX_POINT('',#10111);
#10111 = CARTESIAN_POINT('',(51.647915761656,7.,4.));
#10112 = SURFACE_CURVE('',#10113,(#10117,#10124),.PCURVE_S1.);
#10113 = LINE('',#10114,#10115);
#10114 = CARTESIAN_POINT('',(4.,7.,4.));
#10115 = VECTOR('',#10116,1.);
#10116 = DIRECTION('',(1.,0.,0.));
#10117 = PCURVE('',#6732,#10118);
#10118 = DEFINITIONAL_REPRESENTATION('',(#10119),#10123);
#10119 = LINE('',#10120,#10121);
#10120 = CARTESIAN_POINT('',(0.,-5.));
#10121 = VECTOR('',#10122,1.);
#10122 = DIRECTION('',(1.,0.));
#10123 = ( GEOMETRIC_REPRESENTATION_CONTEXT(2) 
PARAMETRIC_REPRESENTATION_CONTEXT() REPRESENTATION_CONTEXT('2D SPACE',''
  ) );
#10124 = PCURVE('',#10125,#10130);
#10125 = PLANE('',#10126);
#10126 = AXIS2_PLACEMENT_3D('',#10127,#10128,#10129);
#10127 = CARTESIAN_POINT('',(43.75,18.25,4.));
#10128 = DIRECTION('',(0.,0.,1.));
#10129 = DIRECTION('',(1.,0.,-0.));
#10130 = DEFINITIONAL_REPRESENTATION('',(#10131),#10135);
#10131 = LINE('',#10132,#10133);
#10132 = CARTESIAN_POINT('',(-39.75,-11.25));
#10133 = VECTOR('',#10134,1.);
#10134 = DIRECTION('',(1.,0.));
#10135 = ( GEOMETRIC_REPRESENTATION_CONTEXT(2) 
PARAMETRIC_REPRESENTATION_CONTEXT() REPRESENTATION_CONTEXT('2D SPACE',''
  ) );
#10136 = ORIENTED_EDGE('',*,*,#10137,.T.);
#10137 = EDGE_CURVE('',#10110,#10138,#10140,.T.);
#10138 = VERTEX_POINT('',#10139);
#10139 = CARTESIAN_POINT('',(51.647915761656,7.,0.));
#10140 = SURFACE_CURVE('',#10141,(#10145,#10151),.PCURVE_S1.);
#10141 = LINE('',#10142,#10143);
#10142 = CARTESIAN_POINT('',(51.647915761656,7.,0.));
#10143 = VECTOR('',#10144,1.);
#10144 = DIRECTION('',(-0.,-0.,-1.));
#10145 = PCURVE('',#6732,#10146);
#10146 = DEFINITIONAL_REPRESENTATION('',(#10147),#10150);
#10147 = B_SPLINE_CURVE_WITH_KNOTS('',1,(#10148,#10149),.UNSPECIFIED.,
  .F.,.F.,(2,2),(-4.5,6.E-07),.PIECEWISE_BEZIER_KNOTS.);
#10148 = CARTESIAN_POINT('',(47.647915761656,-5.5));
#10149 = CARTESIAN_POINT('',(47.647915761656,-0.9999994));
#10150 = ( GEOMETRIC_REPRESENTATION_CONTEXT(2) 
PARAMETRIC_REPRESENTATION_CONTEXT() REPRESENTATION_CONTEXT('2D SPACE',''
  ) );
#10151 = PCURVE('',#8737,#10152);
#10152 = DEFINITIONAL_REPRESENTATION('',(#10153),#10156);
#10153 = B_SPLINE_CURVE_WITH_KNOTS('',1,(#10154,#10155),.UNSPECIFIED.,
  .F.,.F.,(2,2),(-4.5,6.E-07),.PIECEWISE_BEZIER_KNOTS.);
#10154 = CARTESIAN_POINT('',(-1.412338719615,-4.5));
#10155 = CARTESIAN_POINT('',(-1.412338719615,6.E-07));
#10156 = ( GEOMETRIC_REPRESENTATION_CONTEXT(2) 
PARAMETRIC_REPRESENTATION_CONTEXT() REPRESENTATION_CONTEXT('2D SPACE',''
  ) );
#10157 = ORIENTED_EDGE('',*,*,#10158,.T.);
#10158 = EDGE_CURVE('',#10138,#6685,#10159,.T.);
#10159 = SURFACE_CURVE('',#10160,(#10164,#10170),.PCURVE_S1.);
#10160 = LINE('',#10161,#10162);
#10161 = CARTESIAN_POINT('',(26.625,7.,0.));
#10162 = VECTOR('',#10163,1.);
#10163 = DIRECTION('',(1.,0.,0.));
#10164 = PCURVE('',#6732,#10165);
#10165 = DEFINITIONAL_REPRESENTATION('',(#10166),#10169);
#10166 = B_SPLINE_CURVE_WITH_KNOTS('',1,(#10167,#10168),.UNSPECIFIED.,
  .F.,.F.,(2,2),(-22.625,56.875),.PIECEWISE_BEZIER_KNOTS.);
#10167 = CARTESIAN_POINT('',(0.,-1.));
#10168 = CARTESIAN_POINT('',(79.5,-1.));
#10169 = ( GEOMETRIC_REPRESENTATION_CONTEXT(2) 
PARAMETRIC_REPRESENTATION_CONTEXT() REPRESENTATION_CONTEXT('2D SPACE',''
  ) );
#10170 = PCURVE('',#10171,#10176);
#10171 = PLANE('',#10172);
#10172 = AXIS2_PLACEMENT_3D('',#10173,#10174,#10175);
#10173 = CARTESIAN_POINT('',(49.25,36.45,0.));
#10174 = DIRECTION('',(-0.,-0.,-1.));
#10175 = DIRECTION('',(-1.,0.,0.));
#10176 = DEFINITIONAL_REPRESENTATION('',(#10177),#10180);
#10177 = B_SPLINE_CURVE_WITH_KNOTS('',1,(#10178,#10179),.UNSPECIFIED.,
  .F.,.F.,(2,2),(-22.625,56.875),.PIECEWISE_BEZIER_KNOTS.);
#10178 = CARTESIAN_POINT('',(45.25,-29.45));
#10179 = CARTESIAN_POINT('',(-34.25,-29.45));
#10180 = ( GEOMETRIC_REPRESENTATION_CONTEXT(2) 
PARAMETRIC_REPRESENTATION_CONTEXT() REPRESENTATION_CONTEXT('2D SPACE',''
  ) );
#10181 = ORIENTED_EDGE('',*,*,#6717,.T.);
#10182 = ORIENTED_EDGE('',*,*,#10183,.F.);
#10183 = EDGE_CURVE('',#10018,#6718,#10184,.T.);
#10184 = SURFACE_CURVE('',#10185,(#10189,#10196),.PCURVE_S1.);
#10185 = LINE('',#10186,#10187);
#10186 = CARTESIAN_POINT('',(83.5,7.,-1.));
#10187 = VECTOR('',#10188,1.);
#10188 = DIRECTION('',(0.,0.,1.));
#10189 = PCURVE('',#6732,#10190);
#10190 = DEFINITIONAL_REPRESENTATION('',(#10191),#10195);
#10191 = LINE('',#10192,#10193);
#10192 = CARTESIAN_POINT('',(79.5,0.));
#10193 = VECTOR('',#10194,1.);
#10194 = DIRECTION('',(0.,-1.));
#10195 = ( GEOMETRIC_REPRESENTATION_CONTEXT(2) 
PARAMETRIC_REPRESENTATION_CONTEXT() REPRESENTATION_CONTEXT('2D SPACE',''
  ) );
#10196 = PCURVE('',#6758,#10197);
#10197 = DEFINITIONAL_REPRESENTATION('',(#10198),#10202);
#10198 = LINE('',#10199,#10200);
#10199 = CARTESIAN_POINT('',(0.,0.));
#10200 = VECTOR('',#10201,1.);
#10201 = DIRECTION('',(0.,-1.));
#10202 = ( GEOMETRIC_REPRESENTATION_CONTEXT(2) 
PARAMETRIC_REPRESENTATION_CONTEXT() REPRESENTATION_CONTEXT('2D SPACE',''
  ) );
#10203 = ADVANCED_FACE('',(#10204),#7053,.T.);
#10204 = FACE_BOUND('',#10205,.T.);
#10205 = EDGE_LOOP('',(#10206,#10229,#10257,#10284,#10303,#10304));
#10206 = ORIENTED_EDGE('',*,*,#10207,.F.);
#10207 = EDGE_CURVE('',#10208,#10016,#10210,.T.);
#10208 = VERTEX_POINT('',#10209);
#10209 = CARTESIAN_POINT('',(4.,29.5,-1.));
#10210 = SURFACE_CURVE('',#10211,(#10215,#10222),.PCURVE_S1.);
#10211 = LINE('',#10212,#10213);
#10212 = CARTESIAN_POINT('',(4.,29.5,-1.));
#10213 = VECTOR('',#10214,1.);
#10214 = DIRECTION('',(0.,-1.,0.));
#10215 = PCURVE('',#7053,#10216);
#10216 = DEFINITIONAL_REPRESENTATION('',(#10217),#10221);
#10217 = LINE('',#10218,#10219);
#10218 = CARTESIAN_POINT('',(0.,0.));
#10219 = VECTOR('',#10220,1.);
#10220 = DIRECTION('',(1.,0.));
#10221 = ( GEOMETRIC_REPRESENTATION_CONTEXT(2) 
PARAMETRIC_REPRESENTATION_CONTEXT() REPRESENTATION_CONTEXT('2D SPACE',''
  ) );
#10222 = PCURVE('',#10033,#10223);
#10223 = DEFINITIONAL_REPRESENTATION('',(#10224),#10228);
#10224 = LINE('',#10225,#10226);
#10225 = CARTESIAN_POINT('',(-39.75,11.25));
#10226 = VECTOR('',#10227,1.);
#10227 = DIRECTION('',(0.,-1.));
#10228 = ( GEOMETRIC_REPRESENTATION_CONTEXT(2) 
PARAMETRIC_REPRESENTATION_CONTEXT() REPRESENTATION_CONTEXT('2D SPACE',''
  ) );
#10229 = ORIENTED_EDGE('',*,*,#10230,.T.);
#10230 = EDGE_CURVE('',#10208,#10231,#10233,.T.);
#10231 = VERTEX_POINT('',#10232);
#10232 = CARTESIAN_POINT('',(4.,29.5,3.));
#10233 = SURFACE_CURVE('',#10234,(#10238,#10245),.PCURVE_S1.);
#10234 = LINE('',#10235,#10236);
#10235 = CARTESIAN_POINT('',(4.,29.5,-1.));
#10236 = VECTOR('',#10237,1.);
#10237 = DIRECTION('',(0.,0.,1.));
#10238 = PCURVE('',#7053,#10239);
#10239 = DEFINITIONAL_REPRESENTATION('',(#10240),#10244);
#10240 = LINE('',#10241,#10242);
#10241 = CARTESIAN_POINT('',(0.,0.));
#10242 = VECTOR('',#10243,1.);
#10243 = DIRECTION('',(0.,-1.));
#10244 = ( GEOMETRIC_REPRESENTATION_CONTEXT(2) 
PARAMETRIC_REPRESENTATION_CONTEXT() REPRESENTATION_CONTEXT('2D SPACE',''
  ) );
#10245 = PCURVE('',#10246,#10251);
#10246 = PLANE('',#10247);
#10247 = AXIS2_PLACEMENT_3D('',#10248,#10249,#10250);
#10248 = CARTESIAN_POINT('',(83.5,29.5,-1.));
#10249 = DIRECTION('',(0.,-1.,0.));
#10250 = DIRECTION('',(-1.,0.,0.));
#10251 = DEFINITIONAL_REPRESENTATION('',(#10252),#10256);
#10252 = LINE('',#10253,#10254);
#10253 = CARTESIAN_POINT('',(79.5,0.));
#10254 = VECTOR('',#10255,1.);
#10255 = DIRECTION('',(0.,-1.));
#10256 = ( GEOMETRIC_REPRESENTATION_CONTEXT(2) 
PARAMETRIC_REPRESENTATION_CONTEXT() REPRESENTATION_CONTEXT('2D SPACE',''
  ) );
#10257 = ORIENTED_EDGE('',*,*,#10258,.F.);
#10258 = EDGE_CURVE('',#10259,#10231,#10261,.T.);
#10259 = VERTEX_POINT('',#10260);
#10260 = CARTESIAN_POINT('',(4.,7.5,3.));
#10261 = SURFACE_CURVE('',#10262,(#10266,#10272),.PCURVE_S1.);
#10262 = LINE('',#10263,#10264);
#10263 = CARTESIAN_POINT('',(4.,24.375,3.));
#10264 = VECTOR('',#10265,1.);
#10265 = DIRECTION('',(-0.,1.,0.));
#10266 = PCURVE('',#7053,#10267);
#10267 = DEFINITIONAL_REPRESENTATION('',(#10268),#10271);
#10268 = B_SPLINE_CURVE_WITH_KNOTS('',1,(#10269,#10270),.UNSPECIFIED.,
  .F.,.F.,(2,2),(-16.875,5.125),.PIECEWISE_BEZIER_KNOTS.);
#10269 = CARTESIAN_POINT('',(22.,-4.));
#10270 = CARTESIAN_POINT('',(0.,-4.));
#10271 = ( GEOMETRIC_REPRESENTATION_CONTEXT(2) 
PARAMETRIC_REPRESENTATION_CONTEXT() REPRESENTATION_CONTEXT('2D SPACE',''
  ) );
#10272 = PCURVE('',#10273,#10278);
#10273 = PLANE('',#10274);
#10274 = AXIS2_PLACEMENT_3D('',#10275,#10276,#10277);
#10275 = CARTESIAN_POINT('',(42.505,19.25,3.));
#10276 = DIRECTION('',(0.,0.,1.));
#10277 = DIRECTION('',(1.,0.,-0.));
#10278 = DEFINITIONAL_REPRESENTATION('',(#10279),#10283);
#10279 = LINE('',#10280,#10281);
#10280 = CARTESIAN_POINT('',(-38.505,5.125));
#10281 = VECTOR('',#10282,1.);
#10282 = DIRECTION('',(0.,1.));
#10283 = ( GEOMETRIC_REPRESENTATION_CONTEXT(2) 
PARAMETRIC_REPRESENTATION_CONTEXT() REPRESENTATION_CONTEXT('2D SPACE',''
  ) );
#10284 = ORIENTED_EDGE('',*,*,#10285,.T.);
#10285 = EDGE_CURVE('',#10259,#7011,#10286,.T.);
#10286 = SURFACE_CURVE('',#10287,(#10291,#10297),.PCURVE_S1.);
#10287 = LINE('',#10288,#10289);
#10288 = CARTESIAN_POINT('',(4.,7.5,-0.5));
#10289 = VECTOR('',#10290,1.);
#10290 = DIRECTION('',(-0.,0.,-1.));
#10291 = PCURVE('',#7053,#10292);
#10292 = DEFINITIONAL_REPRESENTATION('',(#10293),#10296);
#10293 = B_SPLINE_CURVE_WITH_KNOTS('',1,(#10294,#10295),.UNSPECIFIED.,
  .F.,.F.,(2,2),(-3.5,-0.5),.PIECEWISE_BEZIER_KNOTS.);
#10294 = CARTESIAN_POINT('',(22.,-4.));
#10295 = CARTESIAN_POINT('',(22.,-1.));
#10296 = ( GEOMETRIC_REPRESENTATION_CONTEXT(2) 
PARAMETRIC_REPRESENTATION_CONTEXT() REPRESENTATION_CONTEXT('2D SPACE',''
  ) );
#10297 = PCURVE('',#7026,#10298);
#10298 = DEFINITIONAL_REPRESENTATION('',(#10299),#10302);
#10299 = B_SPLINE_CURVE_WITH_KNOTS('',1,(#10300,#10301),.UNSPECIFIED.,
  .F.,.F.,(2,2),(-3.5,-0.5),.PIECEWISE_BEZIER_KNOTS.);
#10300 = CARTESIAN_POINT('',(1.5,-3.));
#10301 = CARTESIAN_POINT('',(1.5,0.));
#10302 = ( GEOMETRIC_REPRESENTATION_CONTEXT(2) 
PARAMETRIC_REPRESENTATION_CONTEXT() REPRESENTATION_CONTEXT('2D SPACE',''
  ) );
#10303 = ORIENTED_EDGE('',*,*,#7038,.T.);
#10304 = ORIENTED_EDGE('',*,*,#10045,.F.);
#10305 = ADVANCED_FACE('',(#10306),#7026,.F.);
#10306 = FACE_BOUND('',#10307,.F.);
#10307 = EDGE_LOOP('',(#10308,#10309,#10332,#10353));
#10308 = ORIENTED_EDGE('',*,*,#7010,.F.);
#10309 = ORIENTED_EDGE('',*,*,#10310,.T.);
#10310 = EDGE_CURVE('',#6983,#10311,#10313,.T.);
#10311 = VERTEX_POINT('',#10312);
#10312 = CARTESIAN_POINT('',(2.5,7.5,3.));
#10313 = SURFACE_CURVE('',#10314,(#10318,#10325),.PCURVE_S1.);
#10314 = LINE('',#10315,#10316);
#10315 = CARTESIAN_POINT('',(2.5,7.5,0.));
#10316 = VECTOR('',#10317,1.);
#10317 = DIRECTION('',(0.,0.,1.));
#10318 = PCURVE('',#7026,#10319);
#10319 = DEFINITIONAL_REPRESENTATION('',(#10320),#10324);
#10320 = LINE('',#10321,#10322);
#10321 = CARTESIAN_POINT('',(0.,0.));
#10322 = VECTOR('',#10323,1.);
#10323 = DIRECTION('',(0.,-1.));
#10324 = ( GEOMETRIC_REPRESENTATION_CONTEXT(2) 
PARAMETRIC_REPRESENTATION_CONTEXT() REPRESENTATION_CONTEXT('2D SPACE',''
  ) );
#10325 = PCURVE('',#6998,#10326);
#10326 = DEFINITIONAL_REPRESENTATION('',(#10327),#10331);
#10327 = LINE('',#10328,#10329);
#10328 = CARTESIAN_POINT('',(23.5,0.));
#10329 = VECTOR('',#10330,1.);
#10330 = DIRECTION('',(0.,-1.));
#10331 = ( GEOMETRIC_REPRESENTATION_CONTEXT(2) 
PARAMETRIC_REPRESENTATION_CONTEXT() REPRESENTATION_CONTEXT('2D SPACE',''
  ) );
#10332 = ORIENTED_EDGE('',*,*,#10333,.T.);
#10333 = EDGE_CURVE('',#10311,#10259,#10334,.T.);
#10334 = SURFACE_CURVE('',#10335,(#10339,#10346),.PCURVE_S1.);
#10335 = LINE('',#10336,#10337);
#10336 = CARTESIAN_POINT('',(2.5,7.5,3.));
#10337 = VECTOR('',#10338,1.);
#10338 = DIRECTION('',(1.,0.,0.));
#10339 = PCURVE('',#7026,#10340);
#10340 = DEFINITIONAL_REPRESENTATION('',(#10341),#10345);
#10341 = LINE('',#10342,#10343);
#10342 = CARTESIAN_POINT('',(0.,-3.));
#10343 = VECTOR('',#10344,1.);
#10344 = DIRECTION('',(1.,0.));
#10345 = ( GEOMETRIC_REPRESENTATION_CONTEXT(2) 
PARAMETRIC_REPRESENTATION_CONTEXT() REPRESENTATION_CONTEXT('2D SPACE',''
  ) );
#10346 = PCURVE('',#10273,#10347);
#10347 = DEFINITIONAL_REPRESENTATION('',(#10348),#10352);
#10348 = LINE('',#10349,#10350);
#10349 = CARTESIAN_POINT('',(-40.005,-11.75));
#10350 = VECTOR('',#10351,1.);
#10351 = DIRECTION('',(1.,0.));
#10352 = ( GEOMETRIC_REPRESENTATION_CONTEXT(2) 
PARAMETRIC_REPRESENTATION_CONTEXT() REPRESENTATION_CONTEXT('2D SPACE',''
  ) );
#10353 = ORIENTED_EDGE('',*,*,#10285,.T.);
#10354 = ADVANCED_FACE('',(#10355),#6998,.F.);
#10355 = FACE_BOUND('',#10356,.F.);
#10356 = EDGE_LOOP('',(#10357,#10380,#10401,#10402));
#10357 = ORIENTED_EDGE('',*,*,#10358,.T.);
#10358 = EDGE_CURVE('',#6960,#10359,#10361,.T.);
#10359 = VERTEX_POINT('',#10360);
#10360 = CARTESIAN_POINT('',(2.5,31.,3.));
#10361 = SURFACE_CURVE('',#10362,(#10366,#10373),.PCURVE_S1.);
#10362 = LINE('',#10363,#10364);
#10363 = CARTESIAN_POINT('',(2.5,31.,0.));
#10364 = VECTOR('',#10365,1.);
#10365 = DIRECTION('',(0.,0.,1.));
#10366 = PCURVE('',#6998,#10367);
#10367 = DEFINITIONAL_REPRESENTATION('',(#10368),#10372);
#10368 = LINE('',#10369,#10370);
#10369 = CARTESIAN_POINT('',(0.,0.));
#10370 = VECTOR('',#10371,1.);
#10371 = DIRECTION('',(0.,-1.));
#10372 = ( GEOMETRIC_REPRESENTATION_CONTEXT(2) 
PARAMETRIC_REPRESENTATION_CONTEXT() REPRESENTATION_CONTEXT('2D SPACE',''
  ) );
#10373 = PCURVE('',#6947,#10374);
#10374 = DEFINITIONAL_REPRESENTATION('',(#10375),#10379);
#10375 = LINE('',#10376,#10377);
#10376 = CARTESIAN_POINT('',(80.01,0.));
#10377 = VECTOR('',#10378,1.);
#10378 = DIRECTION('',(0.,-1.));
#10379 = ( GEOMETRIC_REPRESENTATION_CONTEXT(2) 
PARAMETRIC_REPRESENTATION_CONTEXT() REPRESENTATION_CONTEXT('2D SPACE',''
  ) );
#10380 = ORIENTED_EDGE('',*,*,#10381,.T.);
#10381 = EDGE_CURVE('',#10359,#10311,#10382,.T.);
#10382 = SURFACE_CURVE('',#10383,(#10387,#10394),.PCURVE_S1.);
#10383 = LINE('',#10384,#10385);
#10384 = CARTESIAN_POINT('',(2.5,31.,3.));
#10385 = VECTOR('',#10386,1.);
#10386 = DIRECTION('',(0.,-1.,0.));
#10387 = PCURVE('',#6998,#10388);
#10388 = DEFINITIONAL_REPRESENTATION('',(#10389),#10393);
#10389 = LINE('',#10390,#10391);
#10390 = CARTESIAN_POINT('',(0.,-3.));
#10391 = VECTOR('',#10392,1.);
#10392 = DIRECTION('',(1.,0.));
#10393 = ( GEOMETRIC_REPRESENTATION_CONTEXT(2) 
PARAMETRIC_REPRESENTATION_CONTEXT() REPRESENTATION_CONTEXT('2D SPACE',''
  ) );
#10394 = PCURVE('',#10273,#10395);
#10395 = DEFINITIONAL_REPRESENTATION('',(#10396),#10400);
#10396 = LINE('',#10397,#10398);
#10397 = CARTESIAN_POINT('',(-40.005,11.75));
#10398 = VECTOR('',#10399,1.);
#10399 = DIRECTION('',(0.,-1.));
#10400 = ( GEOMETRIC_REPRESENTATION_CONTEXT(2) 
PARAMETRIC_REPRESENTATION_CONTEXT() REPRESENTATION_CONTEXT('2D SPACE',''
  ) );
#10401 = ORIENTED_EDGE('',*,*,#10310,.F.);
#10402 = ORIENTED_EDGE('',*,*,#6982,.F.);
#10403 = ADVANCED_FACE('',(#10404),#6947,.F.);
#10404 = FACE_BOUND('',#10405,.F.);
#10405 = EDGE_LOOP('',(#10406,#10407,#10430,#10451,#10452));
#10406 = ORIENTED_EDGE('',*,*,#6931,.T.);
#10407 = ORIENTED_EDGE('',*,*,#10408,.T.);
#10408 = EDGE_CURVE('',#6904,#10409,#10411,.T.);
#10409 = VERTEX_POINT('',#10410);
#10410 = CARTESIAN_POINT('',(84.,31.,3.));
#10411 = SURFACE_CURVE('',#10412,(#10416,#10423),.PCURVE_S1.);
#10412 = LINE('',#10413,#10414);
#10413 = CARTESIAN_POINT('',(84.,31.,0.));
#10414 = VECTOR('',#10415,1.);
#10415 = DIRECTION('',(0.,0.,1.));
#10416 = PCURVE('',#6947,#10417);
#10417 = DEFINITIONAL_REPRESENTATION('',(#10418),#10422);
#10418 = LINE('',#10419,#10420);
#10419 = CARTESIAN_POINT('',(-1.49,-0.));
#10420 = VECTOR('',#10421,1.);
#10421 = DIRECTION('',(0.,-1.));
#10422 = ( GEOMETRIC_REPRESENTATION_CONTEXT(2) 
PARAMETRIC_REPRESENTATION_CONTEXT() REPRESENTATION_CONTEXT('2D SPACE',''
  ) );
#10423 = PCURVE('',#6919,#10424);
#10424 = DEFINITIONAL_REPRESENTATION('',(#10425),#10429);
#10425 = LINE('',#10426,#10427);
#10426 = CARTESIAN_POINT('',(23.5,0.));
#10427 = VECTOR('',#10428,1.);
#10428 = DIRECTION('',(0.,-1.));
#10429 = ( GEOMETRIC_REPRESENTATION_CONTEXT(2) 
PARAMETRIC_REPRESENTATION_CONTEXT() REPRESENTATION_CONTEXT('2D SPACE',''
  ) );
#10430 = ORIENTED_EDGE('',*,*,#10431,.F.);
#10431 = EDGE_CURVE('',#10359,#10409,#10432,.T.);
#10432 = SURFACE_CURVE('',#10433,(#10437,#10444),.PCURVE_S1.);
#10433 = LINE('',#10434,#10435);
#10434 = CARTESIAN_POINT('',(2.5,31.,3.));
#10435 = VECTOR('',#10436,1.);
#10436 = DIRECTION('',(1.,0.,0.));
#10437 = PCURVE('',#6947,#10438);
#10438 = DEFINITIONAL_REPRESENTATION('',(#10439),#10443);
#10439 = LINE('',#10440,#10441);
#10440 = CARTESIAN_POINT('',(80.01,-3.));
#10441 = VECTOR('',#10442,1.);
#10442 = DIRECTION('',(-1.,-0.));
#10443 = ( GEOMETRIC_REPRESENTATION_CONTEXT(2) 
PARAMETRIC_REPRESENTATION_CONTEXT() REPRESENTATION_CONTEXT('2D SPACE',''
  ) );
#10444 = PCURVE('',#10273,#10445);
#10445 = DEFINITIONAL_REPRESENTATION('',(#10446),#10450);
#10446 = LINE('',#10447,#10448);
#10447 = CARTESIAN_POINT('',(-40.005,11.75));
#10448 = VECTOR('',#10449,1.);
#10449 = DIRECTION('',(1.,0.));
#10450 = ( GEOMETRIC_REPRESENTATION_CONTEXT(2) 
PARAMETRIC_REPRESENTATION_CONTEXT() REPRESENTATION_CONTEXT('2D SPACE',''
  ) );
#10451 = ORIENTED_EDGE('',*,*,#10358,.F.);
#10452 = ORIENTED_EDGE('',*,*,#6959,.F.);
#10453 = ADVANCED_FACE('',(#10454),#6919,.F.);
#10454 = FACE_BOUND('',#10455,.F.);
#10455 = EDGE_LOOP('',(#10456,#10457,#10478,#10499));
#10456 = ORIENTED_EDGE('',*,*,#6903,.F.);
#10457 = ORIENTED_EDGE('',*,*,#10458,.T.);
#10458 = EDGE_CURVE('',#6878,#10459,#10461,.T.);
#10459 = VERTEX_POINT('',#10460);
#10460 = CARTESIAN_POINT('',(84.,23.5,3.));
#10461 = SURFACE_CURVE('',#10462,(#10466,#10472),.PCURVE_S1.);
#10462 = LINE('',#10463,#10464);
#10463 = CARTESIAN_POINT('',(84.,23.5,-0.5));
#10464 = VECTOR('',#10465,1.);
#10465 = DIRECTION('',(0.,0.,1.));
#10466 = PCURVE('',#6919,#10467);
#10467 = DEFINITIONAL_REPRESENTATION('',(#10468),#10471);
#10468 = B_SPLINE_CURVE_WITH_KNOTS('',1,(#10469,#10470),.UNSPECIFIED.,
  .F.,.F.,(2,2),(0.5,3.5),.PIECEWISE_BEZIER_KNOTS.);
#10469 = CARTESIAN_POINT('',(16.,0.));
#10470 = CARTESIAN_POINT('',(16.,-3.));
#10471 = ( GEOMETRIC_REPRESENTATION_CONTEXT(2) 
PARAMETRIC_REPRESENTATION_CONTEXT() REPRESENTATION_CONTEXT('2D SPACE',''
  ) );
#10472 = PCURVE('',#6892,#10473);
#10473 = DEFINITIONAL_REPRESENTATION('',(#10474),#10477);
#10474 = B_SPLINE_CURVE_WITH_KNOTS('',1,(#10475,#10476),.UNSPECIFIED.,
  .F.,.F.,(2,2),(0.5,3.5),.PIECEWISE_BEZIER_KNOTS.);
#10475 = CARTESIAN_POINT('',(1.,-1.));
#10476 = CARTESIAN_POINT('',(1.,-4.));
#10477 = ( GEOMETRIC_REPRESENTATION_CONTEXT(2) 
PARAMETRIC_REPRESENTATION_CONTEXT() REPRESENTATION_CONTEXT('2D SPACE',''
  ) );
#10478 = ORIENTED_EDGE('',*,*,#10479,.T.);
#10479 = EDGE_CURVE('',#10459,#10409,#10480,.T.);
#10480 = SURFACE_CURVE('',#10481,(#10485,#10492),.PCURVE_S1.);
#10481 = LINE('',#10482,#10483);
#10482 = CARTESIAN_POINT('',(84.,7.5,3.));
#10483 = VECTOR('',#10484,1.);
#10484 = DIRECTION('',(0.,1.,0.));
#10485 = PCURVE('',#6919,#10486);
#10486 = DEFINITIONAL_REPRESENTATION('',(#10487),#10491);
#10487 = LINE('',#10488,#10489);
#10488 = CARTESIAN_POINT('',(0.,-3.));
#10489 = VECTOR('',#10490,1.);
#10490 = DIRECTION('',(1.,0.));
#10491 = ( GEOMETRIC_REPRESENTATION_CONTEXT(2) 
PARAMETRIC_REPRESENTATION_CONTEXT() REPRESENTATION_CONTEXT('2D SPACE',''
  ) );
#10492 = PCURVE('',#10273,#10493);
#10493 = DEFINITIONAL_REPRESENTATION('',(#10494),#10498);
#10494 = LINE('',#10495,#10496);
#10495 = CARTESIAN_POINT('',(41.495,-11.75));
#10496 = VECTOR('',#10497,1.);
#10497 = DIRECTION('',(0.,1.));
#10498 = ( GEOMETRIC_REPRESENTATION_CONTEXT(2) 
PARAMETRIC_REPRESENTATION_CONTEXT() REPRESENTATION_CONTEXT('2D SPACE',''
  ) );
#10499 = ORIENTED_EDGE('',*,*,#10408,.F.);
#10500 = ADVANCED_FACE('',(#10501),#6892,.T.);
#10501 = FACE_BOUND('',#10502,.T.);
#10502 = EDGE_LOOP('',(#10503,#10528,#10549,#10550,#10551,#10572,#10598,
    #10624));
#10503 = ORIENTED_EDGE('',*,*,#10504,.F.);
#10504 = EDGE_CURVE('',#10505,#10507,#10509,.T.);
#10505 = VERTEX_POINT('',#10506);
#10506 = CARTESIAN_POINT('',(85.,23.5,-1.));
#10507 = VERTEX_POINT('',#10508);
#10508 = CARTESIAN_POINT('',(83.5,23.5,-1.));
#10509 = SURFACE_CURVE('',#10510,(#10514,#10521),.PCURVE_S1.);
#10510 = LINE('',#10511,#10512);
#10511 = CARTESIAN_POINT('',(85.,23.5,-1.));
#10512 = VECTOR('',#10513,1.);
#10513 = DIRECTION('',(-1.,0.,0.));
#10514 = PCURVE('',#6892,#10515);
#10515 = DEFINITIONAL_REPRESENTATION('',(#10516),#10520);
#10516 = LINE('',#10517,#10518);
#10517 = CARTESIAN_POINT('',(0.,-0.));
#10518 = VECTOR('',#10519,1.);
#10519 = DIRECTION('',(1.,0.));
#10520 = ( GEOMETRIC_REPRESENTATION_CONTEXT(2) 
PARAMETRIC_REPRESENTATION_CONTEXT() REPRESENTATION_CONTEXT('2D SPACE',''
  ) );
#10521 = PCURVE('',#10033,#10522);
#10522 = DEFINITIONAL_REPRESENTATION('',(#10523),#10527);
#10523 = LINE('',#10524,#10525);
#10524 = CARTESIAN_POINT('',(41.25,5.25));
#10525 = VECTOR('',#10526,1.);
#10526 = DIRECTION('',(-1.,0.));
#10527 = ( GEOMETRIC_REPRESENTATION_CONTEXT(2) 
PARAMETRIC_REPRESENTATION_CONTEXT() REPRESENTATION_CONTEXT('2D SPACE',''
  ) );
#10528 = ORIENTED_EDGE('',*,*,#10529,.T.);
#10529 = EDGE_CURVE('',#10505,#6852,#10530,.T.);
#10530 = SURFACE_CURVE('',#10531,(#10535,#10542),.PCURVE_S1.);
#10531 = LINE('',#10532,#10533);
#10532 = CARTESIAN_POINT('',(85.,23.5,-1.));
#10533 = VECTOR('',#10534,1.);
#10534 = DIRECTION('',(0.,0.,1.));
#10535 = PCURVE('',#6892,#10536);
#10536 = DEFINITIONAL_REPRESENTATION('',(#10537),#10541);
#10537 = LINE('',#10538,#10539);
#10538 = CARTESIAN_POINT('',(0.,-0.));
#10539 = VECTOR('',#10540,1.);
#10540 = DIRECTION('',(0.,-1.));
#10541 = ( GEOMETRIC_REPRESENTATION_CONTEXT(2) 
PARAMETRIC_REPRESENTATION_CONTEXT() REPRESENTATION_CONTEXT('2D SPACE',''
  ) );
#10542 = PCURVE('',#6866,#10543);
#10543 = DEFINITIONAL_REPRESENTATION('',(#10544),#10548);
#10544 = LINE('',#10545,#10546);
#10545 = CARTESIAN_POINT('',(9.5,0.));
#10546 = VECTOR('',#10547,1.);
#10547 = DIRECTION('',(0.,-1.));
#10548 = ( GEOMETRIC_REPRESENTATION_CONTEXT(2) 
PARAMETRIC_REPRESENTATION_CONTEXT() REPRESENTATION_CONTEXT('2D SPACE',''
  ) );
#10549 = ORIENTED_EDGE('',*,*,#6877,.T.);
#10550 = ORIENTED_EDGE('',*,*,#10458,.T.);
#10551 = ORIENTED_EDGE('',*,*,#10552,.F.);
#10552 = EDGE_CURVE('',#10553,#10459,#10555,.T.);
#10553 = VERTEX_POINT('',#10554);
#10554 = CARTESIAN_POINT('',(82.5,23.5,3.));
#10555 = SURFACE_CURVE('',#10556,(#10560,#10566),.PCURVE_S1.);
#10556 = LINE('',#10557,#10558);
#10557 = CARTESIAN_POINT('',(63.7525,23.5,3.));
#10558 = VECTOR('',#10559,1.);
#10559 = DIRECTION('',(1.,0.,-0.));
#10560 = PCURVE('',#6892,#10561);
#10561 = DEFINITIONAL_REPRESENTATION('',(#10562),#10565);
#10562 = B_SPLINE_CURVE_WITH_KNOTS('',1,(#10563,#10564),.UNSPECIFIED.,
  .F.,.F.,(2,2),(18.7375,20.2475),.PIECEWISE_BEZIER_KNOTS.);
#10563 = CARTESIAN_POINT('',(2.51,-4.));
#10564 = CARTESIAN_POINT('',(1.,-4.));
#10565 = ( GEOMETRIC_REPRESENTATION_CONTEXT(2) 
PARAMETRIC_REPRESENTATION_CONTEXT() REPRESENTATION_CONTEXT('2D SPACE',''
  ) );
#10566 = PCURVE('',#10273,#10567);
#10567 = DEFINITIONAL_REPRESENTATION('',(#10568),#10571);
#10568 = B_SPLINE_CURVE_WITH_KNOTS('',1,(#10569,#10570),.UNSPECIFIED.,
  .F.,.F.,(2,2),(18.7375,20.2475),.PIECEWISE_BEZIER_KNOTS.);
#10569 = CARTESIAN_POINT('',(39.985,4.25));
#10570 = CARTESIAN_POINT('',(41.495,4.25));
#10571 = ( GEOMETRIC_REPRESENTATION_CONTEXT(2) 
PARAMETRIC_REPRESENTATION_CONTEXT() REPRESENTATION_CONTEXT('2D SPACE',''
  ) );
#10572 = ORIENTED_EDGE('',*,*,#10573,.T.);
#10573 = EDGE_CURVE('',#10553,#10574,#10576,.T.);
#10574 = VERTEX_POINT('',#10575);
#10575 = CARTESIAN_POINT('',(82.5,23.5,0.));
#10576 = SURFACE_CURVE('',#10577,(#10581,#10587),.PCURVE_S1.);
#10577 = LINE('',#10578,#10579);
#10578 = CARTESIAN_POINT('',(82.5,23.5,-0.5));
#10579 = VECTOR('',#10580,1.);
#10580 = DIRECTION('',(0.,-0.,-1.));
#10581 = PCURVE('',#6892,#10582);
#10582 = DEFINITIONAL_REPRESENTATION('',(#10583),#10586);
#10583 = B_SPLINE_CURVE_WITH_KNOTS('',1,(#10584,#10585),.UNSPECIFIED.,
  .F.,.F.,(2,2),(-3.5,-0.5),.PIECEWISE_BEZIER_KNOTS.);
#10584 = CARTESIAN_POINT('',(2.5,-4.));
#10585 = CARTESIAN_POINT('',(2.5,-1.));
#10586 = ( GEOMETRIC_REPRESENTATION_CONTEXT(2) 
PARAMETRIC_REPRESENTATION_CONTEXT() REPRESENTATION_CONTEXT('2D SPACE',''
  ) );
#10587 = PCURVE('',#10588,#10593);
#10588 = PLANE('',#10589);
#10589 = AXIS2_PLACEMENT_3D('',#10590,#10591,#10592);
#10590 = CARTESIAN_POINT('',(82.5,31.,0.));
#10591 = DIRECTION('',(1.,0.,-0.));
#10592 = DIRECTION('',(0.,-1.,0.));
#10593 = DEFINITIONAL_REPRESENTATION('',(#10594),#10597);
#10594 = B_SPLINE_CURVE_WITH_KNOTS('',1,(#10595,#10596),.UNSPECIFIED.,
  .F.,.F.,(2,2),(-3.5,-0.5),.PIECEWISE_BEZIER_KNOTS.);
#10595 = CARTESIAN_POINT('',(7.5,-3.));
#10596 = CARTESIAN_POINT('',(7.5,0.));
#10597 = ( GEOMETRIC_REPRESENTATION_CONTEXT(2) 
PARAMETRIC_REPRESENTATION_CONTEXT() REPRESENTATION_CONTEXT('2D SPACE',''
  ) );
#10598 = ORIENTED_EDGE('',*,*,#10599,.T.);
#10599 = EDGE_CURVE('',#10574,#10600,#10602,.T.);
#10600 = VERTEX_POINT('',#10601);
#10601 = CARTESIAN_POINT('',(83.5,23.5,0.));
#10602 = SURFACE_CURVE('',#10603,(#10607,#10613),.PCURVE_S1.);
#10603 = LINE('',#10604,#10605);
#10604 = CARTESIAN_POINT('',(84.125,23.5,0.));
#10605 = VECTOR('',#10606,1.);
#10606 = DIRECTION('',(1.,0.,-0.));
#10607 = PCURVE('',#6892,#10608);
#10608 = DEFINITIONAL_REPRESENTATION('',(#10609),#10612);
#10609 = B_SPLINE_CURVE_WITH_KNOTS('',1,(#10610,#10611),.UNSPECIFIED.,
  .F.,.F.,(2,2),(-1.625,-0.625),.PIECEWISE_BEZIER_KNOTS.);
#10610 = CARTESIAN_POINT('',(2.5,-1.));
#10611 = CARTESIAN_POINT('',(1.5,-1.));
#10612 = ( GEOMETRIC_REPRESENTATION_CONTEXT(2) 
PARAMETRIC_REPRESENTATION_CONTEXT() REPRESENTATION_CONTEXT('2D SPACE',''
  ) );
#10613 = PCURVE('',#10614,#10619);
#10614 = PLANE('',#10615);
#10615 = AXIS2_PLACEMENT_3D('',#10616,#10617,#10618);
#10616 = CARTESIAN_POINT('',(83.25,19.25,0.));
#10617 = DIRECTION('',(0.,0.,1.));
#10618 = DIRECTION('',(1.,0.,-0.));
#10619 = DEFINITIONAL_REPRESENTATION('',(#10620),#10623);
#10620 = B_SPLINE_CURVE_WITH_KNOTS('',1,(#10621,#10622),.UNSPECIFIED.,
  .F.,.F.,(2,2),(-1.625,-0.625),.PIECEWISE_BEZIER_KNOTS.);
#10621 = CARTESIAN_POINT('',(-0.75,4.25));
#10622 = CARTESIAN_POINT('',(0.25,4.25));
#10623 = ( GEOMETRIC_REPRESENTATION_CONTEXT(2) 
PARAMETRIC_REPRESENTATION_CONTEXT() REPRESENTATION_CONTEXT('2D SPACE',''
  ) );
#10624 = ORIENTED_EDGE('',*,*,#10625,.F.);
#10625 = EDGE_CURVE('',#10507,#10600,#10626,.T.);
#10626 = SURFACE_CURVE('',#10627,(#10631,#10637),.PCURVE_S1.);
#10627 = LINE('',#10628,#10629);
#10628 = CARTESIAN_POINT('',(83.5,23.5,-1.));
#10629 = VECTOR('',#10630,1.);
#10630 = DIRECTION('',(0.,0.,1.));
#10631 = PCURVE('',#6892,#10632);
#10632 = DEFINITIONAL_REPRESENTATION('',(#10633),#10636);
#10633 = B_SPLINE_CURVE_WITH_KNOTS('',1,(#10634,#10635),.UNSPECIFIED.,
  .F.,.F.,(2,2),(0.,1.),.PIECEWISE_BEZIER_KNOTS.);
#10634 = CARTESIAN_POINT('',(1.5,0.));
#10635 = CARTESIAN_POINT('',(1.5,-1.));
#10636 = ( GEOMETRIC_REPRESENTATION_CONTEXT(2) 
PARAMETRIC_REPRESENTATION_CONTEXT() REPRESENTATION_CONTEXT('2D SPACE',''
  ) );
#10637 = PCURVE('',#10638,#10643);
#10638 = PLANE('',#10639);
#10639 = AXIS2_PLACEMENT_3D('',#10640,#10641,#10642);
#10640 = CARTESIAN_POINT('',(83.5,7.,-1.));
#10641 = DIRECTION('',(-1.,0.,0.));
#10642 = DIRECTION('',(0.,1.,0.));
#10643 = DEFINITIONAL_REPRESENTATION('',(#10644),#10647);
#10644 = B_SPLINE_CURVE_WITH_KNOTS('',1,(#10645,#10646),.UNSPECIFIED.,
  .F.,.F.,(2,2),(0.,1.),.PIECEWISE_BEZIER_KNOTS.);
#10645 = CARTESIAN_POINT('',(16.5,0.));
#10646 = CARTESIAN_POINT('',(16.5,-1.));
#10647 = ( GEOMETRIC_REPRESENTATION_CONTEXT(2) 
PARAMETRIC_REPRESENTATION_CONTEXT() REPRESENTATION_CONTEXT('2D SPACE',''
  ) );
#10648 = ADVANCED_FACE('',(#10649),#6866,.T.);
#10649 = FACE_BOUND('',#10650,.T.);
#10650 = EDGE_LOOP('',(#10651,#10674,#10695,#10696));
#10651 = ORIENTED_EDGE('',*,*,#10652,.F.);
#10652 = EDGE_CURVE('',#10653,#10505,#10655,.T.);
#10653 = VERTEX_POINT('',#10654);
#10654 = CARTESIAN_POINT('',(85.,14.,-1.));
#10655 = SURFACE_CURVE('',#10656,(#10660,#10667),.PCURVE_S1.);
#10656 = LINE('',#10657,#10658);
#10657 = CARTESIAN_POINT('',(85.,14.,-1.));
#10658 = VECTOR('',#10659,1.);
#10659 = DIRECTION('',(0.,1.,0.));
#10660 = PCURVE('',#6866,#10661);
#10661 = DEFINITIONAL_REPRESENTATION('',(#10662),#10666);
#10662 = LINE('',#10663,#10664);
#10663 = CARTESIAN_POINT('',(0.,0.));
#10664 = VECTOR('',#10665,1.);
#10665 = DIRECTION('',(1.,0.));
#10666 = ( GEOMETRIC_REPRESENTATION_CONTEXT(2) 
PARAMETRIC_REPRESENTATION_CONTEXT() REPRESENTATION_CONTEXT('2D SPACE',''
  ) );
#10667 = PCURVE('',#10033,#10668);
#10668 = DEFINITIONAL_REPRESENTATION('',(#10669),#10673);
#10669 = LINE('',#10670,#10671);
#10670 = CARTESIAN_POINT('',(41.25,-4.25));
#10671 = VECTOR('',#10672,1.);
#10672 = DIRECTION('',(0.,1.));
#10673 = ( GEOMETRIC_REPRESENTATION_CONTEXT(2) 
PARAMETRIC_REPRESENTATION_CONTEXT() REPRESENTATION_CONTEXT('2D SPACE',''
  ) );
#10674 = ORIENTED_EDGE('',*,*,#10675,.T.);
#10675 = EDGE_CURVE('',#10653,#6826,#10676,.T.);
#10676 = SURFACE_CURVE('',#10677,(#10681,#10688),.PCURVE_S1.);
#10677 = LINE('',#10678,#10679);
#10678 = CARTESIAN_POINT('',(85.,14.,-1.));
#10679 = VECTOR('',#10680,1.);
#10680 = DIRECTION('',(0.,0.,1.));
#10681 = PCURVE('',#6866,#10682);
#10682 = DEFINITIONAL_REPRESENTATION('',(#10683),#10687);
#10683 = LINE('',#10684,#10685);
#10684 = CARTESIAN_POINT('',(0.,0.));
#10685 = VECTOR('',#10686,1.);
#10686 = DIRECTION('',(0.,-1.));
#10687 = ( GEOMETRIC_REPRESENTATION_CONTEXT(2) 
PARAMETRIC_REPRESENTATION_CONTEXT() REPRESENTATION_CONTEXT('2D SPACE',''
  ) );
#10688 = PCURVE('',#6840,#10689);
#10689 = DEFINITIONAL_REPRESENTATION('',(#10690),#10694);
#10690 = LINE('',#10691,#10692);
#10691 = CARTESIAN_POINT('',(2.51,0.));
#10692 = VECTOR('',#10693,1.);
#10693 = DIRECTION('',(0.,-1.));
#10694 = ( GEOMETRIC_REPRESENTATION_CONTEXT(2) 
PARAMETRIC_REPRESENTATION_CONTEXT() REPRESENTATION_CONTEXT('2D SPACE',''
  ) );
#10695 = ORIENTED_EDGE('',*,*,#6851,.T.);
#10696 = ORIENTED_EDGE('',*,*,#10529,.F.);
#10697 = ADVANCED_FACE('',(#10698),#6840,.T.);
#10698 = FACE_BOUND('',#10699,.T.);
#10699 = EDGE_LOOP('',(#10700,#10723,#10744,#10770,#10796,#10822,#10841,
    #10842));
#10700 = ORIENTED_EDGE('',*,*,#10701,.F.);
#10701 = EDGE_CURVE('',#10702,#10653,#10704,.T.);
#10702 = VERTEX_POINT('',#10703);
#10703 = CARTESIAN_POINT('',(83.5,14.,-1.));
#10704 = SURFACE_CURVE('',#10705,(#10709,#10716),.PCURVE_S1.);
#10705 = LINE('',#10706,#10707);
#10706 = CARTESIAN_POINT('',(82.49,14.,-1.));
#10707 = VECTOR('',#10708,1.);
#10708 = DIRECTION('',(1.,0.,0.));
#10709 = PCURVE('',#6840,#10710);
#10710 = DEFINITIONAL_REPRESENTATION('',(#10711),#10715);
#10711 = LINE('',#10712,#10713);
#10712 = CARTESIAN_POINT('',(0.,0.));
#10713 = VECTOR('',#10714,1.);
#10714 = DIRECTION('',(1.,0.));
#10715 = ( GEOMETRIC_REPRESENTATION_CONTEXT(2) 
PARAMETRIC_REPRESENTATION_CONTEXT() REPRESENTATION_CONTEXT('2D SPACE',''
  ) );
#10716 = PCURVE('',#10033,#10717);
#10717 = DEFINITIONAL_REPRESENTATION('',(#10718),#10722);
#10718 = LINE('',#10719,#10720);
#10719 = CARTESIAN_POINT('',(38.74,-4.25));
#10720 = VECTOR('',#10721,1.);
#10721 = DIRECTION('',(1.,0.));
#10722 = ( GEOMETRIC_REPRESENTATION_CONTEXT(2) 
PARAMETRIC_REPRESENTATION_CONTEXT() REPRESENTATION_CONTEXT('2D SPACE',''
  ) );
#10723 = ORIENTED_EDGE('',*,*,#10724,.F.);
#10724 = EDGE_CURVE('',#10725,#10702,#10727,.T.);
#10725 = VERTEX_POINT('',#10726);
#10726 = CARTESIAN_POINT('',(83.5,14.,0.));
#10727 = SURFACE_CURVE('',#10728,(#10732,#10738),.PCURVE_S1.);
#10728 = LINE('',#10729,#10730);
#10729 = CARTESIAN_POINT('',(83.5,14.,-1.));
#10730 = VECTOR('',#10731,1.);
#10731 = DIRECTION('',(0.,0.,-1.));
#10732 = PCURVE('',#6840,#10733);
#10733 = DEFINITIONAL_REPRESENTATION('',(#10734),#10737);
#10734 = B_SPLINE_CURVE_WITH_KNOTS('',1,(#10735,#10736),.UNSPECIFIED.,
  .F.,.F.,(2,2),(-1.,0.),.PIECEWISE_BEZIER_KNOTS.);
#10735 = CARTESIAN_POINT('',(1.01,-1.));
#10736 = CARTESIAN_POINT('',(1.01,0.));
#10737 = ( GEOMETRIC_REPRESENTATION_CONTEXT(2) 
PARAMETRIC_REPRESENTATION_CONTEXT() REPRESENTATION_CONTEXT('2D SPACE',''
  ) );
#10738 = PCURVE('',#6758,#10739);
#10739 = DEFINITIONAL_REPRESENTATION('',(#10740),#10743);
#10740 = B_SPLINE_CURVE_WITH_KNOTS('',1,(#10741,#10742),.UNSPECIFIED.,
  .F.,.F.,(2,2),(-1.,0.),.PIECEWISE_BEZIER_KNOTS.);
#10741 = CARTESIAN_POINT('',(7.,-1.));
#10742 = CARTESIAN_POINT('',(7.,0.));
#10743 = ( GEOMETRIC_REPRESENTATION_CONTEXT(2) 
PARAMETRIC_REPRESENTATION_CONTEXT() REPRESENTATION_CONTEXT('2D SPACE',''
  ) );
#10744 = ORIENTED_EDGE('',*,*,#10745,.T.);
#10745 = EDGE_CURVE('',#10725,#10746,#10748,.T.);
#10746 = VERTEX_POINT('',#10747);
#10747 = CARTESIAN_POINT('',(82.5,14.,0.));
#10748 = SURFACE_CURVE('',#10749,(#10753,#10759),.PCURVE_S1.);
#10749 = LINE('',#10750,#10751);
#10750 = CARTESIAN_POINT('',(82.87,14.,0.));
#10751 = VECTOR('',#10752,1.);
#10752 = DIRECTION('',(-1.,0.,0.));
#10753 = PCURVE('',#6840,#10754);
#10754 = DEFINITIONAL_REPRESENTATION('',(#10755),#10758);
#10755 = B_SPLINE_CURVE_WITH_KNOTS('',1,(#10756,#10757),.UNSPECIFIED.,
  .F.,.F.,(2,2),(-0.63,0.37),.PIECEWISE_BEZIER_KNOTS.);
#10756 = CARTESIAN_POINT('',(1.01,-1.));
#10757 = CARTESIAN_POINT('',(9.999999999991E-03,-1.));
#10758 = ( GEOMETRIC_REPRESENTATION_CONTEXT(2) 
PARAMETRIC_REPRESENTATION_CONTEXT() REPRESENTATION_CONTEXT('2D SPACE',''
  ) );
#10759 = PCURVE('',#10760,#10765);
#10760 = PLANE('',#10761);
#10761 = AXIS2_PLACEMENT_3D('',#10762,#10763,#10764);
#10762 = CARTESIAN_POINT('',(83.25,19.25,0.));
#10763 = DIRECTION('',(0.,0.,1.));
#10764 = DIRECTION('',(1.,0.,-0.));
#10765 = DEFINITIONAL_REPRESENTATION('',(#10766),#10769);
#10766 = B_SPLINE_CURVE_WITH_KNOTS('',1,(#10767,#10768),.UNSPECIFIED.,
  .F.,.F.,(2,2),(-0.63,0.37),.PIECEWISE_BEZIER_KNOTS.);
#10767 = CARTESIAN_POINT('',(0.25,-5.25));
#10768 = CARTESIAN_POINT('',(-0.75,-5.25));
#10769 = ( GEOMETRIC_REPRESENTATION_CONTEXT(2) 
PARAMETRIC_REPRESENTATION_CONTEXT() REPRESENTATION_CONTEXT('2D SPACE',''
  ) );
#10770 = ORIENTED_EDGE('',*,*,#10771,.T.);
#10771 = EDGE_CURVE('',#10746,#10772,#10774,.T.);
#10772 = VERTEX_POINT('',#10773);
#10773 = CARTESIAN_POINT('',(82.5,14.,3.));
#10774 = SURFACE_CURVE('',#10775,(#10779,#10785),.PCURVE_S1.);
#10775 = LINE('',#10776,#10777);
#10776 = CARTESIAN_POINT('',(82.5,14.,-0.5));
#10777 = VECTOR('',#10778,1.);
#10778 = DIRECTION('',(0.,-0.,1.));
#10779 = PCURVE('',#6840,#10780);
#10780 = DEFINITIONAL_REPRESENTATION('',(#10781),#10784);
#10781 = B_SPLINE_CURVE_WITH_KNOTS('',1,(#10782,#10783),.UNSPECIFIED.,
  .F.,.F.,(2,2),(0.5,3.5),.PIECEWISE_BEZIER_KNOTS.);
#10782 = CARTESIAN_POINT('',(9.999999999991E-03,-1.));
#10783 = CARTESIAN_POINT('',(9.999999999991E-03,-4.));
#10784 = ( GEOMETRIC_REPRESENTATION_CONTEXT(2) 
PARAMETRIC_REPRESENTATION_CONTEXT() REPRESENTATION_CONTEXT('2D SPACE',''
  ) );
#10785 = PCURVE('',#10786,#10791);
#10786 = PLANE('',#10787);
#10787 = AXIS2_PLACEMENT_3D('',#10788,#10789,#10790);
#10788 = CARTESIAN_POINT('',(82.5,31.,0.));
#10789 = DIRECTION('',(1.,0.,-0.));
#10790 = DIRECTION('',(0.,-1.,0.));
#10791 = DEFINITIONAL_REPRESENTATION('',(#10792),#10795);
#10792 = B_SPLINE_CURVE_WITH_KNOTS('',1,(#10793,#10794),.UNSPECIFIED.,
  .F.,.F.,(2,2),(0.5,3.5),.PIECEWISE_BEZIER_KNOTS.);
#10793 = CARTESIAN_POINT('',(17.,0.));
#10794 = CARTESIAN_POINT('',(17.,-3.));
#10795 = ( GEOMETRIC_REPRESENTATION_CONTEXT(2) 
PARAMETRIC_REPRESENTATION_CONTEXT() REPRESENTATION_CONTEXT('2D SPACE',''
  ) );
#10796 = ORIENTED_EDGE('',*,*,#10797,.F.);
#10797 = EDGE_CURVE('',#10798,#10772,#10800,.T.);
#10798 = VERTEX_POINT('',#10799);
#10799 = CARTESIAN_POINT('',(84.,14.,3.));
#10800 = SURFACE_CURVE('',#10801,(#10805,#10811),.PCURVE_S1.);
#10801 = LINE('',#10802,#10803);
#10802 = CARTESIAN_POINT('',(62.4975,14.,3.));
#10803 = VECTOR('',#10804,1.);
#10804 = DIRECTION('',(-1.,0.,0.));
#10805 = PCURVE('',#6840,#10806);
#10806 = DEFINITIONAL_REPRESENTATION('',(#10807),#10810);
#10807 = B_SPLINE_CURVE_WITH_KNOTS('',1,(#10808,#10809),.UNSPECIFIED.,
  .F.,.F.,(2,2),(-21.5025,-19.9925),.PIECEWISE_BEZIER_KNOTS.);
#10808 = CARTESIAN_POINT('',(1.51,-4.));
#10809 = CARTESIAN_POINT('',(0.,-4.));
#10810 = ( GEOMETRIC_REPRESENTATION_CONTEXT(2) 
PARAMETRIC_REPRESENTATION_CONTEXT() REPRESENTATION_CONTEXT('2D SPACE',''
  ) );
#10811 = PCURVE('',#10812,#10817);
#10812 = PLANE('',#10813);
#10813 = AXIS2_PLACEMENT_3D('',#10814,#10815,#10816);
#10814 = CARTESIAN_POINT('',(42.505,19.25,3.));
#10815 = DIRECTION('',(0.,0.,1.));
#10816 = DIRECTION('',(1.,0.,-0.));
#10817 = DEFINITIONAL_REPRESENTATION('',(#10818),#10821);
#10818 = B_SPLINE_CURVE_WITH_KNOTS('',1,(#10819,#10820),.UNSPECIFIED.,
  .F.,.F.,(2,2),(-21.5025,-19.9925),.PIECEWISE_BEZIER_KNOTS.);
#10819 = CARTESIAN_POINT('',(41.495,-5.25));
#10820 = CARTESIAN_POINT('',(39.985,-5.25));
#10821 = ( GEOMETRIC_REPRESENTATION_CONTEXT(2) 
PARAMETRIC_REPRESENTATION_CONTEXT() REPRESENTATION_CONTEXT('2D SPACE',''
  ) );
#10822 = ORIENTED_EDGE('',*,*,#10823,.T.);
#10823 = EDGE_CURVE('',#10798,#6798,#10824,.T.);
#10824 = SURFACE_CURVE('',#10825,(#10829,#10835),.PCURVE_S1.);
#10825 = LINE('',#10826,#10827);
#10826 = CARTESIAN_POINT('',(84.,14.,-0.5));
#10827 = VECTOR('',#10828,1.);
#10828 = DIRECTION('',(0.,0.,-1.));
#10829 = PCURVE('',#6840,#10830);
#10830 = DEFINITIONAL_REPRESENTATION('',(#10831),#10834);
#10831 = B_SPLINE_CURVE_WITH_KNOTS('',1,(#10832,#10833),.UNSPECIFIED.,
  .F.,.F.,(2,2),(-3.5,-0.5),.PIECEWISE_BEZIER_KNOTS.);
#10832 = CARTESIAN_POINT('',(1.51,-4.));
#10833 = CARTESIAN_POINT('',(1.51,-1.));
#10834 = ( GEOMETRIC_REPRESENTATION_CONTEXT(2) 
PARAMETRIC_REPRESENTATION_CONTEXT() REPRESENTATION_CONTEXT('2D SPACE',''
  ) );
#10835 = PCURVE('',#6813,#10836);
#10836 = DEFINITIONAL_REPRESENTATION('',(#10837),#10840);
#10837 = B_SPLINE_CURVE_WITH_KNOTS('',1,(#10838,#10839),.UNSPECIFIED.,
  .F.,.F.,(2,2),(-3.5,-0.5),.PIECEWISE_BEZIER_KNOTS.);
#10838 = CARTESIAN_POINT('',(6.5,-3.));
#10839 = CARTESIAN_POINT('',(6.5,0.));
#10840 = ( GEOMETRIC_REPRESENTATION_CONTEXT(2) 
PARAMETRIC_REPRESENTATION_CONTEXT() REPRESENTATION_CONTEXT('2D SPACE',''
  ) );
#10841 = ORIENTED_EDGE('',*,*,#6825,.T.);
#10842 = ORIENTED_EDGE('',*,*,#10675,.F.);
#10843 = ADVANCED_FACE('',(#10844),#6813,.F.);
#10844 = FACE_BOUND('',#10845,.F.);
#10845 = EDGE_LOOP('',(#10846,#10847,#10870,#10891));
#10846 = ORIENTED_EDGE('',*,*,#6797,.F.);
#10847 = ORIENTED_EDGE('',*,*,#10848,.T.);
#10848 = EDGE_CURVE('',#6770,#10849,#10851,.T.);
#10849 = VERTEX_POINT('',#10850);
#10850 = CARTESIAN_POINT('',(84.,7.5,3.));
#10851 = SURFACE_CURVE('',#10852,(#10856,#10863),.PCURVE_S1.);
#10852 = LINE('',#10853,#10854);
#10853 = CARTESIAN_POINT('',(84.,7.5,0.));
#10854 = VECTOR('',#10855,1.);
#10855 = DIRECTION('',(0.,0.,1.));
#10856 = PCURVE('',#6813,#10857);
#10857 = DEFINITIONAL_REPRESENTATION('',(#10858),#10862);
#10858 = LINE('',#10859,#10860);
#10859 = CARTESIAN_POINT('',(0.,0.));
#10860 = VECTOR('',#10861,1.);
#10861 = DIRECTION('',(0.,-1.));
#10862 = ( GEOMETRIC_REPRESENTATION_CONTEXT(2) 
PARAMETRIC_REPRESENTATION_CONTEXT() REPRESENTATION_CONTEXT('2D SPACE',''
  ) );
#10863 = PCURVE('',#6785,#10864);
#10864 = DEFINITIONAL_REPRESENTATION('',(#10865),#10869);
#10865 = LINE('',#10866,#10867);
#10866 = CARTESIAN_POINT('',(1.5,0.));
#10867 = VECTOR('',#10868,1.);
#10868 = DIRECTION('',(0.,-1.));
#10869 = ( GEOMETRIC_REPRESENTATION_CONTEXT(2) 
PARAMETRIC_REPRESENTATION_CONTEXT() REPRESENTATION_CONTEXT('2D SPACE',''
  ) );
#10870 = ORIENTED_EDGE('',*,*,#10871,.T.);
#10871 = EDGE_CURVE('',#10849,#10798,#10872,.T.);
#10872 = SURFACE_CURVE('',#10873,(#10877,#10884),.PCURVE_S1.);
#10873 = LINE('',#10874,#10875);
#10874 = CARTESIAN_POINT('',(84.,7.5,3.));
#10875 = VECTOR('',#10876,1.);
#10876 = DIRECTION('',(0.,1.,0.));
#10877 = PCURVE('',#6813,#10878);
#10878 = DEFINITIONAL_REPRESENTATION('',(#10879),#10883);
#10879 = LINE('',#10880,#10881);
#10880 = CARTESIAN_POINT('',(0.,-3.));
#10881 = VECTOR('',#10882,1.);
#10882 = DIRECTION('',(1.,0.));
#10883 = ( GEOMETRIC_REPRESENTATION_CONTEXT(2) 
PARAMETRIC_REPRESENTATION_CONTEXT() REPRESENTATION_CONTEXT('2D SPACE',''
  ) );
#10884 = PCURVE('',#10812,#10885);
#10885 = DEFINITIONAL_REPRESENTATION('',(#10886),#10890);
#10886 = LINE('',#10887,#10888);
#10887 = CARTESIAN_POINT('',(41.495,-11.75));
#10888 = VECTOR('',#10889,1.);
#10889 = DIRECTION('',(0.,1.));
#10890 = ( GEOMETRIC_REPRESENTATION_CONTEXT(2) 
PARAMETRIC_REPRESENTATION_CONTEXT() REPRESENTATION_CONTEXT('2D SPACE',''
  ) );
#10891 = ORIENTED_EDGE('',*,*,#10823,.T.);
#10892 = ADVANCED_FACE('',(#10893),#6785,.F.);
#10893 = FACE_BOUND('',#10894,.F.);
#10894 = EDGE_LOOP('',(#10895,#10920,#10941,#10942,#10943));
#10895 = ORIENTED_EDGE('',*,*,#10896,.T.);
#10896 = EDGE_CURVE('',#10897,#10899,#10901,.T.);
#10897 = VERTEX_POINT('',#10898);
#10898 = CARTESIAN_POINT('',(82.5,7.5,0.));
#10899 = VERTEX_POINT('',#10900);
#10900 = CARTESIAN_POINT('',(82.5,7.5,3.));
#10901 = SURFACE_CURVE('',#10902,(#10906,#10913),.PCURVE_S1.);
#10902 = LINE('',#10903,#10904);
#10903 = CARTESIAN_POINT('',(82.5,7.5,0.));
#10904 = VECTOR('',#10905,1.);
#10905 = DIRECTION('',(0.,0.,1.));
#10906 = PCURVE('',#6785,#10907);
#10907 = DEFINITIONAL_REPRESENTATION('',(#10908),#10912);
#10908 = LINE('',#10909,#10910);
#10909 = CARTESIAN_POINT('',(0.,0.));
#10910 = VECTOR('',#10911,1.);
#10911 = DIRECTION('',(0.,-1.));
#10912 = ( GEOMETRIC_REPRESENTATION_CONTEXT(2) 
PARAMETRIC_REPRESENTATION_CONTEXT() REPRESENTATION_CONTEXT('2D SPACE',''
  ) );
#10913 = PCURVE('',#10786,#10914);
#10914 = DEFINITIONAL_REPRESENTATION('',(#10915),#10919);
#10915 = LINE('',#10916,#10917);
#10916 = CARTESIAN_POINT('',(23.5,0.));
#10917 = VECTOR('',#10918,1.);
#10918 = DIRECTION('',(0.,-1.));
#10919 = ( GEOMETRIC_REPRESENTATION_CONTEXT(2) 
PARAMETRIC_REPRESENTATION_CONTEXT() REPRESENTATION_CONTEXT('2D SPACE',''
  ) );
#10920 = ORIENTED_EDGE('',*,*,#10921,.T.);
#10921 = EDGE_CURVE('',#10899,#10849,#10922,.T.);
#10922 = SURFACE_CURVE('',#10923,(#10927,#10934),.PCURVE_S1.);
#10923 = LINE('',#10924,#10925);
#10924 = CARTESIAN_POINT('',(82.5,7.5,3.));
#10925 = VECTOR('',#10926,1.);
#10926 = DIRECTION('',(1.,0.,0.));
#10927 = PCURVE('',#6785,#10928);
#10928 = DEFINITIONAL_REPRESENTATION('',(#10929),#10933);
#10929 = LINE('',#10930,#10931);
#10930 = CARTESIAN_POINT('',(0.,-3.));
#10931 = VECTOR('',#10932,1.);
#10932 = DIRECTION('',(1.,0.));
#10933 = ( GEOMETRIC_REPRESENTATION_CONTEXT(2) 
PARAMETRIC_REPRESENTATION_CONTEXT() REPRESENTATION_CONTEXT('2D SPACE',''
  ) );
#10934 = PCURVE('',#10812,#10935);
#10935 = DEFINITIONAL_REPRESENTATION('',(#10936),#10940);
#10936 = LINE('',#10937,#10938);
#10937 = CARTESIAN_POINT('',(39.995,-11.75));
#10938 = VECTOR('',#10939,1.);
#10939 = DIRECTION('',(1.,0.));
#10940 = ( GEOMETRIC_REPRESENTATION_CONTEXT(2) 
PARAMETRIC_REPRESENTATION_CONTEXT() REPRESENTATION_CONTEXT('2D SPACE',''
  ) );
#10941 = ORIENTED_EDGE('',*,*,#10848,.F.);
#10942 = ORIENTED_EDGE('',*,*,#6769,.F.);
#10943 = ORIENTED_EDGE('',*,*,#10944,.F.);
#10944 = EDGE_CURVE('',#10897,#6744,#10945,.T.);
#10945 = SURFACE_CURVE('',#10946,(#10950,#10957),.PCURVE_S1.);
#10946 = LINE('',#10947,#10948);
#10947 = CARTESIAN_POINT('',(82.5,7.5,0.));
#10948 = VECTOR('',#10949,1.);
#10949 = DIRECTION('',(1.,0.,0.));
#10950 = PCURVE('',#6785,#10951);
#10951 = DEFINITIONAL_REPRESENTATION('',(#10952),#10956);
#10952 = LINE('',#10953,#10954);
#10953 = CARTESIAN_POINT('',(0.,0.));
#10954 = VECTOR('',#10955,1.);
#10955 = DIRECTION('',(1.,0.));
#10956 = ( GEOMETRIC_REPRESENTATION_CONTEXT(2) 
PARAMETRIC_REPRESENTATION_CONTEXT() REPRESENTATION_CONTEXT('2D SPACE',''
  ) );
#10957 = PCURVE('',#10760,#10958);
#10958 = DEFINITIONAL_REPRESENTATION('',(#10959),#10963);
#10959 = LINE('',#10960,#10961);
#10960 = CARTESIAN_POINT('',(-0.75,-11.75));
#10961 = VECTOR('',#10962,1.);
#10962 = DIRECTION('',(1.,0.));
#10963 = ( GEOMETRIC_REPRESENTATION_CONTEXT(2) 
PARAMETRIC_REPRESENTATION_CONTEXT() REPRESENTATION_CONTEXT('2D SPACE',''
  ) );
#10964 = ADVANCED_FACE('',(#10965),#6758,.T.);
#10965 = FACE_BOUND('',#10966,.T.);
#10966 = EDGE_LOOP('',(#10967,#10988,#10989,#10990,#11010));
#10967 = ORIENTED_EDGE('',*,*,#10968,.F.);
#10968 = EDGE_CURVE('',#10018,#10702,#10969,.T.);
#10969 = SURFACE_CURVE('',#10970,(#10974,#10981),.PCURVE_S1.);
#10970 = LINE('',#10971,#10972);
#10971 = CARTESIAN_POINT('',(83.5,7.,-1.));
#10972 = VECTOR('',#10973,1.);
#10973 = DIRECTION('',(0.,1.,0.));
#10974 = PCURVE('',#6758,#10975);
#10975 = DEFINITIONAL_REPRESENTATION('',(#10976),#10980);
#10976 = LINE('',#10977,#10978);
#10977 = CARTESIAN_POINT('',(0.,0.));
#10978 = VECTOR('',#10979,1.);
#10979 = DIRECTION('',(1.,0.));
#10980 = ( GEOMETRIC_REPRESENTATION_CONTEXT(2) 
PARAMETRIC_REPRESENTATION_CONTEXT() REPRESENTATION_CONTEXT('2D SPACE',''
  ) );
#10981 = PCURVE('',#10033,#10982);
#10982 = DEFINITIONAL_REPRESENTATION('',(#10983),#10987);
#10983 = LINE('',#10984,#10985);
#10984 = CARTESIAN_POINT('',(39.75,-11.25));
#10985 = VECTOR('',#10986,1.);
#10986 = DIRECTION('',(0.,1.));
#10987 = ( GEOMETRIC_REPRESENTATION_CONTEXT(2) 
PARAMETRIC_REPRESENTATION_CONTEXT() REPRESENTATION_CONTEXT('2D SPACE',''
  ) );
#10988 = ORIENTED_EDGE('',*,*,#10183,.T.);
#10989 = ORIENTED_EDGE('',*,*,#6743,.T.);
#10990 = ORIENTED_EDGE('',*,*,#10991,.T.);
#10991 = EDGE_CURVE('',#6744,#10725,#10992,.T.);
#10992 = SURFACE_CURVE('',#10993,(#10997,#11003),.PCURVE_S1.);
#10993 = LINE('',#10994,#10995);
#10994 = CARTESIAN_POINT('',(83.5,21.725,0.));
#10995 = VECTOR('',#10996,1.);
#10996 = DIRECTION('',(0.,1.,-0.));
#10997 = PCURVE('',#6758,#10998);
#10998 = DEFINITIONAL_REPRESENTATION('',(#10999),#11002);
#10999 = B_SPLINE_CURVE_WITH_KNOTS('',1,(#11000,#11001),.UNSPECIFIED.,
  .F.,.F.,(2,2),(-14.725,7.775),.PIECEWISE_BEZIER_KNOTS.);
#11000 = CARTESIAN_POINT('',(0.,-1.));
#11001 = CARTESIAN_POINT('',(22.5,-1.));
#11002 = ( GEOMETRIC_REPRESENTATION_CONTEXT(2) 
PARAMETRIC_REPRESENTATION_CONTEXT() REPRESENTATION_CONTEXT('2D SPACE',''
  ) );
#11003 = PCURVE('',#10760,#11004);
#11004 = DEFINITIONAL_REPRESENTATION('',(#11005),#11009);
#11005 = LINE('',#11006,#11007);
#11006 = CARTESIAN_POINT('',(0.25,2.475));
#11007 = VECTOR('',#11008,1.);
#11008 = DIRECTION('',(0.,1.));
#11009 = ( GEOMETRIC_REPRESENTATION_CONTEXT(2) 
PARAMETRIC_REPRESENTATION_CONTEXT() REPRESENTATION_CONTEXT('2D SPACE',''
  ) );
#11010 = ORIENTED_EDGE('',*,*,#10724,.T.);
#11011 = ADVANCED_FACE('',(#11012),#6705,.T.);
#11012 = FACE_BOUND('',#11013,.T.);
#11013 = EDGE_LOOP('',(#11014,#11045,#11066,#11067,#11095));
#11014 = ORIENTED_EDGE('',*,*,#11015,.F.);
#11015 = EDGE_CURVE('',#11016,#11018,#11020,.T.);
#11016 = VERTEX_POINT('',#11017);
#11017 = CARTESIAN_POINT('',(67.75,3.5,6.));
#11018 = VERTEX_POINT('',#11019);
#11019 = CARTESIAN_POINT('',(60.75,3.5,6.));
#11020 = SURFACE_CURVE('',#11021,(#11026,#11033),.PCURVE_S1.);
#11021 = CIRCLE('',#11022,3.5);
#11022 = AXIS2_PLACEMENT_3D('',#11023,#11024,#11025);
#11023 = CARTESIAN_POINT('',(64.25,3.5,6.));
#11024 = DIRECTION('',(0.,0.,1.));
#11025 = DIRECTION('',(1.,0.,-0.));
#11026 = PCURVE('',#6705,#11027);
#11027 = DEFINITIONAL_REPRESENTATION('',(#11028),#11032);
#11028 = LINE('',#11029,#11030);
#11029 = CARTESIAN_POINT('',(0.,6.));
#11030 = VECTOR('',#11031,1.);
#11031 = DIRECTION('',(1.,0.));
#11032 = ( GEOMETRIC_REPRESENTATION_CONTEXT(2) 
PARAMETRIC_REPRESENTATION_CONTEXT() REPRESENTATION_CONTEXT('2D SPACE',''
  ) );
#11033 = PCURVE('',#11034,#11039);
#11034 = PLANE('',#11035);
#11035 = AXIS2_PLACEMENT_3D('',#11036,#11037,#11038);
#11036 = CARTESIAN_POINT('',(64.25,1.7,6.));
#11037 = DIRECTION('',(0.,0.,1.));
#11038 = DIRECTION('',(1.,0.,-0.));
#11039 = DEFINITIONAL_REPRESENTATION('',(#11040),#11044);
#11040 = CIRCLE('',#11041,3.5);
#11041 = AXIS2_PLACEMENT_2D('',#11042,#11043);
#11042 = CARTESIAN_POINT('',(1.42108547152E-14,1.8));
#11043 = DIRECTION('',(1.,0.));
#11044 = ( GEOMETRIC_REPRESENTATION_CONTEXT(2) 
PARAMETRIC_REPRESENTATION_CONTEXT() REPRESENTATION_CONTEXT('2D SPACE',''
  ) );
#11045 = ORIENTED_EDGE('',*,*,#11046,.F.);
#11046 = EDGE_CURVE('',#6657,#11016,#11047,.T.);
#11047 = SURFACE_CURVE('',#11048,(#11052,#11059),.PCURVE_S1.);
#11048 = LINE('',#11049,#11050);
#11049 = CARTESIAN_POINT('',(67.75,3.5,0.));
#11050 = VECTOR('',#11051,1.);
#11051 = DIRECTION('',(0.,0.,1.));
#11052 = PCURVE('',#6705,#11053);
#11053 = DEFINITIONAL_REPRESENTATION('',(#11054),#11058);
#11054 = LINE('',#11055,#11056);
#11055 = CARTESIAN_POINT('',(0.,-0.));
#11056 = VECTOR('',#11057,1.);
#11057 = DIRECTION('',(0.,1.));
#11058 = ( GEOMETRIC_REPRESENTATION_CONTEXT(2) 
PARAMETRIC_REPRESENTATION_CONTEXT() REPRESENTATION_CONTEXT('2D SPACE',''
  ) );
#11059 = PCURVE('',#6672,#11060);
#11060 = DEFINITIONAL_REPRESENTATION('',(#11061),#11065);
#11061 = LINE('',#11062,#11063);
#11062 = CARTESIAN_POINT('',(3.6,0.));
#11063 = VECTOR('',#11064,1.);
#11064 = DIRECTION('',(0.,-1.));
#11065 = ( GEOMETRIC_REPRESENTATION_CONTEXT(2) 
PARAMETRIC_REPRESENTATION_CONTEXT() REPRESENTATION_CONTEXT('2D SPACE',''
  ) );
#11066 = ORIENTED_EDGE('',*,*,#6684,.T.);
#11067 = ORIENTED_EDGE('',*,*,#11068,.T.);
#11068 = EDGE_CURVE('',#6685,#11069,#11071,.T.);
#11069 = VERTEX_POINT('',#11070);
#11070 = CARTESIAN_POINT('',(60.75,3.5,0.));
#11071 = SURFACE_CURVE('',#11072,(#11077,#11084),.PCURVE_S1.);
#11072 = CIRCLE('',#11073,3.5);
#11073 = AXIS2_PLACEMENT_3D('',#11074,#11075,#11076);
#11074 = CARTESIAN_POINT('',(64.25,3.5,0.));
#11075 = DIRECTION('',(0.,0.,1.));
#11076 = DIRECTION('',(1.,0.,-0.));
#11077 = PCURVE('',#6705,#11078);
#11078 = DEFINITIONAL_REPRESENTATION('',(#11079),#11083);
#11079 = LINE('',#11080,#11081);
#11080 = CARTESIAN_POINT('',(0.,0.));
#11081 = VECTOR('',#11082,1.);
#11082 = DIRECTION('',(1.,0.));
#11083 = ( GEOMETRIC_REPRESENTATION_CONTEXT(2) 
PARAMETRIC_REPRESENTATION_CONTEXT() REPRESENTATION_CONTEXT('2D SPACE',''
  ) );
#11084 = PCURVE('',#10171,#11085);
#11085 = DEFINITIONAL_REPRESENTATION('',(#11086),#11094);
#11086 = ( BOUNDED_CURVE() B_SPLINE_CURVE(2,(#11087,#11088,#11089,#11090
    ,#11091,#11092,#11093),.UNSPECIFIED.,.T.,.F.) 
B_SPLINE_CURVE_WITH_KNOTS((1,2,2,2,2,1),(-2.094395102393,0.,
    2.094395102393,4.188790204786,6.28318530718,8.377580409573),
.UNSPECIFIED.) CURVE() GEOMETRIC_REPRESENTATION_ITEM() 
RATIONAL_B_SPLINE_CURVE((1.,0.5,1.,0.5,1.,0.5,1.)) REPRESENTATION_ITEM(
  '') );
#11087 = CARTESIAN_POINT('',(-18.5,-32.95));
#11088 = CARTESIAN_POINT('',(-18.5,-26.8878221735));
#11089 = CARTESIAN_POINT('',(-13.25,-29.91891108675));
#11090 = CARTESIAN_POINT('',(-8.,-32.95));
#11091 = CARTESIAN_POINT('',(-13.25,-35.98108891324));
#11092 = CARTESIAN_POINT('',(-18.5,-39.01217782649));
#11093 = CARTESIAN_POINT('',(-18.5,-32.95));
#11094 = ( GEOMETRIC_REPRESENTATION_CONTEXT(2) 
PARAMETRIC_REPRESENTATION_CONTEXT() REPRESENTATION_CONTEXT('2D SPACE',''
  ) );
#11095 = ORIENTED_EDGE('',*,*,#11096,.T.);
#11096 = EDGE_CURVE('',#11069,#11018,#11097,.T.);
#11097 = SURFACE_CURVE('',#11098,(#11102,#11109),.PCURVE_S1.);
#11098 = LINE('',#11099,#11100);
#11099 = CARTESIAN_POINT('',(60.75,3.5,0.));
#11100 = VECTOR('',#11101,1.);
#11101 = DIRECTION('',(0.,0.,1.));
#11102 = PCURVE('',#6705,#11103);
#11103 = DEFINITIONAL_REPRESENTATION('',(#11104),#11108);
#11104 = LINE('',#11105,#11106);
#11105 = CARTESIAN_POINT('',(3.14159265359,0.));
#11106 = VECTOR('',#11107,1.);
#11107 = DIRECTION('',(0.,1.));
#11108 = ( GEOMETRIC_REPRESENTATION_CONTEXT(2) 
PARAMETRIC_REPRESENTATION_CONTEXT() REPRESENTATION_CONTEXT('2D SPACE',''
  ) );
#11109 = PCURVE('',#11110,#11115);
#11110 = PLANE('',#11111);
#11111 = AXIS2_PLACEMENT_3D('',#11112,#11113,#11114);
#11112 = CARTESIAN_POINT('',(60.75,3.5,0.));
#11113 = DIRECTION('',(1.,0.,-0.));
#11114 = DIRECTION('',(0.,-1.,0.));
#11115 = DEFINITIONAL_REPRESENTATION('',(#11116),#11120);
#11116 = LINE('',#11117,#11118);
#11117 = CARTESIAN_POINT('',(0.,0.));
#11118 = VECTOR('',#11119,1.);
#11119 = DIRECTION('',(0.,-1.));
#11120 = ( GEOMETRIC_REPRESENTATION_CONTEXT(2) 
PARAMETRIC_REPRESENTATION_CONTEXT() REPRESENTATION_CONTEXT('2D SPACE',''
  ) );
#11121 = ADVANCED_FACE('',(#11122),#6672,.F.);
#11122 = FACE_BOUND('',#11123,.F.);
#11123 = EDGE_LOOP('',(#11124,#11125,#11146,#11167));
#11124 = ORIENTED_EDGE('',*,*,#6656,.F.);
#11125 = ORIENTED_EDGE('',*,*,#11126,.T.);
#11126 = EDGE_CURVE('',#6629,#11127,#11129,.T.);
#11127 = VERTEX_POINT('',#11128);
#11128 = CARTESIAN_POINT('',(67.75,0.,6.));
#11129 = SURFACE_CURVE('',#11130,(#11134,#11140),.PCURVE_S1.);
#11130 = LINE('',#11131,#11132);
#11131 = CARTESIAN_POINT('',(67.75,0.,0.));
#11132 = VECTOR('',#11133,1.);
#11133 = DIRECTION('',(0.,-0.,1.));
#11134 = PCURVE('',#6672,#11135);
#11135 = DEFINITIONAL_REPRESENTATION('',(#11136),#11139);
#11136 = B_SPLINE_CURVE_WITH_KNOTS('',1,(#11137,#11138),.UNSPECIFIED.,
  .F.,.F.,(2,2),(0.,6.),.PIECEWISE_BEZIER_KNOTS.);
#11137 = CARTESIAN_POINT('',(0.1,0.));
#11138 = CARTESIAN_POINT('',(0.1,-6.));
#11139 = ( GEOMETRIC_REPRESENTATION_CONTEXT(2) 
PARAMETRIC_REPRESENTATION_CONTEXT() REPRESENTATION_CONTEXT('2D SPACE',''
  ) );
#11140 = PCURVE('',#6644,#11141);
#11141 = DEFINITIONAL_REPRESENTATION('',(#11142),#11145);
#11142 = B_SPLINE_CURVE_WITH_KNOTS('',1,(#11143,#11144),.UNSPECIFIED.,
  .F.,.F.,(2,2),(0.,6.),.PIECEWISE_BEZIER_KNOTS.);
#11143 = CARTESIAN_POINT('',(9.625880325351,0.));
#11144 = CARTESIAN_POINT('',(9.625880325351,-6.));
#11145 = ( GEOMETRIC_REPRESENTATION_CONTEXT(2) 
PARAMETRIC_REPRESENTATION_CONTEXT() REPRESENTATION_CONTEXT('2D SPACE',''
  ) );
#11146 = ORIENTED_EDGE('',*,*,#11147,.T.);
#11147 = EDGE_CURVE('',#11127,#11016,#11148,.T.);
#11148 = SURFACE_CURVE('',#11149,(#11153,#11160),.PCURVE_S1.);
#11149 = LINE('',#11150,#11151);
#11150 = CARTESIAN_POINT('',(67.75,-0.1,6.));
#11151 = VECTOR('',#11152,1.);
#11152 = DIRECTION('',(0.,1.,0.));
#11153 = PCURVE('',#6672,#11154);
#11154 = DEFINITIONAL_REPRESENTATION('',(#11155),#11159);
#11155 = LINE('',#11156,#11157);
#11156 = CARTESIAN_POINT('',(0.,-6.));
#11157 = VECTOR('',#11158,1.);
#11158 = DIRECTION('',(1.,0.));
#11159 = ( GEOMETRIC_REPRESENTATION_CONTEXT(2) 
PARAMETRIC_REPRESENTATION_CONTEXT() REPRESENTATION_CONTEXT('2D SPACE',''
  ) );
#11160 = PCURVE('',#11034,#11161);
#11161 = DEFINITIONAL_REPRESENTATION('',(#11162),#11166);
#11162 = LINE('',#11163,#11164);
#11163 = CARTESIAN_POINT('',(3.5,-1.8));
#11164 = VECTOR('',#11165,1.);
#11165 = DIRECTION('',(0.,1.));
#11166 = ( GEOMETRIC_REPRESENTATION_CONTEXT(2) 
PARAMETRIC_REPRESENTATION_CONTEXT() REPRESENTATION_CONTEXT('2D SPACE',''
  ) );
#11167 = ORIENTED_EDGE('',*,*,#11046,.F.);
#11168 = ADVANCED_FACE('',(#11169),#6644,.T.);
#11169 = FACE_BOUND('',#11170,.T.);
#11170 = EDGE_LOOP('',(#11171,#11196,#11217,#11218,#11239,#11240,#11241,
    #11264));
#11171 = ORIENTED_EDGE('',*,*,#11172,.F.);
#11172 = EDGE_CURVE('',#11173,#11175,#11177,.T.);
#11173 = VERTEX_POINT('',#11174);
#11174 = CARTESIAN_POINT('',(58.124119674649,0.,0.));
#11175 = VERTEX_POINT('',#11176);
#11176 = CARTESIAN_POINT('',(60.75,0.,0.));
#11177 = SURFACE_CURVE('',#11178,(#11182,#11189),.PCURVE_S1.);
#11178 = LINE('',#11179,#11180);
#11179 = CARTESIAN_POINT('',(0.,0.,0.));
#11180 = VECTOR('',#11181,1.);
#11181 = DIRECTION('',(1.,0.,0.));
#11182 = PCURVE('',#6644,#11183);
#11183 = DEFINITIONAL_REPRESENTATION('',(#11184),#11188);
#11184 = LINE('',#11185,#11186);
#11185 = CARTESIAN_POINT('',(-58.12411967464,0.));
#11186 = VECTOR('',#11187,1.);
#11187 = DIRECTION('',(1.,0.));
#11188 = ( GEOMETRIC_REPRESENTATION_CONTEXT(2) 
PARAMETRIC_REPRESENTATION_CONTEXT() REPRESENTATION_CONTEXT('2D SPACE',''
  ) );
#11189 = PCURVE('',#10171,#11190);
#11190 = DEFINITIONAL_REPRESENTATION('',(#11191),#11195);
#11191 = LINE('',#11192,#11193);
#11192 = CARTESIAN_POINT('',(49.25,-36.45));
#11193 = VECTOR('',#11194,1.);
#11194 = DIRECTION('',(-1.,0.));
#11195 = ( GEOMETRIC_REPRESENTATION_CONTEXT(2) 
PARAMETRIC_REPRESENTATION_CONTEXT() REPRESENTATION_CONTEXT('2D SPACE',''
  ) );
#11196 = ORIENTED_EDGE('',*,*,#11197,.T.);
#11197 = EDGE_CURVE('',#11173,#8663,#11198,.T.);
#11198 = SURFACE_CURVE('',#11199,(#11203,#11210),.PCURVE_S1.);
#11199 = LINE('',#11200,#11201);
#11200 = CARTESIAN_POINT('',(58.124119674649,0.,0.));
#11201 = VECTOR('',#11202,1.);
#11202 = DIRECTION('',(0.,0.,1.));
#11203 = PCURVE('',#6644,#11204);
#11204 = DEFINITIONAL_REPRESENTATION('',(#11205),#11209);
#11205 = LINE('',#11206,#11207);
#11206 = CARTESIAN_POINT('',(0.,0.));
#11207 = VECTOR('',#11208,1.);
#11208 = DIRECTION('',(0.,-1.));
#11209 = ( GEOMETRIC_REPRESENTATION_CONTEXT(2) 
PARAMETRIC_REPRESENTATION_CONTEXT() REPRESENTATION_CONTEXT('2D SPACE',''
  ) );
#11210 = PCURVE('',#8704,#11211);
#11211 = DEFINITIONAL_REPRESENTATION('',(#11212),#11216);
#11212 = LINE('',#11213,#11214);
#11213 = CARTESIAN_POINT('',(0.,0.));
#11214 = VECTOR('',#11215,1.);
#11215 = DIRECTION('',(0.,-1.));
#11216 = ( GEOMETRIC_REPRESENTATION_CONTEXT(2) 
PARAMETRIC_REPRESENTATION_CONTEXT() REPRESENTATION_CONTEXT('2D SPACE',''
  ) );
#11217 = ORIENTED_EDGE('',*,*,#8662,.F.);
#11218 = ORIENTED_EDGE('',*,*,#11219,.F.);
#11219 = EDGE_CURVE('',#6600,#8635,#11220,.T.);
#11220 = SURFACE_CURVE('',#11221,(#11225,#11232),.PCURVE_S1.);
#11221 = LINE('',#11222,#11223);
#11222 = CARTESIAN_POINT('',(88.125880325351,-4.440892098501E-16,0.));
#11223 = VECTOR('',#11224,1.);
#11224 = DIRECTION('',(0.,0.,1.));
#11225 = PCURVE('',#6644,#11226);
#11226 = DEFINITIONAL_REPRESENTATION('',(#11227),#11231);
#11227 = LINE('',#11228,#11229);
#11228 = CARTESIAN_POINT('',(30.001760650701,0.));
#11229 = VECTOR('',#11230,1.);
#11230 = DIRECTION('',(0.,-1.));
#11231 = ( GEOMETRIC_REPRESENTATION_CONTEXT(2) 
PARAMETRIC_REPRESENTATION_CONTEXT() REPRESENTATION_CONTEXT('2D SPACE',''
  ) );
#11232 = PCURVE('',#6616,#11233);
#11233 = DEFINITIONAL_REPRESENTATION('',(#11234),#11238);
#11234 = LINE('',#11235,#11236);
#11235 = CARTESIAN_POINT('',(6.28318530718,0.));
#11236 = VECTOR('',#11237,1.);
#11237 = DIRECTION('',(0.,-1.));
#11238 = ( GEOMETRIC_REPRESENTATION_CONTEXT(2) 
PARAMETRIC_REPRESENTATION_CONTEXT() REPRESENTATION_CONTEXT('2D SPACE',''
  ) );
#11239 = ORIENTED_EDGE('',*,*,#6628,.F.);
#11240 = ORIENTED_EDGE('',*,*,#11126,.T.);
#11241 = ORIENTED_EDGE('',*,*,#11242,.T.);
#11242 = EDGE_CURVE('',#11127,#11243,#11245,.T.);
#11243 = VERTEX_POINT('',#11244);
#11244 = CARTESIAN_POINT('',(60.75,0.,6.));
#11245 = SURFACE_CURVE('',#11246,(#11250,#11257),.PCURVE_S1.);
#11246 = LINE('',#11247,#11248);
#11247 = CARTESIAN_POINT('',(67.75,0.,6.));
#11248 = VECTOR('',#11249,1.);
#11249 = DIRECTION('',(-1.,0.,0.));
#11250 = PCURVE('',#6644,#11251);
#11251 = DEFINITIONAL_REPRESENTATION('',(#11252),#11256);
#11252 = LINE('',#11253,#11254);
#11253 = CARTESIAN_POINT('',(9.625880325351,-6.));
#11254 = VECTOR('',#11255,1.);
#11255 = DIRECTION('',(-1.,0.));
#11256 = ( GEOMETRIC_REPRESENTATION_CONTEXT(2) 
PARAMETRIC_REPRESENTATION_CONTEXT() REPRESENTATION_CONTEXT('2D SPACE',''
  ) );
#11257 = PCURVE('',#11034,#11258);
#11258 = DEFINITIONAL_REPRESENTATION('',(#11259),#11263);
#11259 = LINE('',#11260,#11261);
#11260 = CARTESIAN_POINT('',(3.5,-1.7));
#11261 = VECTOR('',#11262,1.);
#11262 = DIRECTION('',(-1.,0.));
#11263 = ( GEOMETRIC_REPRESENTATION_CONTEXT(2) 
PARAMETRIC_REPRESENTATION_CONTEXT() REPRESENTATION_CONTEXT('2D SPACE',''
  ) );
#11264 = ORIENTED_EDGE('',*,*,#11265,.T.);
#11265 = EDGE_CURVE('',#11243,#11175,#11266,.T.);
#11266 = SURFACE_CURVE('',#11267,(#11271,#11277),.PCURVE_S1.);
#11267 = LINE('',#11268,#11269);
#11268 = CARTESIAN_POINT('',(60.75,0.,0.));
#11269 = VECTOR('',#11270,1.);
#11270 = DIRECTION('',(-0.,0.,-1.));
#11271 = PCURVE('',#6644,#11272);
#11272 = DEFINITIONAL_REPRESENTATION('',(#11273),#11276);
#11273 = B_SPLINE_CURVE_WITH_KNOTS('',1,(#11274,#11275),.UNSPECIFIED.,
  .F.,.F.,(2,2),(-6.,0.),.PIECEWISE_BEZIER_KNOTS.);
#11274 = CARTESIAN_POINT('',(2.625880325351,-6.));
#11275 = CARTESIAN_POINT('',(2.625880325351,0.));
#11276 = ( GEOMETRIC_REPRESENTATION_CONTEXT(2) 
PARAMETRIC_REPRESENTATION_CONTEXT() REPRESENTATION_CONTEXT('2D SPACE',''
  ) );
#11277 = PCURVE('',#11110,#11278);
#11278 = DEFINITIONAL_REPRESENTATION('',(#11279),#11282);
#11279 = B_SPLINE_CURVE_WITH_KNOTS('',1,(#11280,#11281),.UNSPECIFIED.,
  .F.,.F.,(2,2),(-6.,0.),.PIECEWISE_BEZIER_KNOTS.);
#11280 = CARTESIAN_POINT('',(3.5,-6.));
#11281 = CARTESIAN_POINT('',(3.5,0.));
#11282 = ( GEOMETRIC_REPRESENTATION_CONTEXT(2) 
PARAMETRIC_REPRESENTATION_CONTEXT() REPRESENTATION_CONTEXT('2D SPACE',''
  ) );
#11283 = ADVANCED_FACE('',(#11284),#6616,.F.);
#11284 = FACE_BOUND('',#11285,.F.);
#11285 = EDGE_LOOP('',(#11286,#11287,#11308,#11309));
#11286 = ORIENTED_EDGE('',*,*,#6599,.F.);
#11287 = ORIENTED_EDGE('',*,*,#11288,.T.);
#11288 = EDGE_CURVE('',#6567,#8607,#11289,.T.);
#11289 = SURFACE_CURVE('',#11290,(#11294,#11301),.PCURVE_S1.);
#11290 = LINE('',#11291,#11292);
#11291 = CARTESIAN_POINT('',(91.0839202169,2.5,0.));
#11292 = VECTOR('',#11293,1.);
#11293 = DIRECTION('',(0.,0.,1.));
#11294 = PCURVE('',#6616,#11295);
#11295 = DEFINITIONAL_REPRESENTATION('',(#11296),#11300);
#11296 = LINE('',#11297,#11298);
#11297 = CARTESIAN_POINT('',(4.879837059604,0.));
#11298 = VECTOR('',#11299,1.);
#11299 = DIRECTION('',(0.,-1.));
#11300 = ( GEOMETRIC_REPRESENTATION_CONTEXT(2) 
PARAMETRIC_REPRESENTATION_CONTEXT() REPRESENTATION_CONTEXT('2D SPACE',''
  ) );
#11301 = PCURVE('',#6587,#11302);
#11302 = DEFINITIONAL_REPRESENTATION('',(#11303),#11307);
#11303 = LINE('',#11304,#11305);
#11304 = CARTESIAN_POINT('',(-2.97414457437,0.));
#11305 = VECTOR('',#11306,1.);
#11306 = DIRECTION('',(-0.,-1.));
#11307 = ( GEOMETRIC_REPRESENTATION_CONTEXT(2) 
PARAMETRIC_REPRESENTATION_CONTEXT() REPRESENTATION_CONTEXT('2D SPACE',''
  ) );
#11308 = ORIENTED_EDGE('',*,*,#8634,.T.);
#11309 = ORIENTED_EDGE('',*,*,#11219,.F.);
#11310 = ADVANCED_FACE('',(#11311),#6587,.T.);
#11311 = FACE_BOUND('',#11312,.F.);
#11312 = EDGE_LOOP('',(#11313,#11314,#11315,#11316));
#11313 = ORIENTED_EDGE('',*,*,#6566,.F.);
#11314 = ORIENTED_EDGE('',*,*,#9074,.T.);
#11315 = ORIENTED_EDGE('',*,*,#8606,.F.);
#11316 = ORIENTED_EDGE('',*,*,#11288,.F.);
#11317 = ADVANCED_FACE('',(#11318),#6507,.T.);
#11318 = FACE_BOUND('',#11319,.F.);
#11319 = EDGE_LOOP('',(#11320,#11321,#11342,#11343));
#11320 = ORIENTED_EDGE('',*,*,#6486,.F.);
#11321 = ORIENTED_EDGE('',*,*,#11322,.T.);
#11322 = EDGE_CURVE('',#6458,#8524,#11323,.T.);
#11323 = SURFACE_CURVE('',#11324,(#11328,#11335),.PCURVE_S1.);
#11324 = LINE('',#11325,#11326);
#11325 = CARTESIAN_POINT('',(91.0839202169,70.4,0.));
#11326 = VECTOR('',#11327,1.);
#11327 = DIRECTION('',(0.,0.,1.));
#11328 = PCURVE('',#6507,#11329);
#11329 = DEFINITIONAL_REPRESENTATION('',(#11330),#11334);
#11330 = LINE('',#11331,#11332);
#11331 = CARTESIAN_POINT('',(-3.309040732809,0.));
#11332 = VECTOR('',#11333,1.);
#11333 = DIRECTION('',(-0.,-1.));
#11334 = ( GEOMETRIC_REPRESENTATION_CONTEXT(2) 
PARAMETRIC_REPRESENTATION_CONTEXT() REPRESENTATION_CONTEXT('2D SPACE',''
  ) );
#11335 = PCURVE('',#6474,#11336);
#11336 = DEFINITIONAL_REPRESENTATION('',(#11337),#11341);
#11337 = LINE('',#11338,#11339);
#11338 = CARTESIAN_POINT('',(4.544940901165,0.));
#11339 = VECTOR('',#11340,1.);
#11340 = DIRECTION('',(0.,-1.));
#11341 = ( GEOMETRIC_REPRESENTATION_CONTEXT(2) 
PARAMETRIC_REPRESENTATION_CONTEXT() REPRESENTATION_CONTEXT('2D SPACE',''
  ) );
#11342 = ORIENTED_EDGE('',*,*,#8521,.F.);
#11343 = ORIENTED_EDGE('',*,*,#9099,.F.);
#11344 = ADVANCED_FACE('',(#11345),#6474,.F.);
#11345 = FACE_BOUND('',#11346,.F.);
#11346 = EDGE_LOOP('',(#11347,#11348,#11349,#11350));
#11347 = ORIENTED_EDGE('',*,*,#6457,.F.);
#11348 = ORIENTED_EDGE('',*,*,#9126,.T.);
#11349 = ORIENTED_EDGE('',*,*,#9042,.T.);
#11350 = ORIENTED_EDGE('',*,*,#11322,.F.);
#11351 = ADVANCED_FACE('',(#11352),#7709,.T.);
#11352 = FACE_BOUND('',#11353,.T.);
#11353 = EDGE_LOOP('',(#11354,#11355,#11375,#11402));
#11354 = ORIENTED_EDGE('',*,*,#7688,.T.);
#11355 = ORIENTED_EDGE('',*,*,#11356,.T.);
#11356 = EDGE_CURVE('',#7689,#11357,#11359,.T.);
#11357 = VERTEX_POINT('',#11358);
#11358 = CARTESIAN_POINT('',(96.25,35.25,2.));
#11359 = SEAM_CURVE('',#11360,(#11363,#11369),.PCURVE_S1.);
#11360 = B_SPLINE_CURVE_WITH_KNOTS('',1,(#11361,#11362),.UNSPECIFIED.,
  .F.,.F.,(2,2),(0.,1.),.PIECEWISE_BEZIER_KNOTS.);
#11361 = CARTESIAN_POINT('',(97.5,35.25,0.));
#11362 = CARTESIAN_POINT('',(96.25,35.25,2.));
#11363 = PCURVE('',#7709,#11364);
#11364 = DEFINITIONAL_REPRESENTATION('',(#11365),#11368);
#11365 = B_SPLINE_CURVE_WITH_KNOTS('',1,(#11366,#11367),.UNSPECIFIED.,
  .F.,.F.,(2,2),(0.,1.),.PIECEWISE_BEZIER_KNOTS.);
#11366 = CARTESIAN_POINT('',(-6.28318530718,0.));
#11367 = CARTESIAN_POINT('',(-6.28318530718,-2.));
#11368 = ( GEOMETRIC_REPRESENTATION_CONTEXT(2) 
PARAMETRIC_REPRESENTATION_CONTEXT() REPRESENTATION_CONTEXT('2D SPACE',''
  ) );
#11369 = PCURVE('',#7709,#11370);
#11370 = DEFINITIONAL_REPRESENTATION('',(#11371),#11374);
#11371 = B_SPLINE_CURVE_WITH_KNOTS('',1,(#11372,#11373),.UNSPECIFIED.,
  .F.,.F.,(2,2),(0.,1.),.PIECEWISE_BEZIER_KNOTS.);
#11372 = CARTESIAN_POINT('',(0.,0.));
#11373 = CARTESIAN_POINT('',(0.,-2.));
#11374 = ( GEOMETRIC_REPRESENTATION_CONTEXT(2) 
PARAMETRIC_REPRESENTATION_CONTEXT() REPRESENTATION_CONTEXT('2D SPACE',''
  ) );
#11375 = ORIENTED_EDGE('',*,*,#11376,.F.);
#11376 = EDGE_CURVE('',#11357,#11357,#11377,.T.);
#11377 = SURFACE_CURVE('',#11378,(#11383,#11390),.PCURVE_S1.);
#11378 = CIRCLE('',#11379,3.);
#11379 = AXIS2_PLACEMENT_3D('',#11380,#11381,#11382);
#11380 = CARTESIAN_POINT('',(93.25,35.25,2.));
#11381 = DIRECTION('',(0.,0.,1.));
#11382 = DIRECTION('',(1.,0.,0.));
#11383 = PCURVE('',#7709,#11384);
#11384 = DEFINITIONAL_REPRESENTATION('',(#11385),#11389);
#11385 = LINE('',#11386,#11387);
#11386 = CARTESIAN_POINT('',(-0.,-2.));
#11387 = VECTOR('',#11388,1.);
#11388 = DIRECTION('',(-1.,-0.));
#11389 = ( GEOMETRIC_REPRESENTATION_CONTEXT(2) 
PARAMETRIC_REPRESENTATION_CONTEXT() REPRESENTATION_CONTEXT('2D SPACE',''
  ) );
#11390 = PCURVE('',#11391,#11396);
#11391 = CYLINDRICAL_SURFACE('',#11392,3.);
#11392 = AXIS2_PLACEMENT_3D('',#11393,#11394,#11395);
#11393 = CARTESIAN_POINT('',(93.25,35.25,0.));
#11394 = DIRECTION('',(0.,0.,1.));
#11395 = DIRECTION('',(1.,0.,-0.));
#11396 = DEFINITIONAL_REPRESENTATION('',(#11397),#11401);
#11397 = LINE('',#11398,#11399);
#11398 = CARTESIAN_POINT('',(0.,2.));
#11399 = VECTOR('',#11400,1.);
#11400 = DIRECTION('',(1.,0.));
#11401 = ( GEOMETRIC_REPRESENTATION_CONTEXT(2) 
PARAMETRIC_REPRESENTATION_CONTEXT() REPRESENTATION_CONTEXT('2D SPACE',''
  ) );
#11402 = ORIENTED_EDGE('',*,*,#11356,.F.);
#11403 = ADVANCED_FACE('',(#11404),#7746,.T.);
#11404 = FACE_BOUND('',#11405,.T.);
#11405 = EDGE_LOOP('',(#11406,#11426,#11427,#11428,#11429));
#11406 = ORIENTED_EDGE('',*,*,#11407,.F.);
#11407 = EDGE_CURVE('',#7724,#11408,#11410,.T.);
#11408 = VERTEX_POINT('',#11409);
#11409 = CARTESIAN_POINT('',(64.5,35.25,2.));
#11410 = SEAM_CURVE('',#11411,(#11414,#11420),.PCURVE_S1.);
#11411 = B_SPLINE_CURVE_WITH_KNOTS('',1,(#11412,#11413),.UNSPECIFIED.,
  .F.,.F.,(2,2),(0.,1.),.PIECEWISE_BEZIER_KNOTS.);
#11412 = CARTESIAN_POINT('',(65.75,35.25,0.));
#11413 = CARTESIAN_POINT('',(64.5,35.25,2.));
#11414 = PCURVE('',#7746,#11415);
#11415 = DEFINITIONAL_REPRESENTATION('',(#11416),#11419);
#11416 = B_SPLINE_CURVE_WITH_KNOTS('',1,(#11417,#11418),.UNSPECIFIED.,
  .F.,.F.,(2,2),(0.,1.),.PIECEWISE_BEZIER_KNOTS.);
#11417 = CARTESIAN_POINT('',(0.,0.));
#11418 = CARTESIAN_POINT('',(0.,-2.));
#11419 = ( GEOMETRIC_REPRESENTATION_CONTEXT(2) 
PARAMETRIC_REPRESENTATION_CONTEXT() REPRESENTATION_CONTEXT('2D SPACE',''
  ) );
#11420 = PCURVE('',#7746,#11421);
#11421 = DEFINITIONAL_REPRESENTATION('',(#11422),#11425);
#11422 = B_SPLINE_CURVE_WITH_KNOTS('',1,(#11423,#11424),.UNSPECIFIED.,
  .F.,.F.,(2,2),(0.,1.),.PIECEWISE_BEZIER_KNOTS.);
#11423 = CARTESIAN_POINT('',(-6.28318530718,0.));
#11424 = CARTESIAN_POINT('',(-6.28318530718,-2.));
#11425 = ( GEOMETRIC_REPRESENTATION_CONTEXT(2) 
PARAMETRIC_REPRESENTATION_CONTEXT() REPRESENTATION_CONTEXT('2D SPACE',''
  ) );
#11426 = ORIENTED_EDGE('',*,*,#7723,.T.);
#11427 = ORIENTED_EDGE('',*,*,#7758,.T.);
#11428 = ORIENTED_EDGE('',*,*,#11407,.T.);
#11429 = ORIENTED_EDGE('',*,*,#11430,.F.);
#11430 = EDGE_CURVE('',#11408,#11408,#11431,.T.);
#11431 = SURFACE_CURVE('',#11432,(#11437,#11444),.PCURVE_S1.);
#11432 = CIRCLE('',#11433,3.);
#11433 = AXIS2_PLACEMENT_3D('',#11434,#11435,#11436);
#11434 = CARTESIAN_POINT('',(61.5,35.25,2.));
#11435 = DIRECTION('',(0.,0.,1.));
#11436 = DIRECTION('',(1.,0.,0.));
#11437 = PCURVE('',#7746,#11438);
#11438 = DEFINITIONAL_REPRESENTATION('',(#11439),#11443);
#11439 = LINE('',#11440,#11441);
#11440 = CARTESIAN_POINT('',(-0.,-2.));
#11441 = VECTOR('',#11442,1.);
#11442 = DIRECTION('',(-1.,-0.));
#11443 = ( GEOMETRIC_REPRESENTATION_CONTEXT(2) 
PARAMETRIC_REPRESENTATION_CONTEXT() REPRESENTATION_CONTEXT('2D SPACE',''
  ) );
#11444 = PCURVE('',#11445,#11450);
#11445 = CYLINDRICAL_SURFACE('',#11446,3.);
#11446 = AXIS2_PLACEMENT_3D('',#11447,#11448,#11449);
#11447 = CARTESIAN_POINT('',(61.5,35.25,0.));
#11448 = DIRECTION('',(0.,0.,1.));
#11449 = DIRECTION('',(1.,0.,-0.));
#11450 = DEFINITIONAL_REPRESENTATION('',(#11451),#11455);
#11451 = LINE('',#11452,#11453);
#11452 = CARTESIAN_POINT('',(0.,2.));
#11453 = VECTOR('',#11454,1.);
#11454 = DIRECTION('',(1.,0.));
#11455 = ( GEOMETRIC_REPRESENTATION_CONTEXT(2) 
PARAMETRIC_REPRESENTATION_CONTEXT() REPRESENTATION_CONTEXT('2D SPACE',''
  ) );
#11456 = ADVANCED_FACE('',(#11457),#7807,.T.);
#11457 = FACE_BOUND('',#11458,.T.);
#11458 = EDGE_LOOP('',(#11459,#11460,#11480,#11507));
#11459 = ORIENTED_EDGE('',*,*,#7786,.T.);
#11460 = ORIENTED_EDGE('',*,*,#11461,.T.);
#11461 = EDGE_CURVE('',#7787,#11462,#11464,.T.);
#11462 = VERTEX_POINT('',#11463);
#11463 = CARTESIAN_POINT('',(96.25,60.65,2.));
#11464 = SEAM_CURVE('',#11465,(#11468,#11474),.PCURVE_S1.);
#11465 = B_SPLINE_CURVE_WITH_KNOTS('',1,(#11466,#11467),.UNSPECIFIED.,
  .F.,.F.,(2,2),(0.,1.),.PIECEWISE_BEZIER_KNOTS.);
#11466 = CARTESIAN_POINT('',(97.5,60.65,0.));
#11467 = CARTESIAN_POINT('',(96.25,60.65,2.));
#11468 = PCURVE('',#7807,#11469);
#11469 = DEFINITIONAL_REPRESENTATION('',(#11470),#11473);
#11470 = B_SPLINE_CURVE_WITH_KNOTS('',1,(#11471,#11472),.UNSPECIFIED.,
  .F.,.F.,(2,2),(0.,1.),.PIECEWISE_BEZIER_KNOTS.);
#11471 = CARTESIAN_POINT('',(-6.28318530718,0.));
#11472 = CARTESIAN_POINT('',(-6.28318530718,-2.));
#11473 = ( GEOMETRIC_REPRESENTATION_CONTEXT(2) 
PARAMETRIC_REPRESENTATION_CONTEXT() REPRESENTATION_CONTEXT('2D SPACE',''
  ) );
#11474 = PCURVE('',#7807,#11475);
#11475 = DEFINITIONAL_REPRESENTATION('',(#11476),#11479);
#11476 = B_SPLINE_CURVE_WITH_KNOTS('',1,(#11477,#11478),.UNSPECIFIED.,
  .F.,.F.,(2,2),(0.,1.),.PIECEWISE_BEZIER_KNOTS.);
#11477 = CARTESIAN_POINT('',(0.,0.));
#11478 = CARTESIAN_POINT('',(0.,-2.));
#11479 = ( GEOMETRIC_REPRESENTATION_CONTEXT(2) 
PARAMETRIC_REPRESENTATION_CONTEXT() REPRESENTATION_CONTEXT('2D SPACE',''
  ) );
#11480 = ORIENTED_EDGE('',*,*,#11481,.F.);
#11481 = EDGE_CURVE('',#11462,#11462,#11482,.T.);
#11482 = SURFACE_CURVE('',#11483,(#11488,#11495),.PCURVE_S1.);
#11483 = CIRCLE('',#11484,3.);
#11484 = AXIS2_PLACEMENT_3D('',#11485,#11486,#11487);
#11485 = CARTESIAN_POINT('',(93.25,60.65,2.));
#11486 = DIRECTION('',(0.,0.,1.));
#11487 = DIRECTION('',(1.,0.,0.));
#11488 = PCURVE('',#7807,#11489);
#11489 = DEFINITIONAL_REPRESENTATION('',(#11490),#11494);
#11490 = LINE('',#11491,#11492);
#11491 = CARTESIAN_POINT('',(-0.,-2.));
#11492 = VECTOR('',#11493,1.);
#11493 = DIRECTION('',(-1.,-0.));
#11494 = ( GEOMETRIC_REPRESENTATION_CONTEXT(2) 
PARAMETRIC_REPRESENTATION_CONTEXT() REPRESENTATION_CONTEXT('2D SPACE',''
  ) );
#11495 = PCURVE('',#11496,#11501);
#11496 = CYLINDRICAL_SURFACE('',#11497,3.);
#11497 = AXIS2_PLACEMENT_3D('',#11498,#11499,#11500);
#11498 = CARTESIAN_POINT('',(93.25,60.65,0.));
#11499 = DIRECTION('',(0.,0.,1.));
#11500 = DIRECTION('',(1.,0.,-0.));
#11501 = DEFINITIONAL_REPRESENTATION('',(#11502),#11506);
#11502 = LINE('',#11503,#11504);
#11503 = CARTESIAN_POINT('',(0.,2.));
#11504 = VECTOR('',#11505,1.);
#11505 = DIRECTION('',(1.,0.));
#11506 = ( GEOMETRIC_REPRESENTATION_CONTEXT(2) 
PARAMETRIC_REPRESENTATION_CONTEXT() REPRESENTATION_CONTEXT('2D SPACE',''
  ) );
#11507 = ORIENTED_EDGE('',*,*,#11461,.F.);
#11508 = ADVANCED_FACE('',(#11509),#7842,.T.);
#11509 = FACE_BOUND('',#11510,.T.);
#11510 = EDGE_LOOP('',(#11511,#11512,#11532,#11559));
#11511 = ORIENTED_EDGE('',*,*,#7821,.T.);
#11512 = ORIENTED_EDGE('',*,*,#11513,.T.);
#11513 = EDGE_CURVE('',#7822,#11514,#11516,.T.);
#11514 = VERTEX_POINT('',#11515);
#11515 = CARTESIAN_POINT('',(64.5,60.65,2.));
#11516 = SEAM_CURVE('',#11517,(#11520,#11526),.PCURVE_S1.);
#11517 = B_SPLINE_CURVE_WITH_KNOTS('',1,(#11518,#11519),.UNSPECIFIED.,
  .F.,.F.,(2,2),(0.,1.),.PIECEWISE_BEZIER_KNOTS.);
#11518 = CARTESIAN_POINT('',(65.75,60.65,0.));
#11519 = CARTESIAN_POINT('',(64.5,60.65,2.));
#11520 = PCURVE('',#7842,#11521);
#11521 = DEFINITIONAL_REPRESENTATION('',(#11522),#11525);
#11522 = B_SPLINE_CURVE_WITH_KNOTS('',1,(#11523,#11524),.UNSPECIFIED.,
  .F.,.F.,(2,2),(0.,1.),.PIECEWISE_BEZIER_KNOTS.);
#11523 = CARTESIAN_POINT('',(-6.28318530718,0.));
#11524 = CARTESIAN_POINT('',(-6.28318530718,-2.));
#11525 = ( GEOMETRIC_REPRESENTATION_CONTEXT(2) 
PARAMETRIC_REPRESENTATION_CONTEXT() REPRESENTATION_CONTEXT('2D SPACE',''
  ) );
#11526 = PCURVE('',#7842,#11527);
#11527 = DEFINITIONAL_REPRESENTATION('',(#11528),#11531);
#11528 = B_SPLINE_CURVE_WITH_KNOTS('',1,(#11529,#11530),.UNSPECIFIED.,
  .F.,.F.,(2,2),(0.,1.),.PIECEWISE_BEZIER_KNOTS.);
#11529 = CARTESIAN_POINT('',(0.,0.));
#11530 = CARTESIAN_POINT('',(0.,-2.));
#11531 = ( GEOMETRIC_REPRESENTATION_CONTEXT(2) 
PARAMETRIC_REPRESENTATION_CONTEXT() REPRESENTATION_CONTEXT('2D SPACE',''
  ) );
#11532 = ORIENTED_EDGE('',*,*,#11533,.F.);
#11533 = EDGE_CURVE('',#11514,#11514,#11534,.T.);
#11534 = SURFACE_CURVE('',#11535,(#11540,#11547),.PCURVE_S1.);
#11535 = CIRCLE('',#11536,3.);
#11536 = AXIS2_PLACEMENT_3D('',#11537,#11538,#11539);
#11537 = CARTESIAN_POINT('',(61.5,60.65,2.));
#11538 = DIRECTION('',(0.,0.,1.));
#11539 = DIRECTION('',(1.,0.,0.));
#11540 = PCURVE('',#7842,#11541);
#11541 = DEFINITIONAL_REPRESENTATION('',(#11542),#11546);
#11542 = LINE('',#11543,#11544);
#11543 = CARTESIAN_POINT('',(-0.,-2.));
#11544 = VECTOR('',#11545,1.);
#11545 = DIRECTION('',(-1.,-0.));
#11546 = ( GEOMETRIC_REPRESENTATION_CONTEXT(2) 
PARAMETRIC_REPRESENTATION_CONTEXT() REPRESENTATION_CONTEXT('2D SPACE',''
  ) );
#11547 = PCURVE('',#11548,#11553);
#11548 = CYLINDRICAL_SURFACE('',#11549,3.);
#11549 = AXIS2_PLACEMENT_3D('',#11550,#11551,#11552);
#11550 = CARTESIAN_POINT('',(61.5,60.65,0.));
#11551 = DIRECTION('',(0.,0.,1.));
#11552 = DIRECTION('',(1.,0.,-0.));
#11553 = DEFINITIONAL_REPRESENTATION('',(#11554),#11558);
#11554 = LINE('',#11555,#11556);
#11555 = CARTESIAN_POINT('',(0.,2.));
#11556 = VECTOR('',#11557,1.);
#11557 = DIRECTION('',(1.,0.));
#11558 = ( GEOMETRIC_REPRESENTATION_CONTEXT(2) 
PARAMETRIC_REPRESENTATION_CONTEXT() REPRESENTATION_CONTEXT('2D SPACE',''
  ) );
#11559 = ORIENTED_EDGE('',*,*,#11513,.F.);
#11560 = ADVANCED_FACE('',(#11561),#7873,.T.);
#11561 = FACE_BOUND('',#11562,.T.);
#11562 = EDGE_LOOP('',(#11563,#11593,#11614,#11615));
#11563 = ORIENTED_EDGE('',*,*,#11564,.F.);
#11564 = EDGE_CURVE('',#11565,#11567,#11569,.T.);
#11565 = VERTEX_POINT('',#11566);
#11566 = CARTESIAN_POINT('',(46.,37.25,-1.));
#11567 = VERTEX_POINT('',#11568);
#11568 = CARTESIAN_POINT('',(46.,45.25,-1.));
#11569 = SURFACE_CURVE('',#11570,(#11574,#11581),.PCURVE_S1.);
#11570 = LINE('',#11571,#11572);
#11571 = CARTESIAN_POINT('',(46.,37.25,-1.));
#11572 = VECTOR('',#11573,1.);
#11573 = DIRECTION('',(0.,1.,0.));
#11574 = PCURVE('',#7873,#11575);
#11575 = DEFINITIONAL_REPRESENTATION('',(#11576),#11580);
#11576 = LINE('',#11577,#11578);
#11577 = CARTESIAN_POINT('',(0.,0.));
#11578 = VECTOR('',#11579,1.);
#11579 = DIRECTION('',(1.,0.));
#11580 = ( GEOMETRIC_REPRESENTATION_CONTEXT(2) 
PARAMETRIC_REPRESENTATION_CONTEXT() REPRESENTATION_CONTEXT('2D SPACE',''
  ) );
#11581 = PCURVE('',#11582,#11587);
#11582 = PLANE('',#11583);
#11583 = AXIS2_PLACEMENT_3D('',#11584,#11585,#11586);
#11584 = CARTESIAN_POINT('',(42.,41.25,-1.));
#11585 = DIRECTION('',(0.,0.,1.));
#11586 = DIRECTION('',(1.,0.,-0.));
#11587 = DEFINITIONAL_REPRESENTATION('',(#11588),#11592);
#11588 = LINE('',#11589,#11590);
#11589 = CARTESIAN_POINT('',(4.,-4.));
#11590 = VECTOR('',#11591,1.);
#11591 = DIRECTION('',(0.,1.));
#11592 = ( GEOMETRIC_REPRESENTATION_CONTEXT(2) 
PARAMETRIC_REPRESENTATION_CONTEXT() REPRESENTATION_CONTEXT('2D SPACE',''
  ) );
#11593 = ORIENTED_EDGE('',*,*,#11594,.T.);
#11594 = EDGE_CURVE('',#11565,#7857,#11595,.T.);
#11595 = SURFACE_CURVE('',#11596,(#11600,#11607),.PCURVE_S1.);
#11596 = LINE('',#11597,#11598);
#11597 = CARTESIAN_POINT('',(46.,37.25,-1.));
#11598 = VECTOR('',#11599,1.);
#11599 = DIRECTION('',(0.,0.,1.));
#11600 = PCURVE('',#7873,#11601);
#11601 = DEFINITIONAL_REPRESENTATION('',(#11602),#11606);
#11602 = LINE('',#11603,#11604);
#11603 = CARTESIAN_POINT('',(0.,0.));
#11604 = VECTOR('',#11605,1.);
#11605 = DIRECTION('',(0.,-1.));
#11606 = ( GEOMETRIC_REPRESENTATION_CONTEXT(2) 
PARAMETRIC_REPRESENTATION_CONTEXT() REPRESENTATION_CONTEXT('2D SPACE',''
  ) );
#11607 = PCURVE('',#8373,#11608);
#11608 = DEFINITIONAL_REPRESENTATION('',(#11609),#11613);
#11609 = LINE('',#11610,#11611);
#11610 = CARTESIAN_POINT('',(8.,0.));
#11611 = VECTOR('',#11612,1.);
#11612 = DIRECTION('',(0.,-1.));
#11613 = ( GEOMETRIC_REPRESENTATION_CONTEXT(2) 
PARAMETRIC_REPRESENTATION_CONTEXT() REPRESENTATION_CONTEXT('2D SPACE',''
  ) );
#11614 = ORIENTED_EDGE('',*,*,#7856,.T.);
#11615 = ORIENTED_EDGE('',*,*,#11616,.F.);
#11616 = EDGE_CURVE('',#11567,#7859,#11617,.T.);
#11617 = SURFACE_CURVE('',#11618,(#11622,#11629),.PCURVE_S1.);
#11618 = LINE('',#11619,#11620);
#11619 = CARTESIAN_POINT('',(46.,45.25,-1.));
#11620 = VECTOR('',#11621,1.);
#11621 = DIRECTION('',(0.,0.,1.));
#11622 = PCURVE('',#7873,#11623);
#11623 = DEFINITIONAL_REPRESENTATION('',(#11624),#11628);
#11624 = LINE('',#11625,#11626);
#11625 = CARTESIAN_POINT('',(8.,0.));
#11626 = VECTOR('',#11627,1.);
#11627 = DIRECTION('',(0.,-1.));
#11628 = ( GEOMETRIC_REPRESENTATION_CONTEXT(2) 
PARAMETRIC_REPRESENTATION_CONTEXT() REPRESENTATION_CONTEXT('2D SPACE',''
  ) );
#11629 = PCURVE('',#7899,#11630);
#11630 = DEFINITIONAL_REPRESENTATION('',(#11631),#11635);
#11631 = LINE('',#11632,#11633);
#11632 = CARTESIAN_POINT('',(0.,-0.));
#11633 = VECTOR('',#11634,1.);
#11634 = DIRECTION('',(0.,-1.));
#11635 = ( GEOMETRIC_REPRESENTATION_CONTEXT(2) 
PARAMETRIC_REPRESENTATION_CONTEXT() REPRESENTATION_CONTEXT('2D SPACE',''
  ) );
#11636 = ADVANCED_FACE('',(#11637),#8373,.T.);
#11637 = FACE_BOUND('',#11638,.T.);
#11638 = EDGE_LOOP('',(#11639,#11662,#11683,#11684));
#11639 = ORIENTED_EDGE('',*,*,#11640,.F.);
#11640 = EDGE_CURVE('',#11641,#11565,#11643,.T.);
#11641 = VERTEX_POINT('',#11642);
#11642 = CARTESIAN_POINT('',(38.,37.25,-1.));
#11643 = SURFACE_CURVE('',#11644,(#11648,#11655),.PCURVE_S1.);
#11644 = LINE('',#11645,#11646);
#11645 = CARTESIAN_POINT('',(38.,37.25,-1.));
#11646 = VECTOR('',#11647,1.);
#11647 = DIRECTION('',(1.,0.,0.));
#11648 = PCURVE('',#8373,#11649);
#11649 = DEFINITIONAL_REPRESENTATION('',(#11650),#11654);
#11650 = LINE('',#11651,#11652);
#11651 = CARTESIAN_POINT('',(0.,0.));
#11652 = VECTOR('',#11653,1.);
#11653 = DIRECTION('',(1.,0.));
#11654 = ( GEOMETRIC_REPRESENTATION_CONTEXT(2) 
PARAMETRIC_REPRESENTATION_CONTEXT() REPRESENTATION_CONTEXT('2D SPACE',''
  ) );
#11655 = PCURVE('',#11582,#11656);
#11656 = DEFINITIONAL_REPRESENTATION('',(#11657),#11661);
#11657 = LINE('',#11658,#11659);
#11658 = CARTESIAN_POINT('',(-4.,-4.));
#11659 = VECTOR('',#11660,1.);
#11660 = DIRECTION('',(1.,0.));
#11661 = ( GEOMETRIC_REPRESENTATION_CONTEXT(2) 
PARAMETRIC_REPRESENTATION_CONTEXT() REPRESENTATION_CONTEXT('2D SPACE',''
  ) );
#11662 = ORIENTED_EDGE('',*,*,#11663,.T.);
#11663 = EDGE_CURVE('',#11641,#8335,#11664,.T.);
#11664 = SURFACE_CURVE('',#11665,(#11669,#11676),.PCURVE_S1.);
#11665 = LINE('',#11666,#11667);
#11666 = CARTESIAN_POINT('',(38.,37.25,-1.));
#11667 = VECTOR('',#11668,1.);
#11668 = DIRECTION('',(0.,0.,1.));
#11669 = PCURVE('',#8373,#11670);
#11670 = DEFINITIONAL_REPRESENTATION('',(#11671),#11675);
#11671 = LINE('',#11672,#11673);
#11672 = CARTESIAN_POINT('',(0.,0.));
#11673 = VECTOR('',#11674,1.);
#11674 = DIRECTION('',(0.,-1.));
#11675 = ( GEOMETRIC_REPRESENTATION_CONTEXT(2) 
PARAMETRIC_REPRESENTATION_CONTEXT() REPRESENTATION_CONTEXT('2D SPACE',''
  ) );
#11676 = PCURVE('',#8349,#11677);
#11677 = DEFINITIONAL_REPRESENTATION('',(#11678),#11682);
#11678 = LINE('',#11679,#11680);
#11679 = CARTESIAN_POINT('',(8.,0.));
#11680 = VECTOR('',#11681,1.);
#11681 = DIRECTION('',(0.,-1.));
#11682 = ( GEOMETRIC_REPRESENTATION_CONTEXT(2) 
PARAMETRIC_REPRESENTATION_CONTEXT() REPRESENTATION_CONTEXT('2D SPACE',''
  ) );
#11683 = ORIENTED_EDGE('',*,*,#8360,.T.);
#11684 = ORIENTED_EDGE('',*,*,#11594,.F.);
#11685 = ADVANCED_FACE('',(#11686),#8349,.T.);
#11686 = FACE_BOUND('',#11687,.T.);
#11687 = EDGE_LOOP('',(#11688,#11711,#11737,#11763,#11782,#11783));
#11688 = ORIENTED_EDGE('',*,*,#11689,.F.);
#11689 = EDGE_CURVE('',#11690,#11641,#11692,.T.);
#11690 = VERTEX_POINT('',#11691);
#11691 = CARTESIAN_POINT('',(38.,41.25,-1.));
#11692 = SURFACE_CURVE('',#11693,(#11697,#11704),.PCURVE_S1.);
#11693 = LINE('',#11694,#11695);
#11694 = CARTESIAN_POINT('',(38.,45.25,-1.));
#11695 = VECTOR('',#11696,1.);
#11696 = DIRECTION('',(0.,-1.,0.));
#11697 = PCURVE('',#8349,#11698);
#11698 = DEFINITIONAL_REPRESENTATION('',(#11699),#11703);
#11699 = LINE('',#11700,#11701);
#11700 = CARTESIAN_POINT('',(0.,0.));
#11701 = VECTOR('',#11702,1.);
#11702 = DIRECTION('',(1.,0.));
#11703 = ( GEOMETRIC_REPRESENTATION_CONTEXT(2) 
PARAMETRIC_REPRESENTATION_CONTEXT() REPRESENTATION_CONTEXT('2D SPACE',''
  ) );
#11704 = PCURVE('',#11582,#11705);
#11705 = DEFINITIONAL_REPRESENTATION('',(#11706),#11710);
#11706 = LINE('',#11707,#11708);
#11707 = CARTESIAN_POINT('',(-4.,4.));
#11708 = VECTOR('',#11709,1.);
#11709 = DIRECTION('',(0.,-1.));
#11710 = ( GEOMETRIC_REPRESENTATION_CONTEXT(2) 
PARAMETRIC_REPRESENTATION_CONTEXT() REPRESENTATION_CONTEXT('2D SPACE',''
  ) );
#11711 = ORIENTED_EDGE('',*,*,#11712,.F.);
#11712 = EDGE_CURVE('',#11713,#11690,#11715,.T.);
#11713 = VERTEX_POINT('',#11714);
#11714 = CARTESIAN_POINT('',(38.,41.25,1.5));
#11715 = SURFACE_CURVE('',#11716,(#11720,#11726),.PCURVE_S1.);
#11716 = LINE('',#11717,#11718);
#11717 = CARTESIAN_POINT('',(38.,41.25,-1.));
#11718 = VECTOR('',#11719,1.);
#11719 = DIRECTION('',(-0.,0.,-1.));
#11720 = PCURVE('',#8349,#11721);
#11721 = DEFINITIONAL_REPRESENTATION('',(#11722),#11725);
#11722 = B_SPLINE_CURVE_WITH_KNOTS('',1,(#11723,#11724),.UNSPECIFIED.,
  .F.,.F.,(2,2),(-2.5,0.),.PIECEWISE_BEZIER_KNOTS.);
#11723 = CARTESIAN_POINT('',(4.,-2.5));
#11724 = CARTESIAN_POINT('',(4.,0.));
#11725 = ( GEOMETRIC_REPRESENTATION_CONTEXT(2) 
PARAMETRIC_REPRESENTATION_CONTEXT() REPRESENTATION_CONTEXT('2D SPACE',''
  ) );
#11726 = PCURVE('',#11727,#11732);
#11727 = PLANE('',#11728);
#11728 = AXIS2_PLACEMENT_3D('',#11729,#11730,#11731);
#11729 = CARTESIAN_POINT('',(18.,41.25,-1.));
#11730 = DIRECTION('',(0.,1.,0.));
#11731 = DIRECTION('',(1.,0.,0.));
#11732 = DEFINITIONAL_REPRESENTATION('',(#11733),#11736);
#11733 = B_SPLINE_CURVE_WITH_KNOTS('',1,(#11734,#11735),.UNSPECIFIED.,
  .F.,.F.,(2,2),(-2.5,0.),.PIECEWISE_BEZIER_KNOTS.);
#11734 = CARTESIAN_POINT('',(20.,-2.5));
#11735 = CARTESIAN_POINT('',(20.,0.));
#11736 = ( GEOMETRIC_REPRESENTATION_CONTEXT(2) 
PARAMETRIC_REPRESENTATION_CONTEXT() REPRESENTATION_CONTEXT('2D SPACE',''
  ) );
#11737 = ORIENTED_EDGE('',*,*,#11738,.F.);
#11738 = EDGE_CURVE('',#11739,#11713,#11741,.T.);
#11739 = VERTEX_POINT('',#11740);
#11740 = CARTESIAN_POINT('',(38.,40.05,1.5));
#11741 = SURFACE_CURVE('',#11742,(#11746,#11752),.PCURVE_S1.);
#11742 = LINE('',#11743,#11744);
#11743 = CARTESIAN_POINT('',(38.,47.35,1.5));
#11744 = VECTOR('',#11745,1.);
#11745 = DIRECTION('',(-0.,1.,0.));
#11746 = PCURVE('',#8349,#11747);
#11747 = DEFINITIONAL_REPRESENTATION('',(#11748),#11751);
#11748 = B_SPLINE_CURVE_WITH_KNOTS('',1,(#11749,#11750),.UNSPECIFIED.,
  .F.,.F.,(2,2),(-7.3,-2.1),.PIECEWISE_BEZIER_KNOTS.);
#11749 = CARTESIAN_POINT('',(5.2,-2.5));
#11750 = CARTESIAN_POINT('',(0.,-2.5));
#11751 = ( GEOMETRIC_REPRESENTATION_CONTEXT(2) 
PARAMETRIC_REPRESENTATION_CONTEXT() REPRESENTATION_CONTEXT('2D SPACE',''
  ) );
#11752 = PCURVE('',#11753,#11758);
#11753 = PLANE('',#11754);
#11754 = AXIS2_PLACEMENT_3D('',#11755,#11756,#11757);
#11755 = CARTESIAN_POINT('',(30.,49.45,1.5));
#11756 = DIRECTION('',(0.,0.,1.));
#11757 = DIRECTION('',(1.,0.,-0.));
#11758 = DEFINITIONAL_REPRESENTATION('',(#11759),#11762);
#11759 = B_SPLINE_CURVE_WITH_KNOTS('',1,(#11760,#11761),.UNSPECIFIED.,
  .F.,.F.,(2,2),(-7.3,-2.1),.PIECEWISE_BEZIER_KNOTS.);
#11760 = CARTESIAN_POINT('',(8.,-9.4));
#11761 = CARTESIAN_POINT('',(8.,-4.2));
#11762 = ( GEOMETRIC_REPRESENTATION_CONTEXT(2) 
PARAMETRIC_REPRESENTATION_CONTEXT() REPRESENTATION_CONTEXT('2D SPACE',''
  ) );
#11763 = ORIENTED_EDGE('',*,*,#11764,.T.);
#11764 = EDGE_CURVE('',#11739,#8307,#11765,.T.);
#11765 = SURFACE_CURVE('',#11766,(#11770,#11776),.PCURVE_S1.);
#11766 = LINE('',#11767,#11768);
#11767 = CARTESIAN_POINT('',(38.,40.05,-0.5));
#11768 = VECTOR('',#11769,1.);
#11769 = DIRECTION('',(-0.,0.,-1.));
#11770 = PCURVE('',#8349,#11771);
#11771 = DEFINITIONAL_REPRESENTATION('',(#11772),#11775);
#11772 = B_SPLINE_CURVE_WITH_KNOTS('',1,(#11773,#11774),.UNSPECIFIED.,
  .F.,.F.,(2,2),(-2.,-0.5),.PIECEWISE_BEZIER_KNOTS.);
#11773 = CARTESIAN_POINT('',(5.2,-2.5));
#11774 = CARTESIAN_POINT('',(5.2,-1.));
#11775 = ( GEOMETRIC_REPRESENTATION_CONTEXT(2) 
PARAMETRIC_REPRESENTATION_CONTEXT() REPRESENTATION_CONTEXT('2D SPACE',''
  ) );
#11776 = PCURVE('',#8322,#11777);
#11777 = DEFINITIONAL_REPRESENTATION('',(#11778),#11781);
#11778 = B_SPLINE_CURVE_WITH_KNOTS('',1,(#11779,#11780),.UNSPECIFIED.,
  .F.,.F.,(2,2),(-2.,-0.5),.PIECEWISE_BEZIER_KNOTS.);
#11779 = CARTESIAN_POINT('',(21.2,-1.5));
#11780 = CARTESIAN_POINT('',(21.2,0.));
#11781 = ( GEOMETRIC_REPRESENTATION_CONTEXT(2) 
PARAMETRIC_REPRESENTATION_CONTEXT() REPRESENTATION_CONTEXT('2D SPACE',''
  ) );
#11782 = ORIENTED_EDGE('',*,*,#8334,.T.);
#11783 = ORIENTED_EDGE('',*,*,#11663,.F.);
#11784 = ADVANCED_FACE('',(#11785),#8322,.F.);
#11785 = FACE_BOUND('',#11786,.F.);
#11786 = EDGE_LOOP('',(#11787,#11788,#11809,#11830));
#11787 = ORIENTED_EDGE('',*,*,#8306,.F.);
#11788 = ORIENTED_EDGE('',*,*,#11789,.T.);
#11789 = EDGE_CURVE('',#8281,#11790,#11792,.T.);
#11790 = VERTEX_POINT('',#11791);
#11791 = CARTESIAN_POINT('',(22.,40.05,1.5));
#11792 = SURFACE_CURVE('',#11793,(#11797,#11803),.PCURVE_S1.);
#11793 = LINE('',#11794,#11795);
#11794 = CARTESIAN_POINT('',(22.,40.05,-0.5));
#11795 = VECTOR('',#11796,1.);
#11796 = DIRECTION('',(0.,-0.,1.));
#11797 = PCURVE('',#8322,#11798);
#11798 = DEFINITIONAL_REPRESENTATION('',(#11799),#11802);
#11799 = B_SPLINE_CURVE_WITH_KNOTS('',1,(#11800,#11801),.UNSPECIFIED.,
  .F.,.F.,(2,2),(0.5,2.),.PIECEWISE_BEZIER_KNOTS.);
#11800 = CARTESIAN_POINT('',(5.2,0.));
#11801 = CARTESIAN_POINT('',(5.2,-1.5));
#11802 = ( GEOMETRIC_REPRESENTATION_CONTEXT(2) 
PARAMETRIC_REPRESENTATION_CONTEXT() REPRESENTATION_CONTEXT('2D SPACE',''
  ) );
#11803 = PCURVE('',#8295,#11804);
#11804 = DEFINITIONAL_REPRESENTATION('',(#11805),#11808);
#11805 = B_SPLINE_CURVE_WITH_KNOTS('',1,(#11806,#11807),.UNSPECIFIED.,
  .F.,.F.,(2,2),(0.5,2.),.PIECEWISE_BEZIER_KNOTS.);
#11806 = CARTESIAN_POINT('',(2.8,-1.));
#11807 = CARTESIAN_POINT('',(2.8,-2.5));
#11808 = ( GEOMETRIC_REPRESENTATION_CONTEXT(2) 
PARAMETRIC_REPRESENTATION_CONTEXT() REPRESENTATION_CONTEXT('2D SPACE',''
  ) );
#11809 = ORIENTED_EDGE('',*,*,#11810,.T.);
#11810 = EDGE_CURVE('',#11790,#11739,#11811,.T.);
#11811 = SURFACE_CURVE('',#11812,(#11816,#11823),.PCURVE_S1.);
#11812 = LINE('',#11813,#11814);
#11813 = CARTESIAN_POINT('',(16.8,40.05,1.5));
#11814 = VECTOR('',#11815,1.);
#11815 = DIRECTION('',(1.,0.,0.));
#11816 = PCURVE('',#8322,#11817);
#11817 = DEFINITIONAL_REPRESENTATION('',(#11818),#11822);
#11818 = LINE('',#11819,#11820);
#11819 = CARTESIAN_POINT('',(0.,-1.5));
#11820 = VECTOR('',#11821,1.);
#11821 = DIRECTION('',(1.,0.));
#11822 = ( GEOMETRIC_REPRESENTATION_CONTEXT(2) 
PARAMETRIC_REPRESENTATION_CONTEXT() REPRESENTATION_CONTEXT('2D SPACE',''
  ) );
#11823 = PCURVE('',#11753,#11824);
#11824 = DEFINITIONAL_REPRESENTATION('',(#11825),#11829);
#11825 = LINE('',#11826,#11827);
#11826 = CARTESIAN_POINT('',(-13.2,-9.4));
#11827 = VECTOR('',#11828,1.);
#11828 = DIRECTION('',(1.,0.));
#11829 = ( GEOMETRIC_REPRESENTATION_CONTEXT(2) 
PARAMETRIC_REPRESENTATION_CONTEXT() REPRESENTATION_CONTEXT('2D SPACE',''
  ) );
#11830 = ORIENTED_EDGE('',*,*,#11764,.T.);
#11831 = ADVANCED_FACE('',(#11832),#8295,.T.);
#11832 = FACE_BOUND('',#11833,.T.);
#11833 = EDGE_LOOP('',(#11834,#11859,#11880,#11881,#11882,#11903));
#11834 = ORIENTED_EDGE('',*,*,#11835,.F.);
#11835 = EDGE_CURVE('',#11836,#11838,#11840,.T.);
#11836 = VERTEX_POINT('',#11837);
#11837 = CARTESIAN_POINT('',(22.,37.25,-1.));
#11838 = VERTEX_POINT('',#11839);
#11839 = CARTESIAN_POINT('',(22.,41.25,-1.));
#11840 = SURFACE_CURVE('',#11841,(#11845,#11852),.PCURVE_S1.);
#11841 = LINE('',#11842,#11843);
#11842 = CARTESIAN_POINT('',(22.,37.25,-1.));
#11843 = VECTOR('',#11844,1.);
#11844 = DIRECTION('',(0.,1.,0.));
#11845 = PCURVE('',#8295,#11846);
#11846 = DEFINITIONAL_REPRESENTATION('',(#11847),#11851);
#11847 = LINE('',#11848,#11849);
#11848 = CARTESIAN_POINT('',(0.,0.));
#11849 = VECTOR('',#11850,1.);
#11850 = DIRECTION('',(1.,0.));
#11851 = ( GEOMETRIC_REPRESENTATION_CONTEXT(2) 
PARAMETRIC_REPRESENTATION_CONTEXT() REPRESENTATION_CONTEXT('2D SPACE',''
  ) );
#11852 = PCURVE('',#11582,#11853);
#11853 = DEFINITIONAL_REPRESENTATION('',(#11854),#11858);
#11854 = LINE('',#11855,#11856);
#11855 = CARTESIAN_POINT('',(-20.,-4.));
#11856 = VECTOR('',#11857,1.);
#11857 = DIRECTION('',(0.,1.));
#11858 = ( GEOMETRIC_REPRESENTATION_CONTEXT(2) 
PARAMETRIC_REPRESENTATION_CONTEXT() REPRESENTATION_CONTEXT('2D SPACE',''
  ) );
#11859 = ORIENTED_EDGE('',*,*,#11860,.T.);
#11860 = EDGE_CURVE('',#11836,#8255,#11861,.T.);
#11861 = SURFACE_CURVE('',#11862,(#11866,#11873),.PCURVE_S1.);
#11862 = LINE('',#11863,#11864);
#11863 = CARTESIAN_POINT('',(22.,37.25,-1.));
#11864 = VECTOR('',#11865,1.);
#11865 = DIRECTION('',(0.,0.,1.));
#11866 = PCURVE('',#8295,#11867);
#11867 = DEFINITIONAL_REPRESENTATION('',(#11868),#11872);
#11868 = LINE('',#11869,#11870);
#11869 = CARTESIAN_POINT('',(0.,0.));
#11870 = VECTOR('',#11871,1.);
#11871 = DIRECTION('',(0.,-1.));
#11872 = ( GEOMETRIC_REPRESENTATION_CONTEXT(2) 
PARAMETRIC_REPRESENTATION_CONTEXT() REPRESENTATION_CONTEXT('2D SPACE',''
  ) );
#11873 = PCURVE('',#8269,#11874);
#11874 = DEFINITIONAL_REPRESENTATION('',(#11875),#11879);
#11875 = LINE('',#11876,#11877);
#11876 = CARTESIAN_POINT('',(8.,0.));
#11877 = VECTOR('',#11878,1.);
#11878 = DIRECTION('',(0.,-1.));
#11879 = ( GEOMETRIC_REPRESENTATION_CONTEXT(2) 
PARAMETRIC_REPRESENTATION_CONTEXT() REPRESENTATION_CONTEXT('2D SPACE',''
  ) );
#11880 = ORIENTED_EDGE('',*,*,#8280,.T.);
#11881 = ORIENTED_EDGE('',*,*,#11789,.T.);
#11882 = ORIENTED_EDGE('',*,*,#11883,.F.);
#11883 = EDGE_CURVE('',#11884,#11790,#11886,.T.);
#11884 = VERTEX_POINT('',#11885);
#11885 = CARTESIAN_POINT('',(22.,41.25,1.5));
#11886 = SURFACE_CURVE('',#11887,(#11891,#11897),.PCURVE_S1.);
#11887 = LINE('',#11888,#11889);
#11888 = CARTESIAN_POINT('',(22.,43.35,1.5));
#11889 = VECTOR('',#11890,1.);
#11890 = DIRECTION('',(0.,-1.,0.));
#11891 = PCURVE('',#8295,#11892);
#11892 = DEFINITIONAL_REPRESENTATION('',(#11893),#11896);
#11893 = B_SPLINE_CURVE_WITH_KNOTS('',1,(#11894,#11895),.UNSPECIFIED.,
  .F.,.F.,(2,2),(-1.9,3.3),.PIECEWISE_BEZIER_KNOTS.);
#11894 = CARTESIAN_POINT('',(8.,-2.5));
#11895 = CARTESIAN_POINT('',(2.8,-2.5));
#11896 = ( GEOMETRIC_REPRESENTATION_CONTEXT(2) 
PARAMETRIC_REPRESENTATION_CONTEXT() REPRESENTATION_CONTEXT('2D SPACE',''
  ) );
#11897 = PCURVE('',#11753,#11898);
#11898 = DEFINITIONAL_REPRESENTATION('',(#11899),#11902);
#11899 = B_SPLINE_CURVE_WITH_KNOTS('',1,(#11900,#11901),.UNSPECIFIED.,
  .F.,.F.,(2,2),(-1.9,3.3),.PIECEWISE_BEZIER_KNOTS.);
#11900 = CARTESIAN_POINT('',(-8.,-4.2));
#11901 = CARTESIAN_POINT('',(-8.,-9.4));
#11902 = ( GEOMETRIC_REPRESENTATION_CONTEXT(2) 
PARAMETRIC_REPRESENTATION_CONTEXT() REPRESENTATION_CONTEXT('2D SPACE',''
  ) );
#11903 = ORIENTED_EDGE('',*,*,#11904,.F.);
#11904 = EDGE_CURVE('',#11838,#11884,#11905,.T.);
#11905 = SURFACE_CURVE('',#11906,(#11910,#11916),.PCURVE_S1.);
#11906 = LINE('',#11907,#11908);
#11907 = CARTESIAN_POINT('',(22.,41.25,-1.));
#11908 = VECTOR('',#11909,1.);
#11909 = DIRECTION('',(0.,-0.,1.));
#11910 = PCURVE('',#8295,#11911);
#11911 = DEFINITIONAL_REPRESENTATION('',(#11912),#11915);
#11912 = B_SPLINE_CURVE_WITH_KNOTS('',1,(#11913,#11914),.UNSPECIFIED.,
  .F.,.F.,(2,2),(0.,2.5),.PIECEWISE_BEZIER_KNOTS.);
#11913 = CARTESIAN_POINT('',(4.,0.));
#11914 = CARTESIAN_POINT('',(4.,-2.5));
#11915 = ( GEOMETRIC_REPRESENTATION_CONTEXT(2) 
PARAMETRIC_REPRESENTATION_CONTEXT() REPRESENTATION_CONTEXT('2D SPACE',''
  ) );
#11916 = PCURVE('',#11727,#11917);
#11917 = DEFINITIONAL_REPRESENTATION('',(#11918),#11921);
#11918 = B_SPLINE_CURVE_WITH_KNOTS('',1,(#11919,#11920),.UNSPECIFIED.,
  .F.,.F.,(2,2),(0.,2.5),.PIECEWISE_BEZIER_KNOTS.);
#11919 = CARTESIAN_POINT('',(4.,0.));
#11920 = CARTESIAN_POINT('',(4.,-2.5));
#11921 = ( GEOMETRIC_REPRESENTATION_CONTEXT(2) 
PARAMETRIC_REPRESENTATION_CONTEXT() REPRESENTATION_CONTEXT('2D SPACE',''
  ) );
#11922 = ADVANCED_FACE('',(#11923),#8269,.T.);
#11923 = FACE_BOUND('',#11924,.T.);
#11924 = EDGE_LOOP('',(#11925,#11948,#11969,#11970));
#11925 = ORIENTED_EDGE('',*,*,#11926,.F.);
#11926 = EDGE_CURVE('',#11927,#11836,#11929,.T.);
#11927 = VERTEX_POINT('',#11928);
#11928 = CARTESIAN_POINT('',(14.,37.25,-1.));
#11929 = SURFACE_CURVE('',#11930,(#11934,#11941),.PCURVE_S1.);
#11930 = LINE('',#11931,#11932);
#11931 = CARTESIAN_POINT('',(14.,37.25,-1.));
#11932 = VECTOR('',#11933,1.);
#11933 = DIRECTION('',(1.,0.,0.));
#11934 = PCURVE('',#8269,#11935);
#11935 = DEFINITIONAL_REPRESENTATION('',(#11936),#11940);
#11936 = LINE('',#11937,#11938);
#11937 = CARTESIAN_POINT('',(0.,0.));
#11938 = VECTOR('',#11939,1.);
#11939 = DIRECTION('',(1.,0.));
#11940 = ( GEOMETRIC_REPRESENTATION_CONTEXT(2) 
PARAMETRIC_REPRESENTATION_CONTEXT() REPRESENTATION_CONTEXT('2D SPACE',''
  ) );
#11941 = PCURVE('',#11582,#11942);
#11942 = DEFINITIONAL_REPRESENTATION('',(#11943),#11947);
#11943 = LINE('',#11944,#11945);
#11944 = CARTESIAN_POINT('',(-28.,-4.));
#11945 = VECTOR('',#11946,1.);
#11946 = DIRECTION('',(1.,0.));
#11947 = ( GEOMETRIC_REPRESENTATION_CONTEXT(2) 
PARAMETRIC_REPRESENTATION_CONTEXT() REPRESENTATION_CONTEXT('2D SPACE',''
  ) );
#11948 = ORIENTED_EDGE('',*,*,#11949,.T.);
#11949 = EDGE_CURVE('',#11927,#8229,#11950,.T.);
#11950 = SURFACE_CURVE('',#11951,(#11955,#11962),.PCURVE_S1.);
#11951 = LINE('',#11952,#11953);
#11952 = CARTESIAN_POINT('',(14.,37.25,-1.));
#11953 = VECTOR('',#11954,1.);
#11954 = DIRECTION('',(0.,0.,1.));
#11955 = PCURVE('',#8269,#11956);
#11956 = DEFINITIONAL_REPRESENTATION('',(#11957),#11961);
#11957 = LINE('',#11958,#11959);
#11958 = CARTESIAN_POINT('',(0.,0.));
#11959 = VECTOR('',#11960,1.);
#11960 = DIRECTION('',(0.,-1.));
#11961 = ( GEOMETRIC_REPRESENTATION_CONTEXT(2) 
PARAMETRIC_REPRESENTATION_CONTEXT() REPRESENTATION_CONTEXT('2D SPACE',''
  ) );
#11962 = PCURVE('',#8243,#11963);
#11963 = DEFINITIONAL_REPRESENTATION('',(#11964),#11968);
#11964 = LINE('',#11965,#11966);
#11965 = CARTESIAN_POINT('',(8.,0.));
#11966 = VECTOR('',#11967,1.);
#11967 = DIRECTION('',(0.,-1.));
#11968 = ( GEOMETRIC_REPRESENTATION_CONTEXT(2) 
PARAMETRIC_REPRESENTATION_CONTEXT() REPRESENTATION_CONTEXT('2D SPACE',''
  ) );
#11969 = ORIENTED_EDGE('',*,*,#8254,.T.);
#11970 = ORIENTED_EDGE('',*,*,#11860,.F.);
#11971 = ADVANCED_FACE('',(#11972),#8243,.T.);
#11972 = FACE_BOUND('',#11973,.T.);
#11973 = EDGE_LOOP('',(#11974,#11997,#12018,#12019));
#11974 = ORIENTED_EDGE('',*,*,#11975,.F.);
#11975 = EDGE_CURVE('',#11976,#11927,#11978,.T.);
#11976 = VERTEX_POINT('',#11977);
#11977 = CARTESIAN_POINT('',(14.,45.25,-1.));
#11978 = SURFACE_CURVE('',#11979,(#11983,#11990),.PCURVE_S1.);
#11979 = LINE('',#11980,#11981);
#11980 = CARTESIAN_POINT('',(14.,45.25,-1.));
#11981 = VECTOR('',#11982,1.);
#11982 = DIRECTION('',(0.,-1.,0.));
#11983 = PCURVE('',#8243,#11984);
#11984 = DEFINITIONAL_REPRESENTATION('',(#11985),#11989);
#11985 = LINE('',#11986,#11987);
#11986 = CARTESIAN_POINT('',(0.,0.));
#11987 = VECTOR('',#11988,1.);
#11988 = DIRECTION('',(1.,0.));
#11989 = ( GEOMETRIC_REPRESENTATION_CONTEXT(2) 
PARAMETRIC_REPRESENTATION_CONTEXT() REPRESENTATION_CONTEXT('2D SPACE',''
  ) );
#11990 = PCURVE('',#11582,#11991);
#11991 = DEFINITIONAL_REPRESENTATION('',(#11992),#11996);
#11992 = LINE('',#11993,#11994);
#11993 = CARTESIAN_POINT('',(-28.,4.));
#11994 = VECTOR('',#11995,1.);
#11995 = DIRECTION('',(0.,-1.));
#11996 = ( GEOMETRIC_REPRESENTATION_CONTEXT(2) 
PARAMETRIC_REPRESENTATION_CONTEXT() REPRESENTATION_CONTEXT('2D SPACE',''
  ) );
#11997 = ORIENTED_EDGE('',*,*,#11998,.T.);
#11998 = EDGE_CURVE('',#11976,#8203,#11999,.T.);
#11999 = SURFACE_CURVE('',#12000,(#12004,#12011),.PCURVE_S1.);
#12000 = LINE('',#12001,#12002);
#12001 = CARTESIAN_POINT('',(14.,45.25,-1.));
#12002 = VECTOR('',#12003,1.);
#12003 = DIRECTION('',(0.,0.,1.));
#12004 = PCURVE('',#8243,#12005);
#12005 = DEFINITIONAL_REPRESENTATION('',(#12006),#12010);
#12006 = LINE('',#12007,#12008);
#12007 = CARTESIAN_POINT('',(0.,0.));
#12008 = VECTOR('',#12009,1.);
#12009 = DIRECTION('',(0.,-1.));
#12010 = ( GEOMETRIC_REPRESENTATION_CONTEXT(2) 
PARAMETRIC_REPRESENTATION_CONTEXT() REPRESENTATION_CONTEXT('2D SPACE',''
  ) );
#12011 = PCURVE('',#8217,#12012);
#12012 = DEFINITIONAL_REPRESENTATION('',(#12013),#12017);
#12013 = LINE('',#12014,#12015);
#12014 = CARTESIAN_POINT('',(8.,0.));
#12015 = VECTOR('',#12016,1.);
#12016 = DIRECTION('',(0.,-1.));
#12017 = ( GEOMETRIC_REPRESENTATION_CONTEXT(2) 
PARAMETRIC_REPRESENTATION_CONTEXT() REPRESENTATION_CONTEXT('2D SPACE',''
  ) );
#12018 = ORIENTED_EDGE('',*,*,#8228,.T.);
#12019 = ORIENTED_EDGE('',*,*,#11949,.F.);
#12020 = ADVANCED_FACE('',(#12021),#8217,.T.);
#12021 = FACE_BOUND('',#12022,.T.);
#12022 = EDGE_LOOP('',(#12023,#12046,#12072,#12098,#12117,#12118));
#12023 = ORIENTED_EDGE('',*,*,#12024,.F.);
#12024 = EDGE_CURVE('',#12025,#11976,#12027,.T.);
#12025 = VERTEX_POINT('',#12026);
#12026 = CARTESIAN_POINT('',(18.,45.25,-1.));
#12027 = SURFACE_CURVE('',#12028,(#12032,#12039),.PCURVE_S1.);
#12028 = LINE('',#12029,#12030);
#12029 = CARTESIAN_POINT('',(22.,45.25,-1.));
#12030 = VECTOR('',#12031,1.);
#12031 = DIRECTION('',(-1.,0.,0.));
#12032 = PCURVE('',#8217,#12033);
#12033 = DEFINITIONAL_REPRESENTATION('',(#12034),#12038);
#12034 = LINE('',#12035,#12036);
#12035 = CARTESIAN_POINT('',(0.,-0.));
#12036 = VECTOR('',#12037,1.);
#12037 = DIRECTION('',(1.,0.));
#12038 = ( GEOMETRIC_REPRESENTATION_CONTEXT(2) 
PARAMETRIC_REPRESENTATION_CONTEXT() REPRESENTATION_CONTEXT('2D SPACE',''
  ) );
#12039 = PCURVE('',#11582,#12040);
#12040 = DEFINITIONAL_REPRESENTATION('',(#12041),#12045);
#12041 = LINE('',#12042,#12043);
#12042 = CARTESIAN_POINT('',(-20.,4.));
#12043 = VECTOR('',#12044,1.);
#12044 = DIRECTION('',(-1.,0.));
#12045 = ( GEOMETRIC_REPRESENTATION_CONTEXT(2) 
PARAMETRIC_REPRESENTATION_CONTEXT() REPRESENTATION_CONTEXT('2D SPACE',''
  ) );
#12046 = ORIENTED_EDGE('',*,*,#12047,.F.);
#12047 = EDGE_CURVE('',#12048,#12025,#12050,.T.);
#12048 = VERTEX_POINT('',#12049);
#12049 = CARTESIAN_POINT('',(18.,45.25,1.5));
#12050 = SURFACE_CURVE('',#12051,(#12055,#12061),.PCURVE_S1.);
#12051 = LINE('',#12052,#12053);
#12052 = CARTESIAN_POINT('',(18.,45.25,-1.));
#12053 = VECTOR('',#12054,1.);
#12054 = DIRECTION('',(0.,-0.,-1.));
#12055 = PCURVE('',#8217,#12056);
#12056 = DEFINITIONAL_REPRESENTATION('',(#12057),#12060);
#12057 = B_SPLINE_CURVE_WITH_KNOTS('',1,(#12058,#12059),.UNSPECIFIED.,
  .F.,.F.,(2,2),(-2.5,0.),.PIECEWISE_BEZIER_KNOTS.);
#12058 = CARTESIAN_POINT('',(4.,-2.5));
#12059 = CARTESIAN_POINT('',(4.,0.));
#12060 = ( GEOMETRIC_REPRESENTATION_CONTEXT(2) 
PARAMETRIC_REPRESENTATION_CONTEXT() REPRESENTATION_CONTEXT('2D SPACE',''
  ) );
#12061 = PCURVE('',#12062,#12067);
#12062 = PLANE('',#12063);
#12063 = AXIS2_PLACEMENT_3D('',#12064,#12065,#12066);
#12064 = CARTESIAN_POINT('',(18.,57.65,-1.));
#12065 = DIRECTION('',(1.,0.,-0.));
#12066 = DIRECTION('',(0.,-1.,0.));
#12067 = DEFINITIONAL_REPRESENTATION('',(#12068),#12071);
#12068 = B_SPLINE_CURVE_WITH_KNOTS('',1,(#12069,#12070),.UNSPECIFIED.,
  .F.,.F.,(2,2),(-2.5,0.),.PIECEWISE_BEZIER_KNOTS.);
#12069 = CARTESIAN_POINT('',(12.4,-2.5));
#12070 = CARTESIAN_POINT('',(12.4,0.));
#12071 = ( GEOMETRIC_REPRESENTATION_CONTEXT(2) 
PARAMETRIC_REPRESENTATION_CONTEXT() REPRESENTATION_CONTEXT('2D SPACE',''
  ) );
#12072 = ORIENTED_EDGE('',*,*,#12073,.F.);
#12073 = EDGE_CURVE('',#12074,#12048,#12076,.T.);
#12074 = VERTEX_POINT('',#12075);
#12075 = CARTESIAN_POINT('',(16.8,45.25,1.5));
#12076 = SURFACE_CURVE('',#12077,(#12081,#12087),.PCURVE_S1.);
#12077 = LINE('',#12078,#12079);
#12078 = CARTESIAN_POINT('',(26.,45.25,1.5));
#12079 = VECTOR('',#12080,1.);
#12080 = DIRECTION('',(1.,0.,-0.));
#12081 = PCURVE('',#8217,#12082);
#12082 = DEFINITIONAL_REPRESENTATION('',(#12083),#12086);
#12083 = B_SPLINE_CURVE_WITH_KNOTS('',1,(#12084,#12085),.UNSPECIFIED.,
  .F.,.F.,(2,2),(-9.2,-4.),.PIECEWISE_BEZIER_KNOTS.);
#12084 = CARTESIAN_POINT('',(5.2,-2.5));
#12085 = CARTESIAN_POINT('',(0.,-2.5));
#12086 = ( GEOMETRIC_REPRESENTATION_CONTEXT(2) 
PARAMETRIC_REPRESENTATION_CONTEXT() REPRESENTATION_CONTEXT('2D SPACE',''
  ) );
#12087 = PCURVE('',#12088,#12093);
#12088 = PLANE('',#12089);
#12089 = AXIS2_PLACEMENT_3D('',#12090,#12091,#12092);
#12090 = CARTESIAN_POINT('',(30.,49.45,1.5));
#12091 = DIRECTION('',(0.,0.,1.));
#12092 = DIRECTION('',(1.,0.,-0.));
#12093 = DEFINITIONAL_REPRESENTATION('',(#12094),#12097);
#12094 = B_SPLINE_CURVE_WITH_KNOTS('',1,(#12095,#12096),.UNSPECIFIED.,
  .F.,.F.,(2,2),(-9.2,-4.),.PIECEWISE_BEZIER_KNOTS.);
#12095 = CARTESIAN_POINT('',(-13.2,-4.2));
#12096 = CARTESIAN_POINT('',(-8.,-4.2));
#12097 = ( GEOMETRIC_REPRESENTATION_CONTEXT(2) 
PARAMETRIC_REPRESENTATION_CONTEXT() REPRESENTATION_CONTEXT('2D SPACE',''
  ) );
#12098 = ORIENTED_EDGE('',*,*,#12099,.T.);
#12099 = EDGE_CURVE('',#12074,#8175,#12100,.T.);
#12100 = SURFACE_CURVE('',#12101,(#12105,#12111),.PCURVE_S1.);
#12101 = LINE('',#12102,#12103);
#12102 = CARTESIAN_POINT('',(16.8,45.25,-0.5));
#12103 = VECTOR('',#12104,1.);
#12104 = DIRECTION('',(0.,-0.,-1.));
#12105 = PCURVE('',#8217,#12106);
#12106 = DEFINITIONAL_REPRESENTATION('',(#12107),#12110);
#12107 = B_SPLINE_CURVE_WITH_KNOTS('',1,(#12108,#12109),.UNSPECIFIED.,
  .F.,.F.,(2,2),(-2.,-0.5),.PIECEWISE_BEZIER_KNOTS.);
#12108 = CARTESIAN_POINT('',(5.2,-2.5));
#12109 = CARTESIAN_POINT('',(5.2,-1.));
#12110 = ( GEOMETRIC_REPRESENTATION_CONTEXT(2) 
PARAMETRIC_REPRESENTATION_CONTEXT() REPRESENTATION_CONTEXT('2D SPACE',''
  ) );
#12111 = PCURVE('',#8190,#12112);
#12112 = DEFINITIONAL_REPRESENTATION('',(#12113),#12116);
#12113 = B_SPLINE_CURVE_WITH_KNOTS('',1,(#12114,#12115),.UNSPECIFIED.,
  .F.,.F.,(2,2),(-2.,-0.5),.PIECEWISE_BEZIER_KNOTS.);
#12114 = CARTESIAN_POINT('',(13.6,-1.5));
#12115 = CARTESIAN_POINT('',(13.6,0.));
#12116 = ( GEOMETRIC_REPRESENTATION_CONTEXT(2) 
PARAMETRIC_REPRESENTATION_CONTEXT() REPRESENTATION_CONTEXT('2D SPACE',''
  ) );
#12117 = ORIENTED_EDGE('',*,*,#8202,.T.);
#12118 = ORIENTED_EDGE('',*,*,#11998,.F.);
#12119 = ADVANCED_FACE('',(#12120),#8190,.F.);
#12120 = FACE_BOUND('',#12121,.F.);
#12121 = EDGE_LOOP('',(#12122,#12123,#12144,#12165));
#12122 = ORIENTED_EDGE('',*,*,#8174,.F.);
#12123 = ORIENTED_EDGE('',*,*,#12124,.T.);
#12124 = EDGE_CURVE('',#8149,#12125,#12127,.T.);
#12125 = VERTEX_POINT('',#12126);
#12126 = CARTESIAN_POINT('',(16.8,53.65,1.5));
#12127 = SURFACE_CURVE('',#12128,(#12132,#12138),.PCURVE_S1.);
#12128 = LINE('',#12129,#12130);
#12129 = CARTESIAN_POINT('',(16.8,53.65,-0.5));
#12130 = VECTOR('',#12131,1.);
#12131 = DIRECTION('',(0.,-0.,1.));
#12132 = PCURVE('',#8190,#12133);
#12133 = DEFINITIONAL_REPRESENTATION('',(#12134),#12137);
#12134 = B_SPLINE_CURVE_WITH_KNOTS('',1,(#12135,#12136),.UNSPECIFIED.,
  .F.,.F.,(2,2),(0.5,2.),.PIECEWISE_BEZIER_KNOTS.);
#12135 = CARTESIAN_POINT('',(5.2,0.));
#12136 = CARTESIAN_POINT('',(5.2,-1.5));
#12137 = ( GEOMETRIC_REPRESENTATION_CONTEXT(2) 
PARAMETRIC_REPRESENTATION_CONTEXT() REPRESENTATION_CONTEXT('2D SPACE',''
  ) );
#12138 = PCURVE('',#8163,#12139);
#12139 = DEFINITIONAL_REPRESENTATION('',(#12140),#12143);
#12140 = B_SPLINE_CURVE_WITH_KNOTS('',1,(#12141,#12142),.UNSPECIFIED.,
  .F.,.F.,(2,2),(0.5,2.),.PIECEWISE_BEZIER_KNOTS.);
#12141 = CARTESIAN_POINT('',(2.8,-1.));
#12142 = CARTESIAN_POINT('',(2.8,-2.5));
#12143 = ( GEOMETRIC_REPRESENTATION_CONTEXT(2) 
PARAMETRIC_REPRESENTATION_CONTEXT() REPRESENTATION_CONTEXT('2D SPACE',''
  ) );
#12144 = ORIENTED_EDGE('',*,*,#12145,.T.);
#12145 = EDGE_CURVE('',#12125,#12074,#12146,.T.);
#12146 = SURFACE_CURVE('',#12147,(#12151,#12158),.PCURVE_S1.);
#12147 = LINE('',#12148,#12149);
#12148 = CARTESIAN_POINT('',(16.8,58.85,1.5));
#12149 = VECTOR('',#12150,1.);
#12150 = DIRECTION('',(0.,-1.,0.));
#12151 = PCURVE('',#8190,#12152);
#12152 = DEFINITIONAL_REPRESENTATION('',(#12153),#12157);
#12153 = LINE('',#12154,#12155);
#12154 = CARTESIAN_POINT('',(0.,-1.5));
#12155 = VECTOR('',#12156,1.);
#12156 = DIRECTION('',(1.,0.));
#12157 = ( GEOMETRIC_REPRESENTATION_CONTEXT(2) 
PARAMETRIC_REPRESENTATION_CONTEXT() REPRESENTATION_CONTEXT('2D SPACE',''
  ) );
#12158 = PCURVE('',#12088,#12159);
#12159 = DEFINITIONAL_REPRESENTATION('',(#12160),#12164);
#12160 = LINE('',#12161,#12162);
#12161 = CARTESIAN_POINT('',(-13.2,9.4));
#12162 = VECTOR('',#12163,1.);
#12163 = DIRECTION('',(0.,-1.));
#12164 = ( GEOMETRIC_REPRESENTATION_CONTEXT(2) 
PARAMETRIC_REPRESENTATION_CONTEXT() REPRESENTATION_CONTEXT('2D SPACE',''
  ) );
#12165 = ORIENTED_EDGE('',*,*,#12099,.T.);
#12166 = ADVANCED_FACE('',(#12167),#8163,.T.);
#12167 = FACE_BOUND('',#12168,.T.);
#12168 = EDGE_LOOP('',(#12169,#12194,#12215,#12216,#12217,#12238));
#12169 = ORIENTED_EDGE('',*,*,#12170,.F.);
#12170 = EDGE_CURVE('',#12171,#12173,#12175,.T.);
#12171 = VERTEX_POINT('',#12172);
#12172 = CARTESIAN_POINT('',(14.,53.65,-1.));
#12173 = VERTEX_POINT('',#12174);
#12174 = CARTESIAN_POINT('',(18.,53.65,-1.));
#12175 = SURFACE_CURVE('',#12176,(#12180,#12187),.PCURVE_S1.);
#12176 = LINE('',#12177,#12178);
#12177 = CARTESIAN_POINT('',(14.,53.65,-1.));
#12178 = VECTOR('',#12179,1.);
#12179 = DIRECTION('',(1.,0.,0.));
#12180 = PCURVE('',#8163,#12181);
#12181 = DEFINITIONAL_REPRESENTATION('',(#12182),#12186);
#12182 = LINE('',#12183,#12184);
#12183 = CARTESIAN_POINT('',(0.,0.));
#12184 = VECTOR('',#12185,1.);
#12185 = DIRECTION('',(1.,0.));
#12186 = ( GEOMETRIC_REPRESENTATION_CONTEXT(2) 
PARAMETRIC_REPRESENTATION_CONTEXT() REPRESENTATION_CONTEXT('2D SPACE',''
  ) );
#12187 = PCURVE('',#11582,#12188);
#12188 = DEFINITIONAL_REPRESENTATION('',(#12189),#12193);
#12189 = LINE('',#12190,#12191);
#12190 = CARTESIAN_POINT('',(-28.,12.4));
#12191 = VECTOR('',#12192,1.);
#12192 = DIRECTION('',(1.,0.));
#12193 = ( GEOMETRIC_REPRESENTATION_CONTEXT(2) 
PARAMETRIC_REPRESENTATION_CONTEXT() REPRESENTATION_CONTEXT('2D SPACE',''
  ) );
#12194 = ORIENTED_EDGE('',*,*,#12195,.T.);
#12195 = EDGE_CURVE('',#12171,#8123,#12196,.T.);
#12196 = SURFACE_CURVE('',#12197,(#12201,#12208),.PCURVE_S1.);
#12197 = LINE('',#12198,#12199);
#12198 = CARTESIAN_POINT('',(14.,53.65,-1.));
#12199 = VECTOR('',#12200,1.);
#12200 = DIRECTION('',(0.,0.,1.));
#12201 = PCURVE('',#8163,#12202);
#12202 = DEFINITIONAL_REPRESENTATION('',(#12203),#12207);
#12203 = LINE('',#12204,#12205);
#12204 = CARTESIAN_POINT('',(0.,0.));
#12205 = VECTOR('',#12206,1.);
#12206 = DIRECTION('',(0.,-1.));
#12207 = ( GEOMETRIC_REPRESENTATION_CONTEXT(2) 
PARAMETRIC_REPRESENTATION_CONTEXT() REPRESENTATION_CONTEXT('2D SPACE',''
  ) );
#12208 = PCURVE('',#8137,#12209);
#12209 = DEFINITIONAL_REPRESENTATION('',(#12210),#12214);
#12210 = LINE('',#12211,#12212);
#12211 = CARTESIAN_POINT('',(8.,0.));
#12212 = VECTOR('',#12213,1.);
#12213 = DIRECTION('',(0.,-1.));
#12214 = ( GEOMETRIC_REPRESENTATION_CONTEXT(2) 
PARAMETRIC_REPRESENTATION_CONTEXT() REPRESENTATION_CONTEXT('2D SPACE',''
  ) );
#12215 = ORIENTED_EDGE('',*,*,#8148,.T.);
#12216 = ORIENTED_EDGE('',*,*,#12124,.T.);
#12217 = ORIENTED_EDGE('',*,*,#12218,.F.);
#12218 = EDGE_CURVE('',#12219,#12125,#12221,.T.);
#12219 = VERTEX_POINT('',#12220);
#12220 = CARTESIAN_POINT('',(18.,53.65,1.5));
#12221 = SURFACE_CURVE('',#12222,(#12226,#12232),.PCURVE_S1.);
#12222 = LINE('',#12223,#12224);
#12223 = CARTESIAN_POINT('',(22.,53.65,1.5));
#12224 = VECTOR('',#12225,1.);
#12225 = DIRECTION('',(-1.,0.,0.));
#12226 = PCURVE('',#8163,#12227);
#12227 = DEFINITIONAL_REPRESENTATION('',(#12228),#12231);
#12228 = B_SPLINE_CURVE_WITH_KNOTS('',1,(#12229,#12230),.UNSPECIFIED.,
  .F.,.F.,(2,2),(0.,5.2),.PIECEWISE_BEZIER_KNOTS.);
#12229 = CARTESIAN_POINT('',(8.,-2.5));
#12230 = CARTESIAN_POINT('',(2.8,-2.5));
#12231 = ( GEOMETRIC_REPRESENTATION_CONTEXT(2) 
PARAMETRIC_REPRESENTATION_CONTEXT() REPRESENTATION_CONTEXT('2D SPACE',''
  ) );
#12232 = PCURVE('',#12088,#12233);
#12233 = DEFINITIONAL_REPRESENTATION('',(#12234),#12237);
#12234 = B_SPLINE_CURVE_WITH_KNOTS('',1,(#12235,#12236),.UNSPECIFIED.,
  .F.,.F.,(2,2),(0.,5.2),.PIECEWISE_BEZIER_KNOTS.);
#12235 = CARTESIAN_POINT('',(-8.,4.2));
#12236 = CARTESIAN_POINT('',(-13.2,4.2));
#12237 = ( GEOMETRIC_REPRESENTATION_CONTEXT(2) 
PARAMETRIC_REPRESENTATION_CONTEXT() REPRESENTATION_CONTEXT('2D SPACE',''
  ) );
#12238 = ORIENTED_EDGE('',*,*,#12239,.F.);
#12239 = EDGE_CURVE('',#12173,#12219,#12240,.T.);
#12240 = SURFACE_CURVE('',#12241,(#12245,#12251),.PCURVE_S1.);
#12241 = LINE('',#12242,#12243);
#12242 = CARTESIAN_POINT('',(18.,53.65,-1.));
#12243 = VECTOR('',#12244,1.);
#12244 = DIRECTION('',(0.,-0.,1.));
#12245 = PCURVE('',#8163,#12246);
#12246 = DEFINITIONAL_REPRESENTATION('',(#12247),#12250);
#12247 = B_SPLINE_CURVE_WITH_KNOTS('',1,(#12248,#12249),.UNSPECIFIED.,
  .F.,.F.,(2,2),(0.,2.5),.PIECEWISE_BEZIER_KNOTS.);
#12248 = CARTESIAN_POINT('',(4.,0.));
#12249 = CARTESIAN_POINT('',(4.,-2.5));
#12250 = ( GEOMETRIC_REPRESENTATION_CONTEXT(2) 
PARAMETRIC_REPRESENTATION_CONTEXT() REPRESENTATION_CONTEXT('2D SPACE',''
  ) );
#12251 = PCURVE('',#12062,#12252);
#12252 = DEFINITIONAL_REPRESENTATION('',(#12253),#12256);
#12253 = B_SPLINE_CURVE_WITH_KNOTS('',1,(#12254,#12255),.UNSPECIFIED.,
  .F.,.F.,(2,2),(0.,2.5),.PIECEWISE_BEZIER_KNOTS.);
#12254 = CARTESIAN_POINT('',(4.,0.));
#12255 = CARTESIAN_POINT('',(4.,-2.5));
#12256 = ( GEOMETRIC_REPRESENTATION_CONTEXT(2) 
PARAMETRIC_REPRESENTATION_CONTEXT() REPRESENTATION_CONTEXT('2D SPACE',''
  ) );
#12257 = ADVANCED_FACE('',(#12258),#8137,.T.);
#12258 = FACE_BOUND('',#12259,.T.);
#12259 = EDGE_LOOP('',(#12260,#12283,#12304,#12305));
#12260 = ORIENTED_EDGE('',*,*,#12261,.F.);
#12261 = EDGE_CURVE('',#12262,#12171,#12264,.T.);
#12262 = VERTEX_POINT('',#12263);
#12263 = CARTESIAN_POINT('',(14.,61.65,-1.));
#12264 = SURFACE_CURVE('',#12265,(#12269,#12276),.PCURVE_S1.);
#12265 = LINE('',#12266,#12267);
#12266 = CARTESIAN_POINT('',(14.,61.65,-1.));
#12267 = VECTOR('',#12268,1.);
#12268 = DIRECTION('',(0.,-1.,0.));
#12269 = PCURVE('',#8137,#12270);
#12270 = DEFINITIONAL_REPRESENTATION('',(#12271),#12275);
#12271 = LINE('',#12272,#12273);
#12272 = CARTESIAN_POINT('',(0.,0.));
#12273 = VECTOR('',#12274,1.);
#12274 = DIRECTION('',(1.,0.));
#12275 = ( GEOMETRIC_REPRESENTATION_CONTEXT(2) 
PARAMETRIC_REPRESENTATION_CONTEXT() REPRESENTATION_CONTEXT('2D SPACE',''
  ) );
#12276 = PCURVE('',#11582,#12277);
#12277 = DEFINITIONAL_REPRESENTATION('',(#12278),#12282);
#12278 = LINE('',#12279,#12280);
#12279 = CARTESIAN_POINT('',(-28.,20.4));
#12280 = VECTOR('',#12281,1.);
#12281 = DIRECTION('',(0.,-1.));
#12282 = ( GEOMETRIC_REPRESENTATION_CONTEXT(2) 
PARAMETRIC_REPRESENTATION_CONTEXT() REPRESENTATION_CONTEXT('2D SPACE',''
  ) );
#12283 = ORIENTED_EDGE('',*,*,#12284,.T.);
#12284 = EDGE_CURVE('',#12262,#8097,#12285,.T.);
#12285 = SURFACE_CURVE('',#12286,(#12290,#12297),.PCURVE_S1.);
#12286 = LINE('',#12287,#12288);
#12287 = CARTESIAN_POINT('',(14.,61.65,-1.));
#12288 = VECTOR('',#12289,1.);
#12289 = DIRECTION('',(0.,0.,1.));
#12290 = PCURVE('',#8137,#12291);
#12291 = DEFINITIONAL_REPRESENTATION('',(#12292),#12296);
#12292 = LINE('',#12293,#12294);
#12293 = CARTESIAN_POINT('',(0.,0.));
#12294 = VECTOR('',#12295,1.);
#12295 = DIRECTION('',(0.,-1.));
#12296 = ( GEOMETRIC_REPRESENTATION_CONTEXT(2) 
PARAMETRIC_REPRESENTATION_CONTEXT() REPRESENTATION_CONTEXT('2D SPACE',''
  ) );
#12297 = PCURVE('',#8111,#12298);
#12298 = DEFINITIONAL_REPRESENTATION('',(#12299),#12303);
#12299 = LINE('',#12300,#12301);
#12300 = CARTESIAN_POINT('',(8.,0.));
#12301 = VECTOR('',#12302,1.);
#12302 = DIRECTION('',(0.,-1.));
#12303 = ( GEOMETRIC_REPRESENTATION_CONTEXT(2) 
PARAMETRIC_REPRESENTATION_CONTEXT() REPRESENTATION_CONTEXT('2D SPACE',''
  ) );
#12304 = ORIENTED_EDGE('',*,*,#8122,.T.);
#12305 = ORIENTED_EDGE('',*,*,#12195,.F.);
#12306 = ADVANCED_FACE('',(#12307),#8111,.T.);
#12307 = FACE_BOUND('',#12308,.T.);
#12308 = EDGE_LOOP('',(#12309,#12332,#12353,#12354));
#12309 = ORIENTED_EDGE('',*,*,#12310,.F.);
#12310 = EDGE_CURVE('',#12311,#12262,#12313,.T.);
#12311 = VERTEX_POINT('',#12312);
#12312 = CARTESIAN_POINT('',(22.,61.65,-1.));
#12313 = SURFACE_CURVE('',#12314,(#12318,#12325),.PCURVE_S1.);
#12314 = LINE('',#12315,#12316);
#12315 = CARTESIAN_POINT('',(22.,61.65,-1.));
#12316 = VECTOR('',#12317,1.);
#12317 = DIRECTION('',(-1.,0.,0.));
#12318 = PCURVE('',#8111,#12319);
#12319 = DEFINITIONAL_REPRESENTATION('',(#12320),#12324);
#12320 = LINE('',#12321,#12322);
#12321 = CARTESIAN_POINT('',(0.,-0.));
#12322 = VECTOR('',#12323,1.);
#12323 = DIRECTION('',(1.,0.));
#12324 = ( GEOMETRIC_REPRESENTATION_CONTEXT(2) 
PARAMETRIC_REPRESENTATION_CONTEXT() REPRESENTATION_CONTEXT('2D SPACE',''
  ) );
#12325 = PCURVE('',#11582,#12326);
#12326 = DEFINITIONAL_REPRESENTATION('',(#12327),#12331);
#12327 = LINE('',#12328,#12329);
#12328 = CARTESIAN_POINT('',(-20.,20.4));
#12329 = VECTOR('',#12330,1.);
#12330 = DIRECTION('',(-1.,0.));
#12331 = ( GEOMETRIC_REPRESENTATION_CONTEXT(2) 
PARAMETRIC_REPRESENTATION_CONTEXT() REPRESENTATION_CONTEXT('2D SPACE',''
  ) );
#12332 = ORIENTED_EDGE('',*,*,#12333,.T.);
#12333 = EDGE_CURVE('',#12311,#8071,#12334,.T.);
#12334 = SURFACE_CURVE('',#12335,(#12339,#12346),.PCURVE_S1.);
#12335 = LINE('',#12336,#12337);
#12336 = CARTESIAN_POINT('',(22.,61.65,-1.));
#12337 = VECTOR('',#12338,1.);
#12338 = DIRECTION('',(0.,0.,1.));
#12339 = PCURVE('',#8111,#12340);
#12340 = DEFINITIONAL_REPRESENTATION('',(#12341),#12345);
#12341 = LINE('',#12342,#12343);
#12342 = CARTESIAN_POINT('',(0.,-0.));
#12343 = VECTOR('',#12344,1.);
#12344 = DIRECTION('',(0.,-1.));
#12345 = ( GEOMETRIC_REPRESENTATION_CONTEXT(2) 
PARAMETRIC_REPRESENTATION_CONTEXT() REPRESENTATION_CONTEXT('2D SPACE',''
  ) );
#12346 = PCURVE('',#8085,#12347);
#12347 = DEFINITIONAL_REPRESENTATION('',(#12348),#12352);
#12348 = LINE('',#12349,#12350);
#12349 = CARTESIAN_POINT('',(8.,0.));
#12350 = VECTOR('',#12351,1.);
#12351 = DIRECTION('',(0.,-1.));
#12352 = ( GEOMETRIC_REPRESENTATION_CONTEXT(2) 
PARAMETRIC_REPRESENTATION_CONTEXT() REPRESENTATION_CONTEXT('2D SPACE',''
  ) );
#12353 = ORIENTED_EDGE('',*,*,#8096,.T.);
#12354 = ORIENTED_EDGE('',*,*,#12284,.F.);
#12355 = ADVANCED_FACE('',(#12356),#8085,.T.);
#12356 = FACE_BOUND('',#12357,.T.);
#12357 = EDGE_LOOP('',(#12358,#12381,#12407,#12433,#12452,#12453));
#12358 = ORIENTED_EDGE('',*,*,#12359,.F.);
#12359 = EDGE_CURVE('',#12360,#12311,#12362,.T.);
#12360 = VERTEX_POINT('',#12361);
#12361 = CARTESIAN_POINT('',(22.,57.65,-1.));
#12362 = SURFACE_CURVE('',#12363,(#12367,#12374),.PCURVE_S1.);
#12363 = LINE('',#12364,#12365);
#12364 = CARTESIAN_POINT('',(22.,53.65,-1.));
#12365 = VECTOR('',#12366,1.);
#12366 = DIRECTION('',(0.,1.,0.));
#12367 = PCURVE('',#8085,#12368);
#12368 = DEFINITIONAL_REPRESENTATION('',(#12369),#12373);
#12369 = LINE('',#12370,#12371);
#12370 = CARTESIAN_POINT('',(0.,0.));
#12371 = VECTOR('',#12372,1.);
#12372 = DIRECTION('',(1.,0.));
#12373 = ( GEOMETRIC_REPRESENTATION_CONTEXT(2) 
PARAMETRIC_REPRESENTATION_CONTEXT() REPRESENTATION_CONTEXT('2D SPACE',''
  ) );
#12374 = PCURVE('',#11582,#12375);
#12375 = DEFINITIONAL_REPRESENTATION('',(#12376),#12380);
#12376 = LINE('',#12377,#12378);
#12377 = CARTESIAN_POINT('',(-20.,12.4));
#12378 = VECTOR('',#12379,1.);
#12379 = DIRECTION('',(0.,1.));
#12380 = ( GEOMETRIC_REPRESENTATION_CONTEXT(2) 
PARAMETRIC_REPRESENTATION_CONTEXT() REPRESENTATION_CONTEXT('2D SPACE',''
  ) );
#12381 = ORIENTED_EDGE('',*,*,#12382,.F.);
#12382 = EDGE_CURVE('',#12383,#12360,#12385,.T.);
#12383 = VERTEX_POINT('',#12384);
#12384 = CARTESIAN_POINT('',(22.,57.65,1.5));
#12385 = SURFACE_CURVE('',#12386,(#12390,#12396),.PCURVE_S1.);
#12386 = LINE('',#12387,#12388);
#12387 = CARTESIAN_POINT('',(22.,57.65,-1.));
#12388 = VECTOR('',#12389,1.);
#12389 = DIRECTION('',(-0.,-0.,-1.));
#12390 = PCURVE('',#8085,#12391);
#12391 = DEFINITIONAL_REPRESENTATION('',(#12392),#12395);
#12392 = B_SPLINE_CURVE_WITH_KNOTS('',1,(#12393,#12394),.UNSPECIFIED.,
  .F.,.F.,(2,2),(-2.5,0.),.PIECEWISE_BEZIER_KNOTS.);
#12393 = CARTESIAN_POINT('',(4.,-2.5));
#12394 = CARTESIAN_POINT('',(4.,0.));
#12395 = ( GEOMETRIC_REPRESENTATION_CONTEXT(2) 
PARAMETRIC_REPRESENTATION_CONTEXT() REPRESENTATION_CONTEXT('2D SPACE',''
  ) );
#12396 = PCURVE('',#12397,#12402);
#12397 = PLANE('',#12398);
#12398 = AXIS2_PLACEMENT_3D('',#12399,#12400,#12401);
#12399 = CARTESIAN_POINT('',(42.,57.65,-1.));
#12400 = DIRECTION('',(0.,-1.,0.));
#12401 = DIRECTION('',(-1.,0.,0.));
#12402 = DEFINITIONAL_REPRESENTATION('',(#12403),#12406);
#12403 = B_SPLINE_CURVE_WITH_KNOTS('',1,(#12404,#12405),.UNSPECIFIED.,
  .F.,.F.,(2,2),(-2.5,0.),.PIECEWISE_BEZIER_KNOTS.);
#12404 = CARTESIAN_POINT('',(20.,-2.5));
#12405 = CARTESIAN_POINT('',(20.,0.));
#12406 = ( GEOMETRIC_REPRESENTATION_CONTEXT(2) 
PARAMETRIC_REPRESENTATION_CONTEXT() REPRESENTATION_CONTEXT('2D SPACE',''
  ) );
#12407 = ORIENTED_EDGE('',*,*,#12408,.F.);
#12408 = EDGE_CURVE('',#12409,#12383,#12411,.T.);
#12409 = VERTEX_POINT('',#12410);
#12410 = CARTESIAN_POINT('',(22.,58.85,1.5));
#12411 = SURFACE_CURVE('',#12412,(#12416,#12422),.PCURVE_S1.);
#12412 = LINE('',#12413,#12414);
#12413 = CARTESIAN_POINT('',(22.,51.55,1.5));
#12414 = VECTOR('',#12415,1.);
#12415 = DIRECTION('',(0.,-1.,0.));
#12416 = PCURVE('',#8085,#12417);
#12417 = DEFINITIONAL_REPRESENTATION('',(#12418),#12421);
#12418 = B_SPLINE_CURVE_WITH_KNOTS('',1,(#12419,#12420),.UNSPECIFIED.,
  .F.,.F.,(2,2),(-7.3,-2.1),.PIECEWISE_BEZIER_KNOTS.);
#12419 = CARTESIAN_POINT('',(5.2,-2.5));
#12420 = CARTESIAN_POINT('',(0.,-2.5));
#12421 = ( GEOMETRIC_REPRESENTATION_CONTEXT(2) 
PARAMETRIC_REPRESENTATION_CONTEXT() REPRESENTATION_CONTEXT('2D SPACE',''
  ) );
#12422 = PCURVE('',#12423,#12428);
#12423 = PLANE('',#12424);
#12424 = AXIS2_PLACEMENT_3D('',#12425,#12426,#12427);
#12425 = CARTESIAN_POINT('',(30.,49.45,1.5));
#12426 = DIRECTION('',(0.,0.,1.));
#12427 = DIRECTION('',(1.,0.,-0.));
#12428 = DEFINITIONAL_REPRESENTATION('',(#12429),#12432);
#12429 = B_SPLINE_CURVE_WITH_KNOTS('',1,(#12430,#12431),.UNSPECIFIED.,
  .F.,.F.,(2,2),(-7.3,-2.1),.PIECEWISE_BEZIER_KNOTS.);
#12430 = CARTESIAN_POINT('',(-8.,9.4));
#12431 = CARTESIAN_POINT('',(-8.,4.2));
#12432 = ( GEOMETRIC_REPRESENTATION_CONTEXT(2) 
PARAMETRIC_REPRESENTATION_CONTEXT() REPRESENTATION_CONTEXT('2D SPACE',''
  ) );
#12433 = ORIENTED_EDGE('',*,*,#12434,.T.);
#12434 = EDGE_CURVE('',#12409,#8043,#12435,.T.);
#12435 = SURFACE_CURVE('',#12436,(#12440,#12446),.PCURVE_S1.);
#12436 = LINE('',#12437,#12438);
#12437 = CARTESIAN_POINT('',(22.,58.85,-0.5));
#12438 = VECTOR('',#12439,1.);
#12439 = DIRECTION('',(-0.,-0.,-1.));
#12440 = PCURVE('',#8085,#12441);
#12441 = DEFINITIONAL_REPRESENTATION('',(#12442),#12445);
#12442 = B_SPLINE_CURVE_WITH_KNOTS('',1,(#12443,#12444),.UNSPECIFIED.,
  .F.,.F.,(2,2),(-2.,-0.5),.PIECEWISE_BEZIER_KNOTS.);
#12443 = CARTESIAN_POINT('',(5.2,-2.5));
#12444 = CARTESIAN_POINT('',(5.2,-1.));
#12445 = ( GEOMETRIC_REPRESENTATION_CONTEXT(2) 
PARAMETRIC_REPRESENTATION_CONTEXT() REPRESENTATION_CONTEXT('2D SPACE',''
  ) );
#12446 = PCURVE('',#8058,#12447);
#12447 = DEFINITIONAL_REPRESENTATION('',(#12448),#12451);
#12448 = B_SPLINE_CURVE_WITH_KNOTS('',1,(#12449,#12450),.UNSPECIFIED.,
  .F.,.F.,(2,2),(-2.,-0.5),.PIECEWISE_BEZIER_KNOTS.);
#12449 = CARTESIAN_POINT('',(21.2,-1.5));
#12450 = CARTESIAN_POINT('',(21.2,0.));
#12451 = ( GEOMETRIC_REPRESENTATION_CONTEXT(2) 
PARAMETRIC_REPRESENTATION_CONTEXT() REPRESENTATION_CONTEXT('2D SPACE',''
  ) );
#12452 = ORIENTED_EDGE('',*,*,#8070,.T.);
#12453 = ORIENTED_EDGE('',*,*,#12333,.F.);
#12454 = ADVANCED_FACE('',(#12455),#8058,.F.);
#12455 = FACE_BOUND('',#12456,.F.);
#12456 = EDGE_LOOP('',(#12457,#12458,#12479,#12500));
#12457 = ORIENTED_EDGE('',*,*,#8042,.F.);
#12458 = ORIENTED_EDGE('',*,*,#12459,.T.);
#12459 = EDGE_CURVE('',#8017,#12460,#12462,.T.);
#12460 = VERTEX_POINT('',#12461);
#12461 = CARTESIAN_POINT('',(38.,58.85,1.5));
#12462 = SURFACE_CURVE('',#12463,(#12467,#12473),.PCURVE_S1.);
#12463 = LINE('',#12464,#12465);
#12464 = CARTESIAN_POINT('',(38.,58.85,-0.5));
#12465 = VECTOR('',#12466,1.);
#12466 = DIRECTION('',(0.,0.,1.));
#12467 = PCURVE('',#8058,#12468);
#12468 = DEFINITIONAL_REPRESENTATION('',(#12469),#12472);
#12469 = B_SPLINE_CURVE_WITH_KNOTS('',1,(#12470,#12471),.UNSPECIFIED.,
  .F.,.F.,(2,2),(0.5,2.),.PIECEWISE_BEZIER_KNOTS.);
#12470 = CARTESIAN_POINT('',(5.2,0.));
#12471 = CARTESIAN_POINT('',(5.2,-1.5));
#12472 = ( GEOMETRIC_REPRESENTATION_CONTEXT(2) 
PARAMETRIC_REPRESENTATION_CONTEXT() REPRESENTATION_CONTEXT('2D SPACE',''
  ) );
#12473 = PCURVE('',#8031,#12474);
#12474 = DEFINITIONAL_REPRESENTATION('',(#12475),#12478);
#12475 = B_SPLINE_CURVE_WITH_KNOTS('',1,(#12476,#12477),.UNSPECIFIED.,
  .F.,.F.,(2,2),(0.5,2.),.PIECEWISE_BEZIER_KNOTS.);
#12476 = CARTESIAN_POINT('',(2.8,-1.));
#12477 = CARTESIAN_POINT('',(2.8,-2.5));
#12478 = ( GEOMETRIC_REPRESENTATION_CONTEXT(2) 
PARAMETRIC_REPRESENTATION_CONTEXT() REPRESENTATION_CONTEXT('2D SPACE',''
  ) );
#12479 = ORIENTED_EDGE('',*,*,#12480,.T.);
#12480 = EDGE_CURVE('',#12460,#12409,#12481,.T.);
#12481 = SURFACE_CURVE('',#12482,(#12486,#12493),.PCURVE_S1.);
#12482 = LINE('',#12483,#12484);
#12483 = CARTESIAN_POINT('',(43.2,58.85,1.5));
#12484 = VECTOR('',#12485,1.);
#12485 = DIRECTION('',(-1.,0.,0.));
#12486 = PCURVE('',#8058,#12487);
#12487 = DEFINITIONAL_REPRESENTATION('',(#12488),#12492);
#12488 = LINE('',#12489,#12490);
#12489 = CARTESIAN_POINT('',(0.,-1.5));
#12490 = VECTOR('',#12491,1.);
#12491 = DIRECTION('',(1.,0.));
#12492 = ( GEOMETRIC_REPRESENTATION_CONTEXT(2) 
PARAMETRIC_REPRESENTATION_CONTEXT() REPRESENTATION_CONTEXT('2D SPACE',''
  ) );
#12493 = PCURVE('',#12423,#12494);
#12494 = DEFINITIONAL_REPRESENTATION('',(#12495),#12499);
#12495 = LINE('',#12496,#12497);
#12496 = CARTESIAN_POINT('',(13.2,9.4));
#12497 = VECTOR('',#12498,1.);
#12498 = DIRECTION('',(-1.,0.));
#12499 = ( GEOMETRIC_REPRESENTATION_CONTEXT(2) 
PARAMETRIC_REPRESENTATION_CONTEXT() REPRESENTATION_CONTEXT('2D SPACE',''
  ) );
#12500 = ORIENTED_EDGE('',*,*,#12434,.T.);
#12501 = ADVANCED_FACE('',(#12502),#8031,.T.);
#12502 = FACE_BOUND('',#12503,.T.);
#12503 = EDGE_LOOP('',(#12504,#12529,#12550,#12551,#12552,#12573));
#12504 = ORIENTED_EDGE('',*,*,#12505,.F.);
#12505 = EDGE_CURVE('',#12506,#12508,#12510,.T.);
#12506 = VERTEX_POINT('',#12507);
#12507 = CARTESIAN_POINT('',(38.,61.65,-1.));
#12508 = VERTEX_POINT('',#12509);
#12509 = CARTESIAN_POINT('',(38.,57.65,-1.));
#12510 = SURFACE_CURVE('',#12511,(#12515,#12522),.PCURVE_S1.);
#12511 = LINE('',#12512,#12513);
#12512 = CARTESIAN_POINT('',(38.,61.65,-1.));
#12513 = VECTOR('',#12514,1.);
#12514 = DIRECTION('',(0.,-1.,0.));
#12515 = PCURVE('',#8031,#12516);
#12516 = DEFINITIONAL_REPRESENTATION('',(#12517),#12521);
#12517 = LINE('',#12518,#12519);
#12518 = CARTESIAN_POINT('',(0.,0.));
#12519 = VECTOR('',#12520,1.);
#12520 = DIRECTION('',(1.,0.));
#12521 = ( GEOMETRIC_REPRESENTATION_CONTEXT(2) 
PARAMETRIC_REPRESENTATION_CONTEXT() REPRESENTATION_CONTEXT('2D SPACE',''
  ) );
#12522 = PCURVE('',#11582,#12523);
#12523 = DEFINITIONAL_REPRESENTATION('',(#12524),#12528);
#12524 = LINE('',#12525,#12526);
#12525 = CARTESIAN_POINT('',(-4.,20.4));
#12526 = VECTOR('',#12527,1.);
#12527 = DIRECTION('',(0.,-1.));
#12528 = ( GEOMETRIC_REPRESENTATION_CONTEXT(2) 
PARAMETRIC_REPRESENTATION_CONTEXT() REPRESENTATION_CONTEXT('2D SPACE',''
  ) );
#12529 = ORIENTED_EDGE('',*,*,#12530,.T.);
#12530 = EDGE_CURVE('',#12506,#7991,#12531,.T.);
#12531 = SURFACE_CURVE('',#12532,(#12536,#12543),.PCURVE_S1.);
#12532 = LINE('',#12533,#12534);
#12533 = CARTESIAN_POINT('',(38.,61.65,-1.));
#12534 = VECTOR('',#12535,1.);
#12535 = DIRECTION('',(0.,0.,1.));
#12536 = PCURVE('',#8031,#12537);
#12537 = DEFINITIONAL_REPRESENTATION('',(#12538),#12542);
#12538 = LINE('',#12539,#12540);
#12539 = CARTESIAN_POINT('',(0.,0.));
#12540 = VECTOR('',#12541,1.);
#12541 = DIRECTION('',(0.,-1.));
#12542 = ( GEOMETRIC_REPRESENTATION_CONTEXT(2) 
PARAMETRIC_REPRESENTATION_CONTEXT() REPRESENTATION_CONTEXT('2D SPACE',''
  ) );
#12543 = PCURVE('',#8005,#12544);
#12544 = DEFINITIONAL_REPRESENTATION('',(#12545),#12549);
#12545 = LINE('',#12546,#12547);
#12546 = CARTESIAN_POINT('',(8.,0.));
#12547 = VECTOR('',#12548,1.);
#12548 = DIRECTION('',(0.,-1.));
#12549 = ( GEOMETRIC_REPRESENTATION_CONTEXT(2) 
PARAMETRIC_REPRESENTATION_CONTEXT() REPRESENTATION_CONTEXT('2D SPACE',''
  ) );
#12550 = ORIENTED_EDGE('',*,*,#8016,.T.);
#12551 = ORIENTED_EDGE('',*,*,#12459,.T.);
#12552 = ORIENTED_EDGE('',*,*,#12553,.F.);
#12553 = EDGE_CURVE('',#12554,#12460,#12556,.T.);
#12554 = VERTEX_POINT('',#12555);
#12555 = CARTESIAN_POINT('',(38.,57.65,1.5));
#12556 = SURFACE_CURVE('',#12557,(#12561,#12567),.PCURVE_S1.);
#12557 = LINE('',#12558,#12559);
#12558 = CARTESIAN_POINT('',(38.,55.55,1.5));
#12559 = VECTOR('',#12560,1.);
#12560 = DIRECTION('',(-0.,1.,0.));
#12561 = PCURVE('',#8031,#12562);
#12562 = DEFINITIONAL_REPRESENTATION('',(#12563),#12566);
#12563 = B_SPLINE_CURVE_WITH_KNOTS('',1,(#12564,#12565),.UNSPECIFIED.,
  .F.,.F.,(2,2),(-1.9,3.3),.PIECEWISE_BEZIER_KNOTS.);
#12564 = CARTESIAN_POINT('',(8.,-2.5));
#12565 = CARTESIAN_POINT('',(2.8,-2.5));
#12566 = ( GEOMETRIC_REPRESENTATION_CONTEXT(2) 
PARAMETRIC_REPRESENTATION_CONTEXT() REPRESENTATION_CONTEXT('2D SPACE',''
  ) );
#12567 = PCURVE('',#12423,#12568);
#12568 = DEFINITIONAL_REPRESENTATION('',(#12569),#12572);
#12569 = B_SPLINE_CURVE_WITH_KNOTS('',1,(#12570,#12571),.UNSPECIFIED.,
  .F.,.F.,(2,2),(-1.9,3.3),.PIECEWISE_BEZIER_KNOTS.);
#12570 = CARTESIAN_POINT('',(8.,4.2));
#12571 = CARTESIAN_POINT('',(8.,9.4));
#12572 = ( GEOMETRIC_REPRESENTATION_CONTEXT(2) 
PARAMETRIC_REPRESENTATION_CONTEXT() REPRESENTATION_CONTEXT('2D SPACE',''
  ) );
#12573 = ORIENTED_EDGE('',*,*,#12574,.F.);
#12574 = EDGE_CURVE('',#12508,#12554,#12575,.T.);
#12575 = SURFACE_CURVE('',#12576,(#12580,#12586),.PCURVE_S1.);
#12576 = LINE('',#12577,#12578);
#12577 = CARTESIAN_POINT('',(38.,57.65,-1.));
#12578 = VECTOR('',#12579,1.);
#12579 = DIRECTION('',(0.,0.,1.));
#12580 = PCURVE('',#8031,#12581);
#12581 = DEFINITIONAL_REPRESENTATION('',(#12582),#12585);
#12582 = B_SPLINE_CURVE_WITH_KNOTS('',1,(#12583,#12584),.UNSPECIFIED.,
  .F.,.F.,(2,2),(0.,2.5),.PIECEWISE_BEZIER_KNOTS.);
#12583 = CARTESIAN_POINT('',(4.,0.));
#12584 = CARTESIAN_POINT('',(4.,-2.5));
#12585 = ( GEOMETRIC_REPRESENTATION_CONTEXT(2) 
PARAMETRIC_REPRESENTATION_CONTEXT() REPRESENTATION_CONTEXT('2D SPACE',''
  ) );
#12586 = PCURVE('',#12397,#12587);
#12587 = DEFINITIONAL_REPRESENTATION('',(#12588),#12591);
#12588 = B_SPLINE_CURVE_WITH_KNOTS('',1,(#12589,#12590),.UNSPECIFIED.,
  .F.,.F.,(2,2),(0.,2.5),.PIECEWISE_BEZIER_KNOTS.);
#12589 = CARTESIAN_POINT('',(4.,0.));
#12590 = CARTESIAN_POINT('',(4.,-2.5));
#12591 = ( GEOMETRIC_REPRESENTATION_CONTEXT(2) 
PARAMETRIC_REPRESENTATION_CONTEXT() REPRESENTATION_CONTEXT('2D SPACE',''
  ) );
#12592 = ADVANCED_FACE('',(#12593),#8005,.T.);
#12593 = FACE_BOUND('',#12594,.T.);
#12594 = EDGE_LOOP('',(#12595,#12618,#12639,#12640));
#12595 = ORIENTED_EDGE('',*,*,#12596,.F.);
#12596 = EDGE_CURVE('',#12597,#12506,#12599,.T.);
#12597 = VERTEX_POINT('',#12598);
#12598 = CARTESIAN_POINT('',(46.,61.65,-1.));
#12599 = SURFACE_CURVE('',#12600,(#12604,#12611),.PCURVE_S1.);
#12600 = LINE('',#12601,#12602);
#12601 = CARTESIAN_POINT('',(46.,61.65,-1.));
#12602 = VECTOR('',#12603,1.);
#12603 = DIRECTION('',(-1.,0.,0.));
#12604 = PCURVE('',#8005,#12605);
#12605 = DEFINITIONAL_REPRESENTATION('',(#12606),#12610);
#12606 = LINE('',#12607,#12608);
#12607 = CARTESIAN_POINT('',(0.,-0.));
#12608 = VECTOR('',#12609,1.);
#12609 = DIRECTION('',(1.,0.));
#12610 = ( GEOMETRIC_REPRESENTATION_CONTEXT(2) 
PARAMETRIC_REPRESENTATION_CONTEXT() REPRESENTATION_CONTEXT('2D SPACE',''
  ) );
#12611 = PCURVE('',#11582,#12612);
#12612 = DEFINITIONAL_REPRESENTATION('',(#12613),#12617);
#12613 = LINE('',#12614,#12615);
#12614 = CARTESIAN_POINT('',(4.,20.4));
#12615 = VECTOR('',#12616,1.);
#12616 = DIRECTION('',(-1.,0.));
#12617 = ( GEOMETRIC_REPRESENTATION_CONTEXT(2) 
PARAMETRIC_REPRESENTATION_CONTEXT() REPRESENTATION_CONTEXT('2D SPACE',''
  ) );
#12618 = ORIENTED_EDGE('',*,*,#12619,.T.);
#12619 = EDGE_CURVE('',#12597,#7965,#12620,.T.);
#12620 = SURFACE_CURVE('',#12621,(#12625,#12632),.PCURVE_S1.);
#12621 = LINE('',#12622,#12623);
#12622 = CARTESIAN_POINT('',(46.,61.65,-1.));
#12623 = VECTOR('',#12624,1.);
#12624 = DIRECTION('',(0.,0.,1.));
#12625 = PCURVE('',#8005,#12626);
#12626 = DEFINITIONAL_REPRESENTATION('',(#12627),#12631);
#12627 = LINE('',#12628,#12629);
#12628 = CARTESIAN_POINT('',(0.,-0.));
#12629 = VECTOR('',#12630,1.);
#12630 = DIRECTION('',(0.,-1.));
#12631 = ( GEOMETRIC_REPRESENTATION_CONTEXT(2) 
PARAMETRIC_REPRESENTATION_CONTEXT() REPRESENTATION_CONTEXT('2D SPACE',''
  ) );
#12632 = PCURVE('',#7979,#12633);
#12633 = DEFINITIONAL_REPRESENTATION('',(#12634),#12638);
#12634 = LINE('',#12635,#12636);
#12635 = CARTESIAN_POINT('',(8.,0.));
#12636 = VECTOR('',#12637,1.);
#12637 = DIRECTION('',(0.,-1.));
#12638 = ( GEOMETRIC_REPRESENTATION_CONTEXT(2) 
PARAMETRIC_REPRESENTATION_CONTEXT() REPRESENTATION_CONTEXT('2D SPACE',''
  ) );
#12639 = ORIENTED_EDGE('',*,*,#7990,.T.);
#12640 = ORIENTED_EDGE('',*,*,#12530,.F.);
#12641 = ADVANCED_FACE('',(#12642),#7979,.T.);
#12642 = FACE_BOUND('',#12643,.T.);
#12643 = EDGE_LOOP('',(#12644,#12667,#12688,#12689));
#12644 = ORIENTED_EDGE('',*,*,#12645,.F.);
#12645 = EDGE_CURVE('',#12646,#12597,#12648,.T.);
#12646 = VERTEX_POINT('',#12647);
#12647 = CARTESIAN_POINT('',(46.,53.65,-1.));
#12648 = SURFACE_CURVE('',#12649,(#12653,#12660),.PCURVE_S1.);
#12649 = LINE('',#12650,#12651);
#12650 = CARTESIAN_POINT('',(46.,53.65,-1.));
#12651 = VECTOR('',#12652,1.);
#12652 = DIRECTION('',(0.,1.,0.));
#12653 = PCURVE('',#7979,#12654);
#12654 = DEFINITIONAL_REPRESENTATION('',(#12655),#12659);
#12655 = LINE('',#12656,#12657);
#12656 = CARTESIAN_POINT('',(0.,0.));
#12657 = VECTOR('',#12658,1.);
#12658 = DIRECTION('',(1.,0.));
#12659 = ( GEOMETRIC_REPRESENTATION_CONTEXT(2) 
PARAMETRIC_REPRESENTATION_CONTEXT() REPRESENTATION_CONTEXT('2D SPACE',''
  ) );
#12660 = PCURVE('',#11582,#12661);
#12661 = DEFINITIONAL_REPRESENTATION('',(#12662),#12666);
#12662 = LINE('',#12663,#12664);
#12663 = CARTESIAN_POINT('',(4.,12.4));
#12664 = VECTOR('',#12665,1.);
#12665 = DIRECTION('',(0.,1.));
#12666 = ( GEOMETRIC_REPRESENTATION_CONTEXT(2) 
PARAMETRIC_REPRESENTATION_CONTEXT() REPRESENTATION_CONTEXT('2D SPACE',''
  ) );
#12667 = ORIENTED_EDGE('',*,*,#12668,.T.);
#12668 = EDGE_CURVE('',#12646,#7939,#12669,.T.);
#12669 = SURFACE_CURVE('',#12670,(#12674,#12681),.PCURVE_S1.);
#12670 = LINE('',#12671,#12672);
#12671 = CARTESIAN_POINT('',(46.,53.65,-1.));
#12672 = VECTOR('',#12673,1.);
#12673 = DIRECTION('',(0.,0.,1.));
#12674 = PCURVE('',#7979,#12675);
#12675 = DEFINITIONAL_REPRESENTATION('',(#12676),#12680);
#12676 = LINE('',#12677,#12678);
#12677 = CARTESIAN_POINT('',(0.,0.));
#12678 = VECTOR('',#12679,1.);
#12679 = DIRECTION('',(0.,-1.));
#12680 = ( GEOMETRIC_REPRESENTATION_CONTEXT(2) 
PARAMETRIC_REPRESENTATION_CONTEXT() REPRESENTATION_CONTEXT('2D SPACE',''
  ) );
#12681 = PCURVE('',#7953,#12682);
#12682 = DEFINITIONAL_REPRESENTATION('',(#12683),#12687);
#12683 = LINE('',#12684,#12685);
#12684 = CARTESIAN_POINT('',(8.,0.));
#12685 = VECTOR('',#12686,1.);
#12686 = DIRECTION('',(0.,-1.));
#12687 = ( GEOMETRIC_REPRESENTATION_CONTEXT(2) 
PARAMETRIC_REPRESENTATION_CONTEXT() REPRESENTATION_CONTEXT('2D SPACE',''
  ) );
#12688 = ORIENTED_EDGE('',*,*,#7964,.T.);
#12689 = ORIENTED_EDGE('',*,*,#12619,.F.);
#12690 = ADVANCED_FACE('',(#12691),#7953,.T.);
#12691 = FACE_BOUND('',#12692,.T.);
#12692 = EDGE_LOOP('',(#12693,#12716,#12742,#12768,#12787,#12788));
#12693 = ORIENTED_EDGE('',*,*,#12694,.F.);
#12694 = EDGE_CURVE('',#12695,#12646,#12697,.T.);
#12695 = VERTEX_POINT('',#12696);
#12696 = CARTESIAN_POINT('',(42.,53.65,-1.));
#12697 = SURFACE_CURVE('',#12698,(#12702,#12709),.PCURVE_S1.);
#12698 = LINE('',#12699,#12700);
#12699 = CARTESIAN_POINT('',(38.,53.65,-1.));
#12700 = VECTOR('',#12701,1.);
#12701 = DIRECTION('',(1.,0.,0.));
#12702 = PCURVE('',#7953,#12703);
#12703 = DEFINITIONAL_REPRESENTATION('',(#12704),#12708);
#12704 = LINE('',#12705,#12706);
#12705 = CARTESIAN_POINT('',(0.,0.));
#12706 = VECTOR('',#12707,1.);
#12707 = DIRECTION('',(1.,0.));
#12708 = ( GEOMETRIC_REPRESENTATION_CONTEXT(2) 
PARAMETRIC_REPRESENTATION_CONTEXT() REPRESENTATION_CONTEXT('2D SPACE',''
  ) );
#12709 = PCURVE('',#11582,#12710);
#12710 = DEFINITIONAL_REPRESENTATION('',(#12711),#12715);
#12711 = LINE('',#12712,#12713);
#12712 = CARTESIAN_POINT('',(-4.,12.4));
#12713 = VECTOR('',#12714,1.);
#12714 = DIRECTION('',(1.,0.));
#12715 = ( GEOMETRIC_REPRESENTATION_CONTEXT(2) 
PARAMETRIC_REPRESENTATION_CONTEXT() REPRESENTATION_CONTEXT('2D SPACE',''
  ) );
#12716 = ORIENTED_EDGE('',*,*,#12717,.F.);
#12717 = EDGE_CURVE('',#12718,#12695,#12720,.T.);
#12718 = VERTEX_POINT('',#12719);
#12719 = CARTESIAN_POINT('',(42.,53.65,1.5));
#12720 = SURFACE_CURVE('',#12721,(#12725,#12731),.PCURVE_S1.);
#12721 = LINE('',#12722,#12723);
#12722 = CARTESIAN_POINT('',(42.,53.65,-1.));
#12723 = VECTOR('',#12724,1.);
#12724 = DIRECTION('',(0.,0.,-1.));
#12725 = PCURVE('',#7953,#12726);
#12726 = DEFINITIONAL_REPRESENTATION('',(#12727),#12730);
#12727 = B_SPLINE_CURVE_WITH_KNOTS('',1,(#12728,#12729),.UNSPECIFIED.,
  .F.,.F.,(2,2),(-2.5,0.),.PIECEWISE_BEZIER_KNOTS.);
#12728 = CARTESIAN_POINT('',(4.,-2.5));
#12729 = CARTESIAN_POINT('',(4.,0.));
#12730 = ( GEOMETRIC_REPRESENTATION_CONTEXT(2) 
PARAMETRIC_REPRESENTATION_CONTEXT() REPRESENTATION_CONTEXT('2D SPACE',''
  ) );
#12731 = PCURVE('',#12732,#12737);
#12732 = PLANE('',#12733);
#12733 = AXIS2_PLACEMENT_3D('',#12734,#12735,#12736);
#12734 = CARTESIAN_POINT('',(42.,41.25,-1.));
#12735 = DIRECTION('',(-1.,0.,0.));
#12736 = DIRECTION('',(0.,1.,0.));
#12737 = DEFINITIONAL_REPRESENTATION('',(#12738),#12741);
#12738 = B_SPLINE_CURVE_WITH_KNOTS('',1,(#12739,#12740),.UNSPECIFIED.,
  .F.,.F.,(2,2),(-2.5,0.),.PIECEWISE_BEZIER_KNOTS.);
#12739 = CARTESIAN_POINT('',(12.4,-2.5));
#12740 = CARTESIAN_POINT('',(12.4,0.));
#12741 = ( GEOMETRIC_REPRESENTATION_CONTEXT(2) 
PARAMETRIC_REPRESENTATION_CONTEXT() REPRESENTATION_CONTEXT('2D SPACE',''
  ) );
#12742 = ORIENTED_EDGE('',*,*,#12743,.F.);
#12743 = EDGE_CURVE('',#12744,#12718,#12746,.T.);
#12744 = VERTEX_POINT('',#12745);
#12745 = CARTESIAN_POINT('',(43.2,53.65,1.5));
#12746 = SURFACE_CURVE('',#12747,(#12751,#12757),.PCURVE_S1.);
#12747 = LINE('',#12748,#12749);
#12748 = CARTESIAN_POINT('',(34.,53.65,1.5));
#12749 = VECTOR('',#12750,1.);
#12750 = DIRECTION('',(-1.,0.,0.));
#12751 = PCURVE('',#7953,#12752);
#12752 = DEFINITIONAL_REPRESENTATION('',(#12753),#12756);
#12753 = B_SPLINE_CURVE_WITH_KNOTS('',1,(#12754,#12755),.UNSPECIFIED.,
  .F.,.F.,(2,2),(-9.2,-4.),.PIECEWISE_BEZIER_KNOTS.);
#12754 = CARTESIAN_POINT('',(5.2,-2.5));
#12755 = CARTESIAN_POINT('',(0.,-2.5));
#12756 = ( GEOMETRIC_REPRESENTATION_CONTEXT(2) 
PARAMETRIC_REPRESENTATION_CONTEXT() REPRESENTATION_CONTEXT('2D SPACE',''
  ) );
#12757 = PCURVE('',#12758,#12763);
#12758 = PLANE('',#12759);
#12759 = AXIS2_PLACEMENT_3D('',#12760,#12761,#12762);
#12760 = CARTESIAN_POINT('',(30.,49.45,1.5));
#12761 = DIRECTION('',(0.,0.,1.));
#12762 = DIRECTION('',(1.,0.,-0.));
#12763 = DEFINITIONAL_REPRESENTATION('',(#12764),#12767);
#12764 = B_SPLINE_CURVE_WITH_KNOTS('',1,(#12765,#12766),.UNSPECIFIED.,
  .F.,.F.,(2,2),(-9.2,-4.),.PIECEWISE_BEZIER_KNOTS.);
#12765 = CARTESIAN_POINT('',(13.2,4.2));
#12766 = CARTESIAN_POINT('',(8.,4.2));
#12767 = ( GEOMETRIC_REPRESENTATION_CONTEXT(2) 
PARAMETRIC_REPRESENTATION_CONTEXT() REPRESENTATION_CONTEXT('2D SPACE',''
  ) );
#12768 = ORIENTED_EDGE('',*,*,#12769,.T.);
#12769 = EDGE_CURVE('',#12744,#7911,#12770,.T.);
#12770 = SURFACE_CURVE('',#12771,(#12775,#12781),.PCURVE_S1.);
#12771 = LINE('',#12772,#12773);
#12772 = CARTESIAN_POINT('',(43.2,53.65,-0.5));
#12773 = VECTOR('',#12774,1.);
#12774 = DIRECTION('',(0.,0.,-1.));
#12775 = PCURVE('',#7953,#12776);
#12776 = DEFINITIONAL_REPRESENTATION('',(#12777),#12780);
#12777 = B_SPLINE_CURVE_WITH_KNOTS('',1,(#12778,#12779),.UNSPECIFIED.,
  .F.,.F.,(2,2),(-2.,-0.5),.PIECEWISE_BEZIER_KNOTS.);
#12778 = CARTESIAN_POINT('',(5.2,-2.5));
#12779 = CARTESIAN_POINT('',(5.2,-1.));
#12780 = ( GEOMETRIC_REPRESENTATION_CONTEXT(2) 
PARAMETRIC_REPRESENTATION_CONTEXT() REPRESENTATION_CONTEXT('2D SPACE',''
  ) );
#12781 = PCURVE('',#7926,#12782);
#12782 = DEFINITIONAL_REPRESENTATION('',(#12783),#12786);
#12783 = B_SPLINE_CURVE_WITH_KNOTS('',1,(#12784,#12785),.UNSPECIFIED.,
  .F.,.F.,(2,2),(-2.,-0.5),.PIECEWISE_BEZIER_KNOTS.);
#12784 = CARTESIAN_POINT('',(13.6,-1.5));
#12785 = CARTESIAN_POINT('',(13.6,0.));
#12786 = ( GEOMETRIC_REPRESENTATION_CONTEXT(2) 
PARAMETRIC_REPRESENTATION_CONTEXT() REPRESENTATION_CONTEXT('2D SPACE',''
  ) );
#12787 = ORIENTED_EDGE('',*,*,#7938,.T.);
#12788 = ORIENTED_EDGE('',*,*,#12668,.F.);
#12789 = ADVANCED_FACE('',(#12790),#7926,.F.);
#12790 = FACE_BOUND('',#12791,.F.);
#12791 = EDGE_LOOP('',(#12792,#12793,#12814,#12835));
#12792 = ORIENTED_EDGE('',*,*,#7910,.F.);
#12793 = ORIENTED_EDGE('',*,*,#12794,.T.);
#12794 = EDGE_CURVE('',#7885,#12795,#12797,.T.);
#12795 = VERTEX_POINT('',#12796);
#12796 = CARTESIAN_POINT('',(43.2,45.25,1.5));
#12797 = SURFACE_CURVE('',#12798,(#12802,#12808),.PCURVE_S1.);
#12798 = LINE('',#12799,#12800);
#12799 = CARTESIAN_POINT('',(43.2,45.25,-0.5));
#12800 = VECTOR('',#12801,1.);
#12801 = DIRECTION('',(0.,0.,1.));
#12802 = PCURVE('',#7926,#12803);
#12803 = DEFINITIONAL_REPRESENTATION('',(#12804),#12807);
#12804 = B_SPLINE_CURVE_WITH_KNOTS('',1,(#12805,#12806),.UNSPECIFIED.,
  .F.,.F.,(2,2),(0.5,2.),.PIECEWISE_BEZIER_KNOTS.);
#12805 = CARTESIAN_POINT('',(5.2,0.));
#12806 = CARTESIAN_POINT('',(5.2,-1.5));
#12807 = ( GEOMETRIC_REPRESENTATION_CONTEXT(2) 
PARAMETRIC_REPRESENTATION_CONTEXT() REPRESENTATION_CONTEXT('2D SPACE',''
  ) );
#12808 = PCURVE('',#7899,#12809);
#12809 = DEFINITIONAL_REPRESENTATION('',(#12810),#12813);
#12810 = B_SPLINE_CURVE_WITH_KNOTS('',1,(#12811,#12812),.UNSPECIFIED.,
  .F.,.F.,(2,2),(0.5,2.),.PIECEWISE_BEZIER_KNOTS.);
#12811 = CARTESIAN_POINT('',(2.8,-1.));
#12812 = CARTESIAN_POINT('',(2.8,-2.5));
#12813 = ( GEOMETRIC_REPRESENTATION_CONTEXT(2) 
PARAMETRIC_REPRESENTATION_CONTEXT() REPRESENTATION_CONTEXT('2D SPACE',''
  ) );
#12814 = ORIENTED_EDGE('',*,*,#12815,.T.);
#12815 = EDGE_CURVE('',#12795,#12744,#12816,.T.);
#12816 = SURFACE_CURVE('',#12817,(#12821,#12828),.PCURVE_S1.);
#12817 = LINE('',#12818,#12819);
#12818 = CARTESIAN_POINT('',(43.2,40.05,1.5));
#12819 = VECTOR('',#12820,1.);
#12820 = DIRECTION('',(0.,1.,0.));
#12821 = PCURVE('',#7926,#12822);
#12822 = DEFINITIONAL_REPRESENTATION('',(#12823),#12827);
#12823 = LINE('',#12824,#12825);
#12824 = CARTESIAN_POINT('',(0.,-1.5));
#12825 = VECTOR('',#12826,1.);
#12826 = DIRECTION('',(1.,0.));
#12827 = ( GEOMETRIC_REPRESENTATION_CONTEXT(2) 
PARAMETRIC_REPRESENTATION_CONTEXT() REPRESENTATION_CONTEXT('2D SPACE',''
  ) );
#12828 = PCURVE('',#12758,#12829);
#12829 = DEFINITIONAL_REPRESENTATION('',(#12830),#12834);
#12830 = LINE('',#12831,#12832);
#12831 = CARTESIAN_POINT('',(13.2,-9.4));
#12832 = VECTOR('',#12833,1.);
#12833 = DIRECTION('',(0.,1.));
#12834 = ( GEOMETRIC_REPRESENTATION_CONTEXT(2) 
PARAMETRIC_REPRESENTATION_CONTEXT() REPRESENTATION_CONTEXT('2D SPACE',''
  ) );
#12835 = ORIENTED_EDGE('',*,*,#12769,.T.);
#12836 = ADVANCED_FACE('',(#12837),#7899,.T.);
#12837 = FACE_BOUND('',#12838,.T.);
#12838 = EDGE_LOOP('',(#12839,#12862,#12863,#12864,#12865,#12886));
#12839 = ORIENTED_EDGE('',*,*,#12840,.F.);
#12840 = EDGE_CURVE('',#11567,#12841,#12843,.T.);
#12841 = VERTEX_POINT('',#12842);
#12842 = CARTESIAN_POINT('',(42.,45.25,-1.));
#12843 = SURFACE_CURVE('',#12844,(#12848,#12855),.PCURVE_S1.);
#12844 = LINE('',#12845,#12846);
#12845 = CARTESIAN_POINT('',(46.,45.25,-1.));
#12846 = VECTOR('',#12847,1.);
#12847 = DIRECTION('',(-1.,0.,0.));
#12848 = PCURVE('',#7899,#12849);
#12849 = DEFINITIONAL_REPRESENTATION('',(#12850),#12854);
#12850 = LINE('',#12851,#12852);
#12851 = CARTESIAN_POINT('',(0.,-0.));
#12852 = VECTOR('',#12853,1.);
#12853 = DIRECTION('',(1.,0.));
#12854 = ( GEOMETRIC_REPRESENTATION_CONTEXT(2) 
PARAMETRIC_REPRESENTATION_CONTEXT() REPRESENTATION_CONTEXT('2D SPACE',''
  ) );
#12855 = PCURVE('',#11582,#12856);
#12856 = DEFINITIONAL_REPRESENTATION('',(#12857),#12861);
#12857 = LINE('',#12858,#12859);
#12858 = CARTESIAN_POINT('',(4.,4.));
#12859 = VECTOR('',#12860,1.);
#12860 = DIRECTION('',(-1.,0.));
#12861 = ( GEOMETRIC_REPRESENTATION_CONTEXT(2) 
PARAMETRIC_REPRESENTATION_CONTEXT() REPRESENTATION_CONTEXT('2D SPACE',''
  ) );
#12862 = ORIENTED_EDGE('',*,*,#11616,.T.);
#12863 = ORIENTED_EDGE('',*,*,#7884,.T.);
#12864 = ORIENTED_EDGE('',*,*,#12794,.T.);
#12865 = ORIENTED_EDGE('',*,*,#12866,.F.);
#12866 = EDGE_CURVE('',#12867,#12795,#12869,.T.);
#12867 = VERTEX_POINT('',#12868);
#12868 = CARTESIAN_POINT('',(42.,45.25,1.5));
#12869 = SURFACE_CURVE('',#12870,(#12874,#12880),.PCURVE_S1.);
#12870 = LINE('',#12871,#12872);
#12871 = CARTESIAN_POINT('',(38.,45.25,1.5));
#12872 = VECTOR('',#12873,1.);
#12873 = DIRECTION('',(1.,0.,-0.));
#12874 = PCURVE('',#7899,#12875);
#12875 = DEFINITIONAL_REPRESENTATION('',(#12876),#12879);
#12876 = B_SPLINE_CURVE_WITH_KNOTS('',1,(#12877,#12878),.UNSPECIFIED.,
  .F.,.F.,(2,2),(0.,5.2),.PIECEWISE_BEZIER_KNOTS.);
#12877 = CARTESIAN_POINT('',(8.,-2.5));
#12878 = CARTESIAN_POINT('',(2.8,-2.5));
#12879 = ( GEOMETRIC_REPRESENTATION_CONTEXT(2) 
PARAMETRIC_REPRESENTATION_CONTEXT() REPRESENTATION_CONTEXT('2D SPACE',''
  ) );
#12880 = PCURVE('',#12758,#12881);
#12881 = DEFINITIONAL_REPRESENTATION('',(#12882),#12885);
#12882 = B_SPLINE_CURVE_WITH_KNOTS('',1,(#12883,#12884),.UNSPECIFIED.,
  .F.,.F.,(2,2),(0.,5.2),.PIECEWISE_BEZIER_KNOTS.);
#12883 = CARTESIAN_POINT('',(8.,-4.2));
#12884 = CARTESIAN_POINT('',(13.2,-4.2));
#12885 = ( GEOMETRIC_REPRESENTATION_CONTEXT(2) 
PARAMETRIC_REPRESENTATION_CONTEXT() REPRESENTATION_CONTEXT('2D SPACE',''
  ) );
#12886 = ORIENTED_EDGE('',*,*,#12887,.F.);
#12887 = EDGE_CURVE('',#12841,#12867,#12888,.T.);
#12888 = SURFACE_CURVE('',#12889,(#12893,#12899),.PCURVE_S1.);
#12889 = LINE('',#12890,#12891);
#12890 = CARTESIAN_POINT('',(42.,45.25,-1.));
#12891 = VECTOR('',#12892,1.);
#12892 = DIRECTION('',(0.,0.,1.));
#12893 = PCURVE('',#7899,#12894);
#12894 = DEFINITIONAL_REPRESENTATION('',(#12895),#12898);
#12895 = B_SPLINE_CURVE_WITH_KNOTS('',1,(#12896,#12897),.UNSPECIFIED.,
  .F.,.F.,(2,2),(0.,2.5),.PIECEWISE_BEZIER_KNOTS.);
#12896 = CARTESIAN_POINT('',(4.,0.));
#12897 = CARTESIAN_POINT('',(4.,-2.5));
#12898 = ( GEOMETRIC_REPRESENTATION_CONTEXT(2) 
PARAMETRIC_REPRESENTATION_CONTEXT() REPRESENTATION_CONTEXT('2D SPACE',''
  ) );
#12899 = PCURVE('',#12732,#12900);
#12900 = DEFINITIONAL_REPRESENTATION('',(#12901),#12904);
#12901 = B_SPLINE_CURVE_WITH_KNOTS('',1,(#12902,#12903),.UNSPECIFIED.,
  .F.,.F.,(2,2),(0.,2.5),.PIECEWISE_BEZIER_KNOTS.);
#12902 = CARTESIAN_POINT('',(4.,0.));
#12903 = CARTESIAN_POINT('',(4.,-2.5));
#12904 = ( GEOMETRIC_REPRESENTATION_CONTEXT(2) 
PARAMETRIC_REPRESENTATION_CONTEXT() REPRESENTATION_CONTEXT('2D SPACE',''
  ) );
#12905 = ADVANCED_FACE('',(#12906),#8704,.F.);
#12906 = FACE_BOUND('',#12907,.F.);
#12907 = EDGE_LOOP('',(#12908,#12932,#12933,#12934));
#12908 = ORIENTED_EDGE('',*,*,#12909,.F.);
#12909 = EDGE_CURVE('',#11173,#12910,#12912,.T.);
#12910 = VERTEX_POINT('',#12911);
#12911 = CARTESIAN_POINT('',(55.1660797831,2.5,0.));
#12912 = SURFACE_CURVE('',#12913,(#12918,#12925),.PCURVE_S1.);
#12913 = CIRCLE('',#12914,3.);
#12914 = AXIS2_PLACEMENT_3D('',#12915,#12916,#12917);
#12915 = CARTESIAN_POINT('',(58.124119674649,3.,0.));
#12916 = DIRECTION('',(-0.,-0.,-1.));
#12917 = DIRECTION('',(0.,-1.,0.));
#12918 = PCURVE('',#8704,#12919);
#12919 = DEFINITIONAL_REPRESENTATION('',(#12920),#12924);
#12920 = LINE('',#12921,#12922);
#12921 = CARTESIAN_POINT('',(0.,0.));
#12922 = VECTOR('',#12923,1.);
#12923 = DIRECTION('',(1.,0.));
#12924 = ( GEOMETRIC_REPRESENTATION_CONTEXT(2) 
PARAMETRIC_REPRESENTATION_CONTEXT() REPRESENTATION_CONTEXT('2D SPACE',''
  ) );
#12925 = PCURVE('',#10171,#12926);
#12926 = DEFINITIONAL_REPRESENTATION('',(#12927),#12931);
#12927 = CIRCLE('',#12928,3.);
#12928 = AXIS2_PLACEMENT_2D('',#12929,#12930);
#12929 = CARTESIAN_POINT('',(-8.874119674649,-33.45));
#12930 = DIRECTION('',(0.,-1.));
#12931 = ( GEOMETRIC_REPRESENTATION_CONTEXT(2) 
PARAMETRIC_REPRESENTATION_CONTEXT() REPRESENTATION_CONTEXT('2D SPACE',''
  ) );
#12932 = ORIENTED_EDGE('',*,*,#11197,.T.);
#12933 = ORIENTED_EDGE('',*,*,#8683,.T.);
#12934 = ORIENTED_EDGE('',*,*,#12935,.F.);
#12935 = EDGE_CURVE('',#12910,#8684,#12936,.T.);
#12936 = SURFACE_CURVE('',#12937,(#12941,#12948),.PCURVE_S1.);
#12937 = LINE('',#12938,#12939);
#12938 = CARTESIAN_POINT('',(55.1660797831,2.5,0.));
#12939 = VECTOR('',#12940,1.);
#12940 = DIRECTION('',(0.,0.,1.));
#12941 = PCURVE('',#8704,#12942);
#12942 = DEFINITIONAL_REPRESENTATION('',(#12943),#12947);
#12943 = LINE('',#12944,#12945);
#12944 = CARTESIAN_POINT('',(1.403348247575,0.));
#12945 = VECTOR('',#12946,1.);
#12946 = DIRECTION('',(0.,-1.));
#12947 = ( GEOMETRIC_REPRESENTATION_CONTEXT(2) 
PARAMETRIC_REPRESENTATION_CONTEXT() REPRESENTATION_CONTEXT('2D SPACE',''
  ) );
#12948 = PCURVE('',#8737,#12949);
#12949 = DEFINITIONAL_REPRESENTATION('',(#12950),#12954);
#12950 = LINE('',#12951,#12952);
#12951 = CARTESIAN_POINT('',(-0.420128334362,0.));
#12952 = VECTOR('',#12953,1.);
#12953 = DIRECTION('',(-0.,-1.));
#12954 = ( GEOMETRIC_REPRESENTATION_CONTEXT(2) 
PARAMETRIC_REPRESENTATION_CONTEXT() REPRESENTATION_CONTEXT('2D SPACE',''
  ) );
#12955 = ADVANCED_FACE('',(#12956),#8737,.T.);
#12956 = FACE_BOUND('',#12957,.F.);
#12957 = EDGE_LOOP('',(#12958,#12984,#12985,#12986,#13009,#13035,#13036,
    #13062));
#12958 = ORIENTED_EDGE('',*,*,#12959,.F.);
#12959 = EDGE_CURVE('',#12910,#10138,#12960,.T.);
#12960 = SURFACE_CURVE('',#12961,(#12966,#12973),.PCURVE_S1.);
#12961 = CIRCLE('',#12962,6.);
#12962 = AXIS2_PLACEMENT_3D('',#12963,#12964,#12965);
#12963 = CARTESIAN_POINT('',(49.25,1.5,0.));
#12964 = DIRECTION('',(0.,0.,1.));
#12965 = DIRECTION('',(0.968245836552,-0.25,0.));
#12966 = PCURVE('',#8737,#12967);
#12967 = DEFINITIONAL_REPRESENTATION('',(#12968),#12972);
#12968 = LINE('',#12969,#12970);
#12969 = CARTESIAN_POINT('',(-0.,0.));
#12970 = VECTOR('',#12971,1.);
#12971 = DIRECTION('',(-1.,0.));
#12972 = ( GEOMETRIC_REPRESENTATION_CONTEXT(2) 
PARAMETRIC_REPRESENTATION_CONTEXT() REPRESENTATION_CONTEXT('2D SPACE',''
  ) );
#12973 = PCURVE('',#10171,#12974);
#12974 = DEFINITIONAL_REPRESENTATION('',(#12975),#12983);
#12975 = ( BOUNDED_CURVE() B_SPLINE_CURVE(2,(#12976,#12977,#12978,#12979
    ,#12980,#12981,#12982),.UNSPECIFIED.,.T.,.F.) 
B_SPLINE_CURVE_WITH_KNOTS((1,2,2,2,2,1),(-2.094395102393,0.,
    2.094395102393,4.188790204786,6.28318530718,8.377580409573),
.UNSPECIFIED.) CURVE() GEOMETRIC_REPRESENTATION_ITEM() 
RATIONAL_B_SPLINE_CURVE((1.,0.5,1.,0.5,1.,0.5,1.)) REPRESENTATION_ITEM(
  '') );
#12976 = CARTESIAN_POINT('',(-5.809475019311,-36.45));
#12977 = CARTESIAN_POINT('',(-8.407551230664,-26.38769410125));
#12978 = CARTESIAN_POINT('',(1.605699403979,-29.16884705062));
#12979 = CARTESIAN_POINT('',(11.618950038622,-31.95));
#12980 = CARTESIAN_POINT('',(4.203775615332,-39.23115294937));
#12981 = CARTESIAN_POINT('',(-3.211398807958,-46.51230589874));
#12982 = CARTESIAN_POINT('',(-5.809475019311,-36.45));
#12983 = ( GEOMETRIC_REPRESENTATION_CONTEXT(2) 
PARAMETRIC_REPRESENTATION_CONTEXT() REPRESENTATION_CONTEXT('2D SPACE',''
  ) );
#12984 = ORIENTED_EDGE('',*,*,#12935,.T.);
#12985 = ORIENTED_EDGE('',*,*,#8716,.F.);
#12986 = ORIENTED_EDGE('',*,*,#12987,.F.);
#12987 = EDGE_CURVE('',#12988,#8717,#12990,.T.);
#12988 = VERTEX_POINT('',#12989);
#12989 = CARTESIAN_POINT('',(43.3339202169,2.5,0.));
#12990 = SURFACE_CURVE('',#12991,(#12995,#13002),.PCURVE_S1.);
#12991 = LINE('',#12992,#12993);
#12992 = CARTESIAN_POINT('',(43.3339202169,2.5,0.));
#12993 = VECTOR('',#12994,1.);
#12994 = DIRECTION('',(0.,0.,1.));
#12995 = PCURVE('',#8737,#12996);
#12996 = DEFINITIONAL_REPRESENTATION('',(#12997),#13001);
#12997 = LINE('',#12998,#12999);
#12998 = CARTESIAN_POINT('',(-3.226824829512,0.));
#12999 = VECTOR('',#13000,1.);
#13000 = DIRECTION('',(-0.,-1.));
#13001 = ( GEOMETRIC_REPRESENTATION_CONTEXT(2) 
PARAMETRIC_REPRESENTATION_CONTEXT() REPRESENTATION_CONTEXT('2D SPACE',''
  ) );
#13002 = PCURVE('',#8770,#13003);
#13003 = DEFINITIONAL_REPRESENTATION('',(#13004),#13008);
#13004 = LINE('',#13005,#13006);
#13005 = CARTESIAN_POINT('',(-1.403348247575,0.));
#13006 = VECTOR('',#13007,1.);
#13007 = DIRECTION('',(-0.,-1.));
#13008 = ( GEOMETRIC_REPRESENTATION_CONTEXT(2) 
PARAMETRIC_REPRESENTATION_CONTEXT() REPRESENTATION_CONTEXT('2D SPACE',''
  ) );
#13009 = ORIENTED_EDGE('',*,*,#13010,.F.);
#13010 = EDGE_CURVE('',#10068,#12988,#13011,.T.);
#13011 = SURFACE_CURVE('',#13012,(#13017,#13024),.PCURVE_S1.);
#13012 = CIRCLE('',#13013,6.);
#13013 = AXIS2_PLACEMENT_3D('',#13014,#13015,#13016);
#13014 = CARTESIAN_POINT('',(49.25,1.5,0.));
#13015 = DIRECTION('',(0.,0.,1.));
#13016 = DIRECTION('',(0.968245836552,-0.25,0.));
#13017 = PCURVE('',#8737,#13018);
#13018 = DEFINITIONAL_REPRESENTATION('',(#13019),#13023);
#13019 = LINE('',#13020,#13021);
#13020 = CARTESIAN_POINT('',(-0.,0.));
#13021 = VECTOR('',#13022,1.);
#13022 = DIRECTION('',(-1.,0.));
#13023 = ( GEOMETRIC_REPRESENTATION_CONTEXT(2) 
PARAMETRIC_REPRESENTATION_CONTEXT() REPRESENTATION_CONTEXT('2D SPACE',''
  ) );
#13024 = PCURVE('',#9800,#13025);
#13025 = DEFINITIONAL_REPRESENTATION('',(#13026),#13034);
#13026 = ( BOUNDED_CURVE() B_SPLINE_CURVE(2,(#13027,#13028,#13029,#13030
    ,#13031,#13032,#13033),.UNSPECIFIED.,.T.,.F.) 
B_SPLINE_CURVE_WITH_KNOTS((1,2,2,2,2,1),(-2.094395102393,0.,
    2.094395102393,4.188790204786,6.28318530718,8.377580409573),
.UNSPECIFIED.) CURVE() GEOMETRIC_REPRESENTATION_ITEM() 
RATIONAL_B_SPLINE_CURVE((1.,0.5,1.,0.5,1.,0.5,1.)) REPRESENTATION_ITEM(
  '') );
#13027 = CARTESIAN_POINT('',(-5.809475019311,-36.45));
#13028 = CARTESIAN_POINT('',(-8.407551230664,-26.38769410125));
#13029 = CARTESIAN_POINT('',(1.605699403979,-29.16884705062));
#13030 = CARTESIAN_POINT('',(11.618950038622,-31.95));
#13031 = CARTESIAN_POINT('',(4.203775615332,-39.23115294937));
#13032 = CARTESIAN_POINT('',(-3.211398807958,-46.51230589874));
#13033 = CARTESIAN_POINT('',(-5.809475019311,-36.45));
#13034 = ( GEOMETRIC_REPRESENTATION_CONTEXT(2) 
PARAMETRIC_REPRESENTATION_CONTEXT() REPRESENTATION_CONTEXT('2D SPACE',''
  ) );
#13035 = ORIENTED_EDGE('',*,*,#10088,.F.);
#13036 = ORIENTED_EDGE('',*,*,#13037,.T.);
#13037 = EDGE_CURVE('',#10089,#10110,#13038,.T.);
#13038 = SURFACE_CURVE('',#13039,(#13044,#13051),.PCURVE_S1.);
#13039 = CIRCLE('',#13040,6.);
#13040 = AXIS2_PLACEMENT_3D('',#13041,#13042,#13043);
#13041 = CARTESIAN_POINT('',(49.25,1.5,4.));
#13042 = DIRECTION('',(0.,-0.,-1.));
#13043 = DIRECTION('',(0.968245836552,-0.25,0.));
#13044 = PCURVE('',#8737,#13045);
#13045 = DEFINITIONAL_REPRESENTATION('',(#13046),#13050);
#13046 = LINE('',#13047,#13048);
#13047 = CARTESIAN_POINT('',(-6.28318530718,-4.));
#13048 = VECTOR('',#13049,1.);
#13049 = DIRECTION('',(1.,-0.));
#13050 = ( GEOMETRIC_REPRESENTATION_CONTEXT(2) 
PARAMETRIC_REPRESENTATION_CONTEXT() REPRESENTATION_CONTEXT('2D SPACE',''
  ) );
#13051 = PCURVE('',#10125,#13052);
#13052 = DEFINITIONAL_REPRESENTATION('',(#13053),#13061);
#13053 = ( BOUNDED_CURVE() B_SPLINE_CURVE(2,(#13054,#13055,#13056,#13057
    ,#13058,#13059,#13060),.UNSPECIFIED.,.T.,.F.) 
B_SPLINE_CURVE_WITH_KNOTS((1,2,2,2,2,1),(-2.094395102393,0.,
    2.094395102393,4.188790204786,6.28318530718,8.377580409573),
.UNSPECIFIED.) CURVE() GEOMETRIC_REPRESENTATION_ITEM() 
RATIONAL_B_SPLINE_CURVE((1.,0.5,1.,0.5,1.,0.5,1.)) REPRESENTATION_ITEM(
  '') );
#13054 = CARTESIAN_POINT('',(11.309475019311,-18.25));
#13055 = CARTESIAN_POINT('',(8.711398807958,-28.31230589874));
#13056 = CARTESIAN_POINT('',(1.296224384668,-21.03115294937));
#13057 = CARTESIAN_POINT('',(-6.118950038622,-13.75));
#13058 = CARTESIAN_POINT('',(3.894300596021,-10.96884705062));
#13059 = CARTESIAN_POINT('',(13.907551230664,-8.187694101251));
#13060 = CARTESIAN_POINT('',(11.309475019311,-18.25));
#13061 = ( GEOMETRIC_REPRESENTATION_CONTEXT(2) 
PARAMETRIC_REPRESENTATION_CONTEXT() REPRESENTATION_CONTEXT('2D SPACE',''
  ) );
#13062 = ORIENTED_EDGE('',*,*,#10137,.T.);
#13063 = ADVANCED_FACE('',(#13064),#8770,.F.);
#13064 = FACE_BOUND('',#13065,.T.);
#13065 = EDGE_LOOP('',(#13066,#13092,#13093,#13094));
#13066 = ORIENTED_EDGE('',*,*,#13067,.F.);
#13067 = EDGE_CURVE('',#9762,#12988,#13068,.T.);
#13068 = SURFACE_CURVE('',#13069,(#13074,#13081),.PCURVE_S1.);
#13069 = CIRCLE('',#13070,3.);
#13070 = AXIS2_PLACEMENT_3D('',#13071,#13072,#13073);
#13071 = CARTESIAN_POINT('',(40.375880325351,3.,0.));
#13072 = DIRECTION('',(0.,0.,1.));
#13073 = DIRECTION('',(0.,-1.,0.));
#13074 = PCURVE('',#8770,#13075);
#13075 = DEFINITIONAL_REPRESENTATION('',(#13076),#13080);
#13076 = LINE('',#13077,#13078);
#13077 = CARTESIAN_POINT('',(-0.,0.));
#13078 = VECTOR('',#13079,1.);
#13079 = DIRECTION('',(-1.,0.));
#13080 = ( GEOMETRIC_REPRESENTATION_CONTEXT(2) 
PARAMETRIC_REPRESENTATION_CONTEXT() REPRESENTATION_CONTEXT('2D SPACE',''
  ) );
#13081 = PCURVE('',#9800,#13082);
#13082 = DEFINITIONAL_REPRESENTATION('',(#13083),#13091);
#13083 = ( BOUNDED_CURVE() B_SPLINE_CURVE(2,(#13084,#13085,#13086,#13087
    ,#13088,#13089,#13090),.UNSPECIFIED.,.T.,.F.) 
B_SPLINE_CURVE_WITH_KNOTS((1,2,2,2,2,1),(-2.094395102393,0.,
    2.094395102393,4.188790204786,6.28318530718,8.377580409573),
.UNSPECIFIED.) CURVE() GEOMETRIC_REPRESENTATION_ITEM() 
RATIONAL_B_SPLINE_CURVE((1.,0.5,1.,0.5,1.,0.5,1.)) REPRESENTATION_ITEM(
  '') );
#13084 = CARTESIAN_POINT('',(8.874119674649,-36.45));
#13085 = CARTESIAN_POINT('',(3.677967251943,-36.45));
#13086 = CARTESIAN_POINT('',(6.276043463296,-31.95));
#13087 = CARTESIAN_POINT('',(8.874119674649,-27.45));
#13088 = CARTESIAN_POINT('',(11.472195886003,-31.95));
#13089 = CARTESIAN_POINT('',(14.070272097356,-36.45));
#13090 = CARTESIAN_POINT('',(8.874119674649,-36.45));
#13091 = ( GEOMETRIC_REPRESENTATION_CONTEXT(2) 
PARAMETRIC_REPRESENTATION_CONTEXT() REPRESENTATION_CONTEXT('2D SPACE',''
  ) );
#13092 = ORIENTED_EDGE('',*,*,#9761,.T.);
#13093 = ORIENTED_EDGE('',*,*,#8749,.F.);
#13094 = ORIENTED_EDGE('',*,*,#12987,.F.);
#13095 = ADVANCED_FACE('',(#13096),#9207,.T.);
#13096 = FACE_BOUND('',#13097,.T.);
#13097 = EDGE_LOOP('',(#13098,#13099,#13100,#13101));
#13098 = ORIENTED_EDGE('',*,*,#9191,.F.);
#13099 = ORIENTED_EDGE('',*,*,#9342,.T.);
#13100 = ORIENTED_EDGE('',*,*,#9292,.T.);
#13101 = ORIENTED_EDGE('',*,*,#9265,.T.);
#13102 = ADVANCED_FACE('',(#13103),#9510,.T.);
#13103 = FACE_BOUND('',#13104,.T.);
#13104 = EDGE_LOOP('',(#13105,#13106,#13107,#13108));
#13105 = ORIENTED_EDGE('',*,*,#9494,.F.);
#13106 = ORIENTED_EDGE('',*,*,#9645,.T.);
#13107 = ORIENTED_EDGE('',*,*,#9595,.T.);
#13108 = ORIENTED_EDGE('',*,*,#9568,.T.);
#13109 = ADVANCED_FACE('',(#13110),#9800,.F.);
#13110 = FACE_BOUND('',#13111,.F.);
#13111 = EDGE_LOOP('',(#13112,#13113,#13114,#13115,#13116,#13137));
#13112 = ORIENTED_EDGE('',*,*,#10067,.T.);
#13113 = ORIENTED_EDGE('',*,*,#13010,.T.);
#13114 = ORIENTED_EDGE('',*,*,#13067,.F.);
#13115 = ORIENTED_EDGE('',*,*,#9784,.F.);
#13116 = ORIENTED_EDGE('',*,*,#13117,.T.);
#13117 = EDGE_CURVE('',#9785,#9962,#13118,.T.);
#13118 = SURFACE_CURVE('',#13119,(#13123,#13130),.PCURVE_S1.);
#13119 = LINE('',#13120,#13121);
#13120 = CARTESIAN_POINT('',(37.75,-0.1,0.));
#13121 = VECTOR('',#13122,1.);
#13122 = DIRECTION('',(0.,1.,0.));
#13123 = PCURVE('',#9800,#13124);
#13124 = DEFINITIONAL_REPRESENTATION('',(#13125),#13129);
#13125 = LINE('',#13126,#13127);
#13126 = CARTESIAN_POINT('',(11.5,-36.55));
#13127 = VECTOR('',#13128,1.);
#13128 = DIRECTION('',(0.,1.));
#13129 = ( GEOMETRIC_REPRESENTATION_CONTEXT(2) 
PARAMETRIC_REPRESENTATION_CONTEXT() REPRESENTATION_CONTEXT('2D SPACE',''
  ) );
#13130 = PCURVE('',#9827,#13131);
#13131 = DEFINITIONAL_REPRESENTATION('',(#13132),#13136);
#13132 = LINE('',#13133,#13134);
#13133 = CARTESIAN_POINT('',(0.,0.));
#13134 = VECTOR('',#13135,1.);
#13135 = DIRECTION('',(1.,0.));
#13136 = ( GEOMETRIC_REPRESENTATION_CONTEXT(2) 
PARAMETRIC_REPRESENTATION_CONTEXT() REPRESENTATION_CONTEXT('2D SPACE',''
  ) );
#13137 = ORIENTED_EDGE('',*,*,#9984,.T.);
#13138 = ADVANCED_FACE('',(#13139),#9827,.F.);
#13139 = FACE_BOUND('',#13140,.F.);
#13140 = EDGE_LOOP('',(#13141,#13142,#13143,#13164));
#13141 = ORIENTED_EDGE('',*,*,#13117,.F.);
#13142 = ORIENTED_EDGE('',*,*,#9812,.T.);
#13143 = ORIENTED_EDGE('',*,*,#13144,.T.);
#13144 = EDGE_CURVE('',#9813,#9938,#13145,.T.);
#13145 = SURFACE_CURVE('',#13146,(#13150,#13157),.PCURVE_S1.);
#13146 = LINE('',#13147,#13148);
#13147 = CARTESIAN_POINT('',(37.75,-0.1,6.));
#13148 = VECTOR('',#13149,1.);
#13149 = DIRECTION('',(0.,1.,0.));
#13150 = PCURVE('',#9827,#13151);
#13151 = DEFINITIONAL_REPRESENTATION('',(#13152),#13156);
#13152 = LINE('',#13153,#13154);
#13153 = CARTESIAN_POINT('',(0.,-6.));
#13154 = VECTOR('',#13155,1.);
#13155 = DIRECTION('',(1.,0.));
#13156 = ( GEOMETRIC_REPRESENTATION_CONTEXT(2) 
PARAMETRIC_REPRESENTATION_CONTEXT() REPRESENTATION_CONTEXT('2D SPACE',''
  ) );
#13157 = PCURVE('',#9854,#13158);
#13158 = DEFINITIONAL_REPRESENTATION('',(#13159),#13163);
#13159 = LINE('',#13160,#13161);
#13160 = CARTESIAN_POINT('',(3.5,-1.8));
#13161 = VECTOR('',#13162,1.);
#13162 = DIRECTION('',(0.,1.));
#13163 = ( GEOMETRIC_REPRESENTATION_CONTEXT(2) 
PARAMETRIC_REPRESENTATION_CONTEXT() REPRESENTATION_CONTEXT('2D SPACE',''
  ) );
#13164 = ORIENTED_EDGE('',*,*,#9961,.F.);
#13165 = ADVANCED_FACE('',(#13166),#9854,.T.);
#13166 = FACE_BOUND('',#13167,.T.);
#13167 = EDGE_LOOP('',(#13168,#13169,#13170,#13171));
#13168 = ORIENTED_EDGE('',*,*,#9912,.T.);
#13169 = ORIENTED_EDGE('',*,*,#9838,.F.);
#13170 = ORIENTED_EDGE('',*,*,#13144,.T.);
#13171 = ORIENTED_EDGE('',*,*,#9937,.T.);
#13172 = ADVANCED_FACE('',(#13173),#10033,.T.);
#13173 = FACE_BOUND('',#13174,.T.);
#13174 = EDGE_LOOP('',(#13175,#13176,#13177,#13178,#13179,#13180,#13181,
    #13204));
#13175 = ORIENTED_EDGE('',*,*,#10207,.T.);
#13176 = ORIENTED_EDGE('',*,*,#10015,.T.);
#13177 = ORIENTED_EDGE('',*,*,#10968,.T.);
#13178 = ORIENTED_EDGE('',*,*,#10701,.T.);
#13179 = ORIENTED_EDGE('',*,*,#10652,.T.);
#13180 = ORIENTED_EDGE('',*,*,#10504,.T.);
#13181 = ORIENTED_EDGE('',*,*,#13182,.T.);
#13182 = EDGE_CURVE('',#10507,#13183,#13185,.T.);
#13183 = VERTEX_POINT('',#13184);
#13184 = CARTESIAN_POINT('',(83.5,29.5,-1.));
#13185 = SURFACE_CURVE('',#13186,(#13190,#13197),.PCURVE_S1.);
#13186 = LINE('',#13187,#13188);
#13187 = CARTESIAN_POINT('',(83.5,7.,-1.));
#13188 = VECTOR('',#13189,1.);
#13189 = DIRECTION('',(0.,1.,0.));
#13190 = PCURVE('',#10033,#13191);
#13191 = DEFINITIONAL_REPRESENTATION('',(#13192),#13196);
#13192 = LINE('',#13193,#13194);
#13193 = CARTESIAN_POINT('',(39.75,-11.25));
#13194 = VECTOR('',#13195,1.);
#13195 = DIRECTION('',(0.,1.));
#13196 = ( GEOMETRIC_REPRESENTATION_CONTEXT(2) 
PARAMETRIC_REPRESENTATION_CONTEXT() REPRESENTATION_CONTEXT('2D SPACE',''
  ) );
#13197 = PCURVE('',#10638,#13198);
#13198 = DEFINITIONAL_REPRESENTATION('',(#13199),#13203);
#13199 = LINE('',#13200,#13201);
#13200 = CARTESIAN_POINT('',(0.,0.));
#13201 = VECTOR('',#13202,1.);
#13202 = DIRECTION('',(1.,0.));
#13203 = ( GEOMETRIC_REPRESENTATION_CONTEXT(2) 
PARAMETRIC_REPRESENTATION_CONTEXT() REPRESENTATION_CONTEXT('2D SPACE',''
  ) );
#13204 = ORIENTED_EDGE('',*,*,#13205,.T.);
#13205 = EDGE_CURVE('',#13183,#10208,#13206,.T.);
#13206 = SURFACE_CURVE('',#13207,(#13211,#13218),.PCURVE_S1.);
#13207 = LINE('',#13208,#13209);
#13208 = CARTESIAN_POINT('',(83.5,29.5,-1.));
#13209 = VECTOR('',#13210,1.);
#13210 = DIRECTION('',(-1.,0.,0.));
#13211 = PCURVE('',#10033,#13212);
#13212 = DEFINITIONAL_REPRESENTATION('',(#13213),#13217);
#13213 = LINE('',#13214,#13215);
#13214 = CARTESIAN_POINT('',(39.75,11.25));
#13215 = VECTOR('',#13216,1.);
#13216 = DIRECTION('',(-1.,0.));
#13217 = ( GEOMETRIC_REPRESENTATION_CONTEXT(2) 
PARAMETRIC_REPRESENTATION_CONTEXT() REPRESENTATION_CONTEXT('2D SPACE',''
  ) );
#13218 = PCURVE('',#10246,#13219);
#13219 = DEFINITIONAL_REPRESENTATION('',(#13220),#13224);
#13220 = LINE('',#13221,#13222);
#13221 = CARTESIAN_POINT('',(0.,-0.));
#13222 = VECTOR('',#13223,1.);
#13223 = DIRECTION('',(1.,0.));
#13224 = ( GEOMETRIC_REPRESENTATION_CONTEXT(2) 
PARAMETRIC_REPRESENTATION_CONTEXT() REPRESENTATION_CONTEXT('2D SPACE',''
  ) );
#13225 = ADVANCED_FACE('',(#13226),#10171,.F.);
#13226 = FACE_BOUND('',#13227,.F.);
#13227 = EDGE_LOOP('',(#13228,#13229,#13230,#13251,#13252,#13253));
#13228 = ORIENTED_EDGE('',*,*,#10158,.T.);
#13229 = ORIENTED_EDGE('',*,*,#11068,.T.);
#13230 = ORIENTED_EDGE('',*,*,#13231,.T.);
#13231 = EDGE_CURVE('',#11069,#11175,#13232,.T.);
#13232 = SURFACE_CURVE('',#13233,(#13237,#13244),.PCURVE_S1.);
#13233 = LINE('',#13234,#13235);
#13234 = CARTESIAN_POINT('',(60.75,3.5,0.));
#13235 = VECTOR('',#13236,1.);
#13236 = DIRECTION('',(0.,-1.,0.));
#13237 = PCURVE('',#10171,#13238);
#13238 = DEFINITIONAL_REPRESENTATION('',(#13239),#13243);
#13239 = LINE('',#13240,#13241);
#13240 = CARTESIAN_POINT('',(-11.5,-32.95));
#13241 = VECTOR('',#13242,1.);
#13242 = DIRECTION('',(0.,-1.));
#13243 = ( GEOMETRIC_REPRESENTATION_CONTEXT(2) 
PARAMETRIC_REPRESENTATION_CONTEXT() REPRESENTATION_CONTEXT('2D SPACE',''
  ) );
#13244 = PCURVE('',#11110,#13245);
#13245 = DEFINITIONAL_REPRESENTATION('',(#13246),#13250);
#13246 = LINE('',#13247,#13248);
#13247 = CARTESIAN_POINT('',(0.,0.));
#13248 = VECTOR('',#13249,1.);
#13249 = DIRECTION('',(1.,0.));
#13250 = ( GEOMETRIC_REPRESENTATION_CONTEXT(2) 
PARAMETRIC_REPRESENTATION_CONTEXT() REPRESENTATION_CONTEXT('2D SPACE',''
  ) );
#13251 = ORIENTED_EDGE('',*,*,#11172,.F.);
#13252 = ORIENTED_EDGE('',*,*,#12909,.T.);
#13253 = ORIENTED_EDGE('',*,*,#12959,.T.);
#13254 = ADVANCED_FACE('',(#13255),#10125,.F.);
#13255 = FACE_BOUND('',#13256,.F.);
#13256 = EDGE_LOOP('',(#13257,#13258));
#13257 = ORIENTED_EDGE('',*,*,#13037,.F.);
#13258 = ORIENTED_EDGE('',*,*,#10109,.T.);
#13259 = ADVANCED_FACE('',(#13260),#10273,.T.);
#13260 = FACE_BOUND('',#13261,.T.);
#13261 = EDGE_LOOP('',(#13262,#13263,#13264,#13265,#13266,#13288,#13309,
    #13310));
#13262 = ORIENTED_EDGE('',*,*,#10431,.F.);
#13263 = ORIENTED_EDGE('',*,*,#10381,.T.);
#13264 = ORIENTED_EDGE('',*,*,#10333,.T.);
#13265 = ORIENTED_EDGE('',*,*,#10258,.T.);
#13266 = ORIENTED_EDGE('',*,*,#13267,.T.);
#13267 = EDGE_CURVE('',#10231,#13268,#13270,.T.);
#13268 = VERTEX_POINT('',#13269);
#13269 = CARTESIAN_POINT('',(82.5,29.5,3.));
#13270 = SURFACE_CURVE('',#13271,(#13275,#13282),.PCURVE_S1.);
#13271 = LINE('',#13272,#13273);
#13272 = CARTESIAN_POINT('',(63.0025,29.5,3.));
#13273 = VECTOR('',#13274,1.);
#13274 = DIRECTION('',(1.,0.,-0.));
#13275 = PCURVE('',#10273,#13276);
#13276 = DEFINITIONAL_REPRESENTATION('',(#13277),#13281);
#13277 = LINE('',#13278,#13279);
#13278 = CARTESIAN_POINT('',(20.4975,10.25));
#13279 = VECTOR('',#13280,1.);
#13280 = DIRECTION('',(1.,0.));
#13281 = ( GEOMETRIC_REPRESENTATION_CONTEXT(2) 
PARAMETRIC_REPRESENTATION_CONTEXT() REPRESENTATION_CONTEXT('2D SPACE',''
  ) );
#13282 = PCURVE('',#10246,#13283);
#13283 = DEFINITIONAL_REPRESENTATION('',(#13284),#13287);
#13284 = B_SPLINE_CURVE_WITH_KNOTS('',1,(#13285,#13286),.UNSPECIFIED.,
  .F.,.F.,(2,2),(-59.0025,19.5075),.PIECEWISE_BEZIER_KNOTS.);
#13285 = CARTESIAN_POINT('',(79.5,-4.));
#13286 = CARTESIAN_POINT('',(0.99,-4.));
#13287 = ( GEOMETRIC_REPRESENTATION_CONTEXT(2) 
PARAMETRIC_REPRESENTATION_CONTEXT() REPRESENTATION_CONTEXT('2D SPACE',''
  ) );
#13288 = ORIENTED_EDGE('',*,*,#13289,.T.);
#13289 = EDGE_CURVE('',#13268,#10553,#13290,.T.);
#13290 = SURFACE_CURVE('',#13291,(#13295,#13302),.PCURVE_S1.);
#13291 = LINE('',#13292,#13293);
#13292 = CARTESIAN_POINT('',(82.5,31.,3.));
#13293 = VECTOR('',#13294,1.);
#13294 = DIRECTION('',(0.,-1.,0.));
#13295 = PCURVE('',#10273,#13296);
#13296 = DEFINITIONAL_REPRESENTATION('',(#13297),#13301);
#13297 = LINE('',#13298,#13299);
#13298 = CARTESIAN_POINT('',(39.995,11.75));
#13299 = VECTOR('',#13300,1.);
#13300 = DIRECTION('',(0.,-1.));
#13301 = ( GEOMETRIC_REPRESENTATION_CONTEXT(2) 
PARAMETRIC_REPRESENTATION_CONTEXT() REPRESENTATION_CONTEXT('2D SPACE',''
  ) );
#13302 = PCURVE('',#10588,#13303);
#13303 = DEFINITIONAL_REPRESENTATION('',(#13304),#13308);
#13304 = LINE('',#13305,#13306);
#13305 = CARTESIAN_POINT('',(0.,-3.));
#13306 = VECTOR('',#13307,1.);
#13307 = DIRECTION('',(1.,0.));
#13308 = ( GEOMETRIC_REPRESENTATION_CONTEXT(2) 
PARAMETRIC_REPRESENTATION_CONTEXT() REPRESENTATION_CONTEXT('2D SPACE',''
  ) );
#13309 = ORIENTED_EDGE('',*,*,#10552,.T.);
#13310 = ORIENTED_EDGE('',*,*,#10479,.T.);
#13311 = ADVANCED_FACE('',(#13312),#10246,.T.);
#13312 = FACE_BOUND('',#13313,.T.);
#13313 = EDGE_LOOP('',(#13314,#13315,#13338,#13361,#13380,#13381));
#13314 = ORIENTED_EDGE('',*,*,#13205,.F.);
#13315 = ORIENTED_EDGE('',*,*,#13316,.T.);
#13316 = EDGE_CURVE('',#13183,#13317,#13319,.T.);
#13317 = VERTEX_POINT('',#13318);
#13318 = CARTESIAN_POINT('',(83.5,29.5,0.));
#13319 = SURFACE_CURVE('',#13320,(#13324,#13331),.PCURVE_S1.);
#13320 = LINE('',#13321,#13322);
#13321 = CARTESIAN_POINT('',(83.5,29.5,-1.));
#13322 = VECTOR('',#13323,1.);
#13323 = DIRECTION('',(0.,0.,1.));
#13324 = PCURVE('',#10246,#13325);
#13325 = DEFINITIONAL_REPRESENTATION('',(#13326),#13330);
#13326 = LINE('',#13327,#13328);
#13327 = CARTESIAN_POINT('',(0.,-0.));
#13328 = VECTOR('',#13329,1.);
#13329 = DIRECTION('',(0.,-1.));
#13330 = ( GEOMETRIC_REPRESENTATION_CONTEXT(2) 
PARAMETRIC_REPRESENTATION_CONTEXT() REPRESENTATION_CONTEXT('2D SPACE',''
  ) );
#13331 = PCURVE('',#10638,#13332);
#13332 = DEFINITIONAL_REPRESENTATION('',(#13333),#13337);
#13333 = LINE('',#13334,#13335);
#13334 = CARTESIAN_POINT('',(22.5,0.));
#13335 = VECTOR('',#13336,1.);
#13336 = DIRECTION('',(0.,-1.));
#13337 = ( GEOMETRIC_REPRESENTATION_CONTEXT(2) 
PARAMETRIC_REPRESENTATION_CONTEXT() REPRESENTATION_CONTEXT('2D SPACE',''
  ) );
#13338 = ORIENTED_EDGE('',*,*,#13339,.T.);
#13339 = EDGE_CURVE('',#13317,#13340,#13342,.T.);
#13340 = VERTEX_POINT('',#13341);
#13341 = CARTESIAN_POINT('',(82.5,29.5,0.));
#13342 = SURFACE_CURVE('',#13343,(#13347,#13354),.PCURVE_S1.);
#13343 = LINE('',#13344,#13345);
#13344 = CARTESIAN_POINT('',(83.5,29.5,0.));
#13345 = VECTOR('',#13346,1.);
#13346 = DIRECTION('',(-1.,0.,0.));
#13347 = PCURVE('',#10246,#13348);
#13348 = DEFINITIONAL_REPRESENTATION('',(#13349),#13353);
#13349 = LINE('',#13350,#13351);
#13350 = CARTESIAN_POINT('',(0.,-1.));
#13351 = VECTOR('',#13352,1.);
#13352 = DIRECTION('',(1.,0.));
#13353 = ( GEOMETRIC_REPRESENTATION_CONTEXT(2) 
PARAMETRIC_REPRESENTATION_CONTEXT() REPRESENTATION_CONTEXT('2D SPACE',''
  ) );
#13354 = PCURVE('',#10614,#13355);
#13355 = DEFINITIONAL_REPRESENTATION('',(#13356),#13360);
#13356 = LINE('',#13357,#13358);
#13357 = CARTESIAN_POINT('',(0.25,10.25));
#13358 = VECTOR('',#13359,1.);
#13359 = DIRECTION('',(-1.,0.));
#13360 = ( GEOMETRIC_REPRESENTATION_CONTEXT(2) 
PARAMETRIC_REPRESENTATION_CONTEXT() REPRESENTATION_CONTEXT('2D SPACE',''
  ) );
#13361 = ORIENTED_EDGE('',*,*,#13362,.T.);
#13362 = EDGE_CURVE('',#13340,#13268,#13363,.T.);
#13363 = SURFACE_CURVE('',#13364,(#13368,#13374),.PCURVE_S1.);
#13364 = LINE('',#13365,#13366);
#13365 = CARTESIAN_POINT('',(82.5,29.5,-0.5));
#13366 = VECTOR('',#13367,1.);
#13367 = DIRECTION('',(0.,0.,1.));
#13368 = PCURVE('',#10246,#13369);
#13369 = DEFINITIONAL_REPRESENTATION('',(#13370),#13373);
#13370 = B_SPLINE_CURVE_WITH_KNOTS('',1,(#13371,#13372),.UNSPECIFIED.,
  .F.,.F.,(2,2),(0.5,3.5),.PIECEWISE_BEZIER_KNOTS.);
#13371 = CARTESIAN_POINT('',(1.,-1.));
#13372 = CARTESIAN_POINT('',(1.,-4.));
#13373 = ( GEOMETRIC_REPRESENTATION_CONTEXT(2) 
PARAMETRIC_REPRESENTATION_CONTEXT() REPRESENTATION_CONTEXT('2D SPACE',''
  ) );
#13374 = PCURVE('',#10588,#13375);
#13375 = DEFINITIONAL_REPRESENTATION('',(#13376),#13379);
#13376 = B_SPLINE_CURVE_WITH_KNOTS('',1,(#13377,#13378),.UNSPECIFIED.,
  .F.,.F.,(2,2),(0.5,3.5),.PIECEWISE_BEZIER_KNOTS.);
#13377 = CARTESIAN_POINT('',(1.5,0.));
#13378 = CARTESIAN_POINT('',(1.5,-3.));
#13379 = ( GEOMETRIC_REPRESENTATION_CONTEXT(2) 
PARAMETRIC_REPRESENTATION_CONTEXT() REPRESENTATION_CONTEXT('2D SPACE',''
  ) );
#13380 = ORIENTED_EDGE('',*,*,#13267,.F.);
#13381 = ORIENTED_EDGE('',*,*,#10230,.F.);
#13382 = ADVANCED_FACE('',(#13383),#10638,.T.);
#13383 = FACE_BOUND('',#13384,.T.);
#13384 = EDGE_LOOP('',(#13385,#13386,#13387,#13407));
#13385 = ORIENTED_EDGE('',*,*,#13182,.F.);
#13386 = ORIENTED_EDGE('',*,*,#10625,.T.);
#13387 = ORIENTED_EDGE('',*,*,#13388,.T.);
#13388 = EDGE_CURVE('',#10600,#13317,#13389,.T.);
#13389 = SURFACE_CURVE('',#13390,(#13394,#13400),.PCURVE_S1.);
#13390 = LINE('',#13391,#13392);
#13391 = CARTESIAN_POINT('',(83.5,21.725,0.));
#13392 = VECTOR('',#13393,1.);
#13393 = DIRECTION('',(0.,1.,-0.));
#13394 = PCURVE('',#10638,#13395);
#13395 = DEFINITIONAL_REPRESENTATION('',(#13396),#13399);
#13396 = B_SPLINE_CURVE_WITH_KNOTS('',1,(#13397,#13398),.UNSPECIFIED.,
  .F.,.F.,(2,2),(-14.725,7.775),.PIECEWISE_BEZIER_KNOTS.);
#13397 = CARTESIAN_POINT('',(0.,-1.));
#13398 = CARTESIAN_POINT('',(22.5,-1.));
#13399 = ( GEOMETRIC_REPRESENTATION_CONTEXT(2) 
PARAMETRIC_REPRESENTATION_CONTEXT() REPRESENTATION_CONTEXT('2D SPACE',''
  ) );
#13400 = PCURVE('',#10614,#13401);
#13401 = DEFINITIONAL_REPRESENTATION('',(#13402),#13406);
#13402 = LINE('',#13403,#13404);
#13403 = CARTESIAN_POINT('',(0.25,2.475));
#13404 = VECTOR('',#13405,1.);
#13405 = DIRECTION('',(0.,1.));
#13406 = ( GEOMETRIC_REPRESENTATION_CONTEXT(2) 
PARAMETRIC_REPRESENTATION_CONTEXT() REPRESENTATION_CONTEXT('2D SPACE',''
  ) );
#13407 = ORIENTED_EDGE('',*,*,#13316,.F.);
#13408 = ADVANCED_FACE('',(#13409),#10614,.F.);
#13409 = FACE_BOUND('',#13410,.F.);
#13410 = EDGE_LOOP('',(#13411,#13412,#13433,#13434));
#13411 = ORIENTED_EDGE('',*,*,#13339,.T.);
#13412 = ORIENTED_EDGE('',*,*,#13413,.T.);
#13413 = EDGE_CURVE('',#13340,#10574,#13414,.T.);
#13414 = SURFACE_CURVE('',#13415,(#13419,#13426),.PCURVE_S1.);
#13415 = LINE('',#13416,#13417);
#13416 = CARTESIAN_POINT('',(82.5,31.,0.));
#13417 = VECTOR('',#13418,1.);
#13418 = DIRECTION('',(0.,-1.,0.));
#13419 = PCURVE('',#10614,#13420);
#13420 = DEFINITIONAL_REPRESENTATION('',(#13421),#13425);
#13421 = LINE('',#13422,#13423);
#13422 = CARTESIAN_POINT('',(-0.75,11.75));
#13423 = VECTOR('',#13424,1.);
#13424 = DIRECTION('',(0.,-1.));
#13425 = ( GEOMETRIC_REPRESENTATION_CONTEXT(2) 
PARAMETRIC_REPRESENTATION_CONTEXT() REPRESENTATION_CONTEXT('2D SPACE',''
  ) );
#13426 = PCURVE('',#10588,#13427);
#13427 = DEFINITIONAL_REPRESENTATION('',(#13428),#13432);
#13428 = LINE('',#13429,#13430);
#13429 = CARTESIAN_POINT('',(0.,0.));
#13430 = VECTOR('',#13431,1.);
#13431 = DIRECTION('',(1.,0.));
#13432 = ( GEOMETRIC_REPRESENTATION_CONTEXT(2) 
PARAMETRIC_REPRESENTATION_CONTEXT() REPRESENTATION_CONTEXT('2D SPACE',''
  ) );
#13433 = ORIENTED_EDGE('',*,*,#10599,.T.);
#13434 = ORIENTED_EDGE('',*,*,#13388,.T.);
#13435 = ADVANCED_FACE('',(#13436),#10588,.F.);
#13436 = FACE_BOUND('',#13437,.F.);
#13437 = EDGE_LOOP('',(#13438,#13439,#13440,#13441));
#13438 = ORIENTED_EDGE('',*,*,#13413,.F.);
#13439 = ORIENTED_EDGE('',*,*,#13362,.T.);
#13440 = ORIENTED_EDGE('',*,*,#13289,.T.);
#13441 = ORIENTED_EDGE('',*,*,#10573,.T.);
#13442 = ADVANCED_FACE('',(#13443),#10812,.T.);
#13443 = FACE_BOUND('',#13444,.T.);
#13444 = EDGE_LOOP('',(#13445,#13446,#13447,#13468));
#13445 = ORIENTED_EDGE('',*,*,#10871,.T.);
#13446 = ORIENTED_EDGE('',*,*,#10797,.T.);
#13447 = ORIENTED_EDGE('',*,*,#13448,.T.);
#13448 = EDGE_CURVE('',#10772,#10899,#13449,.T.);
#13449 = SURFACE_CURVE('',#13450,(#13454,#13461),.PCURVE_S1.);
#13450 = LINE('',#13451,#13452);
#13451 = CARTESIAN_POINT('',(82.5,31.,3.));
#13452 = VECTOR('',#13453,1.);
#13453 = DIRECTION('',(0.,-1.,0.));
#13454 = PCURVE('',#10812,#13455);
#13455 = DEFINITIONAL_REPRESENTATION('',(#13456),#13460);
#13456 = LINE('',#13457,#13458);
#13457 = CARTESIAN_POINT('',(39.995,11.75));
#13458 = VECTOR('',#13459,1.);
#13459 = DIRECTION('',(0.,-1.));
#13460 = ( GEOMETRIC_REPRESENTATION_CONTEXT(2) 
PARAMETRIC_REPRESENTATION_CONTEXT() REPRESENTATION_CONTEXT('2D SPACE',''
  ) );
#13461 = PCURVE('',#10786,#13462);
#13462 = DEFINITIONAL_REPRESENTATION('',(#13463),#13467);
#13463 = LINE('',#13464,#13465);
#13464 = CARTESIAN_POINT('',(0.,-3.));
#13465 = VECTOR('',#13466,1.);
#13466 = DIRECTION('',(1.,0.));
#13467 = ( GEOMETRIC_REPRESENTATION_CONTEXT(2) 
PARAMETRIC_REPRESENTATION_CONTEXT() REPRESENTATION_CONTEXT('2D SPACE',''
  ) );
#13468 = ORIENTED_EDGE('',*,*,#10921,.T.);
#13469 = ADVANCED_FACE('',(#13470),#10786,.F.);
#13470 = FACE_BOUND('',#13471,.F.);
#13471 = EDGE_LOOP('',(#13472,#13493,#13494,#13495));
#13472 = ORIENTED_EDGE('',*,*,#13473,.F.);
#13473 = EDGE_CURVE('',#10746,#10897,#13474,.T.);
#13474 = SURFACE_CURVE('',#13475,(#13479,#13486),.PCURVE_S1.);
#13475 = LINE('',#13476,#13477);
#13476 = CARTESIAN_POINT('',(82.5,31.,0.));
#13477 = VECTOR('',#13478,1.);
#13478 = DIRECTION('',(0.,-1.,0.));
#13479 = PCURVE('',#10786,#13480);
#13480 = DEFINITIONAL_REPRESENTATION('',(#13481),#13485);
#13481 = LINE('',#13482,#13483);
#13482 = CARTESIAN_POINT('',(0.,0.));
#13483 = VECTOR('',#13484,1.);
#13484 = DIRECTION('',(1.,0.));
#13485 = ( GEOMETRIC_REPRESENTATION_CONTEXT(2) 
PARAMETRIC_REPRESENTATION_CONTEXT() REPRESENTATION_CONTEXT('2D SPACE',''
  ) );
#13486 = PCURVE('',#10760,#13487);
#13487 = DEFINITIONAL_REPRESENTATION('',(#13488),#13492);
#13488 = LINE('',#13489,#13490);
#13489 = CARTESIAN_POINT('',(-0.75,11.75));
#13490 = VECTOR('',#13491,1.);
#13491 = DIRECTION('',(0.,-1.));
#13492 = ( GEOMETRIC_REPRESENTATION_CONTEXT(2) 
PARAMETRIC_REPRESENTATION_CONTEXT() REPRESENTATION_CONTEXT('2D SPACE',''
  ) );
#13493 = ORIENTED_EDGE('',*,*,#10771,.T.);
#13494 = ORIENTED_EDGE('',*,*,#13448,.T.);
#13495 = ORIENTED_EDGE('',*,*,#10896,.F.);
#13496 = ADVANCED_FACE('',(#13497),#10760,.F.);
#13497 = FACE_BOUND('',#13498,.F.);
#13498 = EDGE_LOOP('',(#13499,#13500,#13501,#13502));
#13499 = ORIENTED_EDGE('',*,*,#10745,.T.);
#13500 = ORIENTED_EDGE('',*,*,#13473,.T.);
#13501 = ORIENTED_EDGE('',*,*,#10944,.T.);
#13502 = ORIENTED_EDGE('',*,*,#10991,.T.);
#13503 = ADVANCED_FACE('',(#13504),#11034,.T.);
#13504 = FACE_BOUND('',#13505,.T.);
#13505 = EDGE_LOOP('',(#13506,#13527,#13528,#13529));
#13506 = ORIENTED_EDGE('',*,*,#13507,.T.);
#13507 = EDGE_CURVE('',#11018,#11243,#13508,.T.);
#13508 = SURFACE_CURVE('',#13509,(#13513,#13520),.PCURVE_S1.);
#13509 = LINE('',#13510,#13511);
#13510 = CARTESIAN_POINT('',(60.75,3.5,6.));
#13511 = VECTOR('',#13512,1.);
#13512 = DIRECTION('',(0.,-1.,0.));
#13513 = PCURVE('',#11034,#13514);
#13514 = DEFINITIONAL_REPRESENTATION('',(#13515),#13519);
#13515 = LINE('',#13516,#13517);
#13516 = CARTESIAN_POINT('',(-3.5,1.8));
#13517 = VECTOR('',#13518,1.);
#13518 = DIRECTION('',(0.,-1.));
#13519 = ( GEOMETRIC_REPRESENTATION_CONTEXT(2) 
PARAMETRIC_REPRESENTATION_CONTEXT() REPRESENTATION_CONTEXT('2D SPACE',''
  ) );
#13520 = PCURVE('',#11110,#13521);
#13521 = DEFINITIONAL_REPRESENTATION('',(#13522),#13526);
#13522 = LINE('',#13523,#13524);
#13523 = CARTESIAN_POINT('',(0.,-6.));
#13524 = VECTOR('',#13525,1.);
#13525 = DIRECTION('',(1.,0.));
#13526 = ( GEOMETRIC_REPRESENTATION_CONTEXT(2) 
PARAMETRIC_REPRESENTATION_CONTEXT() REPRESENTATION_CONTEXT('2D SPACE',''
  ) );
#13527 = ORIENTED_EDGE('',*,*,#11242,.F.);
#13528 = ORIENTED_EDGE('',*,*,#11147,.T.);
#13529 = ORIENTED_EDGE('',*,*,#11015,.T.);
#13530 = ADVANCED_FACE('',(#13531),#11110,.F.);
#13531 = FACE_BOUND('',#13532,.F.);
#13532 = EDGE_LOOP('',(#13533,#13534,#13535,#13536));
#13533 = ORIENTED_EDGE('',*,*,#13231,.F.);
#13534 = ORIENTED_EDGE('',*,*,#11096,.T.);
#13535 = ORIENTED_EDGE('',*,*,#13507,.T.);
#13536 = ORIENTED_EDGE('',*,*,#11265,.T.);
#13537 = ADVANCED_FACE('',(#13538),#11391,.T.);
#13538 = FACE_BOUND('',#13539,.T.);
#13539 = EDGE_LOOP('',(#13540,#13563,#13590,#13591));
#13540 = ORIENTED_EDGE('',*,*,#13541,.T.);
#13541 = EDGE_CURVE('',#11357,#13542,#13544,.T.);
#13542 = VERTEX_POINT('',#13543);
#13543 = CARTESIAN_POINT('',(96.25,35.25,10.));
#13544 = SEAM_CURVE('',#13545,(#13549,#13556),.PCURVE_S1.);
#13545 = LINE('',#13546,#13547);
#13546 = CARTESIAN_POINT('',(96.25,35.25,0.));
#13547 = VECTOR('',#13548,1.);
#13548 = DIRECTION('',(0.,0.,1.));
#13549 = PCURVE('',#11391,#13550);
#13550 = DEFINITIONAL_REPRESENTATION('',(#13551),#13555);
#13551 = LINE('',#13552,#13553);
#13552 = CARTESIAN_POINT('',(6.28318530718,-0.));
#13553 = VECTOR('',#13554,1.);
#13554 = DIRECTION('',(0.,1.));
#13555 = ( GEOMETRIC_REPRESENTATION_CONTEXT(2) 
PARAMETRIC_REPRESENTATION_CONTEXT() REPRESENTATION_CONTEXT('2D SPACE',''
  ) );
#13556 = PCURVE('',#11391,#13557);
#13557 = DEFINITIONAL_REPRESENTATION('',(#13558),#13562);
#13558 = LINE('',#13559,#13560);
#13559 = CARTESIAN_POINT('',(0.,-0.));
#13560 = VECTOR('',#13561,1.);
#13561 = DIRECTION('',(0.,1.));
#13562 = ( GEOMETRIC_REPRESENTATION_CONTEXT(2) 
PARAMETRIC_REPRESENTATION_CONTEXT() REPRESENTATION_CONTEXT('2D SPACE',''
  ) );
#13563 = ORIENTED_EDGE('',*,*,#13564,.F.);
#13564 = EDGE_CURVE('',#13542,#13542,#13565,.T.);
#13565 = SURFACE_CURVE('',#13566,(#13571,#13578),.PCURVE_S1.);
#13566 = CIRCLE('',#13567,3.);
#13567 = AXIS2_PLACEMENT_3D('',#13568,#13569,#13570);
#13568 = CARTESIAN_POINT('',(93.25,35.25,10.));
#13569 = DIRECTION('',(0.,0.,1.));
#13570 = DIRECTION('',(1.,0.,-0.));
#13571 = PCURVE('',#11391,#13572);
#13572 = DEFINITIONAL_REPRESENTATION('',(#13573),#13577);
#13573 = LINE('',#13574,#13575);
#13574 = CARTESIAN_POINT('',(0.,10.));
#13575 = VECTOR('',#13576,1.);
#13576 = DIRECTION('',(1.,0.));
#13577 = ( GEOMETRIC_REPRESENTATION_CONTEXT(2) 
PARAMETRIC_REPRESENTATION_CONTEXT() REPRESENTATION_CONTEXT('2D SPACE',''
  ) );
#13578 = PCURVE('',#13579,#13584);
#13579 = PLANE('',#13580);
#13580 = AXIS2_PLACEMENT_3D('',#13581,#13582,#13583);
#13581 = CARTESIAN_POINT('',(93.25,35.25,10.));
#13582 = DIRECTION('',(0.,0.,1.));
#13583 = DIRECTION('',(1.,0.,-0.));
#13584 = DEFINITIONAL_REPRESENTATION('',(#13585),#13589);
#13585 = CIRCLE('',#13586,3.);
#13586 = AXIS2_PLACEMENT_2D('',#13587,#13588);
#13587 = CARTESIAN_POINT('',(0.,0.));
#13588 = DIRECTION('',(1.,0.));
#13589 = ( GEOMETRIC_REPRESENTATION_CONTEXT(2) 
PARAMETRIC_REPRESENTATION_CONTEXT() REPRESENTATION_CONTEXT('2D SPACE',''
  ) );
#13590 = ORIENTED_EDGE('',*,*,#13541,.F.);
#13591 = ORIENTED_EDGE('',*,*,#11376,.T.);
#13592 = ADVANCED_FACE('',(#13593),#11445,.T.);
#13593 = FACE_BOUND('',#13594,.T.);
#13594 = EDGE_LOOP('',(#13595,#13618,#13645,#13646));
#13595 = ORIENTED_EDGE('',*,*,#13596,.T.);
#13596 = EDGE_CURVE('',#11408,#13597,#13599,.T.);
#13597 = VERTEX_POINT('',#13598);
#13598 = CARTESIAN_POINT('',(64.5,35.25,10.));
#13599 = SEAM_CURVE('',#13600,(#13604,#13611),.PCURVE_S1.);
#13600 = LINE('',#13601,#13602);
#13601 = CARTESIAN_POINT('',(64.5,35.25,0.));
#13602 = VECTOR('',#13603,1.);
#13603 = DIRECTION('',(0.,0.,1.));
#13604 = PCURVE('',#11445,#13605);
#13605 = DEFINITIONAL_REPRESENTATION('',(#13606),#13610);
#13606 = LINE('',#13607,#13608);
#13607 = CARTESIAN_POINT('',(6.28318530718,-0.));
#13608 = VECTOR('',#13609,1.);
#13609 = DIRECTION('',(0.,1.));
#13610 = ( GEOMETRIC_REPRESENTATION_CONTEXT(2) 
PARAMETRIC_REPRESENTATION_CONTEXT() REPRESENTATION_CONTEXT('2D SPACE',''
  ) );
#13611 = PCURVE('',#11445,#13612);
#13612 = DEFINITIONAL_REPRESENTATION('',(#13613),#13617);
#13613 = LINE('',#13614,#13615);
#13614 = CARTESIAN_POINT('',(0.,-0.));
#13615 = VECTOR('',#13616,1.);
#13616 = DIRECTION('',(0.,1.));
#13617 = ( GEOMETRIC_REPRESENTATION_CONTEXT(2) 
PARAMETRIC_REPRESENTATION_CONTEXT() REPRESENTATION_CONTEXT('2D SPACE',''
  ) );
#13618 = ORIENTED_EDGE('',*,*,#13619,.F.);
#13619 = EDGE_CURVE('',#13597,#13597,#13620,.T.);
#13620 = SURFACE_CURVE('',#13621,(#13626,#13633),.PCURVE_S1.);
#13621 = CIRCLE('',#13622,3.);
#13622 = AXIS2_PLACEMENT_3D('',#13623,#13624,#13625);
#13623 = CARTESIAN_POINT('',(61.5,35.25,10.));
#13624 = DIRECTION('',(0.,0.,1.));
#13625 = DIRECTION('',(1.,0.,-0.));
#13626 = PCURVE('',#11445,#13627);
#13627 = DEFINITIONAL_REPRESENTATION('',(#13628),#13632);
#13628 = LINE('',#13629,#13630);
#13629 = CARTESIAN_POINT('',(0.,10.));
#13630 = VECTOR('',#13631,1.);
#13631 = DIRECTION('',(1.,0.));
#13632 = ( GEOMETRIC_REPRESENTATION_CONTEXT(2) 
PARAMETRIC_REPRESENTATION_CONTEXT() REPRESENTATION_CONTEXT('2D SPACE',''
  ) );
#13633 = PCURVE('',#13634,#13639);
#13634 = PLANE('',#13635);
#13635 = AXIS2_PLACEMENT_3D('',#13636,#13637,#13638);
#13636 = CARTESIAN_POINT('',(61.5,35.25,10.));
#13637 = DIRECTION('',(0.,0.,1.));
#13638 = DIRECTION('',(1.,0.,-0.));
#13639 = DEFINITIONAL_REPRESENTATION('',(#13640),#13644);
#13640 = CIRCLE('',#13641,3.);
#13641 = AXIS2_PLACEMENT_2D('',#13642,#13643);
#13642 = CARTESIAN_POINT('',(0.,0.));
#13643 = DIRECTION('',(1.,0.));
#13644 = ( GEOMETRIC_REPRESENTATION_CONTEXT(2) 
PARAMETRIC_REPRESENTATION_CONTEXT() REPRESENTATION_CONTEXT('2D SPACE',''
  ) );
#13645 = ORIENTED_EDGE('',*,*,#13596,.F.);
#13646 = ORIENTED_EDGE('',*,*,#11430,.T.);
#13647 = ADVANCED_FACE('',(#13648),#11496,.T.);
#13648 = FACE_BOUND('',#13649,.T.);
#13649 = EDGE_LOOP('',(#13650,#13673,#13700,#13701));
#13650 = ORIENTED_EDGE('',*,*,#13651,.T.);
#13651 = EDGE_CURVE('',#11462,#13652,#13654,.T.);
#13652 = VERTEX_POINT('',#13653);
#13653 = CARTESIAN_POINT('',(96.25,60.65,10.));
#13654 = SEAM_CURVE('',#13655,(#13659,#13666),.PCURVE_S1.);
#13655 = LINE('',#13656,#13657);
#13656 = CARTESIAN_POINT('',(96.25,60.65,0.));
#13657 = VECTOR('',#13658,1.);
#13658 = DIRECTION('',(0.,0.,1.));
#13659 = PCURVE('',#11496,#13660);
#13660 = DEFINITIONAL_REPRESENTATION('',(#13661),#13665);
#13661 = LINE('',#13662,#13663);
#13662 = CARTESIAN_POINT('',(6.28318530718,-0.));
#13663 = VECTOR('',#13664,1.);
#13664 = DIRECTION('',(0.,1.));
#13665 = ( GEOMETRIC_REPRESENTATION_CONTEXT(2) 
PARAMETRIC_REPRESENTATION_CONTEXT() REPRESENTATION_CONTEXT('2D SPACE',''
  ) );
#13666 = PCURVE('',#11496,#13667);
#13667 = DEFINITIONAL_REPRESENTATION('',(#13668),#13672);
#13668 = LINE('',#13669,#13670);
#13669 = CARTESIAN_POINT('',(0.,-0.));
#13670 = VECTOR('',#13671,1.);
#13671 = DIRECTION('',(0.,1.));
#13672 = ( GEOMETRIC_REPRESENTATION_CONTEXT(2) 
PARAMETRIC_REPRESENTATION_CONTEXT() REPRESENTATION_CONTEXT('2D SPACE',''
  ) );
#13673 = ORIENTED_EDGE('',*,*,#13674,.F.);
#13674 = EDGE_CURVE('',#13652,#13652,#13675,.T.);
#13675 = SURFACE_CURVE('',#13676,(#13681,#13688),.PCURVE_S1.);
#13676 = CIRCLE('',#13677,3.);
#13677 = AXIS2_PLACEMENT_3D('',#13678,#13679,#13680);
#13678 = CARTESIAN_POINT('',(93.25,60.65,10.));
#13679 = DIRECTION('',(0.,0.,1.));
#13680 = DIRECTION('',(1.,0.,-0.));
#13681 = PCURVE('',#11496,#13682);
#13682 = DEFINITIONAL_REPRESENTATION('',(#13683),#13687);
#13683 = LINE('',#13684,#13685);
#13684 = CARTESIAN_POINT('',(0.,10.));
#13685 = VECTOR('',#13686,1.);
#13686 = DIRECTION('',(1.,0.));
#13687 = ( GEOMETRIC_REPRESENTATION_CONTEXT(2) 
PARAMETRIC_REPRESENTATION_CONTEXT() REPRESENTATION_CONTEXT('2D SPACE',''
  ) );
#13688 = PCURVE('',#13689,#13694);
#13689 = PLANE('',#13690);
#13690 = AXIS2_PLACEMENT_3D('',#13691,#13692,#13693);
#13691 = CARTESIAN_POINT('',(93.25,60.65,10.));
#13692 = DIRECTION('',(0.,0.,1.));
#13693 = DIRECTION('',(1.,0.,-0.));
#13694 = DEFINITIONAL_REPRESENTATION('',(#13695),#13699);
#13695 = CIRCLE('',#13696,3.);
#13696 = AXIS2_PLACEMENT_2D('',#13697,#13698);
#13697 = CARTESIAN_POINT('',(0.,0.));
#13698 = DIRECTION('',(1.,0.));
#13699 = ( GEOMETRIC_REPRESENTATION_CONTEXT(2) 
PARAMETRIC_REPRESENTATION_CONTEXT() REPRESENTATION_CONTEXT('2D SPACE',''
  ) );
#13700 = ORIENTED_EDGE('',*,*,#13651,.F.);
#13701 = ORIENTED_EDGE('',*,*,#11481,.T.);
#13702 = ADVANCED_FACE('',(#13703),#11548,.T.);
#13703 = FACE_BOUND('',#13704,.T.);
#13704 = EDGE_LOOP('',(#13705,#13728,#13755,#13756));
#13705 = ORIENTED_EDGE('',*,*,#13706,.T.);
#13706 = EDGE_CURVE('',#11514,#13707,#13709,.T.);
#13707 = VERTEX_POINT('',#13708);
#13708 = CARTESIAN_POINT('',(64.5,60.65,10.));
#13709 = SEAM_CURVE('',#13710,(#13714,#13721),.PCURVE_S1.);
#13710 = LINE('',#13711,#13712);
#13711 = CARTESIAN_POINT('',(64.5,60.65,0.));
#13712 = VECTOR('',#13713,1.);
#13713 = DIRECTION('',(0.,0.,1.));
#13714 = PCURVE('',#11548,#13715);
#13715 = DEFINITIONAL_REPRESENTATION('',(#13716),#13720);
#13716 = LINE('',#13717,#13718);
#13717 = CARTESIAN_POINT('',(6.28318530718,-0.));
#13718 = VECTOR('',#13719,1.);
#13719 = DIRECTION('',(0.,1.));
#13720 = ( GEOMETRIC_REPRESENTATION_CONTEXT(2) 
PARAMETRIC_REPRESENTATION_CONTEXT() REPRESENTATION_CONTEXT('2D SPACE',''
  ) );
#13721 = PCURVE('',#11548,#13722);
#13722 = DEFINITIONAL_REPRESENTATION('',(#13723),#13727);
#13723 = LINE('',#13724,#13725);
#13724 = CARTESIAN_POINT('',(0.,-0.));
#13725 = VECTOR('',#13726,1.);
#13726 = DIRECTION('',(0.,1.));
#13727 = ( GEOMETRIC_REPRESENTATION_CONTEXT(2) 
PARAMETRIC_REPRESENTATION_CONTEXT() REPRESENTATION_CONTEXT('2D SPACE',''
  ) );
#13728 = ORIENTED_EDGE('',*,*,#13729,.F.);
#13729 = EDGE_CURVE('',#13707,#13707,#13730,.T.);
#13730 = SURFACE_CURVE('',#13731,(#13736,#13743),.PCURVE_S1.);
#13731 = CIRCLE('',#13732,3.);
#13732 = AXIS2_PLACEMENT_3D('',#13733,#13734,#13735);
#13733 = CARTESIAN_POINT('',(61.5,60.65,10.));
#13734 = DIRECTION('',(0.,0.,1.));
#13735 = DIRECTION('',(1.,0.,-0.));
#13736 = PCURVE('',#11548,#13737);
#13737 = DEFINITIONAL_REPRESENTATION('',(#13738),#13742);
#13738 = LINE('',#13739,#13740);
#13739 = CARTESIAN_POINT('',(0.,10.));
#13740 = VECTOR('',#13741,1.);
#13741 = DIRECTION('',(1.,0.));
#13742 = ( GEOMETRIC_REPRESENTATION_CONTEXT(2) 
PARAMETRIC_REPRESENTATION_CONTEXT() REPRESENTATION_CONTEXT('2D SPACE',''
  ) );
#13743 = PCURVE('',#13744,#13749);
#13744 = PLANE('',#13745);
#13745 = AXIS2_PLACEMENT_3D('',#13746,#13747,#13748);
#13746 = CARTESIAN_POINT('',(61.5,60.65,10.));
#13747 = DIRECTION('',(0.,0.,1.));
#13748 = DIRECTION('',(1.,0.,-0.));
#13749 = DEFINITIONAL_REPRESENTATION('',(#13750),#13754);
#13750 = CIRCLE('',#13751,3.);
#13751 = AXIS2_PLACEMENT_2D('',#13752,#13753);
#13752 = CARTESIAN_POINT('',(0.,0.));
#13753 = DIRECTION('',(1.,0.));
#13754 = ( GEOMETRIC_REPRESENTATION_CONTEXT(2) 
PARAMETRIC_REPRESENTATION_CONTEXT() REPRESENTATION_CONTEXT('2D SPACE',''
  ) );
#13755 = ORIENTED_EDGE('',*,*,#13706,.F.);
#13756 = ORIENTED_EDGE('',*,*,#11533,.T.);
#13757 = ADVANCED_FACE('',(#13758),#11582,.T.);
#13758 = FACE_BOUND('',#13759,.T.);
#13759 = EDGE_LOOP('',(#13760,#13761,#13782,#13783,#13784,#13785,#13786,
    #13807,#13808,#13809,#13810,#13811,#13832,#13833,#13834,#13835,
    #13836,#13857,#13858,#13859));
#13760 = ORIENTED_EDGE('',*,*,#11835,.T.);
#13761 = ORIENTED_EDGE('',*,*,#13762,.T.);
#13762 = EDGE_CURVE('',#11838,#11690,#13763,.T.);
#13763 = SURFACE_CURVE('',#13764,(#13768,#13775),.PCURVE_S1.);
#13764 = LINE('',#13765,#13766);
#13765 = CARTESIAN_POINT('',(18.,41.25,-1.));
#13766 = VECTOR('',#13767,1.);
#13767 = DIRECTION('',(1.,0.,0.));
#13768 = PCURVE('',#11582,#13769);
#13769 = DEFINITIONAL_REPRESENTATION('',(#13770),#13774);
#13770 = LINE('',#13771,#13772);
#13771 = CARTESIAN_POINT('',(-24.,0.));
#13772 = VECTOR('',#13773,1.);
#13773 = DIRECTION('',(1.,0.));
#13774 = ( GEOMETRIC_REPRESENTATION_CONTEXT(2) 
PARAMETRIC_REPRESENTATION_CONTEXT() REPRESENTATION_CONTEXT('2D SPACE',''
  ) );
#13775 = PCURVE('',#11727,#13776);
#13776 = DEFINITIONAL_REPRESENTATION('',(#13777),#13781);
#13777 = LINE('',#13778,#13779);
#13778 = CARTESIAN_POINT('',(0.,0.));
#13779 = VECTOR('',#13780,1.);
#13780 = DIRECTION('',(1.,0.));
#13781 = ( GEOMETRIC_REPRESENTATION_CONTEXT(2) 
PARAMETRIC_REPRESENTATION_CONTEXT() REPRESENTATION_CONTEXT('2D SPACE',''
  ) );
#13782 = ORIENTED_EDGE('',*,*,#11689,.T.);
#13783 = ORIENTED_EDGE('',*,*,#11640,.T.);
#13784 = ORIENTED_EDGE('',*,*,#11564,.T.);
#13785 = ORIENTED_EDGE('',*,*,#12840,.T.);
#13786 = ORIENTED_EDGE('',*,*,#13787,.T.);
#13787 = EDGE_CURVE('',#12841,#12695,#13788,.T.);
#13788 = SURFACE_CURVE('',#13789,(#13793,#13800),.PCURVE_S1.);
#13789 = LINE('',#13790,#13791);
#13790 = CARTESIAN_POINT('',(42.,41.25,-1.));
#13791 = VECTOR('',#13792,1.);
#13792 = DIRECTION('',(0.,1.,0.));
#13793 = PCURVE('',#11582,#13794);
#13794 = DEFINITIONAL_REPRESENTATION('',(#13795),#13799);
#13795 = LINE('',#13796,#13797);
#13796 = CARTESIAN_POINT('',(0.,0.));
#13797 = VECTOR('',#13798,1.);
#13798 = DIRECTION('',(0.,1.));
#13799 = ( GEOMETRIC_REPRESENTATION_CONTEXT(2) 
PARAMETRIC_REPRESENTATION_CONTEXT() REPRESENTATION_CONTEXT('2D SPACE',''
  ) );
#13800 = PCURVE('',#12732,#13801);
#13801 = DEFINITIONAL_REPRESENTATION('',(#13802),#13806);
#13802 = LINE('',#13803,#13804);
#13803 = CARTESIAN_POINT('',(0.,0.));
#13804 = VECTOR('',#13805,1.);
#13805 = DIRECTION('',(1.,0.));
#13806 = ( GEOMETRIC_REPRESENTATION_CONTEXT(2) 
PARAMETRIC_REPRESENTATION_CONTEXT() REPRESENTATION_CONTEXT('2D SPACE',''
  ) );
#13807 = ORIENTED_EDGE('',*,*,#12694,.T.);
#13808 = ORIENTED_EDGE('',*,*,#12645,.T.);
#13809 = ORIENTED_EDGE('',*,*,#12596,.T.);
#13810 = ORIENTED_EDGE('',*,*,#12505,.T.);
#13811 = ORIENTED_EDGE('',*,*,#13812,.T.);
#13812 = EDGE_CURVE('',#12508,#12360,#13813,.T.);
#13813 = SURFACE_CURVE('',#13814,(#13818,#13825),.PCURVE_S1.);
#13814 = LINE('',#13815,#13816);
#13815 = CARTESIAN_POINT('',(42.,57.65,-1.));
#13816 = VECTOR('',#13817,1.);
#13817 = DIRECTION('',(-1.,0.,0.));
#13818 = PCURVE('',#11582,#13819);
#13819 = DEFINITIONAL_REPRESENTATION('',(#13820),#13824);
#13820 = LINE('',#13821,#13822);
#13821 = CARTESIAN_POINT('',(0.,16.4));
#13822 = VECTOR('',#13823,1.);
#13823 = DIRECTION('',(-1.,0.));
#13824 = ( GEOMETRIC_REPRESENTATION_CONTEXT(2) 
PARAMETRIC_REPRESENTATION_CONTEXT() REPRESENTATION_CONTEXT('2D SPACE',''
  ) );
#13825 = PCURVE('',#12397,#13826);
#13826 = DEFINITIONAL_REPRESENTATION('',(#13827),#13831);
#13827 = LINE('',#13828,#13829);
#13828 = CARTESIAN_POINT('',(0.,-0.));
#13829 = VECTOR('',#13830,1.);
#13830 = DIRECTION('',(1.,0.));
#13831 = ( GEOMETRIC_REPRESENTATION_CONTEXT(2) 
PARAMETRIC_REPRESENTATION_CONTEXT() REPRESENTATION_CONTEXT('2D SPACE',''
  ) );
#13832 = ORIENTED_EDGE('',*,*,#12359,.T.);
#13833 = ORIENTED_EDGE('',*,*,#12310,.T.);
#13834 = ORIENTED_EDGE('',*,*,#12261,.T.);
#13835 = ORIENTED_EDGE('',*,*,#12170,.T.);
#13836 = ORIENTED_EDGE('',*,*,#13837,.T.);
#13837 = EDGE_CURVE('',#12173,#12025,#13838,.T.);
#13838 = SURFACE_CURVE('',#13839,(#13843,#13850),.PCURVE_S1.);
#13839 = LINE('',#13840,#13841);
#13840 = CARTESIAN_POINT('',(18.,57.65,-1.));
#13841 = VECTOR('',#13842,1.);
#13842 = DIRECTION('',(0.,-1.,0.));
#13843 = PCURVE('',#11582,#13844);
#13844 = DEFINITIONAL_REPRESENTATION('',(#13845),#13849);
#13845 = LINE('',#13846,#13847);
#13846 = CARTESIAN_POINT('',(-24.,16.4));
#13847 = VECTOR('',#13848,1.);
#13848 = DIRECTION('',(0.,-1.));
#13849 = ( GEOMETRIC_REPRESENTATION_CONTEXT(2) 
PARAMETRIC_REPRESENTATION_CONTEXT() REPRESENTATION_CONTEXT('2D SPACE',''
  ) );
#13850 = PCURVE('',#12062,#13851);
#13851 = DEFINITIONAL_REPRESENTATION('',(#13852),#13856);
#13852 = LINE('',#13853,#13854);
#13853 = CARTESIAN_POINT('',(0.,0.));
#13854 = VECTOR('',#13855,1.);
#13855 = DIRECTION('',(1.,0.));
#13856 = ( GEOMETRIC_REPRESENTATION_CONTEXT(2) 
PARAMETRIC_REPRESENTATION_CONTEXT() REPRESENTATION_CONTEXT('2D SPACE',''
  ) );
#13857 = ORIENTED_EDGE('',*,*,#12024,.T.);
#13858 = ORIENTED_EDGE('',*,*,#11975,.T.);
#13859 = ORIENTED_EDGE('',*,*,#11926,.T.);
#13860 = ADVANCED_FACE('',(#13861),#11753,.T.);
#13861 = FACE_BOUND('',#13862,.T.);
#13862 = EDGE_LOOP('',(#13863,#13882,#13883,#13884));
#13863 = ORIENTED_EDGE('',*,*,#13864,.T.);
#13864 = EDGE_CURVE('',#11713,#11884,#13865,.T.);
#13865 = SURFACE_CURVE('',#13866,(#13870,#13876),.PCURVE_S1.);
#13866 = LINE('',#13867,#13868);
#13867 = CARTESIAN_POINT('',(24.,41.25,1.5));
#13868 = VECTOR('',#13869,1.);
#13869 = DIRECTION('',(-1.,0.,0.));
#13870 = PCURVE('',#11753,#13871);
#13871 = DEFINITIONAL_REPRESENTATION('',(#13872),#13875);
#13872 = B_SPLINE_CURVE_WITH_KNOTS('',1,(#13873,#13874),.UNSPECIFIED.,
  .F.,.F.,(2,2),(-18.,6.),.PIECEWISE_BEZIER_KNOTS.);
#13873 = CARTESIAN_POINT('',(12.,-8.2));
#13874 = CARTESIAN_POINT('',(-12.,-8.2));
#13875 = ( GEOMETRIC_REPRESENTATION_CONTEXT(2) 
PARAMETRIC_REPRESENTATION_CONTEXT() REPRESENTATION_CONTEXT('2D SPACE',''
  ) );
#13876 = PCURVE('',#11727,#13877);
#13877 = DEFINITIONAL_REPRESENTATION('',(#13878),#13881);
#13878 = B_SPLINE_CURVE_WITH_KNOTS('',1,(#13879,#13880),.UNSPECIFIED.,
  .F.,.F.,(2,2),(-18.,6.),.PIECEWISE_BEZIER_KNOTS.);
#13879 = CARTESIAN_POINT('',(24.,-2.5));
#13880 = CARTESIAN_POINT('',(0.,-2.5));
#13881 = ( GEOMETRIC_REPRESENTATION_CONTEXT(2) 
PARAMETRIC_REPRESENTATION_CONTEXT() REPRESENTATION_CONTEXT('2D SPACE',''
  ) );
#13882 = ORIENTED_EDGE('',*,*,#11883,.T.);
#13883 = ORIENTED_EDGE('',*,*,#11810,.T.);
#13884 = ORIENTED_EDGE('',*,*,#11738,.T.);
#13885 = ADVANCED_FACE('',(#13886),#11727,.T.);
#13886 = FACE_BOUND('',#13887,.T.);
#13887 = EDGE_LOOP('',(#13888,#13889,#13890,#13891));
#13888 = ORIENTED_EDGE('',*,*,#13762,.F.);
#13889 = ORIENTED_EDGE('',*,*,#11904,.T.);
#13890 = ORIENTED_EDGE('',*,*,#13864,.F.);
#13891 = ORIENTED_EDGE('',*,*,#11712,.T.);
#13892 = ADVANCED_FACE('',(#13893),#12088,.T.);
#13893 = FACE_BOUND('',#13894,.T.);
#13894 = EDGE_LOOP('',(#13895,#13914,#13915,#13916));
#13895 = ORIENTED_EDGE('',*,*,#13896,.T.);
#13896 = EDGE_CURVE('',#12048,#12219,#13897,.T.);
#13897 = SURFACE_CURVE('',#13898,(#13902,#13908),.PCURVE_S1.);
#13898 = LINE('',#13899,#13900);
#13899 = CARTESIAN_POINT('',(18.,53.55,1.5));
#13900 = VECTOR('',#13901,1.);
#13901 = DIRECTION('',(-0.,1.,0.));
#13902 = PCURVE('',#12088,#13903);
#13903 = DEFINITIONAL_REPRESENTATION('',(#13904),#13907);
#13904 = B_SPLINE_CURVE_WITH_KNOTS('',1,(#13905,#13906),.UNSPECIFIED.,
  .F.,.F.,(2,2),(-12.3,4.1),.PIECEWISE_BEZIER_KNOTS.);
#13905 = CARTESIAN_POINT('',(-12.,-8.2));
#13906 = CARTESIAN_POINT('',(-12.,8.2));
#13907 = ( GEOMETRIC_REPRESENTATION_CONTEXT(2) 
PARAMETRIC_REPRESENTATION_CONTEXT() REPRESENTATION_CONTEXT('2D SPACE',''
  ) );
#13908 = PCURVE('',#12062,#13909);
#13909 = DEFINITIONAL_REPRESENTATION('',(#13910),#13913);
#13910 = B_SPLINE_CURVE_WITH_KNOTS('',1,(#13911,#13912),.UNSPECIFIED.,
  .F.,.F.,(2,2),(-12.3,4.1),.PIECEWISE_BEZIER_KNOTS.);
#13911 = CARTESIAN_POINT('',(16.4,-2.5));
#13912 = CARTESIAN_POINT('',(0.,-2.5));
#13913 = ( GEOMETRIC_REPRESENTATION_CONTEXT(2) 
PARAMETRIC_REPRESENTATION_CONTEXT() REPRESENTATION_CONTEXT('2D SPACE',''
  ) );
#13914 = ORIENTED_EDGE('',*,*,#12218,.T.);
#13915 = ORIENTED_EDGE('',*,*,#12145,.T.);
#13916 = ORIENTED_EDGE('',*,*,#12073,.T.);
#13917 = ADVANCED_FACE('',(#13918),#12062,.T.);
#13918 = FACE_BOUND('',#13919,.T.);
#13919 = EDGE_LOOP('',(#13920,#13921,#13922,#13923));
#13920 = ORIENTED_EDGE('',*,*,#13837,.F.);
#13921 = ORIENTED_EDGE('',*,*,#12239,.T.);
#13922 = ORIENTED_EDGE('',*,*,#13896,.F.);
#13923 = ORIENTED_EDGE('',*,*,#12047,.T.);
#13924 = ADVANCED_FACE('',(#13925),#12423,.T.);
#13925 = FACE_BOUND('',#13926,.T.);
#13926 = EDGE_LOOP('',(#13927,#13928,#13947,#13948));
#13927 = ORIENTED_EDGE('',*,*,#12408,.T.);
#13928 = ORIENTED_EDGE('',*,*,#13929,.T.);
#13929 = EDGE_CURVE('',#12383,#12554,#13930,.T.);
#13930 = SURFACE_CURVE('',#13931,(#13935,#13941),.PCURVE_S1.);
#13931 = LINE('',#13932,#13933);
#13932 = CARTESIAN_POINT('',(36.,57.65,1.5));
#13933 = VECTOR('',#13934,1.);
#13934 = DIRECTION('',(1.,0.,-0.));
#13935 = PCURVE('',#12423,#13936);
#13936 = DEFINITIONAL_REPRESENTATION('',(#13937),#13940);
#13937 = B_SPLINE_CURVE_WITH_KNOTS('',1,(#13938,#13939),.UNSPECIFIED.,
  .F.,.F.,(2,2),(-18.,6.),.PIECEWISE_BEZIER_KNOTS.);
#13938 = CARTESIAN_POINT('',(-12.,8.2));
#13939 = CARTESIAN_POINT('',(12.,8.2));
#13940 = ( GEOMETRIC_REPRESENTATION_CONTEXT(2) 
PARAMETRIC_REPRESENTATION_CONTEXT() REPRESENTATION_CONTEXT('2D SPACE',''
  ) );
#13941 = PCURVE('',#12397,#13942);
#13942 = DEFINITIONAL_REPRESENTATION('',(#13943),#13946);
#13943 = B_SPLINE_CURVE_WITH_KNOTS('',1,(#13944,#13945),.UNSPECIFIED.,
  .F.,.F.,(2,2),(-18.,6.),.PIECEWISE_BEZIER_KNOTS.);
#13944 = CARTESIAN_POINT('',(24.,-2.5));
#13945 = CARTESIAN_POINT('',(0.,-2.5));
#13946 = ( GEOMETRIC_REPRESENTATION_CONTEXT(2) 
PARAMETRIC_REPRESENTATION_CONTEXT() REPRESENTATION_CONTEXT('2D SPACE',''
  ) );
#13947 = ORIENTED_EDGE('',*,*,#12553,.T.);
#13948 = ORIENTED_EDGE('',*,*,#12480,.T.);
#13949 = ADVANCED_FACE('',(#13950),#12397,.T.);
#13950 = FACE_BOUND('',#13951,.T.);
#13951 = EDGE_LOOP('',(#13952,#13953,#13954,#13955));
#13952 = ORIENTED_EDGE('',*,*,#13812,.F.);
#13953 = ORIENTED_EDGE('',*,*,#12574,.T.);
#13954 = ORIENTED_EDGE('',*,*,#13929,.F.);
#13955 = ORIENTED_EDGE('',*,*,#12382,.T.);
#13956 = ADVANCED_FACE('',(#13957),#12758,.T.);
#13957 = FACE_BOUND('',#13958,.T.);
#13958 = EDGE_LOOP('',(#13959,#13960,#13979,#13980));
#13959 = ORIENTED_EDGE('',*,*,#12743,.T.);
#13960 = ORIENTED_EDGE('',*,*,#13961,.T.);
#13961 = EDGE_CURVE('',#12718,#12867,#13962,.T.);
#13962 = SURFACE_CURVE('',#13963,(#13967,#13973),.PCURVE_S1.);
#13963 = LINE('',#13964,#13965);
#13964 = CARTESIAN_POINT('',(42.,45.35,1.5));
#13965 = VECTOR('',#13966,1.);
#13966 = DIRECTION('',(0.,-1.,0.));
#13967 = PCURVE('',#12758,#13968);
#13968 = DEFINITIONAL_REPRESENTATION('',(#13969),#13972);
#13969 = B_SPLINE_CURVE_WITH_KNOTS('',1,(#13970,#13971),.UNSPECIFIED.,
  .F.,.F.,(2,2),(-12.3,4.1),.PIECEWISE_BEZIER_KNOTS.);
#13970 = CARTESIAN_POINT('',(12.,8.2));
#13971 = CARTESIAN_POINT('',(12.,-8.2));
#13972 = ( GEOMETRIC_REPRESENTATION_CONTEXT(2) 
PARAMETRIC_REPRESENTATION_CONTEXT() REPRESENTATION_CONTEXT('2D SPACE',''
  ) );
#13973 = PCURVE('',#12732,#13974);
#13974 = DEFINITIONAL_REPRESENTATION('',(#13975),#13978);
#13975 = B_SPLINE_CURVE_WITH_KNOTS('',1,(#13976,#13977),.UNSPECIFIED.,
  .F.,.F.,(2,2),(-12.3,4.1),.PIECEWISE_BEZIER_KNOTS.);
#13976 = CARTESIAN_POINT('',(16.4,-2.5));
#13977 = CARTESIAN_POINT('',(0.,-2.5));
#13978 = ( GEOMETRIC_REPRESENTATION_CONTEXT(2) 
PARAMETRIC_REPRESENTATION_CONTEXT() REPRESENTATION_CONTEXT('2D SPACE',''
  ) );
#13979 = ORIENTED_EDGE('',*,*,#12866,.T.);
#13980 = ORIENTED_EDGE('',*,*,#12815,.T.);
#13981 = ADVANCED_FACE('',(#13982),#12732,.T.);
#13982 = FACE_BOUND('',#13983,.T.);
#13983 = EDGE_LOOP('',(#13984,#13985,#13986,#13987));
#13984 = ORIENTED_EDGE('',*,*,#13787,.F.);
#13985 = ORIENTED_EDGE('',*,*,#12887,.T.);
#13986 = ORIENTED_EDGE('',*,*,#13961,.F.);
#13987 = ORIENTED_EDGE('',*,*,#12717,.T.);
#13988 = ADVANCED_FACE('',(#13989,#13992),#13579,.T.);
#13989 = FACE_BOUND('',#13990,.T.);
#13990 = EDGE_LOOP('',(#13991));
#13991 = ORIENTED_EDGE('',*,*,#13564,.T.);
#13992 = FACE_BOUND('',#13993,.T.);
#13993 = EDGE_LOOP('',(#13994));
#13994 = ORIENTED_EDGE('',*,*,#13995,.F.);
#13995 = EDGE_CURVE('',#13996,#13996,#13998,.T.);
#13996 = VERTEX_POINT('',#13997);
#13997 = CARTESIAN_POINT('',(94.5,35.25,10.));
#13998 = SURFACE_CURVE('',#13999,(#14004,#14011),.PCURVE_S1.);
#13999 = CIRCLE('',#14000,1.25);
#14000 = AXIS2_PLACEMENT_3D('',#14001,#14002,#14003);
#14001 = CARTESIAN_POINT('',(93.25,35.25,10.));
#14002 = DIRECTION('',(0.,0.,1.));
#14003 = DIRECTION('',(1.,0.,-0.));
#14004 = PCURVE('',#13579,#14005);
#14005 = DEFINITIONAL_REPRESENTATION('',(#14006),#14010);
#14006 = CIRCLE('',#14007,1.25);
#14007 = AXIS2_PLACEMENT_2D('',#14008,#14009);
#14008 = CARTESIAN_POINT('',(0.,0.));
#14009 = DIRECTION('',(1.,0.));
#14010 = ( GEOMETRIC_REPRESENTATION_CONTEXT(2) 
PARAMETRIC_REPRESENTATION_CONTEXT() REPRESENTATION_CONTEXT('2D SPACE',''
  ) );
#14011 = PCURVE('',#14012,#14017);
#14012 = CYLINDRICAL_SURFACE('',#14013,1.25);
#14013 = AXIS2_PLACEMENT_3D('',#14014,#14015,#14016);
#14014 = CARTESIAN_POINT('',(93.25,35.25,3.));
#14015 = DIRECTION('',(0.,0.,1.));
#14016 = DIRECTION('',(1.,0.,-0.));
#14017 = DEFINITIONAL_REPRESENTATION('',(#14018),#14022);
#14018 = LINE('',#14019,#14020);
#14019 = CARTESIAN_POINT('',(0.,7.));
#14020 = VECTOR('',#14021,1.);
#14021 = DIRECTION('',(1.,0.));
#14022 = ( GEOMETRIC_REPRESENTATION_CONTEXT(2) 
PARAMETRIC_REPRESENTATION_CONTEXT() REPRESENTATION_CONTEXT('2D SPACE',''
  ) );
#14023 = ADVANCED_FACE('',(#14024,#14027),#13634,.T.);
#14024 = FACE_BOUND('',#14025,.T.);
#14025 = EDGE_LOOP('',(#14026));
#14026 = ORIENTED_EDGE('',*,*,#13619,.T.);
#14027 = FACE_BOUND('',#14028,.T.);
#14028 = EDGE_LOOP('',(#14029));
#14029 = ORIENTED_EDGE('',*,*,#14030,.F.);
#14030 = EDGE_CURVE('',#14031,#14031,#14033,.T.);
#14031 = VERTEX_POINT('',#14032);
#14032 = CARTESIAN_POINT('',(62.75,35.25,10.));
#14033 = SURFACE_CURVE('',#14034,(#14039,#14046),.PCURVE_S1.);
#14034 = CIRCLE('',#14035,1.25);
#14035 = AXIS2_PLACEMENT_3D('',#14036,#14037,#14038);
#14036 = CARTESIAN_POINT('',(61.5,35.25,10.));
#14037 = DIRECTION('',(0.,0.,1.));
#14038 = DIRECTION('',(1.,0.,-0.));
#14039 = PCURVE('',#13634,#14040);
#14040 = DEFINITIONAL_REPRESENTATION('',(#14041),#14045);
#14041 = CIRCLE('',#14042,1.25);
#14042 = AXIS2_PLACEMENT_2D('',#14043,#14044);
#14043 = CARTESIAN_POINT('',(0.,0.));
#14044 = DIRECTION('',(1.,0.));
#14045 = ( GEOMETRIC_REPRESENTATION_CONTEXT(2) 
PARAMETRIC_REPRESENTATION_CONTEXT() REPRESENTATION_CONTEXT('2D SPACE',''
  ) );
#14046 = PCURVE('',#14047,#14052);
#14047 = CYLINDRICAL_SURFACE('',#14048,1.25);
#14048 = AXIS2_PLACEMENT_3D('',#14049,#14050,#14051);
#14049 = CARTESIAN_POINT('',(61.5,35.25,3.));
#14050 = DIRECTION('',(0.,0.,1.));
#14051 = DIRECTION('',(1.,0.,-0.));
#14052 = DEFINITIONAL_REPRESENTATION('',(#14053),#14057);
#14053 = LINE('',#14054,#14055);
#14054 = CARTESIAN_POINT('',(0.,7.));
#14055 = VECTOR('',#14056,1.);
#14056 = DIRECTION('',(1.,0.));
#14057 = ( GEOMETRIC_REPRESENTATION_CONTEXT(2) 
PARAMETRIC_REPRESENTATION_CONTEXT() REPRESENTATION_CONTEXT('2D SPACE',''
  ) );
#14058 = ADVANCED_FACE('',(#14059,#14062),#13689,.T.);
#14059 = FACE_BOUND('',#14060,.T.);
#14060 = EDGE_LOOP('',(#14061));
#14061 = ORIENTED_EDGE('',*,*,#13674,.T.);
#14062 = FACE_BOUND('',#14063,.T.);
#14063 = EDGE_LOOP('',(#14064));
#14064 = ORIENTED_EDGE('',*,*,#14065,.F.);
#14065 = EDGE_CURVE('',#14066,#14066,#14068,.T.);
#14066 = VERTEX_POINT('',#14067);
#14067 = CARTESIAN_POINT('',(94.5,60.65,10.));
#14068 = SURFACE_CURVE('',#14069,(#14074,#14081),.PCURVE_S1.);
#14069 = CIRCLE('',#14070,1.25);
#14070 = AXIS2_PLACEMENT_3D('',#14071,#14072,#14073);
#14071 = CARTESIAN_POINT('',(93.25,60.65,10.));
#14072 = DIRECTION('',(0.,0.,1.));
#14073 = DIRECTION('',(1.,0.,-0.));
#14074 = PCURVE('',#13689,#14075);
#14075 = DEFINITIONAL_REPRESENTATION('',(#14076),#14080);
#14076 = CIRCLE('',#14077,1.25);
#14077 = AXIS2_PLACEMENT_2D('',#14078,#14079);
#14078 = CARTESIAN_POINT('',(0.,0.));
#14079 = DIRECTION('',(1.,0.));
#14080 = ( GEOMETRIC_REPRESENTATION_CONTEXT(2) 
PARAMETRIC_REPRESENTATION_CONTEXT() REPRESENTATION_CONTEXT('2D SPACE',''
  ) );
#14081 = PCURVE('',#14082,#14087);
#14082 = CYLINDRICAL_SURFACE('',#14083,1.25);
#14083 = AXIS2_PLACEMENT_3D('',#14084,#14085,#14086);
#14084 = CARTESIAN_POINT('',(93.25,60.65,3.));
#14085 = DIRECTION('',(0.,0.,1.));
#14086 = DIRECTION('',(1.,0.,-0.));
#14087 = DEFINITIONAL_REPRESENTATION('',(#14088),#14092);
#14088 = LINE('',#14089,#14090);
#14089 = CARTESIAN_POINT('',(0.,7.));
#14090 = VECTOR('',#14091,1.);
#14091 = DIRECTION('',(1.,0.));
#14092 = ( GEOMETRIC_REPRESENTATION_CONTEXT(2) 
PARAMETRIC_REPRESENTATION_CONTEXT() REPRESENTATION_CONTEXT('2D SPACE',''
  ) );
#14093 = ADVANCED_FACE('',(#14094,#14097),#13744,.T.);
#14094 = FACE_BOUND('',#14095,.T.);
#14095 = EDGE_LOOP('',(#14096));
#14096 = ORIENTED_EDGE('',*,*,#13729,.T.);
#14097 = FACE_BOUND('',#14098,.T.);
#14098 = EDGE_LOOP('',(#14099));
#14099 = ORIENTED_EDGE('',*,*,#14100,.F.);
#14100 = EDGE_CURVE('',#14101,#14101,#14103,.T.);
#14101 = VERTEX_POINT('',#14102);
#14102 = CARTESIAN_POINT('',(62.75,60.65,10.));
#14103 = SURFACE_CURVE('',#14104,(#14109,#14116),.PCURVE_S1.);
#14104 = CIRCLE('',#14105,1.25);
#14105 = AXIS2_PLACEMENT_3D('',#14106,#14107,#14108);
#14106 = CARTESIAN_POINT('',(61.5,60.65,10.));
#14107 = DIRECTION('',(0.,0.,1.));
#14108 = DIRECTION('',(1.,0.,-0.));
#14109 = PCURVE('',#13744,#14110);
#14110 = DEFINITIONAL_REPRESENTATION('',(#14111),#14115);
#14111 = CIRCLE('',#14112,1.25);
#14112 = AXIS2_PLACEMENT_2D('',#14113,#14114);
#14113 = CARTESIAN_POINT('',(0.,0.));
#14114 = DIRECTION('',(1.,0.));
#14115 = ( GEOMETRIC_REPRESENTATION_CONTEXT(2) 
PARAMETRIC_REPRESENTATION_CONTEXT() REPRESENTATION_CONTEXT('2D SPACE',''
  ) );
#14116 = PCURVE('',#14117,#14122);
#14117 = CYLINDRICAL_SURFACE('',#14118,1.25);
#14118 = AXIS2_PLACEMENT_3D('',#14119,#14120,#14121);
#14119 = CARTESIAN_POINT('',(61.5,60.65,3.));
#14120 = DIRECTION('',(0.,0.,1.));
#14121 = DIRECTION('',(1.,0.,-0.));
#14122 = DEFINITIONAL_REPRESENTATION('',(#14123),#14127);
#14123 = LINE('',#14124,#14125);
#14124 = CARTESIAN_POINT('',(0.,7.));
#14125 = VECTOR('',#14126,1.);
#14126 = DIRECTION('',(1.,0.));
#14127 = ( GEOMETRIC_REPRESENTATION_CONTEXT(2) 
PARAMETRIC_REPRESENTATION_CONTEXT() REPRESENTATION_CONTEXT('2D SPACE',''
  ) );
#14128 = ADVANCED_FACE('',(#14129),#14012,.F.);
#14129 = FACE_BOUND('',#14130,.F.);
#14130 = EDGE_LOOP('',(#14131,#14132,#14155,#14182));
#14131 = ORIENTED_EDGE('',*,*,#13995,.F.);
#14132 = ORIENTED_EDGE('',*,*,#14133,.F.);
#14133 = EDGE_CURVE('',#14134,#13996,#14136,.T.);
#14134 = VERTEX_POINT('',#14135);
#14135 = CARTESIAN_POINT('',(94.5,35.25,3.));
#14136 = SEAM_CURVE('',#14137,(#14141,#14148),.PCURVE_S1.);
#14137 = LINE('',#14138,#14139);
#14138 = CARTESIAN_POINT('',(94.5,35.25,3.));
#14139 = VECTOR('',#14140,1.);
#14140 = DIRECTION('',(0.,0.,1.));
#14141 = PCURVE('',#14012,#14142);
#14142 = DEFINITIONAL_REPRESENTATION('',(#14143),#14147);
#14143 = LINE('',#14144,#14145);
#14144 = CARTESIAN_POINT('',(6.28318530718,-0.));
#14145 = VECTOR('',#14146,1.);
#14146 = DIRECTION('',(0.,1.));
#14147 = ( GEOMETRIC_REPRESENTATION_CONTEXT(2) 
PARAMETRIC_REPRESENTATION_CONTEXT() REPRESENTATION_CONTEXT('2D SPACE',''
  ) );
#14148 = PCURVE('',#14012,#14149);
#14149 = DEFINITIONAL_REPRESENTATION('',(#14150),#14154);
#14150 = LINE('',#14151,#14152);
#14151 = CARTESIAN_POINT('',(0.,-0.));
#14152 = VECTOR('',#14153,1.);
#14153 = DIRECTION('',(0.,1.));
#14154 = ( GEOMETRIC_REPRESENTATION_CONTEXT(2) 
PARAMETRIC_REPRESENTATION_CONTEXT() REPRESENTATION_CONTEXT('2D SPACE',''
  ) );
#14155 = ORIENTED_EDGE('',*,*,#14156,.T.);
#14156 = EDGE_CURVE('',#14134,#14134,#14157,.T.);
#14157 = SURFACE_CURVE('',#14158,(#14163,#14170),.PCURVE_S1.);
#14158 = CIRCLE('',#14159,1.25);
#14159 = AXIS2_PLACEMENT_3D('',#14160,#14161,#14162);
#14160 = CARTESIAN_POINT('',(93.25,35.25,3.));
#14161 = DIRECTION('',(0.,0.,1.));
#14162 = DIRECTION('',(1.,0.,-0.));
#14163 = PCURVE('',#14012,#14164);
#14164 = DEFINITIONAL_REPRESENTATION('',(#14165),#14169);
#14165 = LINE('',#14166,#14167);
#14166 = CARTESIAN_POINT('',(0.,0.));
#14167 = VECTOR('',#14168,1.);
#14168 = DIRECTION('',(1.,0.));
#14169 = ( GEOMETRIC_REPRESENTATION_CONTEXT(2) 
PARAMETRIC_REPRESENTATION_CONTEXT() REPRESENTATION_CONTEXT('2D SPACE',''
  ) );
#14170 = PCURVE('',#14171,#14176);
#14171 = PLANE('',#14172);
#14172 = AXIS2_PLACEMENT_3D('',#14173,#14174,#14175);
#14173 = CARTESIAN_POINT('',(93.25,35.25,3.));
#14174 = DIRECTION('',(0.,0.,1.));
#14175 = DIRECTION('',(1.,0.,-0.));
#14176 = DEFINITIONAL_REPRESENTATION('',(#14177),#14181);
#14177 = CIRCLE('',#14178,1.25);
#14178 = AXIS2_PLACEMENT_2D('',#14179,#14180);
#14179 = CARTESIAN_POINT('',(0.,0.));
#14180 = DIRECTION('',(1.,0.));
#14181 = ( GEOMETRIC_REPRESENTATION_CONTEXT(2) 
PARAMETRIC_REPRESENTATION_CONTEXT() REPRESENTATION_CONTEXT('2D SPACE',''
  ) );
#14182 = ORIENTED_EDGE('',*,*,#14133,.T.);
#14183 = ADVANCED_FACE('',(#14184),#14047,.F.);
#14184 = FACE_BOUND('',#14185,.F.);
#14185 = EDGE_LOOP('',(#14186,#14187,#14210,#14237));
#14186 = ORIENTED_EDGE('',*,*,#14030,.F.);
#14187 = ORIENTED_EDGE('',*,*,#14188,.F.);
#14188 = EDGE_CURVE('',#14189,#14031,#14191,.T.);
#14189 = VERTEX_POINT('',#14190);
#14190 = CARTESIAN_POINT('',(62.75,35.25,3.));
#14191 = SEAM_CURVE('',#14192,(#14196,#14203),.PCURVE_S1.);
#14192 = LINE('',#14193,#14194);
#14193 = CARTESIAN_POINT('',(62.75,35.25,3.));
#14194 = VECTOR('',#14195,1.);
#14195 = DIRECTION('',(0.,0.,1.));
#14196 = PCURVE('',#14047,#14197);
#14197 = DEFINITIONAL_REPRESENTATION('',(#14198),#14202);
#14198 = LINE('',#14199,#14200);
#14199 = CARTESIAN_POINT('',(6.28318530718,-0.));
#14200 = VECTOR('',#14201,1.);
#14201 = DIRECTION('',(0.,1.));
#14202 = ( GEOMETRIC_REPRESENTATION_CONTEXT(2) 
PARAMETRIC_REPRESENTATION_CONTEXT() REPRESENTATION_CONTEXT('2D SPACE',''
  ) );
#14203 = PCURVE('',#14047,#14204);
#14204 = DEFINITIONAL_REPRESENTATION('',(#14205),#14209);
#14205 = LINE('',#14206,#14207);
#14206 = CARTESIAN_POINT('',(0.,-0.));
#14207 = VECTOR('',#14208,1.);
#14208 = DIRECTION('',(0.,1.));
#14209 = ( GEOMETRIC_REPRESENTATION_CONTEXT(2) 
PARAMETRIC_REPRESENTATION_CONTEXT() REPRESENTATION_CONTEXT('2D SPACE',''
  ) );
#14210 = ORIENTED_EDGE('',*,*,#14211,.T.);
#14211 = EDGE_CURVE('',#14189,#14189,#14212,.T.);
#14212 = SURFACE_CURVE('',#14213,(#14218,#14225),.PCURVE_S1.);
#14213 = CIRCLE('',#14214,1.25);
#14214 = AXIS2_PLACEMENT_3D('',#14215,#14216,#14217);
#14215 = CARTESIAN_POINT('',(61.5,35.25,3.));
#14216 = DIRECTION('',(0.,0.,1.));
#14217 = DIRECTION('',(1.,0.,-0.));
#14218 = PCURVE('',#14047,#14219);
#14219 = DEFINITIONAL_REPRESENTATION('',(#14220),#14224);
#14220 = LINE('',#14221,#14222);
#14221 = CARTESIAN_POINT('',(0.,0.));
#14222 = VECTOR('',#14223,1.);
#14223 = DIRECTION('',(1.,0.));
#14224 = ( GEOMETRIC_REPRESENTATION_CONTEXT(2) 
PARAMETRIC_REPRESENTATION_CONTEXT() REPRESENTATION_CONTEXT('2D SPACE',''
  ) );
#14225 = PCURVE('',#14226,#14231);
#14226 = PLANE('',#14227);
#14227 = AXIS2_PLACEMENT_3D('',#14228,#14229,#14230);
#14228 = CARTESIAN_POINT('',(61.5,35.25,3.));
#14229 = DIRECTION('',(0.,0.,1.));
#14230 = DIRECTION('',(1.,0.,-0.));
#14231 = DEFINITIONAL_REPRESENTATION('',(#14232),#14236);
#14232 = CIRCLE('',#14233,1.25);
#14233 = AXIS2_PLACEMENT_2D('',#14234,#14235);
#14234 = CARTESIAN_POINT('',(0.,0.));
#14235 = DIRECTION('',(1.,0.));
#14236 = ( GEOMETRIC_REPRESENTATION_CONTEXT(2) 
PARAMETRIC_REPRESENTATION_CONTEXT() REPRESENTATION_CONTEXT('2D SPACE',''
  ) );
#14237 = ORIENTED_EDGE('',*,*,#14188,.T.);
#14238 = ADVANCED_FACE('',(#14239),#14082,.F.);
#14239 = FACE_BOUND('',#14240,.F.);
#14240 = EDGE_LOOP('',(#14241,#14242,#14265,#14292));
#14241 = ORIENTED_EDGE('',*,*,#14065,.F.);
#14242 = ORIENTED_EDGE('',*,*,#14243,.F.);
#14243 = EDGE_CURVE('',#14244,#14066,#14246,.T.);
#14244 = VERTEX_POINT('',#14245);
#14245 = CARTESIAN_POINT('',(94.5,60.65,3.));
#14246 = SEAM_CURVE('',#14247,(#14251,#14258),.PCURVE_S1.);
#14247 = LINE('',#14248,#14249);
#14248 = CARTESIAN_POINT('',(94.5,60.65,3.));
#14249 = VECTOR('',#14250,1.);
#14250 = DIRECTION('',(0.,0.,1.));
#14251 = PCURVE('',#14082,#14252);
#14252 = DEFINITIONAL_REPRESENTATION('',(#14253),#14257);
#14253 = LINE('',#14254,#14255);
#14254 = CARTESIAN_POINT('',(6.28318530718,-0.));
#14255 = VECTOR('',#14256,1.);
#14256 = DIRECTION('',(0.,1.));
#14257 = ( GEOMETRIC_REPRESENTATION_CONTEXT(2) 
PARAMETRIC_REPRESENTATION_CONTEXT() REPRESENTATION_CONTEXT('2D SPACE',''
  ) );
#14258 = PCURVE('',#14082,#14259);
#14259 = DEFINITIONAL_REPRESENTATION('',(#14260),#14264);
#14260 = LINE('',#14261,#14262);
#14261 = CARTESIAN_POINT('',(0.,-0.));
#14262 = VECTOR('',#14263,1.);
#14263 = DIRECTION('',(0.,1.));
#14264 = ( GEOMETRIC_REPRESENTATION_CONTEXT(2) 
PARAMETRIC_REPRESENTATION_CONTEXT() REPRESENTATION_CONTEXT('2D SPACE',''
  ) );
#14265 = ORIENTED_EDGE('',*,*,#14266,.T.);
#14266 = EDGE_CURVE('',#14244,#14244,#14267,.T.);
#14267 = SURFACE_CURVE('',#14268,(#14273,#14280),.PCURVE_S1.);
#14268 = CIRCLE('',#14269,1.25);
#14269 = AXIS2_PLACEMENT_3D('',#14270,#14271,#14272);
#14270 = CARTESIAN_POINT('',(93.25,60.65,3.));
#14271 = DIRECTION('',(0.,0.,1.));
#14272 = DIRECTION('',(1.,0.,-0.));
#14273 = PCURVE('',#14082,#14274);
#14274 = DEFINITIONAL_REPRESENTATION('',(#14275),#14279);
#14275 = LINE('',#14276,#14277);
#14276 = CARTESIAN_POINT('',(0.,0.));
#14277 = VECTOR('',#14278,1.);
#14278 = DIRECTION('',(1.,0.));
#14279 = ( GEOMETRIC_REPRESENTATION_CONTEXT(2) 
PARAMETRIC_REPRESENTATION_CONTEXT() REPRESENTATION_CONTEXT('2D SPACE',''
  ) );
#14280 = PCURVE('',#14281,#14286);
#14281 = PLANE('',#14282);
#14282 = AXIS2_PLACEMENT_3D('',#14283,#14284,#14285);
#14283 = CARTESIAN_POINT('',(93.25,60.65,3.));
#14284 = DIRECTION('',(0.,0.,1.));
#14285 = DIRECTION('',(1.,0.,-0.));
#14286 = DEFINITIONAL_REPRESENTATION('',(#14287),#14291);
#14287 = CIRCLE('',#14288,1.25);
#14288 = AXIS2_PLACEMENT_2D('',#14289,#14290);
#14289 = CARTESIAN_POINT('',(0.,0.));
#14290 = DIRECTION('',(1.,0.));
#14291 = ( GEOMETRIC_REPRESENTATION_CONTEXT(2) 
PARAMETRIC_REPRESENTATION_CONTEXT() REPRESENTATION_CONTEXT('2D SPACE',''
  ) );
#14292 = ORIENTED_EDGE('',*,*,#14243,.T.);
#14293 = ADVANCED_FACE('',(#14294),#14117,.F.);
#14294 = FACE_BOUND('',#14295,.F.);
#14295 = EDGE_LOOP('',(#14296,#14297,#14320,#14347));
#14296 = ORIENTED_EDGE('',*,*,#14100,.F.);
#14297 = ORIENTED_EDGE('',*,*,#14298,.F.);
#14298 = EDGE_CURVE('',#14299,#14101,#14301,.T.);
#14299 = VERTEX_POINT('',#14300);
#14300 = CARTESIAN_POINT('',(62.75,60.65,3.));
#14301 = SEAM_CURVE('',#14302,(#14306,#14313),.PCURVE_S1.);
#14302 = LINE('',#14303,#14304);
#14303 = CARTESIAN_POINT('',(62.75,60.65,3.));
#14304 = VECTOR('',#14305,1.);
#14305 = DIRECTION('',(0.,0.,1.));
#14306 = PCURVE('',#14117,#14307);
#14307 = DEFINITIONAL_REPRESENTATION('',(#14308),#14312);
#14308 = LINE('',#14309,#14310);
#14309 = CARTESIAN_POINT('',(6.28318530718,-0.));
#14310 = VECTOR('',#14311,1.);
#14311 = DIRECTION('',(0.,1.));
#14312 = ( GEOMETRIC_REPRESENTATION_CONTEXT(2) 
PARAMETRIC_REPRESENTATION_CONTEXT() REPRESENTATION_CONTEXT('2D SPACE',''
  ) );
#14313 = PCURVE('',#14117,#14314);
#14314 = DEFINITIONAL_REPRESENTATION('',(#14315),#14319);
#14315 = LINE('',#14316,#14317);
#14316 = CARTESIAN_POINT('',(0.,-0.));
#14317 = VECTOR('',#14318,1.);
#14318 = DIRECTION('',(0.,1.));
#14319 = ( GEOMETRIC_REPRESENTATION_CONTEXT(2) 
PARAMETRIC_REPRESENTATION_CONTEXT() REPRESENTATION_CONTEXT('2D SPACE',''
  ) );
#14320 = ORIENTED_EDGE('',*,*,#14321,.T.);
#14321 = EDGE_CURVE('',#14299,#14299,#14322,.T.);
#14322 = SURFACE_CURVE('',#14323,(#14328,#14335),.PCURVE_S1.);
#14323 = CIRCLE('',#14324,1.25);
#14324 = AXIS2_PLACEMENT_3D('',#14325,#14326,#14327);
#14325 = CARTESIAN_POINT('',(61.5,60.65,3.));
#14326 = DIRECTION('',(0.,0.,1.));
#14327 = DIRECTION('',(1.,0.,-0.));
#14328 = PCURVE('',#14117,#14329);
#14329 = DEFINITIONAL_REPRESENTATION('',(#14330),#14334);
#14330 = LINE('',#14331,#14332);
#14331 = CARTESIAN_POINT('',(0.,0.));
#14332 = VECTOR('',#14333,1.);
#14333 = DIRECTION('',(1.,0.));
#14334 = ( GEOMETRIC_REPRESENTATION_CONTEXT(2) 
PARAMETRIC_REPRESENTATION_CONTEXT() REPRESENTATION_CONTEXT('2D SPACE',''
  ) );
#14335 = PCURVE('',#14336,#14341);
#14336 = PLANE('',#14337);
#14337 = AXIS2_PLACEMENT_3D('',#14338,#14339,#14340);
#14338 = CARTESIAN_POINT('',(61.5,60.65,3.));
#14339 = DIRECTION('',(0.,0.,1.));
#14340 = DIRECTION('',(1.,0.,-0.));
#14341 = DEFINITIONAL_REPRESENTATION('',(#14342),#14346);
#14342 = CIRCLE('',#14343,1.25);
#14343 = AXIS2_PLACEMENT_2D('',#14344,#14345);
#14344 = CARTESIAN_POINT('',(0.,0.));
#14345 = DIRECTION('',(1.,0.));
#14346 = ( GEOMETRIC_REPRESENTATION_CONTEXT(2) 
PARAMETRIC_REPRESENTATION_CONTEXT() REPRESENTATION_CONTEXT('2D SPACE',''
  ) );
#14347 = ORIENTED_EDGE('',*,*,#14298,.T.);
#14348 = ADVANCED_FACE('',(#14349),#14171,.T.);
#14349 = FACE_BOUND('',#14350,.F.);
#14350 = EDGE_LOOP('',(#14351));
#14351 = ORIENTED_EDGE('',*,*,#14156,.F.);
#14352 = ADVANCED_FACE('',(#14353),#14226,.T.);
#14353 = FACE_BOUND('',#14354,.F.);
#14354 = EDGE_LOOP('',(#14355));
#14355 = ORIENTED_EDGE('',*,*,#14211,.F.);
#14356 = ADVANCED_FACE('',(#14357),#14281,.T.);
#14357 = FACE_BOUND('',#14358,.F.);
#14358 = EDGE_LOOP('',(#14359));
#14359 = ORIENTED_EDGE('',*,*,#14266,.F.);
#14360 = ADVANCED_FACE('',(#14361),#14336,.T.);
#14361 = FACE_BOUND('',#14362,.F.);
#14362 = EDGE_LOOP('',(#14363));
#14363 = ORIENTED_EDGE('',*,*,#14321,.F.);
#14364 = ( GEOMETRIC_REPRESENTATION_CONTEXT(3) 
GLOBAL_UNCERTAINTY_ASSIGNED_CONTEXT((#14368)) 
GLOBAL_UNIT_ASSIGNED_CONTEXT((#14365,#14366,#14367)) 
REPRESENTATION_CONTEXT('Context #1',
  '3D Context with UNIT and UNCERTAINTY') );
#14365 = ( LENGTH_UNIT() NAMED_UNIT(*) SI_UNIT(.MILLI.,.METRE.) );
#14366 = ( NAMED_UNIT(*) PLANE_ANGLE_UNIT() SI_UNIT($,.RADIAN.) );
#14367 = ( NAMED_UNIT(*) SI_UNIT($,.STERADIAN.) SOLID_ANGLE_UNIT() );
#14368 = UNCERTAINTY_MEASURE_WITH_UNIT(LENGTH_MEASURE(1.E-07),#14365,
  'distance_accuracy_value','confusion accuracy');
#14369 = PRODUCT_RELATED_PRODUCT_CATEGORY('part',$,(#7));
ENDSEC;
END-ISO-10303-21;
